fir_year,muni_id,fir_code,fir_name,schedule,line_code,line_name,value,source
1994,airdrie,0003,AIRDRIE,D,01910,Provincial Government Unconditional Transfers,925937,fir_zip_1994_2002.zip:1994/1994-D-Total.xlsx#Schedule D
1994,airdrie,0003,AIRDRIE,D,01920,Provincial Government Conditional Transfers,1206490,fir_zip_1994_2002.zip:1994/1994-D-Total.xlsx#Schedule D
1994,airdrie,0003,AIRDRIE,POPL,POPL,Population,14506,fir_zip_1994_2002.zip:1994/1994-POPL-Population of Alberta.xlsx#Schedule POPL
1994,beaumont,0019,BEAUMONT,D,01910,Provincial Government Unconditional Transfers,316262,fir_zip_1994_2002.zip:1994/1994-D-Total.xlsx#Schedule D
1994,beaumont,0019,BEAUMONT,D,01920,Provincial Government Conditional Transfers,436822,fir_zip_1994_2002.zip:1994/1994-D-Total.xlsx#Schedule D
1994,beaumont,0019,BEAUMONT,POPL,POPL,Population,5685,fir_zip_1994_2002.zip:1994/1994-POPL-Population of Alberta.xlsx#Schedule POPL
1994,calgary,0046,CALGARY,D,01910,Provincial Government Unconditional Transfers,30047000,fir_zip_1994_2002.zip:1994/1994-D-Total.xlsx#Schedule D
1994,calgary,0046,CALGARY,D,01920,Provincial Government Conditional Transfers,55729000,fir_zip_1994_2002.zip:1994/1994-D-Total.xlsx#Schedule D
1994,calgary,0046,CALGARY,POPL,POPL,Population,738184,fir_zip_1994_2002.zip:1994/1994-POPL-Population of Alberta.xlsx#Schedule POPL
1994,cochrane,0070,COCHRANE,D,01910,Provincial Government Unconditional Transfers,235166,fir_zip_1994_2002.zip:1994/1994-D-Total.xlsx#Schedule D
1994,cochrane,0070,COCHRANE,D,01920,Provincial Government Conditional Transfers,466134,fir_zip_1994_2002.zip:1994/1994-D-Total.xlsx#Schedule D
1994,cochrane,0070,COCHRANE,POPL,POPL,Population,6612,fir_zip_1994_2002.zip:1994/1994-POPL-Population of Alberta.xlsx#Schedule POPL
1994,devon,0086,DEVON,D,01910,Provincial Government Unconditional Transfers,182323,fir_zip_1994_2002.zip:1994/1994-D-Total.xlsx#Schedule D
1994,devon,0086,DEVON,D,01920,Provincial Government Conditional Transfers,153034,fir_zip_1994_2002.zip:1994/1994-D-Total.xlsx#Schedule D
1994,devon,0086,DEVON,POPL,POPL,Population,4380,fir_zip_1994_2002.zip:1994/1994-POPL-Population of Alberta.xlsx#Schedule POPL
1994,edmonton,0098,EDMONTON,D,01910,Provincial Government Unconditional Transfers,29197000,fir_zip_1994_2002.zip:1994/1994-D-Total.xlsx#Schedule D
1994,edmonton,0098,EDMONTON,D,01920,Provincial Government Conditional Transfers,54755000,fir_zip_1994_2002.zip:1994/1994-D-Total.xlsx#Schedule D
1994,edmonton,0098,EDMONTON,POPL,POPL,Population,626999,fir_zip_1994_2002.zip:1994/1994-POPL-Population of Alberta.xlsx#Schedule POPL
1994,foothills,0111,"FOOTHILLS NO. 31, M.D. OF",D,01910,Provincial Government Unconditional Transfers,700420,fir_zip_1994_2002.zip:1994/1994-D-Total.xlsx#Schedule D
1994,foothills,0111,"FOOTHILLS NO. 31, M.D. OF",D,01920,Provincial Government Conditional Transfers,2002452,fir_zip_1994_2002.zip:1994/1994-D-Total.xlsx#Schedule D
1994,foothills,0111,"FOOTHILLS NO. 31, M.D. OF",POPL,POPL,Population,12476,fir_zip_1994_2002.zip:1994/1994-POPL-Population of Alberta.xlsx#Schedule POPL
1994,fort_saskatchewan,0117,FORT SASKATCHEWAN,D,01910,Provincial Government Unconditional Transfers,154019,fir_zip_1994_2002.zip:1994/1994-D-Total.xlsx#Schedule D
1994,fort_saskatchewan,0117,FORT SASKATCHEWAN,D,01920,Provincial Government Conditional Transfers,1696163,fir_zip_1994_2002.zip:1994/1994-D-Total.xlsx#Schedule D
1994,fort_saskatchewan,0117,FORT SASKATCHEWAN,POPL,POPL,Population,12313,fir_zip_1994_2002.zip:1994/1994-POPL-Population of Alberta.xlsx#Schedule POPL
1994,high_river,0148,HIGH RIVER,D,01910,Provincial Government Unconditional Transfers,412246,fir_zip_1994_2002.zip:1994/1994-D-Total.xlsx#Schedule D
1994,high_river,0148,HIGH RIVER,D,01920,Provincial Government Conditional Transfers,418202,fir_zip_1994_2002.zip:1994/1994-D-Total.xlsx#Schedule D
1994,high_river,0148,HIGH RIVER,POPL,POPL,Population,6893,fir_zip_1994_2002.zip:1994/1994-POPL-Population of Alberta.xlsx#Schedule POPL
1994,leduc_city,0200,LEDUC,D,01910,Provincial Government Unconditional Transfers,772839,fir_zip_1994_2002.zip:1994/1994-D-Total.xlsx#Schedule D
1994,leduc_city,0200,LEDUC,D,01920,Provincial Government Conditional Transfers,1486789,fir_zip_1994_2002.zip:1994/1994-D-Total.xlsx#Schedule D
1994,leduc_city,0200,LEDUC,POPL,POPL,Population,14117,fir_zip_1994_2002.zip:1994/1994-POPL-Population of Alberta.xlsx#Schedule POPL
1994,leduc_county,0201,LEDUC COUNTY,D,01910,Provincial Government Unconditional Transfers,678642,fir_zip_1994_2002.zip:1994/1994-D-Total.xlsx#Schedule D
1994,leduc_county,0201,LEDUC COUNTY,D,01920,Provincial Government Conditional Transfers,3954036,fir_zip_1994_2002.zip:1994/1994-D-Total.xlsx#Schedule D
1994,leduc_county,0201,LEDUC COUNTY,POPL,POPL,Population,11503,fir_zip_1994_2002.zip:1994/1994-POPL-Population of Alberta.xlsx#Schedule POPL
1994,morinville,0224,MORINVILLE,D,01910,Provincial Government Unconditional Transfers,331804,fir_zip_1994_2002.zip:1994/1994-D-Total.xlsx#Schedule D
1994,morinville,0224,MORINVILLE,D,01920,Provincial Government Conditional Transfers,1340087,fir_zip_1994_2002.zip:1994/1994-D-Total.xlsx#Schedule D
1994,morinville,0224,MORINVILLE,POPL,POPL,Population,6255,fir_zip_1994_2002.zip:1994/1994-POPL-Population of Alberta.xlsx#Schedule POPL
1994,okotoks,0238,OKOTOKS,D,01910,Provincial Government Unconditional Transfers,501598,fir_zip_1994_2002.zip:1994/1994-D-Total.xlsx#Schedule D
1994,okotoks,0238,OKOTOKS,D,01920,Provincial Government Conditional Transfers,597428,fir_zip_1994_2002.zip:1994/1994-D-Total.xlsx#Schedule D
1994,okotoks,0238,OKOTOKS,POPL,POPL,Population,7789,fir_zip_1994_2002.zip:1994/1994-POPL-Population of Alberta.xlsx#Schedule POPL
1994,parkland,0245,PARKLAND COUNTY,D,01910,Provincial Government Unconditional Transfers,892541,fir_zip_1994_2002.zip:1994/1994-D-Total.xlsx#Schedule D
1994,parkland,0245,PARKLAND COUNTY,D,01920,Provincial Government Conditional Transfers,2619229,fir_zip_1994_2002.zip:1994/1994-D-Total.xlsx#Schedule D
1994,parkland,0245,PARKLAND COUNTY,POPL,POPL,Population,22550,fir_zip_1994_2002.zip:1994/1994-POPL-Population of Alberta.xlsx#Schedule POPL
1994,rocky_view,0269,ROCKY VIEW COUNTY,D,01910,Provincial Government Unconditional Transfers,742949,fir_zip_1994_2002.zip:1994/1994-D-Total.xlsx#Schedule D
1994,rocky_view,0269,ROCKY VIEW COUNTY,D,01920,Provincial Government Conditional Transfers,1244612,fir_zip_1994_2002.zip:1994/1994-D-Total.xlsx#Schedule D
1994,rocky_view,0269,ROCKY VIEW COUNTY,POPL,POPL,Population,19888,fir_zip_1994_2002.zip:1994/1994-POPL-Population of Alberta.xlsx#Schedule POPL
1994,spruce_grove,0291,SPRUCE GROVE,D,01910,Provincial Government Unconditional Transfers,719471,fir_zip_1994_2002.zip:1994/1994-D-Total.xlsx#Schedule D
1994,spruce_grove,0291,SPRUCE GROVE,D,01920,Provincial Government Conditional Transfers,1234167,fir_zip_1994_2002.zip:1994/1994-D-Total.xlsx#Schedule D
1994,spruce_grove,0291,SPRUCE GROVE,POPL,POPL,Population,13076,fir_zip_1994_2002.zip:1994/1994-POPL-Population of Alberta.xlsx#Schedule POPL
1994,st_albert,0292,ST. ALBERT,D,01910,Provincial Government Unconditional Transfers,2224770,fir_zip_1994_2002.zip:1994/1994-D-Total.xlsx#Schedule D
1994,st_albert,0292,ST. ALBERT,D,01920,Provincial Government Conditional Transfers,4084966,fir_zip_1994_2002.zip:1994/1994-D-Total.xlsx#Schedule D
1994,st_albert,0292,ST. ALBERT,POPL,POPL,Population,44195,fir_zip_1994_2002.zip:1994/1994-POPL-Population of Alberta.xlsx#Schedule POPL
1994,stony_plain,0301,STONY PLAIN,D,01910,Provincial Government Unconditional Transfers,257194,fir_zip_1994_2002.zip:1994/1994-D-Total.xlsx#Schedule D
1994,stony_plain,0301,STONY PLAIN,D,01920,Provincial Government Conditional Transfers,573643,fir_zip_1994_2002.zip:1994/1994-D-Total.xlsx#Schedule D
1994,stony_plain,0301,STONY PLAIN,POPL,POPL,Population,7405,fir_zip_1994_2002.zip:1994/1994-POPL-Population of Alberta.xlsx#Schedule POPL
1994,strathcona,0302,STRATHCONA COUNTY,D,01910,Provincial Government Unconditional Transfers,2546082,fir_zip_1994_2002.zip:1994/1994-D-Total.xlsx#Schedule D
1994,strathcona,0302,STRATHCONA COUNTY,D,01920,Provincial Government Conditional Transfers,7183729,fir_zip_1994_2002.zip:1994/1994-D-Total.xlsx#Schedule D
1994,strathcona,0302,STRATHCONA COUNTY,POPL,POPL,Population,61559,fir_zip_1994_2002.zip:1994/1994-POPL-Population of Alberta.xlsx#Schedule POPL
1994,sturgeon,0305,STURGEON COUNTY,D,01910,Provincial Government Unconditional Transfers,980107,fir_zip_1994_2002.zip:1994/1994-D-Total.xlsx#Schedule D
1994,sturgeon,0305,STURGEON COUNTY,D,01920,Provincial Government Conditional Transfers,4828058,fir_zip_1994_2002.zip:1994/1994-D-Total.xlsx#Schedule D
1994,sturgeon,0305,STURGEON COUNTY,POPL,POPL,Population,15465,fir_zip_1994_2002.zip:1994/1994-POPL-Population of Alberta.xlsx#Schedule POPL
1994,chestermere,0356,CHESTERMERE,D,01910,Provincial Government Unconditional Transfers,24048,fir_zip_1994_2002.zip:1994/1994-D-Total.xlsx#Schedule D
1994,chestermere,0356,CHESTERMERE,D,01920,Provincial Government Conditional Transfers,71877,fir_zip_1994_2002.zip:1994/1994-D-Total.xlsx#Schedule D
1994,chestermere,0356,CHESTERMERE,POPL,POPL,Population,1603,fir_zip_1994_2002.zip:1994/1994-POPL-Population of Alberta.xlsx#Schedule POPL
1995,airdrie,0003,AIRDRIE,D,01910,Provincial Government Unconditional Transfers,746031,fir_zip_1994_2002.zip:1995/1995-D-Total.xlsx#Schedule D
1995,airdrie,0003,AIRDRIE,D,01920,Provincial Government Conditional Transfers,1173203,fir_zip_1994_2002.zip:1995/1995-D-Total.xlsx#Schedule D
1995,airdrie,0003,AIRDRIE,POPL,POPL,Population,14506,fir_zip_1994_2002.zip:1995/1995-POPL-Population of Alberta.xlsx#Schedule POPL
1995,beaumont,0019,BEAUMONT,D,01910,Provincial Government Unconditional Transfers,338142,fir_zip_1994_2002.zip:1995/1995-D-Total.xlsx#Schedule D
1995,beaumont,0019,BEAUMONT,D,01920,Provincial Government Conditional Transfers,463416,fir_zip_1994_2002.zip:1995/1995-D-Total.xlsx#Schedule D
1995,beaumont,0019,BEAUMONT,POPL,POPL,Population,5747,fir_zip_1994_2002.zip:1995/1995-POPL-Population of Alberta.xlsx#Schedule POPL
1995,calgary,0046,CALGARY,D,01910,Provincial Government Unconditional Transfers,21006000,fir_zip_1994_2002.zip:1995/1995-D-Total.xlsx#Schedule D
1995,calgary,0046,CALGARY,D,01920,Provincial Government Conditional Transfers,73112000,fir_zip_1994_2002.zip:1995/1995-D-Total.xlsx#Schedule D
1995,calgary,0046,CALGARY,POPL,POPL,Population,749073,fir_zip_1994_2002.zip:1995/1995-POPL-Population of Alberta.xlsx#Schedule POPL
1995,cochrane,0070,COCHRANE,D,01910,Provincial Government Unconditional Transfers,162175,fir_zip_1994_2002.zip:1995/1995-D-Total.xlsx#Schedule D
1995,cochrane,0070,COCHRANE,D,01920,Provincial Government Conditional Transfers,163686,fir_zip_1994_2002.zip:1995/1995-D-Total.xlsx#Schedule D
1995,cochrane,0070,COCHRANE,POPL,POPL,Population,6612,fir_zip_1994_2002.zip:1995/1995-POPL-Population of Alberta.xlsx#Schedule POPL
1995,devon,0086,DEVON,D,01910,Provincial Government Unconditional Transfers,172512,fir_zip_1994_2002.zip:1995/1995-D-Total.xlsx#Schedule D
1995,devon,0086,DEVON,D,01920,Provincial Government Conditional Transfers,185861,fir_zip_1994_2002.zip:1995/1995-D-Total.xlsx#Schedule D
1995,devon,0086,DEVON,POPL,POPL,Population,4380,fir_zip_1994_2002.zip:1995/1995-POPL-Population of Alberta.xlsx#Schedule POPL
1995,edmonton,0098,EDMONTON,D,01910,Provincial Government Unconditional Transfers,20052000,fir_zip_1994_2002.zip:1995/1995-D-Total.xlsx#Schedule D
1995,edmonton,0098,EDMONTON,D,01920,Provincial Government Conditional Transfers,39889000,fir_zip_1994_2002.zip:1995/1995-D-Total.xlsx#Schedule D
1995,edmonton,0098,EDMONTON,POPL,POPL,Population,626999,fir_zip_1994_2002.zip:1995/1995-POPL-Population of Alberta.xlsx#Schedule POPL
1995,foothills,0111,"FOOTHILLS NO. 31, M.D. OF",D,01910,Provincial Government Unconditional Transfers,516821,fir_zip_1994_2002.zip:1995/1995-D-Total.xlsx#Schedule D
1995,foothills,0111,"FOOTHILLS NO. 31, M.D. OF",D,01920,Provincial Government Conditional Transfers,3154674,fir_zip_1994_2002.zip:1995/1995-D-Total.xlsx#Schedule D
1995,foothills,0111,"FOOTHILLS NO. 31, M.D. OF",POPL,POPL,Population,12476,fir_zip_1994_2002.zip:1995/1995-POPL-Population of Alberta.xlsx#Schedule POPL
1995,fort_saskatchewan,0117,FORT SASKATCHEWAN,D,01910,Provincial Government Unconditional Transfers,339672,fir_zip_1994_2002.zip:1995/1995-D-Total.xlsx#Schedule D
1995,fort_saskatchewan,0117,FORT SASKATCHEWAN,D,01920,Provincial Government Conditional Transfers,1152670,fir_zip_1994_2002.zip:1995/1995-D-Total.xlsx#Schedule D
1995,fort_saskatchewan,0117,FORT SASKATCHEWAN,POPL,POPL,Population,12313,fir_zip_1994_2002.zip:1995/1995-POPL-Population of Alberta.xlsx#Schedule POPL
1995,high_river,0148,HIGH RIVER,D,01910,Provincial Government Unconditional Transfers,316926,fir_zip_1994_2002.zip:1995/1995-D-Total.xlsx#Schedule D
1995,high_river,0148,HIGH RIVER,D,01920,Provincial Government Conditional Transfers,1063608,fir_zip_1994_2002.zip:1995/1995-D-Total.xlsx#Schedule D
1995,high_river,0148,HIGH RIVER,POPL,POPL,Population,6893,fir_zip_1994_2002.zip:1995/1995-POPL-Population of Alberta.xlsx#Schedule POPL
1995,leduc_city,0200,LEDUC,D,01910,Provincial Government Unconditional Transfers,561658,fir_zip_1994_2002.zip:1995/1995-D-Total.xlsx#Schedule D
1995,leduc_city,0200,LEDUC,D,01920,Provincial Government Conditional Transfers,796764,fir_zip_1994_2002.zip:1995/1995-D-Total.xlsx#Schedule D
1995,leduc_city,0200,LEDUC,POPL,POPL,Population,14117,fir_zip_1994_2002.zip:1995/1995-POPL-Population of Alberta.xlsx#Schedule POPL
1995,leduc_county,0201,LEDUC COUNTY,D,01910,Provincial Government Unconditional Transfers,830923,fir_zip_1994_2002.zip:1995/1995-D-Total.xlsx#Schedule D
1995,leduc_county,0201,LEDUC COUNTY,D,01920,Provincial Government Conditional Transfers,948911,fir_zip_1994_2002.zip:1995/1995-D-Total.xlsx#Schedule D
1995,leduc_county,0201,LEDUC COUNTY,POPL,POPL,Population,11503,fir_zip_1994_2002.zip:1995/1995-POPL-Population of Alberta.xlsx#Schedule POPL
1995,morinville,0224,MORINVILLE,D,01910,Provincial Government Unconditional Transfers,228952,fir_zip_1994_2002.zip:1995/1995-D-Total.xlsx#Schedule D
1995,morinville,0224,MORINVILLE,D,01920,Provincial Government Conditional Transfers,667443,fir_zip_1994_2002.zip:1995/1995-D-Total.xlsx#Schedule D
1995,morinville,0224,MORINVILLE,POPL,POPL,Population,6255,fir_zip_1994_2002.zip:1995/1995-POPL-Population of Alberta.xlsx#Schedule POPL
1995,okotoks,0238,OKOTOKS,D,01910,Provincial Government Unconditional Transfers,362895,fir_zip_1994_2002.zip:1995/1995-D-Total.xlsx#Schedule D
1995,okotoks,0238,OKOTOKS,D,01920,Provincial Government Conditional Transfers,550495,fir_zip_1994_2002.zip:1995/1995-D-Total.xlsx#Schedule D
1995,okotoks,0238,OKOTOKS,POPL,POPL,Population,7789,fir_zip_1994_2002.zip:1995/1995-POPL-Population of Alberta.xlsx#Schedule POPL
1995,parkland,0245,PARKLAND COUNTY,D,01910,Provincial Government Unconditional Transfers,584871,fir_zip_1994_2002.zip:1995/1995-D-Total.xlsx#Schedule D
1995,parkland,0245,PARKLAND COUNTY,D,01920,Provincial Government Conditional Transfers,3009813,fir_zip_1994_2002.zip:1995/1995-D-Total.xlsx#Schedule D
1995,parkland,0245,PARKLAND COUNTY,POPL,POPL,Population,22550,fir_zip_1994_2002.zip:1995/1995-POPL-Population of Alberta.xlsx#Schedule POPL
1995,rocky_view,0269,ROCKY VIEW COUNTY,D,01910,Provincial Government Unconditional Transfers,424691,fir_zip_1994_2002.zip:1995/1995-D-Total.xlsx#Schedule D
1995,rocky_view,0269,ROCKY VIEW COUNTY,D,01920,Provincial Government Conditional Transfers,2271374,fir_zip_1994_2002.zip:1995/1995-D-Total.xlsx#Schedule D
1995,rocky_view,0269,ROCKY VIEW COUNTY,POPL,POPL,Population,19888,fir_zip_1994_2002.zip:1995/1995-POPL-Population of Alberta.xlsx#Schedule POPL
1995,spruce_grove,0291,SPRUCE GROVE,D,01910,Provincial Government Unconditional Transfers,530067,fir_zip_1994_2002.zip:1995/1995-D-Total.xlsx#Schedule D
1995,spruce_grove,0291,SPRUCE GROVE,D,01920,Provincial Government Conditional Transfers,1391002,fir_zip_1994_2002.zip:1995/1995-D-Total.xlsx#Schedule D
1995,spruce_grove,0291,SPRUCE GROVE,POPL,POPL,Population,13076,fir_zip_1994_2002.zip:1995/1995-POPL-Population of Alberta.xlsx#Schedule POPL
1995,st_albert,0292,ST. ALBERT,D,01910,Provincial Government Unconditional Transfers,1892361,fir_zip_1994_2002.zip:1995/1995-D-Total.xlsx#Schedule D
1995,st_albert,0292,ST. ALBERT,D,01920,Provincial Government Conditional Transfers,3561095,fir_zip_1994_2002.zip:1995/1995-D-Total.xlsx#Schedule D
1995,st_albert,0292,ST. ALBERT,POPL,POPL,Population,45895,fir_zip_1994_2002.zip:1995/1995-POPL-Population of Alberta.xlsx#Schedule POPL
1995,stony_plain,0301,STONY PLAIN,D,01910,Provincial Government Unconditional Transfers,263546,fir_zip_1994_2002.zip:1995/1995-D-Total.xlsx#Schedule D
1995,stony_plain,0301,STONY PLAIN,D,01920,Provincial Government Conditional Transfers,348285,fir_zip_1994_2002.zip:1995/1995-D-Total.xlsx#Schedule D
1995,stony_plain,0301,STONY PLAIN,POPL,POPL,Population,7405,fir_zip_1994_2002.zip:1995/1995-POPL-Population of Alberta.xlsx#Schedule POPL
1995,strathcona,0302,STRATHCONA COUNTY,D,01910,Provincial Government Unconditional Transfers,1929202,fir_zip_1994_2002.zip:1995/1995-D-Total.xlsx#Schedule D
1995,strathcona,0302,STRATHCONA COUNTY,D,01920,Provincial Government Conditional Transfers,9984256,fir_zip_1994_2002.zip:1995/1995-D-Total.xlsx#Schedule D
1995,strathcona,0302,STRATHCONA COUNTY,POPL,POPL,Population,61559,fir_zip_1994_2002.zip:1995/1995-POPL-Population of Alberta.xlsx#Schedule POPL
1995,sturgeon,0305,STURGEON COUNTY,D,01910,Provincial Government Unconditional Transfers,698515,fir_zip_1994_2002.zip:1995/1995-D-Total.xlsx#Schedule D
1995,sturgeon,0305,STURGEON COUNTY,D,01920,Provincial Government Conditional Transfers,1935673,fir_zip_1994_2002.zip:1995/1995-D-Total.xlsx#Schedule D
1995,sturgeon,0305,STURGEON COUNTY,POPL,POPL,Population,15465,fir_zip_1994_2002.zip:1995/1995-POPL-Population of Alberta.xlsx#Schedule POPL
1995,chestermere,0356,CHESTERMERE,D,01910,Provincial Government Unconditional Transfers,16551,fir_zip_1994_2002.zip:1995/1995-D-Total.xlsx#Schedule D
1995,chestermere,0356,CHESTERMERE,D,01920,Provincial Government Conditional Transfers,36670,fir_zip_1994_2002.zip:1995/1995-D-Total.xlsx#Schedule D
1995,chestermere,0356,CHESTERMERE,POPL,POPL,Population,1603,fir_zip_1994_2002.zip:1995/1995-POPL-Population of Alberta.xlsx#Schedule POPL
1996,airdrie,0003,AIRDRIE,D,01910,Provincial Government Unconditional Transfers,430050,fir_zip_1994_2002.zip:1996/1996-D-Total.xlsx#Schedule D
1996,airdrie,0003,AIRDRIE,D,01920,Provincial Government Conditional Transfers,899460,fir_zip_1994_2002.zip:1996/1996-D-Total.xlsx#Schedule D
1996,airdrie,0003,AIRDRIE,POPL,POPL,Population,14506,fir_zip_1994_2002.zip:1996/1996-POPL-Population of Alberta.xlsx#Schedule POPL
1996,beaumont,0019,BEAUMONT,D,01910,Provincial Government Unconditional Transfers,272940,fir_zip_1994_2002.zip:1996/1996-D-Total.xlsx#Schedule D
1996,beaumont,0019,BEAUMONT,D,01920,Provincial Government Conditional Transfers,355433,fir_zip_1994_2002.zip:1996/1996-D-Total.xlsx#Schedule D
1996,beaumont,0019,BEAUMONT,POPL,POPL,Population,5747,fir_zip_1994_2002.zip:1996/1996-POPL-Population of Alberta.xlsx#Schedule POPL
1996,calgary,0046,CALGARY,D,01910,Provincial Government Unconditional Transfers,12482000,fir_zip_1994_2002.zip:1996/1996-D-Total.xlsx#Schedule D
1996,calgary,0046,CALGARY,D,01920,Provincial Government Conditional Transfers,64058000,fir_zip_1994_2002.zip:1996/1996-D-Total.xlsx#Schedule D
1996,calgary,0046,CALGARY,POPL,POPL,Population,767059,fir_zip_1994_2002.zip:1996/1996-POPL-Population of Alberta.xlsx#Schedule POPL
1996,cochrane,0070,COCHRANE,D,01910,Provincial Government Unconditional Transfers,134548,fir_zip_1994_2002.zip:1996/1996-D-Total.xlsx#Schedule D
1996,cochrane,0070,COCHRANE,D,01920,Provincial Government Conditional Transfers,3006849,fir_zip_1994_2002.zip:1996/1996-D-Total.xlsx#Schedule D
1996,cochrane,0070,COCHRANE,POPL,POPL,Population,6612,fir_zip_1994_2002.zip:1996/1996-POPL-Population of Alberta.xlsx#Schedule POPL
1996,devon,0086,DEVON,D,01910,Provincial Government Unconditional Transfers,192797,fir_zip_1994_2002.zip:1996/1996-D-Total.xlsx#Schedule D
1996,devon,0086,DEVON,D,01920,Provincial Government Conditional Transfers,710860,fir_zip_1994_2002.zip:1996/1996-D-Total.xlsx#Schedule D
1996,devon,0086,DEVON,POPL,POPL,Population,4380,fir_zip_1994_2002.zip:1996/1996-POPL-Population of Alberta.xlsx#Schedule POPL
1996,edmonton,0098,EDMONTON,D,01910,Provincial Government Unconditional Transfers,8792000,fir_zip_1994_2002.zip:1996/1996-D-Total.xlsx#Schedule D
1996,edmonton,0098,EDMONTON,D,01920,Provincial Government Conditional Transfers,48240000,fir_zip_1994_2002.zip:1996/1996-D-Total.xlsx#Schedule D
1996,edmonton,0098,EDMONTON,POPL,POPL,Population,626999,fir_zip_1994_2002.zip:1996/1996-POPL-Population of Alberta.xlsx#Schedule POPL
1996,foothills,0111,"FOOTHILLS NO. 31, M.D. OF",D,01910,Provincial Government Unconditional Transfers,262489,fir_zip_1994_2002.zip:1996/1996-D-Total.xlsx#Schedule D
1996,foothills,0111,"FOOTHILLS NO. 31, M.D. OF",D,01920,Provincial Government Conditional Transfers,2507722,fir_zip_1994_2002.zip:1996/1996-D-Total.xlsx#Schedule D
1996,foothills,0111,"FOOTHILLS NO. 31, M.D. OF",POPL,POPL,Population,12476,fir_zip_1994_2002.zip:1996/1996-POPL-Population of Alberta.xlsx#Schedule POPL
1996,fort_saskatchewan,0117,FORT SASKATCHEWAN,D,01910,Provincial Government Unconditional Transfers,228163,fir_zip_1994_2002.zip:1996/1996-D-Total.xlsx#Schedule D
1996,fort_saskatchewan,0117,FORT SASKATCHEWAN,D,01920,Provincial Government Conditional Transfers,1523326,fir_zip_1994_2002.zip:1996/1996-D-Total.xlsx#Schedule D
1996,fort_saskatchewan,0117,FORT SASKATCHEWAN,POPL,POPL,Population,12313,fir_zip_1994_2002.zip:1996/1996-POPL-Population of Alberta.xlsx#Schedule POPL
1996,high_river,0148,HIGH RIVER,D,01910,Provincial Government Unconditional Transfers,191309,fir_zip_1994_2002.zip:1996/1996-D-Total.xlsx#Schedule D
1996,high_river,0148,HIGH RIVER,D,01920,Provincial Government Conditional Transfers,322847,fir_zip_1994_2002.zip:1996/1996-D-Total.xlsx#Schedule D
1996,high_river,0148,HIGH RIVER,POPL,POPL,Population,6893,fir_zip_1994_2002.zip:1996/1996-POPL-Population of Alberta.xlsx#Schedule POPL
1996,leduc_city,0200,LEDUC,D,01910,Provincial Government Unconditional Transfers,248899,fir_zip_1994_2002.zip:1996/1996-D-Total.xlsx#Schedule D
1996,leduc_city,0200,LEDUC,D,01920,Provincial Government Conditional Transfers,1644796,fir_zip_1994_2002.zip:1996/1996-D-Total.xlsx#Schedule D
1996,leduc_city,0200,LEDUC,POPL,POPL,Population,14117,fir_zip_1994_2002.zip:1996/1996-POPL-Population of Alberta.xlsx#Schedule POPL
1996,leduc_county,0201,LEDUC COUNTY,D,01910,Provincial Government Unconditional Transfers,58788,fir_zip_1994_2002.zip:1996/1996-D-Total.xlsx#Schedule D
1996,leduc_county,0201,LEDUC COUNTY,D,01920,Provincial Government Conditional Transfers,1331073,fir_zip_1994_2002.zip:1996/1996-D-Total.xlsx#Schedule D
1996,leduc_county,0201,LEDUC COUNTY,POPL,POPL,Population,11503,fir_zip_1994_2002.zip:1996/1996-POPL-Population of Alberta.xlsx#Schedule POPL
1996,morinville,0224,MORINVILLE,D,01910,Provincial Government Unconditional Transfers,190578,fir_zip_1994_2002.zip:1996/1996-D-Total.xlsx#Schedule D
1996,morinville,0224,MORINVILLE,D,01920,Provincial Government Conditional Transfers,230551,fir_zip_1994_2002.zip:1996/1996-D-Total.xlsx#Schedule D
1996,morinville,0224,MORINVILLE,POPL,POPL,Population,6255,fir_zip_1994_2002.zip:1996/1996-POPL-Population of Alberta.xlsx#Schedule POPL
1996,okotoks,0238,OKOTOKS,D,01910,Provincial Government Unconditional Transfers,316895,fir_zip_1994_2002.zip:1996/1996-D-Total.xlsx#Schedule D
1996,okotoks,0238,OKOTOKS,D,01920,Provincial Government Conditional Transfers,1152164,fir_zip_1994_2002.zip:1996/1996-D-Total.xlsx#Schedule D
1996,okotoks,0238,OKOTOKS,POPL,POPL,Population,7789,fir_zip_1994_2002.zip:1996/1996-POPL-Population of Alberta.xlsx#Schedule POPL
1996,parkland,0245,PARKLAND COUNTY,D,01910,Provincial Government Unconditional Transfers,71992,fir_zip_1994_2002.zip:1996/1996-D-Total.xlsx#Schedule D
1996,parkland,0245,PARKLAND COUNTY,D,01920,Provincial Government Conditional Transfers,1740248,fir_zip_1994_2002.zip:1996/1996-D-Total.xlsx#Schedule D
1996,parkland,0245,PARKLAND COUNTY,POPL,POPL,Population,22550,fir_zip_1994_2002.zip:1996/1996-POPL-Population of Alberta.xlsx#Schedule POPL
1996,rocky_view,0269,ROCKY VIEW COUNTY,D,01910,Provincial Government Unconditional Transfers,63494,fir_zip_1994_2002.zip:1996/1996-D-Total.xlsx#Schedule D
1996,rocky_view,0269,ROCKY VIEW COUNTY,D,01920,Provincial Government Conditional Transfers,1661184,fir_zip_1994_2002.zip:1996/1996-D-Total.xlsx#Schedule D
1996,rocky_view,0269,ROCKY VIEW COUNTY,POPL,POPL,Population,19888,fir_zip_1994_2002.zip:1996/1996-POPL-Population of Alberta.xlsx#Schedule POPL
1996,spruce_grove,0291,SPRUCE GROVE,D,01910,Provincial Government Unconditional Transfers,230861,fir_zip_1994_2002.zip:1996/1996-D-Total.xlsx#Schedule D
1996,spruce_grove,0291,SPRUCE GROVE,D,01920,Provincial Government Conditional Transfers,903940,fir_zip_1994_2002.zip:1996/1996-D-Total.xlsx#Schedule D
1996,spruce_grove,0291,SPRUCE GROVE,POPL,POPL,Population,14123,fir_zip_1994_2002.zip:1996/1996-POPL-Population of Alberta.xlsx#Schedule POPL
1996,st_albert,0292,ST. ALBERT,D,01910,Provincial Government Unconditional Transfers,1102971,fir_zip_1994_2002.zip:1996/1996-D-Total.xlsx#Schedule D
1996,st_albert,0292,ST. ALBERT,D,01920,Provincial Government Conditional Transfers,3123813,fir_zip_1994_2002.zip:1996/1996-D-Total.xlsx#Schedule D
1996,st_albert,0292,ST. ALBERT,POPL,POPL,Population,45895,fir_zip_1994_2002.zip:1996/1996-POPL-Population of Alberta.xlsx#Schedule POPL
1996,stony_plain,0301,STONY PLAIN,D,01910,Provincial Government Unconditional Transfers,240876,fir_zip_1994_2002.zip:1996/1996-D-Total.xlsx#Schedule D
1996,stony_plain,0301,STONY PLAIN,D,01920,Provincial Government Conditional Transfers,920487,fir_zip_1994_2002.zip:1996/1996-D-Total.xlsx#Schedule D
1996,stony_plain,0301,STONY PLAIN,POPL,POPL,Population,7405,fir_zip_1994_2002.zip:1996/1996-POPL-Population of Alberta.xlsx#Schedule POPL
1996,strathcona,0302,STRATHCONA COUNTY,D,01910,Provincial Government Unconditional Transfers,821146,fir_zip_1994_2002.zip:1996/1996-D-Total.xlsx#Schedule D
1996,strathcona,0302,STRATHCONA COUNTY,D,01920,Provincial Government Conditional Transfers,4316366,fir_zip_1994_2002.zip:1996/1996-D-Total.xlsx#Schedule D
1996,strathcona,0302,STRATHCONA COUNTY,POPL,POPL,Population,61559,fir_zip_1994_2002.zip:1996/1996-POPL-Population of Alberta.xlsx#Schedule POPL
1996,sturgeon,0305,STURGEON COUNTY,D,01910,Provincial Government Unconditional Transfers,267472,fir_zip_1994_2002.zip:1996/1996-D-Total.xlsx#Schedule D
1996,sturgeon,0305,STURGEON COUNTY,D,01920,Provincial Government Conditional Transfers,888357,fir_zip_1994_2002.zip:1996/1996-D-Total.xlsx#Schedule D
1996,sturgeon,0305,STURGEON COUNTY,POPL,POPL,Population,15465,fir_zip_1994_2002.zip:1996/1996-POPL-Population of Alberta.xlsx#Schedule POPL
1996,chestermere,0356,CHESTERMERE,D,01910,Provincial Government Unconditional Transfers,13858,fir_zip_1994_2002.zip:1996/1996-D-Total.xlsx#Schedule D
1996,chestermere,0356,CHESTERMERE,D,01920,Provincial Government Conditional Transfers,636597,fir_zip_1994_2002.zip:1996/1996-D-Total.xlsx#Schedule D
1996,chestermere,0356,CHESTERMERE,POPL,POPL,Population,1603,fir_zip_1994_2002.zip:1996/1996-POPL-Population of Alberta.xlsx#Schedule POPL
1997,airdrie,0003,AIRDRIE,D,01910,Provincial Government Unconditional Transfers,337986,fir_zip_1994_2002.zip:1997/1997-D-Total.xlsx#Schedule D
1997,airdrie,0003,AIRDRIE,D,01920,Provincial Government Conditional Transfers,1328214,fir_zip_1994_2002.zip:1997/1997-D-Total.xlsx#Schedule D
1997,airdrie,0003,AIRDRIE,EA,08260,GRAND TOTAL,657450516,fir_zip_1994_2002.zip:1997/1997-EA-Equalized Assessment.xlsx#Schedule EA
1997,airdrie,0003,AIRDRIE,EA,08265,Linear Subtotal,15343879,fir_zip_1994_2002.zip:1997/1997-EA-Equalized Assessment.xlsx#Schedule EA
1997,airdrie,0003,AIRDRIE,EA,08270,Mach & Equip Subtotal,3854461,fir_zip_1994_2002.zip:1997/1997-EA-Equalized Assessment.xlsx#Schedule EA
1997,airdrie,0003,AIRDRIE,EA,08275,Non Residential Subtotal,101589983,fir_zip_1994_2002.zip:1997/1997-EA-Equalized Assessment.xlsx#Schedule EA
1997,airdrie,0003,AIRDRIE,EA,08280,Residential Subtotal,532853113,fir_zip_1994_2002.zip:1997/1997-EA-Equalized Assessment.xlsx#Schedule EA
1997,airdrie,0003,AIRDRIE,EA,08285,Farmland,3809080,fir_zip_1994_2002.zip:1997/1997-EA-Equalized Assessment.xlsx#Schedule EA
1997,airdrie,0003,AIRDRIE,EA,08290,Non Residential Railway,0,fir_zip_1994_2002.zip:1997/1997-EA-Equalized Assessment.xlsx#Schedule EA
1997,airdrie,0003,AIRDRIE,EA,08295,NR Res. Co-generating M&E,0,fir_zip_1994_2002.zip:1997/1997-EA-Equalized Assessment.xlsx#Schedule EA
1997,airdrie,0003,AIRDRIE,POPL,POPL,Population,15946,fir_zip_1994_2002.zip:1997/1997-POPL-Population of Alberta.xlsx#Schedule POPL
1997,beaumont,0019,BEAUMONT,D,01910,Provincial Government Unconditional Transfers,247447,fir_zip_1994_2002.zip:1997/1997-D-Total.xlsx#Schedule D
1997,beaumont,0019,BEAUMONT,D,01920,Provincial Government Conditional Transfers,433680,fir_zip_1994_2002.zip:1997/1997-D-Total.xlsx#Schedule D
1997,beaumont,0019,BEAUMONT,EA,08260,GRAND TOTAL,215975305,fir_zip_1994_2002.zip:1997/1997-EA-Equalized Assessment.xlsx#Schedule EA
1997,beaumont,0019,BEAUMONT,EA,08265,Linear Subtotal,3345540,fir_zip_1994_2002.zip:1997/1997-EA-Equalized Assessment.xlsx#Schedule EA
1997,beaumont,0019,BEAUMONT,EA,08270,Mach & Equip Subtotal,49930,fir_zip_1994_2002.zip:1997/1997-EA-Equalized Assessment.xlsx#Schedule EA
1997,beaumont,0019,BEAUMONT,EA,08275,Non Residential Subtotal,12263398,fir_zip_1994_2002.zip:1997/1997-EA-Equalized Assessment.xlsx#Schedule EA
1997,beaumont,0019,BEAUMONT,EA,08280,Residential Subtotal,200191157,fir_zip_1994_2002.zip:1997/1997-EA-Equalized Assessment.xlsx#Schedule EA
1997,beaumont,0019,BEAUMONT,EA,08285,Farmland,125280,fir_zip_1994_2002.zip:1997/1997-EA-Equalized Assessment.xlsx#Schedule EA
1997,beaumont,0019,BEAUMONT,EA,08290,Non Residential Railway,0,fir_zip_1994_2002.zip:1997/1997-EA-Equalized Assessment.xlsx#Schedule EA
1997,beaumont,0019,BEAUMONT,EA,08295,NR Res. Co-generating M&E,0,fir_zip_1994_2002.zip:1997/1997-EA-Equalized Assessment.xlsx#Schedule EA
1997,beaumont,0019,BEAUMONT,POPL,POPL,Population,5810,fir_zip_1994_2002.zip:1997/1997-POPL-Population of Alberta.xlsx#Schedule POPL
1997,calgary,0046,CALGARY,D,01910,Provincial Government Unconditional Transfers,12515000,fir_zip_1994_2002.zip:1997/1997-D-Total.xlsx#Schedule D
1997,calgary,0046,CALGARY,D,01920,Provincial Government Conditional Transfers,52757000,fir_zip_1994_2002.zip:1997/1997-D-Total.xlsx#Schedule D
1997,calgary,0046,CALGARY,EA,08260,GRAND TOTAL,44879275533,fir_zip_1994_2002.zip:1997/1997-EA-Equalized Assessment.xlsx#Schedule EA
1997,calgary,0046,CALGARY,EA,08265,Linear Subtotal,878953956,fir_zip_1994_2002.zip:1997/1997-EA-Equalized Assessment.xlsx#Schedule EA
1997,calgary,0046,CALGARY,EA,08270,Mach & Equip Subtotal,224240126,fir_zip_1994_2002.zip:1997/1997-EA-Equalized Assessment.xlsx#Schedule EA
1997,calgary,0046,CALGARY,EA,08275,Non Residential Subtotal,10097175048,fir_zip_1994_2002.zip:1997/1997-EA-Equalized Assessment.xlsx#Schedule EA
1997,calgary,0046,CALGARY,EA,08280,Residential Subtotal,33602332671,fir_zip_1994_2002.zip:1997/1997-EA-Equalized Assessment.xlsx#Schedule EA
1997,calgary,0046,CALGARY,EA,08285,Farmland,75077797,fir_zip_1994_2002.zip:1997/1997-EA-Equalized Assessment.xlsx#Schedule EA
1997,calgary,0046,CALGARY,EA,08290,Non Residential Railway,1495935,fir_zip_1994_2002.zip:1997/1997-EA-Equalized Assessment.xlsx#Schedule EA
1997,calgary,0046,CALGARY,EA,08295,NR Res. Co-generating M&E,0,fir_zip_1994_2002.zip:1997/1997-EA-Equalized Assessment.xlsx#Schedule EA
1997,calgary,0046,CALGARY,POPL,POPL,Population,790498,fir_zip_1994_2002.zip:1997/1997-POPL-Population of Alberta.xlsx#Schedule POPL
1997,cochrane,0070,COCHRANE,D,01910,Provincial Government Unconditional Transfers,134548,fir_zip_1994_2002.zip:1997/1997-D-Total.xlsx#Schedule D
1997,cochrane,0070,COCHRANE,D,01920,Provincial Government Conditional Transfers,3059717,fir_zip_1994_2002.zip:1997/1997-D-Total.xlsx#Schedule D
1997,cochrane,0070,COCHRANE,EA,08260,GRAND TOTAL,402960035,fir_zip_1994_2002.zip:1997/1997-EA-Equalized Assessment.xlsx#Schedule EA
1997,cochrane,0070,COCHRANE,EA,08265,Linear Subtotal,10112980,fir_zip_1994_2002.zip:1997/1997-EA-Equalized Assessment.xlsx#Schedule EA
1997,cochrane,0070,COCHRANE,EA,08270,Mach & Equip Subtotal,3507432,fir_zip_1994_2002.zip:1997/1997-EA-Equalized Assessment.xlsx#Schedule EA
1997,cochrane,0070,COCHRANE,EA,08275,Non Residential Subtotal,64012186,fir_zip_1994_2002.zip:1997/1997-EA-Equalized Assessment.xlsx#Schedule EA
1997,cochrane,0070,COCHRANE,EA,08280,Residential Subtotal,324579529,fir_zip_1994_2002.zip:1997/1997-EA-Equalized Assessment.xlsx#Schedule EA
1997,cochrane,0070,COCHRANE,EA,08285,Farmland,550880,fir_zip_1994_2002.zip:1997/1997-EA-Equalized Assessment.xlsx#Schedule EA
1997,cochrane,0070,COCHRANE,EA,08290,Non Residential Railway,197028,fir_zip_1994_2002.zip:1997/1997-EA-Equalized Assessment.xlsx#Schedule EA
1997,cochrane,0070,COCHRANE,EA,08295,NR Res. Co-generating M&E,0,fir_zip_1994_2002.zip:1997/1997-EA-Equalized Assessment.xlsx#Schedule EA
1997,cochrane,0070,COCHRANE,POPL,POPL,Population,7424,fir_zip_1994_2002.zip:1997/1997-POPL-Population of Alberta.xlsx#Schedule POPL
1997,devon,0086,DEVON,D,01910,Provincial Government Unconditional Transfers,0,fir_zip_1994_2002.zip:1997/1997-D-Total.xlsx#Schedule D
1997,devon,0086,DEVON,D,01920,Provincial Government Conditional Transfers,0,fir_zip_1994_2002.zip:1997/1997-D-Total.xlsx#Schedule D
1997,devon,0086,DEVON,EA,08260,GRAND TOTAL,188906041,fir_zip_1994_2002.zip:1997/1997-EA-Equalized Assessment.xlsx#Schedule EA
1997,devon,0086,DEVON,EA,08265,Linear Subtotal,8249560,fir_zip_1994_2002.zip:1997/1997-EA-Equalized Assessment.xlsx#Schedule EA
1997,devon,0086,DEVON,EA,08270,Mach & Equip Subtotal,10332670,fir_zip_1994_2002.zip:1997/1997-EA-Equalized Assessment.xlsx#Schedule EA
1997,devon,0086,DEVON,EA,08275,Non Residential Subtotal,42274457,fir_zip_1994_2002.zip:1997/1997-EA-Equalized Assessment.xlsx#Schedule EA
1997,devon,0086,DEVON,EA,08280,Residential Subtotal,127363854,fir_zip_1994_2002.zip:1997/1997-EA-Equalized Assessment.xlsx#Schedule EA
1997,devon,0086,DEVON,EA,08285,Farmland,685500,fir_zip_1994_2002.zip:1997/1997-EA-Equalized Assessment.xlsx#Schedule EA
1997,devon,0086,DEVON,EA,08290,Non Residential Railway,0,fir_zip_1994_2002.zip:1997/1997-EA-Equalized Assessment.xlsx#Schedule EA
1997,devon,0086,DEVON,EA,08295,NR Res. Co-generating M&E,0,fir_zip_1994_2002.zip:1997/1997-EA-Equalized Assessment.xlsx#Schedule EA
1997,devon,0086,DEVON,POPL,POPL,Population,4496,fir_zip_1994_2002.zip:1997/1997-POPL-Population of Alberta.xlsx#Schedule POPL
1997,edmonton,0098,EDMONTON,D,01910,Provincial Government Unconditional Transfers,8792000,fir_zip_1994_2002.zip:1997/1997-D-Total.xlsx#Schedule D
1997,edmonton,0098,EDMONTON,D,01920,Provincial Government Conditional Transfers,58340000,fir_zip_1994_2002.zip:1997/1997-D-Total.xlsx#Schedule D
1997,edmonton,0098,EDMONTON,EA,08260,GRAND TOTAL,31399179500,fir_zip_1994_2002.zip:1997/1997-EA-Equalized Assessment.xlsx#Schedule EA
1997,edmonton,0098,EDMONTON,EA,08265,Linear Subtotal,983784064,fir_zip_1994_2002.zip:1997/1997-EA-Equalized Assessment.xlsx#Schedule EA
1997,edmonton,0098,EDMONTON,EA,08270,Mach & Equip Subtotal,624509315,fir_zip_1994_2002.zip:1997/1997-EA-Equalized Assessment.xlsx#Schedule EA
1997,edmonton,0098,EDMONTON,EA,08275,Non Residential Subtotal,7697056432,fir_zip_1994_2002.zip:1997/1997-EA-Equalized Assessment.xlsx#Schedule EA
1997,edmonton,0098,EDMONTON,EA,08280,Residential Subtotal,21999964892,fir_zip_1994_2002.zip:1997/1997-EA-Equalized Assessment.xlsx#Schedule EA
1997,edmonton,0098,EDMONTON,EA,08285,Farmland,25296389,fir_zip_1994_2002.zip:1997/1997-EA-Equalized Assessment.xlsx#Schedule EA
1997,edmonton,0098,EDMONTON,EA,08290,Non Residential Railway,64566383,fir_zip_1994_2002.zip:1997/1997-EA-Equalized Assessment.xlsx#Schedule EA
1997,edmonton,0098,EDMONTON,EA,08295,NR Res. Co-generating M&E,4002025,fir_zip_1994_2002.zip:1997/1997-EA-Equalized Assessment.xlsx#Schedule EA
1997,edmonton,0098,EDMONTON,POPL,POPL,Population,616306,fir_zip_1994_2002.zip:1997/1997-POPL-Population of Alberta.xlsx#Schedule POPL
1997,foothills,0111,"FOOTHILLS NO. 31, M.D. OF",D,01910,Provincial Government Unconditional Transfers,392337,fir_zip_1994_2002.zip:1997/1997-D-Total.xlsx#Schedule D
1997,foothills,0111,"FOOTHILLS NO. 31, M.D. OF",D,01920,Provincial Government Conditional Transfers,1433412,fir_zip_1994_2002.zip:1997/1997-D-Total.xlsx#Schedule D
1997,foothills,0111,"FOOTHILLS NO. 31, M.D. OF",EA,08260,GRAND TOTAL,1380178751,fir_zip_1994_2002.zip:1997/1997-EA-Equalized Assessment.xlsx#Schedule EA
1997,foothills,0111,"FOOTHILLS NO. 31, M.D. OF",EA,08265,Linear Subtotal,205532928,fir_zip_1994_2002.zip:1997/1997-EA-Equalized Assessment.xlsx#Schedule EA
1997,foothills,0111,"FOOTHILLS NO. 31, M.D. OF",EA,08270,Mach & Equip Subtotal,108088465,fir_zip_1994_2002.zip:1997/1997-EA-Equalized Assessment.xlsx#Schedule EA
1997,foothills,0111,"FOOTHILLS NO. 31, M.D. OF",EA,08275,Non Residential Subtotal,77822550,fir_zip_1994_2002.zip:1997/1997-EA-Equalized Assessment.xlsx#Schedule EA
1997,foothills,0111,"FOOTHILLS NO. 31, M.D. OF",EA,08280,Residential Subtotal,844370983,fir_zip_1994_2002.zip:1997/1997-EA-Equalized Assessment.xlsx#Schedule EA
1997,foothills,0111,"FOOTHILLS NO. 31, M.D. OF",EA,08285,Farmland,142582100,fir_zip_1994_2002.zip:1997/1997-EA-Equalized Assessment.xlsx#Schedule EA
1997,foothills,0111,"FOOTHILLS NO. 31, M.D. OF",EA,08290,Non Residential Railway,1781725,fir_zip_1994_2002.zip:1997/1997-EA-Equalized Assessment.xlsx#Schedule EA
1997,foothills,0111,"FOOTHILLS NO. 31, M.D. OF",EA,08295,NR Res. Co-generating M&E,0,fir_zip_1994_2002.zip:1997/1997-EA-Equalized Assessment.xlsx#Schedule EA
1997,foothills,0111,"FOOTHILLS NO. 31, M.D. OF",POPL,POPL,Population,14048,fir_zip_1994_2002.zip:1997/1997-POPL-Population of Alberta.xlsx#Schedule POPL
1997,fort_saskatchewan,0117,FORT SASKATCHEWAN,D,01910,Provincial Government Unconditional Transfers,228163,fir_zip_1994_2002.zip:1997/1997-D-Total.xlsx#Schedule D
1997,fort_saskatchewan,0117,FORT SASKATCHEWAN,D,01920,Provincial Government Conditional Transfers,904805,fir_zip_1994_2002.zip:1997/1997-D-Total.xlsx#Schedule D
1997,fort_saskatchewan,0117,FORT SASKATCHEWAN,EA,08260,GRAND TOTAL,1490332559,fir_zip_1994_2002.zip:1997/1997-EA-Equalized Assessment.xlsx#Schedule EA
1997,fort_saskatchewan,0117,FORT SASKATCHEWAN,EA,08265,Linear Subtotal,41034181,fir_zip_1994_2002.zip:1997/1997-EA-Equalized Assessment.xlsx#Schedule EA
1997,fort_saskatchewan,0117,FORT SASKATCHEWAN,EA,08270,Mach & Equip Subtotal,699910752,fir_zip_1994_2002.zip:1997/1997-EA-Equalized Assessment.xlsx#Schedule EA
1997,fort_saskatchewan,0117,FORT SASKATCHEWAN,EA,08275,Non Residential Subtotal,353586012,fir_zip_1994_2002.zip:1997/1997-EA-Equalized Assessment.xlsx#Schedule EA
1997,fort_saskatchewan,0117,FORT SASKATCHEWAN,EA,08280,Residential Subtotal,377331827,fir_zip_1994_2002.zip:1997/1997-EA-Equalized Assessment.xlsx#Schedule EA
1997,fort_saskatchewan,0117,FORT SASKATCHEWAN,EA,08285,Farmland,805430,fir_zip_1994_2002.zip:1997/1997-EA-Equalized Assessment.xlsx#Schedule EA
1997,fort_saskatchewan,0117,FORT SASKATCHEWAN,EA,08290,Non Residential Railway,183713,fir_zip_1994_2002.zip:1997/1997-EA-Equalized Assessment.xlsx#Schedule EA
1997,fort_saskatchewan,0117,FORT SASKATCHEWAN,EA,08295,NR Res. Co-generating M&E,17480644,fir_zip_1994_2002.zip:1997/1997-EA-Equalized Assessment.xlsx#Schedule EA
1997,fort_saskatchewan,0117,FORT SASKATCHEWAN,POPL,POPL,Population,12408,fir_zip_1994_2002.zip:1997/1997-POPL-Population of Alberta.xlsx#Schedule POPL
1997,high_river,0148,HIGH RIVER,D,01910,Provincial Government Unconditional Transfers,403472,fir_zip_1994_2002.zip:1997/1997-D-Total.xlsx#Schedule D
1997,high_river,0148,HIGH RIVER,D,01920,Provincial Government Conditional Transfers,564658,fir_zip_1994_2002.zip:1997/1997-D-Total.xlsx#Schedule D
1997,high_river,0148,HIGH RIVER,EA,08260,GRAND TOTAL,343579920,fir_zip_1994_2002.zip:1997/1997-EA-Equalized Assessment.xlsx#Schedule EA
1997,high_river,0148,HIGH RIVER,EA,08265,Linear Subtotal,8707900,fir_zip_1994_2002.zip:1997/1997-EA-Equalized Assessment.xlsx#Schedule EA
1997,high_river,0148,HIGH RIVER,EA,08270,Mach & Equip Subtotal,42900,fir_zip_1994_2002.zip:1997/1997-EA-Equalized Assessment.xlsx#Schedule EA
1997,high_river,0148,HIGH RIVER,EA,08275,Non Residential Subtotal,71272120,fir_zip_1994_2002.zip:1997/1997-EA-Equalized Assessment.xlsx#Schedule EA
1997,high_river,0148,HIGH RIVER,EA,08280,Residential Subtotal,263015300,fir_zip_1994_2002.zip:1997/1997-EA-Equalized Assessment.xlsx#Schedule EA
1997,high_river,0148,HIGH RIVER,EA,08285,Farmland,504100,fir_zip_1994_2002.zip:1997/1997-EA-Equalized Assessment.xlsx#Schedule EA
1997,high_river,0148,HIGH RIVER,EA,08290,Non Residential Railway,37600,fir_zip_1994_2002.zip:1997/1997-EA-Equalized Assessment.xlsx#Schedule EA
1997,high_river,0148,HIGH RIVER,EA,08295,NR Res. Co-generating M&E,0,fir_zip_1994_2002.zip:1997/1997-EA-Equalized Assessment.xlsx#Schedule EA
1997,high_river,0148,HIGH RIVER,POPL,POPL,Population,7359,fir_zip_1994_2002.zip:1997/1997-POPL-Population of Alberta.xlsx#Schedule POPL
1997,leduc_city,0200,LEDUC,D,01910,Provincial Government Unconditional Transfers,234775,fir_zip_1994_2002.zip:1997/1997-D-Total.xlsx#Schedule D
1997,leduc_city,0200,LEDUC,D,01920,Provincial Government Conditional Transfers,2057971,fir_zip_1994_2002.zip:1997/1997-D-Total.xlsx#Schedule D
1997,leduc_city,0200,LEDUC,EA,08260,GRAND TOTAL,575475537,fir_zip_1994_2002.zip:1997/1997-EA-Equalized Assessment.xlsx#Schedule EA
1997,leduc_city,0200,LEDUC,EA,08265,Linear Subtotal,17049516,fir_zip_1994_2002.zip:1997/1997-EA-Equalized Assessment.xlsx#Schedule EA
1997,leduc_city,0200,LEDUC,EA,08270,Mach & Equip Subtotal,579286,fir_zip_1994_2002.zip:1997/1997-EA-Equalized Assessment.xlsx#Schedule EA
1997,leduc_city,0200,LEDUC,EA,08275,Non Residential Subtotal,109146437,fir_zip_1994_2002.zip:1997/1997-EA-Equalized Assessment.xlsx#Schedule EA
1997,leduc_city,0200,LEDUC,EA,08280,Residential Subtotal,446824216,fir_zip_1994_2002.zip:1997/1997-EA-Equalized Assessment.xlsx#Schedule EA
1997,leduc_city,0200,LEDUC,EA,08285,Farmland,1716190,fir_zip_1994_2002.zip:1997/1997-EA-Equalized Assessment.xlsx#Schedule EA
1997,leduc_city,0200,LEDUC,EA,08290,Non Residential Railway,159892,fir_zip_1994_2002.zip:1997/1997-EA-Equalized Assessment.xlsx#Schedule EA
1997,leduc_city,0200,LEDUC,EA,08295,NR Res. Co-generating M&E,0,fir_zip_1994_2002.zip:1997/1997-EA-Equalized Assessment.xlsx#Schedule EA
1997,leduc_city,0200,LEDUC,POPL,POPL,Population,14305,fir_zip_1994_2002.zip:1997/1997-POPL-Population of Alberta.xlsx#Schedule POPL
1997,leduc_county,0201,LEDUC COUNTY,D,01910,Provincial Government Unconditional Transfers,36724,fir_zip_1994_2002.zip:1997/1997-D-Total.xlsx#Schedule D
1997,leduc_county,0201,LEDUC COUNTY,D,01920,Provincial Government Conditional Transfers,2569861,fir_zip_1994_2002.zip:1997/1997-D-Total.xlsx#Schedule D
1997,leduc_county,0201,LEDUC COUNTY,EA,08260,GRAND TOTAL,1453552403,fir_zip_1994_2002.zip:1997/1997-EA-Equalized Assessment.xlsx#Schedule EA
1997,leduc_county,0201,LEDUC COUNTY,EA,08265,Linear Subtotal,701804396,fir_zip_1994_2002.zip:1997/1997-EA-Equalized Assessment.xlsx#Schedule EA
1997,leduc_county,0201,LEDUC COUNTY,EA,08270,Mach & Equip Subtotal,71898645,fir_zip_1994_2002.zip:1997/1997-EA-Equalized Assessment.xlsx#Schedule EA
1997,leduc_county,0201,LEDUC COUNTY,EA,08275,Non Residential Subtotal,293056077,fir_zip_1994_2002.zip:1997/1997-EA-Equalized Assessment.xlsx#Schedule EA
1997,leduc_county,0201,LEDUC COUNTY,EA,08280,Residential Subtotal,282573000,fir_zip_1994_2002.zip:1997/1997-EA-Equalized Assessment.xlsx#Schedule EA
1997,leduc_county,0201,LEDUC COUNTY,EA,08285,Farmland,102349194,fir_zip_1994_2002.zip:1997/1997-EA-Equalized Assessment.xlsx#Schedule EA
1997,leduc_county,0201,LEDUC COUNTY,EA,08290,Non Residential Railway,1871091,fir_zip_1994_2002.zip:1997/1997-EA-Equalized Assessment.xlsx#Schedule EA
1997,leduc_county,0201,LEDUC COUNTY,EA,08295,NR Res. Co-generating M&E,0,fir_zip_1994_2002.zip:1997/1997-EA-Equalized Assessment.xlsx#Schedule EA
1997,leduc_county,0201,LEDUC COUNTY,POPL,POPL,Population,12361,fir_zip_1994_2002.zip:1997/1997-POPL-Population of Alberta.xlsx#Schedule POPL
1997,morinville,0224,MORINVILLE,D,01910,Provincial Government Unconditional Transfers,190578,fir_zip_1994_2002.zip:1997/1997-D-Total.xlsx#Schedule D
1997,morinville,0224,MORINVILLE,D,01920,Provincial Government Conditional Transfers,615434,fir_zip_1994_2002.zip:1997/1997-D-Total.xlsx#Schedule D
1997,morinville,0224,MORINVILLE,EA,08260,GRAND TOTAL,198865525,fir_zip_1994_2002.zip:1997/1997-EA-Equalized Assessment.xlsx#Schedule EA
1997,morinville,0224,MORINVILLE,EA,08265,Linear Subtotal,5933029,fir_zip_1994_2002.zip:1997/1997-EA-Equalized Assessment.xlsx#Schedule EA
1997,morinville,0224,MORINVILLE,EA,08270,Mach & Equip Subtotal,516779,fir_zip_1994_2002.zip:1997/1997-EA-Equalized Assessment.xlsx#Schedule EA
1997,morinville,0224,MORINVILLE,EA,08275,Non Residential Subtotal,27810025,fir_zip_1994_2002.zip:1997/1997-EA-Equalized Assessment.xlsx#Schedule EA
1997,morinville,0224,MORINVILLE,EA,08280,Residential Subtotal,164146495,fir_zip_1994_2002.zip:1997/1997-EA-Equalized Assessment.xlsx#Schedule EA
1997,morinville,0224,MORINVILLE,EA,08285,Farmland,355530,fir_zip_1994_2002.zip:1997/1997-EA-Equalized Assessment.xlsx#Schedule EA
1997,morinville,0224,MORINVILLE,EA,08290,Non Residential Railway,103667,fir_zip_1994_2002.zip:1997/1997-EA-Equalized Assessment.xlsx#Schedule EA
1997,morinville,0224,MORINVILLE,EA,08295,NR Res. Co-generating M&E,0,fir_zip_1994_2002.zip:1997/1997-EA-Equalized Assessment.xlsx#Schedule EA
1997,morinville,0224,MORINVILLE,POPL,POPL,Population,6226,fir_zip_1994_2002.zip:1997/1997-POPL-Population of Alberta.xlsx#Schedule POPL
1997,okotoks,0238,OKOTOKS,D,01910,Provincial Government Unconditional Transfers,315267,fir_zip_1994_2002.zip:1997/1997-D-Total.xlsx#Schedule D
1997,okotoks,0238,OKOTOKS,D,01920,Provincial Government Conditional Transfers,747302,fir_zip_1994_2002.zip:1997/1997-D-Total.xlsx#Schedule D
1997,okotoks,0238,OKOTOKS,EA,08260,GRAND TOTAL,389387239,fir_zip_1994_2002.zip:1997/1997-EA-Equalized Assessment.xlsx#Schedule EA
1997,okotoks,0238,OKOTOKS,EA,08265,Linear Subtotal,8979190,fir_zip_1994_2002.zip:1997/1997-EA-Equalized Assessment.xlsx#Schedule EA
1997,okotoks,0238,OKOTOKS,EA,08270,Mach & Equip Subtotal,267020,fir_zip_1994_2002.zip:1997/1997-EA-Equalized Assessment.xlsx#Schedule EA
1997,okotoks,0238,OKOTOKS,EA,08275,Non Residential Subtotal,50328075,fir_zip_1994_2002.zip:1997/1997-EA-Equalized Assessment.xlsx#Schedule EA
1997,okotoks,0238,OKOTOKS,EA,08280,Residential Subtotal,329338444,fir_zip_1994_2002.zip:1997/1997-EA-Equalized Assessment.xlsx#Schedule EA
1997,okotoks,0238,OKOTOKS,EA,08285,Farmland,395070,fir_zip_1994_2002.zip:1997/1997-EA-Equalized Assessment.xlsx#Schedule EA
1997,okotoks,0238,OKOTOKS,EA,08290,Non Residential Railway,79440,fir_zip_1994_2002.zip:1997/1997-EA-Equalized Assessment.xlsx#Schedule EA
1997,okotoks,0238,OKOTOKS,EA,08295,NR Res. Co-generating M&E,0,fir_zip_1994_2002.zip:1997/1997-EA-Equalized Assessment.xlsx#Schedule EA
1997,okotoks,0238,OKOTOKS,POPL,POPL,Population,8510,fir_zip_1994_2002.zip:1997/1997-POPL-Population of Alberta.xlsx#Schedule POPL
1997,parkland,0245,PARKLAND COUNTY,D,01910,Provincial Government Unconditional Transfers,71992,fir_zip_1994_2002.zip:1997/1997-D-Total.xlsx#Schedule D
1997,parkland,0245,PARKLAND COUNTY,D,01920,Provincial Government Conditional Transfers,4443952,fir_zip_1994_2002.zip:1997/1997-D-Total.xlsx#Schedule D
1997,parkland,0245,PARKLAND COUNTY,EA,08260,GRAND TOTAL,2012571305,fir_zip_1994_2002.zip:1997/1997-EA-Equalized Assessment.xlsx#Schedule EA
1997,parkland,0245,PARKLAND COUNTY,EA,08265,Linear Subtotal,787838287,fir_zip_1994_2002.zip:1997/1997-EA-Equalized Assessment.xlsx#Schedule EA
1997,parkland,0245,PARKLAND COUNTY,EA,08270,Mach & Equip Subtotal,81026778,fir_zip_1994_2002.zip:1997/1997-EA-Equalized Assessment.xlsx#Schedule EA
1997,parkland,0245,PARKLAND COUNTY,EA,08275,Non Residential Subtotal,164590534,fir_zip_1994_2002.zip:1997/1997-EA-Equalized Assessment.xlsx#Schedule EA
1997,parkland,0245,PARKLAND COUNTY,EA,08280,Residential Subtotal,930895263,fir_zip_1994_2002.zip:1997/1997-EA-Equalized Assessment.xlsx#Schedule EA
1997,parkland,0245,PARKLAND COUNTY,EA,08285,Farmland,46790440,fir_zip_1994_2002.zip:1997/1997-EA-Equalized Assessment.xlsx#Schedule EA
1997,parkland,0245,PARKLAND COUNTY,EA,08290,Non Residential Railway,1430003,fir_zip_1994_2002.zip:1997/1997-EA-Equalized Assessment.xlsx#Schedule EA
1997,parkland,0245,PARKLAND COUNTY,EA,08295,NR Res. Co-generating M&E,0,fir_zip_1994_2002.zip:1997/1997-EA-Equalized Assessment.xlsx#Schedule EA
1997,parkland,0245,PARKLAND COUNTY,POPL,POPL,Population,24769,fir_zip_1994_2002.zip:1997/1997-POPL-Population of Alberta.xlsx#Schedule POPL
1997,rocky_view,0269,ROCKY VIEW COUNTY,D,01910,Provincial Government Unconditional Transfers,63494,fir_zip_1994_2002.zip:1997/1997-D-Total.xlsx#Schedule D
1997,rocky_view,0269,ROCKY VIEW COUNTY,D,01920,Provincial Government Conditional Transfers,919284,fir_zip_1994_2002.zip:1997/1997-D-Total.xlsx#Schedule D
1997,rocky_view,0269,ROCKY VIEW COUNTY,EA,08260,GRAND TOTAL,2443749625,fir_zip_1994_2002.zip:1997/1997-EA-Equalized Assessment.xlsx#Schedule EA
1997,rocky_view,0269,ROCKY VIEW COUNTY,EA,08265,Linear Subtotal,350838016,fir_zip_1994_2002.zip:1997/1997-EA-Equalized Assessment.xlsx#Schedule EA
1997,rocky_view,0269,ROCKY VIEW COUNTY,EA,08270,Mach & Equip Subtotal,251675233,fir_zip_1994_2002.zip:1997/1997-EA-Equalized Assessment.xlsx#Schedule EA
1997,rocky_view,0269,ROCKY VIEW COUNTY,EA,08275,Non Residential Subtotal,120376846,fir_zip_1994_2002.zip:1997/1997-EA-Equalized Assessment.xlsx#Schedule EA
1997,rocky_view,0269,ROCKY VIEW COUNTY,EA,08280,Residential Subtotal,1546947214,fir_zip_1994_2002.zip:1997/1997-EA-Equalized Assessment.xlsx#Schedule EA
1997,rocky_view,0269,ROCKY VIEW COUNTY,EA,08285,Farmland,169317040,fir_zip_1994_2002.zip:1997/1997-EA-Equalized Assessment.xlsx#Schedule EA
1997,rocky_view,0269,ROCKY VIEW COUNTY,EA,08290,Non Residential Railway,4595276,fir_zip_1994_2002.zip:1997/1997-EA-Equalized Assessment.xlsx#Schedule EA
1997,rocky_view,0269,ROCKY VIEW COUNTY,EA,08295,NR Res. Co-generating M&E,0,fir_zip_1994_2002.zip:1997/1997-EA-Equalized Assessment.xlsx#Schedule EA
1997,rocky_view,0269,ROCKY VIEW COUNTY,POPL,POPL,Population,23326,fir_zip_1994_2002.zip:1997/1997-POPL-Population of Alberta.xlsx#Schedule POPL
1997,spruce_grove,0291,SPRUCE GROVE,D,01910,Provincial Government Unconditional Transfers,238618,fir_zip_1994_2002.zip:1997/1997-D-Total.xlsx#Schedule D
1997,spruce_grove,0291,SPRUCE GROVE,D,01920,Provincial Government Conditional Transfers,878017,fir_zip_1994_2002.zip:1997/1997-D-Total.xlsx#Schedule D
1997,spruce_grove,0291,SPRUCE GROVE,EA,08260,GRAND TOTAL,577554332,fir_zip_1994_2002.zip:1997/1997-EA-Equalized Assessment.xlsx#Schedule EA
1997,spruce_grove,0291,SPRUCE GROVE,EA,08265,Linear Subtotal,15840971,fir_zip_1994_2002.zip:1997/1997-EA-Equalized Assessment.xlsx#Schedule EA
1997,spruce_grove,0291,SPRUCE GROVE,EA,08270,Mach & Equip Subtotal,1397701,fir_zip_1994_2002.zip:1997/1997-EA-Equalized Assessment.xlsx#Schedule EA
1997,spruce_grove,0291,SPRUCE GROVE,EA,08275,Non Residential Subtotal,102799971,fir_zip_1994_2002.zip:1997/1997-EA-Equalized Assessment.xlsx#Schedule EA
1997,spruce_grove,0291,SPRUCE GROVE,EA,08280,Residential Subtotal,456381428,fir_zip_1994_2002.zip:1997/1997-EA-Equalized Assessment.xlsx#Schedule EA
1997,spruce_grove,0291,SPRUCE GROVE,EA,08285,Farmland,974740,fir_zip_1994_2002.zip:1997/1997-EA-Equalized Assessment.xlsx#Schedule EA
1997,spruce_grove,0291,SPRUCE GROVE,EA,08290,Non Residential Railway,159521,fir_zip_1994_2002.zip:1997/1997-EA-Equalized Assessment.xlsx#Schedule EA
1997,spruce_grove,0291,SPRUCE GROVE,EA,08295,NR Res. Co-generating M&E,0,fir_zip_1994_2002.zip:1997/1997-EA-Equalized Assessment.xlsx#Schedule EA
1997,spruce_grove,0291,SPRUCE GROVE,POPL,POPL,Population,14271,fir_zip_1994_2002.zip:1997/1997-POPL-Population of Alberta.xlsx#Schedule POPL
1997,st_albert,0292,ST. ALBERT,D,01910,Provincial Government Unconditional Transfers,1102971,fir_zip_1994_2002.zip:1997/1997-D-Total.xlsx#Schedule D
1997,st_albert,0292,ST. ALBERT,D,01920,Provincial Government Conditional Transfers,2786323,fir_zip_1994_2002.zip:1997/1997-D-Total.xlsx#Schedule D
1997,st_albert,0292,ST. ALBERT,EA,08260,GRAND TOTAL,2184356878,fir_zip_1994_2002.zip:1997/1997-EA-Equalized Assessment.xlsx#Schedule EA
1997,st_albert,0292,ST. ALBERT,EA,08265,Linear Subtotal,47278120,fir_zip_1994_2002.zip:1997/1997-EA-Equalized Assessment.xlsx#Schedule EA
1997,st_albert,0292,ST. ALBERT,EA,08270,Mach & Equip Subtotal,3314120,fir_zip_1994_2002.zip:1997/1997-EA-Equalized Assessment.xlsx#Schedule EA
1997,st_albert,0292,ST. ALBERT,EA,08275,Non Residential Subtotal,261175688,fir_zip_1994_2002.zip:1997/1997-EA-Equalized Assessment.xlsx#Schedule EA
1997,st_albert,0292,ST. ALBERT,EA,08280,Residential Subtotal,1870909740,fir_zip_1994_2002.zip:1997/1997-EA-Equalized Assessment.xlsx#Schedule EA
1997,st_albert,0292,ST. ALBERT,EA,08285,Farmland,1606970,fir_zip_1994_2002.zip:1997/1997-EA-Equalized Assessment.xlsx#Schedule EA
1997,st_albert,0292,ST. ALBERT,EA,08290,Non Residential Railway,72240,fir_zip_1994_2002.zip:1997/1997-EA-Equalized Assessment.xlsx#Schedule EA
1997,st_albert,0292,ST. ALBERT,EA,08295,NR Res. Co-generating M&E,0,fir_zip_1994_2002.zip:1997/1997-EA-Equalized Assessment.xlsx#Schedule EA
1997,st_albert,0292,ST. ALBERT,POPL,POPL,Population,46888,fir_zip_1994_2002.zip:1997/1997-POPL-Population of Alberta.xlsx#Schedule POPL
1997,stony_plain,0301,STONY PLAIN,D,01910,Provincial Government Unconditional Transfers,249877,fir_zip_1994_2002.zip:1997/1997-D-Total.xlsx#Schedule D
1997,stony_plain,0301,STONY PLAIN,D,01920,Provincial Government Conditional Transfers,280376,fir_zip_1994_2002.zip:1997/1997-D-Total.xlsx#Schedule D
1997,stony_plain,0301,STONY PLAIN,EA,08260,GRAND TOTAL,316765645,fir_zip_1994_2002.zip:1997/1997-EA-Equalized Assessment.xlsx#Schedule EA
1997,stony_plain,0301,STONY PLAIN,EA,08265,Linear Subtotal,12715831,fir_zip_1994_2002.zip:1997/1997-EA-Equalized Assessment.xlsx#Schedule EA
1997,stony_plain,0301,STONY PLAIN,EA,08270,Mach & Equip Subtotal,188031,fir_zip_1994_2002.zip:1997/1997-EA-Equalized Assessment.xlsx#Schedule EA
1997,stony_plain,0301,STONY PLAIN,EA,08275,Non Residential Subtotal,49027850,fir_zip_1994_2002.zip:1997/1997-EA-Equalized Assessment.xlsx#Schedule EA
1997,stony_plain,0301,STONY PLAIN,EA,08280,Residential Subtotal,253992577,fir_zip_1994_2002.zip:1997/1997-EA-Equalized Assessment.xlsx#Schedule EA
1997,stony_plain,0301,STONY PLAIN,EA,08285,Farmland,725940,fir_zip_1994_2002.zip:1997/1997-EA-Equalized Assessment.xlsx#Schedule EA
1997,stony_plain,0301,STONY PLAIN,EA,08290,Non Residential Railway,115416,fir_zip_1994_2002.zip:1997/1997-EA-Equalized Assessment.xlsx#Schedule EA
1997,stony_plain,0301,STONY PLAIN,EA,08295,NR Res. Co-generating M&E,0,fir_zip_1994_2002.zip:1997/1997-EA-Equalized Assessment.xlsx#Schedule EA
1997,stony_plain,0301,STONY PLAIN,POPL,POPL,Population,8274,fir_zip_1994_2002.zip:1997/1997-POPL-Population of Alberta.xlsx#Schedule POPL
1997,strathcona,0302,STRATHCONA COUNTY,D,01910,Provincial Government Unconditional Transfers,1027282,fir_zip_1994_2002.zip:1997/1997-D-Total.xlsx#Schedule D
1997,strathcona,0302,STRATHCONA COUNTY,D,01920,Provincial Government Conditional Transfers,8397729,fir_zip_1994_2002.zip:1997/1997-D-Total.xlsx#Schedule D
1997,strathcona,0302,STRATHCONA COUNTY,EA,08260,GRAND TOTAL,4963980667,fir_zip_1994_2002.zip:1997/1997-EA-Equalized Assessment.xlsx#Schedule EA
1997,strathcona,0302,STRATHCONA COUNTY,EA,08265,Linear Subtotal,258916507,fir_zip_1994_2002.zip:1997/1997-EA-Equalized Assessment.xlsx#Schedule EA
1997,strathcona,0302,STRATHCONA COUNTY,EA,08270,Mach & Equip Subtotal,1502131436,fir_zip_1994_2002.zip:1997/1997-EA-Equalized Assessment.xlsx#Schedule EA
1997,strathcona,0302,STRATHCONA COUNTY,EA,08275,Non Residential Subtotal,534871669,fir_zip_1994_2002.zip:1997/1997-EA-Equalized Assessment.xlsx#Schedule EA
1997,strathcona,0302,STRATHCONA COUNTY,EA,08280,Residential Subtotal,2628212651,fir_zip_1994_2002.zip:1997/1997-EA-Equalized Assessment.xlsx#Schedule EA
1997,strathcona,0302,STRATHCONA COUNTY,EA,08285,Farmland,37528420,fir_zip_1994_2002.zip:1997/1997-EA-Equalized Assessment.xlsx#Schedule EA
1997,strathcona,0302,STRATHCONA COUNTY,EA,08290,Non Residential Railway,2319984,fir_zip_1994_2002.zip:1997/1997-EA-Equalized Assessment.xlsx#Schedule EA
1997,strathcona,0302,STRATHCONA COUNTY,EA,08295,NR Res. Co-generating M&E,0,fir_zip_1994_2002.zip:1997/1997-EA-Equalized Assessment.xlsx#Schedule EA
1997,strathcona,0302,STRATHCONA COUNTY,POPL,POPL,Population,64176,fir_zip_1994_2002.zip:1997/1997-POPL-Population of Alberta.xlsx#Schedule POPL
1997,sturgeon,0305,STURGEON COUNTY,D,01910,Provincial Government Unconditional Transfers,267472,fir_zip_1994_2002.zip:1997/1997-D-Total.xlsx#Schedule D
1997,sturgeon,0305,STURGEON COUNTY,D,01920,Provincial Government Conditional Transfers,3643472,fir_zip_1994_2002.zip:1997/1997-D-Total.xlsx#Schedule D
1997,sturgeon,0305,STURGEON COUNTY,EA,08260,GRAND TOTAL,1261849749,fir_zip_1994_2002.zip:1997/1997-EA-Equalized Assessment.xlsx#Schedule EA
1997,sturgeon,0305,STURGEON COUNTY,EA,08265,Linear Subtotal,195107940,fir_zip_1994_2002.zip:1997/1997-EA-Equalized Assessment.xlsx#Schedule EA
1997,sturgeon,0305,STURGEON COUNTY,EA,08270,Mach & Equip Subtotal,279481500,fir_zip_1994_2002.zip:1997/1997-EA-Equalized Assessment.xlsx#Schedule EA
1997,sturgeon,0305,STURGEON COUNTY,EA,08275,Non Residential Subtotal,189539530,fir_zip_1994_2002.zip:1997/1997-EA-Equalized Assessment.xlsx#Schedule EA
1997,sturgeon,0305,STURGEON COUNTY,EA,08280,Residential Subtotal,513338349,fir_zip_1994_2002.zip:1997/1997-EA-Equalized Assessment.xlsx#Schedule EA
1997,sturgeon,0305,STURGEON COUNTY,EA,08285,Farmland,82301230,fir_zip_1994_2002.zip:1997/1997-EA-Equalized Assessment.xlsx#Schedule EA
1997,sturgeon,0305,STURGEON COUNTY,EA,08290,Non Residential Railway,2081200,fir_zip_1994_2002.zip:1997/1997-EA-Equalized Assessment.xlsx#Schedule EA
1997,sturgeon,0305,STURGEON COUNTY,EA,08295,NR Res. Co-generating M&E,0,fir_zip_1994_2002.zip:1997/1997-EA-Equalized Assessment.xlsx#Schedule EA
1997,sturgeon,0305,STURGEON COUNTY,POPL,POPL,Population,15945,fir_zip_1994_2002.zip:1997/1997-POPL-Population of Alberta.xlsx#Schedule POPL
1997,chestermere,0356,CHESTERMERE,D,01910,Provincial Government Unconditional Transfers,13858,fir_zip_1994_2002.zip:1997/1997-D-Total.xlsx#Schedule D
1997,chestermere,0356,CHESTERMERE,D,01920,Provincial Government Conditional Transfers,357081,fir_zip_1994_2002.zip:1997/1997-D-Total.xlsx#Schedule D
1997,chestermere,0356,CHESTERMERE,EA,08260,GRAND TOTAL,165125469,fir_zip_1994_2002.zip:1997/1997-EA-Equalized Assessment.xlsx#Schedule EA
1997,chestermere,0356,CHESTERMERE,EA,08265,Linear Subtotal,2562830,fir_zip_1994_2002.zip:1997/1997-EA-Equalized Assessment.xlsx#Schedule EA
1997,chestermere,0356,CHESTERMERE,EA,08270,Mach & Equip Subtotal,13380,fir_zip_1994_2002.zip:1997/1997-EA-Equalized Assessment.xlsx#Schedule EA
1997,chestermere,0356,CHESTERMERE,EA,08275,Non Residential Subtotal,5782714,fir_zip_1994_2002.zip:1997/1997-EA-Equalized Assessment.xlsx#Schedule EA
1997,chestermere,0356,CHESTERMERE,EA,08280,Residential Subtotal,156439355,fir_zip_1994_2002.zip:1997/1997-EA-Equalized Assessment.xlsx#Schedule EA
1997,chestermere,0356,CHESTERMERE,EA,08285,Farmland,327190,fir_zip_1994_2002.zip:1997/1997-EA-Equalized Assessment.xlsx#Schedule EA
1997,chestermere,0356,CHESTERMERE,EA,08290,Non Residential Railway,0,fir_zip_1994_2002.zip:1997/1997-EA-Equalized Assessment.xlsx#Schedule EA
1997,chestermere,0356,CHESTERMERE,EA,08295,NR Res. Co-generating M&E,0,fir_zip_1994_2002.zip:1997/1997-EA-Equalized Assessment.xlsx#Schedule EA
1997,chestermere,0356,CHESTERMERE,POPL,POPL,Population,1911,fir_zip_1994_2002.zip:1997/1997-POPL-Population of Alberta.xlsx#Schedule POPL
1998,airdrie,0003,AIRDRIE,D,01910,Provincial Government Unconditional Transfers,292329,fir_zip_1994_2002.zip:1998/1998-D-Total.xlsx#Schedule D
1998,airdrie,0003,AIRDRIE,D,01920,Provincial Government Conditional Transfers,1404043,fir_zip_1994_2002.zip:1998/1998-D-Total.xlsx#Schedule D
1998,airdrie,0003,AIRDRIE,EA,08260,GRAND TOTAL,695815698,fir_zip_1994_2002.zip:1998/1998-EA-Equalized Assessment.xlsx#Schedule EA
1998,airdrie,0003,AIRDRIE,EA,08265,Linear Subtotal,13192850,fir_zip_1994_2002.zip:1998/1998-EA-Equalized Assessment.xlsx#Schedule EA
1998,airdrie,0003,AIRDRIE,EA,08270,Mach & Equip Subtotal,0,fir_zip_1994_2002.zip:1998/1998-EA-Equalized Assessment.xlsx#Schedule EA
1998,airdrie,0003,AIRDRIE,EA,08275,Non Residential Subtotal,131315673,fir_zip_1994_2002.zip:1998/1998-EA-Equalized Assessment.xlsx#Schedule EA
1998,airdrie,0003,AIRDRIE,EA,08280,Residential Subtotal,548912307,fir_zip_1994_2002.zip:1998/1998-EA-Equalized Assessment.xlsx#Schedule EA
1998,airdrie,0003,AIRDRIE,EA,08285,Farmland,2269080,fir_zip_1994_2002.zip:1998/1998-EA-Equalized Assessment.xlsx#Schedule EA
1998,airdrie,0003,AIRDRIE,EA,08290,Non Residential Railway,0,fir_zip_1994_2002.zip:1998/1998-EA-Equalized Assessment.xlsx#Schedule EA
1998,airdrie,0003,AIRDRIE,EA,08295,NR Res. Co-generating M&E,125788,fir_zip_1994_2002.zip:1998/1998-EA-Equalized Assessment.xlsx#Schedule EA
1998,airdrie,0003,AIRDRIE,POPL,POPL,Population,15946,fir_zip_1994_2002.zip:1998/1998-POPL-Population of Alberta.xlsx#Schedule POPL
1998,beaumont,0019,BEAUMONT,D,01910,Provincial Government Unconditional Transfers,68394,fir_zip_1994_2002.zip:1998/1998-D-Total.xlsx#Schedule D
1998,beaumont,0019,BEAUMONT,D,01920,Provincial Government Conditional Transfers,674444,fir_zip_1994_2002.zip:1998/1998-D-Total.xlsx#Schedule D
1998,beaumont,0019,BEAUMONT,EA,08260,GRAND TOTAL,223146917,fir_zip_1994_2002.zip:1998/1998-EA-Equalized Assessment.xlsx#Schedule EA
1998,beaumont,0019,BEAUMONT,EA,08265,Linear Subtotal,3429884,fir_zip_1994_2002.zip:1998/1998-EA-Equalized Assessment.xlsx#Schedule EA
1998,beaumont,0019,BEAUMONT,EA,08270,Mach & Equip Subtotal,49981,fir_zip_1994_2002.zip:1998/1998-EA-Equalized Assessment.xlsx#Schedule EA
1998,beaumont,0019,BEAUMONT,EA,08275,Non Residential Subtotal,11237253,fir_zip_1994_2002.zip:1998/1998-EA-Equalized Assessment.xlsx#Schedule EA
1998,beaumont,0019,BEAUMONT,EA,08280,Residential Subtotal,208304279,fir_zip_1994_2002.zip:1998/1998-EA-Equalized Assessment.xlsx#Schedule EA
1998,beaumont,0019,BEAUMONT,EA,08285,Farmland,125520,fir_zip_1994_2002.zip:1998/1998-EA-Equalized Assessment.xlsx#Schedule EA
1998,beaumont,0019,BEAUMONT,EA,08290,Non Residential Railway,0,fir_zip_1994_2002.zip:1998/1998-EA-Equalized Assessment.xlsx#Schedule EA
1998,beaumont,0019,BEAUMONT,EA,08295,NR Res. Co-generating M&E,0,fir_zip_1994_2002.zip:1998/1998-EA-Equalized Assessment.xlsx#Schedule EA
1998,beaumont,0019,BEAUMONT,POPL,POPL,Population,6295,fir_zip_1994_2002.zip:1998/1998-POPL-Population of Alberta.xlsx#Schedule POPL
1998,calgary,0046,CALGARY,D,01910,Provincial Government Unconditional Transfers,12933000,fir_zip_1994_2002.zip:1998/1998-D-Total.xlsx#Schedule D
1998,calgary,0046,CALGARY,D,01920,Provincial Government Conditional Transfers,66012000,fir_zip_1994_2002.zip:1998/1998-D-Total.xlsx#Schedule D
1998,calgary,0046,CALGARY,EA,08260,GRAND TOTAL,46050375003,fir_zip_1994_2002.zip:1998/1998-EA-Equalized Assessment.xlsx#Schedule EA
1998,calgary,0046,CALGARY,EA,08265,Linear Subtotal,888942102,fir_zip_1994_2002.zip:1998/1998-EA-Equalized Assessment.xlsx#Schedule EA
1998,calgary,0046,CALGARY,EA,08270,Mach & Equip Subtotal,213562076,fir_zip_1994_2002.zip:1998/1998-EA-Equalized Assessment.xlsx#Schedule EA
1998,calgary,0046,CALGARY,EA,08275,Non Residential Subtotal,10218156421,fir_zip_1994_2002.zip:1998/1998-EA-Equalized Assessment.xlsx#Schedule EA
1998,calgary,0046,CALGARY,EA,08280,Residential Subtotal,34640662394,fir_zip_1994_2002.zip:1998/1998-EA-Equalized Assessment.xlsx#Schedule EA
1998,calgary,0046,CALGARY,EA,08285,Farmland,65017986,fir_zip_1994_2002.zip:1998/1998-EA-Equalized Assessment.xlsx#Schedule EA
1998,calgary,0046,CALGARY,EA,08290,Non Residential Railway,24034024,fir_zip_1994_2002.zip:1998/1998-EA-Equalized Assessment.xlsx#Schedule EA
1998,calgary,0046,CALGARY,EA,08295,NR Res. Co-generating M&E,0,fir_zip_1994_2002.zip:1998/1998-EA-Equalized Assessment.xlsx#Schedule EA
1998,calgary,0046,CALGARY,POPL,POPL,Population,819334,fir_zip_1994_2002.zip:1998/1998-POPL-Population of Alberta.xlsx#Schedule POPL
1998,cochrane,0070,COCHRANE,D,01910,Provincial Government Unconditional Transfers,51075,fir_zip_1994_2002.zip:1998/1998-D-Total.xlsx#Schedule D
1998,cochrane,0070,COCHRANE,D,01920,Provincial Government Conditional Transfers,5509507,fir_zip_1994_2002.zip:1998/1998-D-Total.xlsx#Schedule D
1998,cochrane,0070,COCHRANE,EA,08260,GRAND TOTAL,460399346,fir_zip_1994_2002.zip:1998/1998-EA-Equalized Assessment.xlsx#Schedule EA
1998,cochrane,0070,COCHRANE,EA,08265,Linear Subtotal,10696867,fir_zip_1994_2002.zip:1998/1998-EA-Equalized Assessment.xlsx#Schedule EA
1998,cochrane,0070,COCHRANE,EA,08270,Mach & Equip Subtotal,3350780,fir_zip_1994_2002.zip:1998/1998-EA-Equalized Assessment.xlsx#Schedule EA
1998,cochrane,0070,COCHRANE,EA,08275,Non Residential Subtotal,63985257,fir_zip_1994_2002.zip:1998/1998-EA-Equalized Assessment.xlsx#Schedule EA
1998,cochrane,0070,COCHRANE,EA,08280,Residential Subtotal,380564962,fir_zip_1994_2002.zip:1998/1998-EA-Equalized Assessment.xlsx#Schedule EA
1998,cochrane,0070,COCHRANE,EA,08285,Farmland,664600,fir_zip_1994_2002.zip:1998/1998-EA-Equalized Assessment.xlsx#Schedule EA
1998,cochrane,0070,COCHRANE,EA,08290,Non Residential Railway,1136880,fir_zip_1994_2002.zip:1998/1998-EA-Equalized Assessment.xlsx#Schedule EA
1998,cochrane,0070,COCHRANE,EA,08295,NR Res. Co-generating M&E,0,fir_zip_1994_2002.zip:1998/1998-EA-Equalized Assessment.xlsx#Schedule EA
1998,cochrane,0070,COCHRANE,POPL,POPL,Population,7424,fir_zip_1994_2002.zip:1998/1998-POPL-Population of Alberta.xlsx#Schedule POPL
1998,devon,0086,DEVON,D,01910,Provincial Government Unconditional Transfers,45391,fir_zip_1994_2002.zip:1998/1998-D-Total.xlsx#Schedule D
1998,devon,0086,DEVON,D,01920,Provincial Government Conditional Transfers,829430,fir_zip_1994_2002.zip:1998/1998-D-Total.xlsx#Schedule D
1998,devon,0086,DEVON,EA,08260,GRAND TOTAL,200384736,fir_zip_1994_2002.zip:1998/1998-EA-Equalized Assessment.xlsx#Schedule EA
1998,devon,0086,DEVON,EA,08265,Linear Subtotal,8192874,fir_zip_1994_2002.zip:1998/1998-EA-Equalized Assessment.xlsx#Schedule EA
1998,devon,0086,DEVON,EA,08270,Mach & Equip Subtotal,10483837,fir_zip_1994_2002.zip:1998/1998-EA-Equalized Assessment.xlsx#Schedule EA
1998,devon,0086,DEVON,EA,08275,Non Residential Subtotal,42984238,fir_zip_1994_2002.zip:1998/1998-EA-Equalized Assessment.xlsx#Schedule EA
1998,devon,0086,DEVON,EA,08280,Residential Subtotal,138213297,fir_zip_1994_2002.zip:1998/1998-EA-Equalized Assessment.xlsx#Schedule EA
1998,devon,0086,DEVON,EA,08285,Farmland,510490,fir_zip_1994_2002.zip:1998/1998-EA-Equalized Assessment.xlsx#Schedule EA
1998,devon,0086,DEVON,EA,08290,Non Residential Railway,0,fir_zip_1994_2002.zip:1998/1998-EA-Equalized Assessment.xlsx#Schedule EA
1998,devon,0086,DEVON,EA,08295,NR Res. Co-generating M&E,0,fir_zip_1994_2002.zip:1998/1998-EA-Equalized Assessment.xlsx#Schedule EA
1998,devon,0086,DEVON,POPL,POPL,Population,4496,fir_zip_1994_2002.zip:1998/1998-POPL-Population of Alberta.xlsx#Schedule POPL
1998,edmonton,0098,EDMONTON,D,01910,Provincial Government Unconditional Transfers,8792000,fir_zip_1994_2002.zip:1998/1998-D-Total.xlsx#Schedule D
1998,edmonton,0098,EDMONTON,D,01920,Provincial Government Conditional Transfers,69309000,fir_zip_1994_2002.zip:1998/1998-D-Total.xlsx#Schedule D
1998,edmonton,0098,EDMONTON,EA,08260,GRAND TOTAL,30193042013,fir_zip_1994_2002.zip:1998/1998-EA-Equalized Assessment.xlsx#Schedule EA
1998,edmonton,0098,EDMONTON,EA,08265,Linear Subtotal,973694435,fir_zip_1994_2002.zip:1998/1998-EA-Equalized Assessment.xlsx#Schedule EA
1998,edmonton,0098,EDMONTON,EA,08270,Mach & Equip Subtotal,622373030,fir_zip_1994_2002.zip:1998/1998-EA-Equalized Assessment.xlsx#Schedule EA
1998,edmonton,0098,EDMONTON,EA,08275,Non Residential Subtotal,7237103029,fir_zip_1994_2002.zip:1998/1998-EA-Equalized Assessment.xlsx#Schedule EA
1998,edmonton,0098,EDMONTON,EA,08280,Residential Subtotal,21207405410,fir_zip_1994_2002.zip:1998/1998-EA-Equalized Assessment.xlsx#Schedule EA
1998,edmonton,0098,EDMONTON,EA,08285,Farmland,58683881,fir_zip_1994_2002.zip:1998/1998-EA-Equalized Assessment.xlsx#Schedule EA
1998,edmonton,0098,EDMONTON,EA,08290,Non Residential Railway,89793893,fir_zip_1994_2002.zip:1998/1998-EA-Equalized Assessment.xlsx#Schedule EA
1998,edmonton,0098,EDMONTON,EA,08295,NR Res. Co-generating M&E,3988335,fir_zip_1994_2002.zip:1998/1998-EA-Equalized Assessment.xlsx#Schedule EA
1998,edmonton,0098,EDMONTON,POPL,POPL,Population,616306,fir_zip_1994_2002.zip:1998/1998-POPL-Population of Alberta.xlsx#Schedule POPL
1998,foothills,0111,"FOOTHILLS NO. 31, M.D. OF",D,01910,Provincial Government Unconditional Transfers,37608,fir_zip_1994_2002.zip:1998/1998-D-Total.xlsx#Schedule D
1998,foothills,0111,"FOOTHILLS NO. 31, M.D. OF",D,01920,Provincial Government Conditional Transfers,3598093,fir_zip_1994_2002.zip:1998/1998-D-Total.xlsx#Schedule D
1998,foothills,0111,"FOOTHILLS NO. 31, M.D. OF",EA,08260,GRAND TOTAL,1426960066,fir_zip_1994_2002.zip:1998/1998-EA-Equalized Assessment.xlsx#Schedule EA
1998,foothills,0111,"FOOTHILLS NO. 31, M.D. OF",EA,08265,Linear Subtotal,208722827,fir_zip_1994_2002.zip:1998/1998-EA-Equalized Assessment.xlsx#Schedule EA
1998,foothills,0111,"FOOTHILLS NO. 31, M.D. OF",EA,08270,Mach & Equip Subtotal,113525210,fir_zip_1994_2002.zip:1998/1998-EA-Equalized Assessment.xlsx#Schedule EA
1998,foothills,0111,"FOOTHILLS NO. 31, M.D. OF",EA,08275,Non Residential Subtotal,89858740,fir_zip_1994_2002.zip:1998/1998-EA-Equalized Assessment.xlsx#Schedule EA
1998,foothills,0111,"FOOTHILLS NO. 31, M.D. OF",EA,08280,Residential Subtotal,872264799,fir_zip_1994_2002.zip:1998/1998-EA-Equalized Assessment.xlsx#Schedule EA
1998,foothills,0111,"FOOTHILLS NO. 31, M.D. OF",EA,08285,Farmland,141455130,fir_zip_1994_2002.zip:1998/1998-EA-Equalized Assessment.xlsx#Schedule EA
1998,foothills,0111,"FOOTHILLS NO. 31, M.D. OF",EA,08290,Non Residential Railway,1133360,fir_zip_1994_2002.zip:1998/1998-EA-Equalized Assessment.xlsx#Schedule EA
1998,foothills,0111,"FOOTHILLS NO. 31, M.D. OF",EA,08295,NR Res. Co-generating M&E,0,fir_zip_1994_2002.zip:1998/1998-EA-Equalized Assessment.xlsx#Schedule EA
1998,foothills,0111,"FOOTHILLS NO. 31, M.D. OF",POPL,POPL,Population,14349,fir_zip_1994_2002.zip:1998/1998-POPL-Population of Alberta.xlsx#Schedule POPL
1998,fort_saskatchewan,0117,FORT SASKATCHEWAN,D,01910,Provincial Government Unconditional Transfers,51108,fir_zip_1994_2002.zip:1998/1998-D-Total.xlsx#Schedule D
1998,fort_saskatchewan,0117,FORT SASKATCHEWAN,D,01920,Provincial Government Conditional Transfers,1188908,fir_zip_1994_2002.zip:1998/1998-D-Total.xlsx#Schedule D
1998,fort_saskatchewan,0117,FORT SASKATCHEWAN,EA,08260,GRAND TOTAL,1502439547,fir_zip_1994_2002.zip:1998/1998-EA-Equalized Assessment.xlsx#Schedule EA
1998,fort_saskatchewan,0117,FORT SASKATCHEWAN,EA,08265,Linear Subtotal,41853817,fir_zip_1994_2002.zip:1998/1998-EA-Equalized Assessment.xlsx#Schedule EA
1998,fort_saskatchewan,0117,FORT SASKATCHEWAN,EA,08270,Mach & Equip Subtotal,687494942,fir_zip_1994_2002.zip:1998/1998-EA-Equalized Assessment.xlsx#Schedule EA
1998,fort_saskatchewan,0117,FORT SASKATCHEWAN,EA,08275,Non Residential Subtotal,339054689,fir_zip_1994_2002.zip:1998/1998-EA-Equalized Assessment.xlsx#Schedule EA
1998,fort_saskatchewan,0117,FORT SASKATCHEWAN,EA,08280,Residential Subtotal,416233668,fir_zip_1994_2002.zip:1998/1998-EA-Equalized Assessment.xlsx#Schedule EA
1998,fort_saskatchewan,0117,FORT SASKATCHEWAN,EA,08285,Farmland,820560,fir_zip_1994_2002.zip:1998/1998-EA-Equalized Assessment.xlsx#Schedule EA
1998,fort_saskatchewan,0117,FORT SASKATCHEWAN,EA,08290,Non Residential Railway,184934,fir_zip_1994_2002.zip:1998/1998-EA-Equalized Assessment.xlsx#Schedule EA
1998,fort_saskatchewan,0117,FORT SASKATCHEWAN,EA,08295,NR Res. Co-generating M&E,16796937,fir_zip_1994_2002.zip:1998/1998-EA-Equalized Assessment.xlsx#Schedule EA
1998,fort_saskatchewan,0117,FORT SASKATCHEWAN,POPL,POPL,Population,13109,fir_zip_1994_2002.zip:1998/1998-POPL-Population of Alberta.xlsx#Schedule POPL
1998,high_river,0148,HIGH RIVER,D,01910,Provincial Government Unconditional Transfers,0,fir_zip_1994_2002.zip:1998/1998-D-Total.xlsx#Schedule D
1998,high_river,0148,HIGH RIVER,D,01920,Provincial Government Conditional Transfers,392779,fir_zip_1994_2002.zip:1998/1998-D-Total.xlsx#Schedule D
1998,high_river,0148,HIGH RIVER,EA,08260,GRAND TOTAL,362237443,fir_zip_1994_2002.zip:1998/1998-EA-Equalized Assessment.xlsx#Schedule EA
1998,high_river,0148,HIGH RIVER,EA,08265,Linear Subtotal,9212630,fir_zip_1994_2002.zip:1998/1998-EA-Equalized Assessment.xlsx#Schedule EA
1998,high_river,0148,HIGH RIVER,EA,08270,Mach & Equip Subtotal,42900,fir_zip_1994_2002.zip:1998/1998-EA-Equalized Assessment.xlsx#Schedule EA
1998,high_river,0148,HIGH RIVER,EA,08275,Non Residential Subtotal,76602486,fir_zip_1994_2002.zip:1998/1998-EA-Equalized Assessment.xlsx#Schedule EA
1998,high_river,0148,HIGH RIVER,EA,08280,Residential Subtotal,275854827,fir_zip_1994_2002.zip:1998/1998-EA-Equalized Assessment.xlsx#Schedule EA
1998,high_river,0148,HIGH RIVER,EA,08285,Farmland,487000,fir_zip_1994_2002.zip:1998/1998-EA-Equalized Assessment.xlsx#Schedule EA
1998,high_river,0148,HIGH RIVER,EA,08290,Non Residential Railway,37600,fir_zip_1994_2002.zip:1998/1998-EA-Equalized Assessment.xlsx#Schedule EA
1998,high_river,0148,HIGH RIVER,EA,08295,NR Res. Co-generating M&E,0,fir_zip_1994_2002.zip:1998/1998-EA-Equalized Assessment.xlsx#Schedule EA
1998,high_river,0148,HIGH RIVER,POPL,POPL,Population,7359,fir_zip_1994_2002.zip:1998/1998-POPL-Population of Alberta.xlsx#Schedule POPL
1998,leduc_city,0200,LEDUC,D,01910,Provincial Government Unconditional Transfers,234478,fir_zip_1994_2002.zip:1998/1998-D-Total.xlsx#Schedule D
1998,leduc_city,0200,LEDUC,D,01920,Provincial Government Conditional Transfers,822353,fir_zip_1994_2002.zip:1998/1998-D-Total.xlsx#Schedule D
1998,leduc_city,0200,LEDUC,EA,08260,GRAND TOTAL,600931946,fir_zip_1994_2002.zip:1998/1998-EA-Equalized Assessment.xlsx#Schedule EA
1998,leduc_city,0200,LEDUC,EA,08265,Linear Subtotal,17117041,fir_zip_1994_2002.zip:1998/1998-EA-Equalized Assessment.xlsx#Schedule EA
1998,leduc_city,0200,LEDUC,EA,08270,Mach & Equip Subtotal,3526572,fir_zip_1994_2002.zip:1998/1998-EA-Equalized Assessment.xlsx#Schedule EA
1998,leduc_city,0200,LEDUC,EA,08275,Non Residential Subtotal,110764126,fir_zip_1994_2002.zip:1998/1998-EA-Equalized Assessment.xlsx#Schedule EA
1998,leduc_city,0200,LEDUC,EA,08280,Residential Subtotal,467917724,fir_zip_1994_2002.zip:1998/1998-EA-Equalized Assessment.xlsx#Schedule EA
1998,leduc_city,0200,LEDUC,EA,08285,Farmland,1445530,fir_zip_1994_2002.zip:1998/1998-EA-Equalized Assessment.xlsx#Schedule EA
1998,leduc_city,0200,LEDUC,EA,08290,Non Residential Railway,160953,fir_zip_1994_2002.zip:1998/1998-EA-Equalized Assessment.xlsx#Schedule EA
1998,leduc_city,0200,LEDUC,EA,08295,NR Res. Co-generating M&E,0,fir_zip_1994_2002.zip:1998/1998-EA-Equalized Assessment.xlsx#Schedule EA
1998,leduc_city,0200,LEDUC,POPL,POPL,Population,14305,fir_zip_1994_2002.zip:1998/1998-POPL-Population of Alberta.xlsx#Schedule POPL
1998,leduc_county,0201,LEDUC COUNTY,D,01910,Provincial Government Unconditional Transfers,42452,fir_zip_1994_2002.zip:1998/1998-D-Total.xlsx#Schedule D
1998,leduc_county,0201,LEDUC COUNTY,D,01920,Provincial Government Conditional Transfers,3219383,fir_zip_1994_2002.zip:1998/1998-D-Total.xlsx#Schedule D
1998,leduc_county,0201,LEDUC COUNTY,EA,08260,GRAND TOTAL,1473131824,fir_zip_1994_2002.zip:1998/1998-EA-Equalized Assessment.xlsx#Schedule EA
1998,leduc_county,0201,LEDUC COUNTY,EA,08265,Linear Subtotal,670796214,fir_zip_1994_2002.zip:1998/1998-EA-Equalized Assessment.xlsx#Schedule EA
1998,leduc_county,0201,LEDUC COUNTY,EA,08270,Mach & Equip Subtotal,69237050,fir_zip_1994_2002.zip:1998/1998-EA-Equalized Assessment.xlsx#Schedule EA
1998,leduc_county,0201,LEDUC COUNTY,EA,08275,Non Residential Subtotal,283585634,fir_zip_1994_2002.zip:1998/1998-EA-Equalized Assessment.xlsx#Schedule EA
1998,leduc_county,0201,LEDUC COUNTY,EA,08280,Residential Subtotal,353346586,fir_zip_1994_2002.zip:1998/1998-EA-Equalized Assessment.xlsx#Schedule EA
1998,leduc_county,0201,LEDUC COUNTY,EA,08285,Farmland,94971290,fir_zip_1994_2002.zip:1998/1998-EA-Equalized Assessment.xlsx#Schedule EA
1998,leduc_county,0201,LEDUC COUNTY,EA,08290,Non Residential Railway,1195050,fir_zip_1994_2002.zip:1998/1998-EA-Equalized Assessment.xlsx#Schedule EA
1998,leduc_county,0201,LEDUC COUNTY,EA,08295,NR Res. Co-generating M&E,0,fir_zip_1994_2002.zip:1998/1998-EA-Equalized Assessment.xlsx#Schedule EA
1998,leduc_county,0201,LEDUC COUNTY,POPL,POPL,Population,12361,fir_zip_1994_2002.zip:1998/1998-POPL-Population of Alberta.xlsx#Schedule POPL
1998,morinville,0224,MORINVILLE,D,01910,Provincial Government Unconditional Transfers,69383,fir_zip_1994_2002.zip:1998/1998-D-Total.xlsx#Schedule D
1998,morinville,0224,MORINVILLE,D,01920,Provincial Government Conditional Transfers,798401,fir_zip_1994_2002.zip:1998/1998-D-Total.xlsx#Schedule D
1998,morinville,0224,MORINVILLE,EA,08260,GRAND TOTAL,198039781,fir_zip_1994_2002.zip:1998/1998-EA-Equalized Assessment.xlsx#Schedule EA
1998,morinville,0224,MORINVILLE,EA,08265,Linear Subtotal,6048556,fir_zip_1994_2002.zip:1998/1998-EA-Equalized Assessment.xlsx#Schedule EA
1998,morinville,0224,MORINVILLE,EA,08270,Mach & Equip Subtotal,811700,fir_zip_1994_2002.zip:1998/1998-EA-Equalized Assessment.xlsx#Schedule EA
1998,morinville,0224,MORINVILLE,EA,08275,Non Residential Subtotal,22736485,fir_zip_1994_2002.zip:1998/1998-EA-Equalized Assessment.xlsx#Schedule EA
1998,morinville,0224,MORINVILLE,EA,08280,Residential Subtotal,168028290,fir_zip_1994_2002.zip:1998/1998-EA-Equalized Assessment.xlsx#Schedule EA
1998,morinville,0224,MORINVILLE,EA,08285,Farmland,355530,fir_zip_1994_2002.zip:1998/1998-EA-Equalized Assessment.xlsx#Schedule EA
1998,morinville,0224,MORINVILLE,EA,08290,Non Residential Railway,59220,fir_zip_1994_2002.zip:1998/1998-EA-Equalized Assessment.xlsx#Schedule EA
1998,morinville,0224,MORINVILLE,EA,08295,NR Res. Co-generating M&E,0,fir_zip_1994_2002.zip:1998/1998-EA-Equalized Assessment.xlsx#Schedule EA
1998,morinville,0224,MORINVILLE,POPL,POPL,Population,6226,fir_zip_1994_2002.zip:1998/1998-POPL-Population of Alberta.xlsx#Schedule POPL
1998,okotoks,0238,OKOTOKS,D,01910,Provincial Government Unconditional Transfers,0,fir_zip_1994_2002.zip:1998/1998-D-Total.xlsx#Schedule D
1998,okotoks,0238,OKOTOKS,D,01920,Provincial Government Conditional Transfers,1652373,fir_zip_1994_2002.zip:1998/1998-D-Total.xlsx#Schedule D
1998,okotoks,0238,OKOTOKS,EA,08260,GRAND TOTAL,398243088,fir_zip_1994_2002.zip:1998/1998-EA-Equalized Assessment.xlsx#Schedule EA
1998,okotoks,0238,OKOTOKS,EA,08265,Linear Subtotal,9345418,fir_zip_1994_2002.zip:1998/1998-EA-Equalized Assessment.xlsx#Schedule EA
1998,okotoks,0238,OKOTOKS,EA,08270,Mach & Equip Subtotal,266570,fir_zip_1994_2002.zip:1998/1998-EA-Equalized Assessment.xlsx#Schedule EA
1998,okotoks,0238,OKOTOKS,EA,08275,Non Residential Subtotal,46537841,fir_zip_1994_2002.zip:1998/1998-EA-Equalized Assessment.xlsx#Schedule EA
1998,okotoks,0238,OKOTOKS,EA,08280,Residential Subtotal,341643409,fir_zip_1994_2002.zip:1998/1998-EA-Equalized Assessment.xlsx#Schedule EA
1998,okotoks,0238,OKOTOKS,EA,08285,Farmland,392010,fir_zip_1994_2002.zip:1998/1998-EA-Equalized Assessment.xlsx#Schedule EA
1998,okotoks,0238,OKOTOKS,EA,08290,Non Residential Railway,57840,fir_zip_1994_2002.zip:1998/1998-EA-Equalized Assessment.xlsx#Schedule EA
1998,okotoks,0238,OKOTOKS,EA,08295,NR Res. Co-generating M&E,0,fir_zip_1994_2002.zip:1998/1998-EA-Equalized Assessment.xlsx#Schedule EA
1998,okotoks,0238,OKOTOKS,POPL,POPL,Population,8510,fir_zip_1994_2002.zip:1998/1998-POPL-Population of Alberta.xlsx#Schedule POPL
1998,parkland,0245,PARKLAND COUNTY,D,01910,Provincial Government Unconditional Transfers,71992,fir_zip_1994_2002.zip:1998/1998-D-Total.xlsx#Schedule D
1998,parkland,0245,PARKLAND COUNTY,D,01920,Provincial Government Conditional Transfers,1978271,fir_zip_1994_2002.zip:1998/1998-D-Total.xlsx#Schedule D
1998,parkland,0245,PARKLAND COUNTY,EA,08260,GRAND TOTAL,2036322304,fir_zip_1994_2002.zip:1998/1998-EA-Equalized Assessment.xlsx#Schedule EA
1998,parkland,0245,PARKLAND COUNTY,EA,08265,Linear Subtotal,757950461,fir_zip_1994_2002.zip:1998/1998-EA-Equalized Assessment.xlsx#Schedule EA
1998,parkland,0245,PARKLAND COUNTY,EA,08270,Mach & Equip Subtotal,81623310,fir_zip_1994_2002.zip:1998/1998-EA-Equalized Assessment.xlsx#Schedule EA
1998,parkland,0245,PARKLAND COUNTY,EA,08275,Non Residential Subtotal,160061080,fir_zip_1994_2002.zip:1998/1998-EA-Equalized Assessment.xlsx#Schedule EA
1998,parkland,0245,PARKLAND COUNTY,EA,08280,Residential Subtotal,979837923,fir_zip_1994_2002.zip:1998/1998-EA-Equalized Assessment.xlsx#Schedule EA
1998,parkland,0245,PARKLAND COUNTY,EA,08285,Farmland,45812300,fir_zip_1994_2002.zip:1998/1998-EA-Equalized Assessment.xlsx#Schedule EA
1998,parkland,0245,PARKLAND COUNTY,EA,08290,Non Residential Railway,11037230,fir_zip_1994_2002.zip:1998/1998-EA-Equalized Assessment.xlsx#Schedule EA
1998,parkland,0245,PARKLAND COUNTY,EA,08295,NR Res. Co-generating M&E,0,fir_zip_1994_2002.zip:1998/1998-EA-Equalized Assessment.xlsx#Schedule EA
1998,parkland,0245,PARKLAND COUNTY,POPL,POPL,Population,24769,fir_zip_1994_2002.zip:1998/1998-POPL-Population of Alberta.xlsx#Schedule POPL
1998,rocky_view,0269,ROCKY VIEW COUNTY,D,01910,Provincial Government Unconditional Transfers,250519,fir_zip_1994_2002.zip:1998/1998-D-Total.xlsx#Schedule D
1998,rocky_view,0269,ROCKY VIEW COUNTY,D,01920,Provincial Government Conditional Transfers,3642334,fir_zip_1994_2002.zip:1998/1998-D-Total.xlsx#Schedule D
1998,rocky_view,0269,ROCKY VIEW COUNTY,EA,08260,GRAND TOTAL,2547359039,fir_zip_1994_2002.zip:1998/1998-EA-Equalized Assessment.xlsx#Schedule EA
1998,rocky_view,0269,ROCKY VIEW COUNTY,EA,08265,Linear Subtotal,352256728,fir_zip_1994_2002.zip:1998/1998-EA-Equalized Assessment.xlsx#Schedule EA
1998,rocky_view,0269,ROCKY VIEW COUNTY,EA,08270,Mach & Equip Subtotal,259500697,fir_zip_1994_2002.zip:1998/1998-EA-Equalized Assessment.xlsx#Schedule EA
1998,rocky_view,0269,ROCKY VIEW COUNTY,EA,08275,Non Residential Subtotal,126288815,fir_zip_1994_2002.zip:1998/1998-EA-Equalized Assessment.xlsx#Schedule EA
1998,rocky_view,0269,ROCKY VIEW COUNTY,EA,08280,Residential Subtotal,1635429748,fir_zip_1994_2002.zip:1998/1998-EA-Equalized Assessment.xlsx#Schedule EA
1998,rocky_view,0269,ROCKY VIEW COUNTY,EA,08285,Farmland,169114190,fir_zip_1994_2002.zip:1998/1998-EA-Equalized Assessment.xlsx#Schedule EA
1998,rocky_view,0269,ROCKY VIEW COUNTY,EA,08290,Non Residential Railway,4768861,fir_zip_1994_2002.zip:1998/1998-EA-Equalized Assessment.xlsx#Schedule EA
1998,rocky_view,0269,ROCKY VIEW COUNTY,EA,08295,NR Res. Co-generating M&E,0,fir_zip_1994_2002.zip:1998/1998-EA-Equalized Assessment.xlsx#Schedule EA
1998,rocky_view,0269,ROCKY VIEW COUNTY,POPL,POPL,Population,23326,fir_zip_1994_2002.zip:1998/1998-POPL-Population of Alberta.xlsx#Schedule POPL
1998,spruce_grove,0291,SPRUCE GROVE,D,01910,Provincial Government Unconditional Transfers,230862,fir_zip_1994_2002.zip:1998/1998-D-Total.xlsx#Schedule D
1998,spruce_grove,0291,SPRUCE GROVE,D,01920,Provincial Government Conditional Transfers,1418747,fir_zip_1994_2002.zip:1998/1998-D-Total.xlsx#Schedule D
1998,spruce_grove,0291,SPRUCE GROVE,EA,08260,GRAND TOTAL,607326134,fir_zip_1994_2002.zip:1998/1998-EA-Equalized Assessment.xlsx#Schedule EA
1998,spruce_grove,0291,SPRUCE GROVE,EA,08265,Linear Subtotal,16530616,fir_zip_1994_2002.zip:1998/1998-EA-Equalized Assessment.xlsx#Schedule EA
1998,spruce_grove,0291,SPRUCE GROVE,EA,08270,Mach & Equip Subtotal,1381120,fir_zip_1994_2002.zip:1998/1998-EA-Equalized Assessment.xlsx#Schedule EA
1998,spruce_grove,0291,SPRUCE GROVE,EA,08275,Non Residential Subtotal,107594734,fir_zip_1994_2002.zip:1998/1998-EA-Equalized Assessment.xlsx#Schedule EA
1998,spruce_grove,0291,SPRUCE GROVE,EA,08280,Residential Subtotal,480002984,fir_zip_1994_2002.zip:1998/1998-EA-Equalized Assessment.xlsx#Schedule EA
1998,spruce_grove,0291,SPRUCE GROVE,EA,08285,Farmland,1299350,fir_zip_1994_2002.zip:1998/1998-EA-Equalized Assessment.xlsx#Schedule EA
1998,spruce_grove,0291,SPRUCE GROVE,EA,08290,Non Residential Railway,517330,fir_zip_1994_2002.zip:1998/1998-EA-Equalized Assessment.xlsx#Schedule EA
1998,spruce_grove,0291,SPRUCE GROVE,EA,08295,NR Res. Co-generating M&E,0,fir_zip_1994_2002.zip:1998/1998-EA-Equalized Assessment.xlsx#Schedule EA
1998,spruce_grove,0291,SPRUCE GROVE,POPL,POPL,Population,14271,fir_zip_1994_2002.zip:1998/1998-POPL-Population of Alberta.xlsx#Schedule POPL
1998,st_albert,0292,ST. ALBERT,D,01910,Provincial Government Unconditional Transfers,1123698,fir_zip_1994_2002.zip:1998/1998-D-Total.xlsx#Schedule D
1998,st_albert,0292,ST. ALBERT,D,01920,Provincial Government Conditional Transfers,3484791,fir_zip_1994_2002.zip:1998/1998-D-Total.xlsx#Schedule D
1998,st_albert,0292,ST. ALBERT,EA,08260,GRAND TOTAL,2295447375,fir_zip_1994_2002.zip:1998/1998-EA-Equalized Assessment.xlsx#Schedule EA
1998,st_albert,0292,ST. ALBERT,EA,08265,Linear Subtotal,47855347,fir_zip_1994_2002.zip:1998/1998-EA-Equalized Assessment.xlsx#Schedule EA
1998,st_albert,0292,ST. ALBERT,EA,08270,Mach & Equip Subtotal,3384420,fir_zip_1994_2002.zip:1998/1998-EA-Equalized Assessment.xlsx#Schedule EA
1998,st_albert,0292,ST. ALBERT,EA,08275,Non Residential Subtotal,254659577,fir_zip_1994_2002.zip:1998/1998-EA-Equalized Assessment.xlsx#Schedule EA
1998,st_albert,0292,ST. ALBERT,EA,08280,Residential Subtotal,1988209231,fir_zip_1994_2002.zip:1998/1998-EA-Equalized Assessment.xlsx#Schedule EA
1998,st_albert,0292,ST. ALBERT,EA,08285,Farmland,1268380,fir_zip_1994_2002.zip:1998/1998-EA-Equalized Assessment.xlsx#Schedule EA
1998,st_albert,0292,ST. ALBERT,EA,08290,Non Residential Railway,70420,fir_zip_1994_2002.zip:1998/1998-EA-Equalized Assessment.xlsx#Schedule EA
1998,st_albert,0292,ST. ALBERT,EA,08295,NR Res. Co-generating M&E,0,fir_zip_1994_2002.zip:1998/1998-EA-Equalized Assessment.xlsx#Schedule EA
1998,st_albert,0292,ST. ALBERT,POPL,POPL,Population,49243,fir_zip_1994_2002.zip:1998/1998-POPL-Population of Alberta.xlsx#Schedule POPL
1998,stony_plain,0301,STONY PLAIN,D,01910,Provincial Government Unconditional Transfers,0,fir_zip_1994_2002.zip:1998/1998-D-Total.xlsx#Schedule D
1998,stony_plain,0301,STONY PLAIN,D,01920,Provincial Government Conditional Transfers,1638278,fir_zip_1994_2002.zip:1998/1998-D-Total.xlsx#Schedule D
1998,stony_plain,0301,STONY PLAIN,EA,08260,GRAND TOTAL,327010424,fir_zip_1994_2002.zip:1998/1998-EA-Equalized Assessment.xlsx#Schedule EA
1998,stony_plain,0301,STONY PLAIN,EA,08265,Linear Subtotal,12874351,fir_zip_1994_2002.zip:1998/1998-EA-Equalized Assessment.xlsx#Schedule EA
1998,stony_plain,0301,STONY PLAIN,EA,08270,Mach & Equip Subtotal,181620,fir_zip_1994_2002.zip:1998/1998-EA-Equalized Assessment.xlsx#Schedule EA
1998,stony_plain,0301,STONY PLAIN,EA,08275,Non Residential Subtotal,45162025,fir_zip_1994_2002.zip:1998/1998-EA-Equalized Assessment.xlsx#Schedule EA
1998,stony_plain,0301,STONY PLAIN,EA,08280,Residential Subtotal,267099778,fir_zip_1994_2002.zip:1998/1998-EA-Equalized Assessment.xlsx#Schedule EA
1998,stony_plain,0301,STONY PLAIN,EA,08285,Farmland,726100,fir_zip_1994_2002.zip:1998/1998-EA-Equalized Assessment.xlsx#Schedule EA
1998,stony_plain,0301,STONY PLAIN,EA,08290,Non Residential Railway,966550,fir_zip_1994_2002.zip:1998/1998-EA-Equalized Assessment.xlsx#Schedule EA
1998,stony_plain,0301,STONY PLAIN,EA,08295,NR Res. Co-generating M&E,0,fir_zip_1994_2002.zip:1998/1998-EA-Equalized Assessment.xlsx#Schedule EA
1998,stony_plain,0301,STONY PLAIN,POPL,POPL,Population,8274,fir_zip_1994_2002.zip:1998/1998-POPL-Population of Alberta.xlsx#Schedule POPL
1998,strathcona,0302,STRATHCONA COUNTY,D,01910,Provincial Government Unconditional Transfers,821146,fir_zip_1994_2002.zip:1998/1998-D-Total.xlsx#Schedule D
1998,strathcona,0302,STRATHCONA COUNTY,D,01920,Provincial Government Conditional Transfers,5068965,fir_zip_1994_2002.zip:1998/1998-D-Total.xlsx#Schedule D
1998,strathcona,0302,STRATHCONA COUNTY,EA,08260,GRAND TOTAL,5045561021,fir_zip_1994_2002.zip:1998/1998-EA-Equalized Assessment.xlsx#Schedule EA
1998,strathcona,0302,STRATHCONA COUNTY,EA,08265,Linear Subtotal,262932078,fir_zip_1994_2002.zip:1998/1998-EA-Equalized Assessment.xlsx#Schedule EA
1998,strathcona,0302,STRATHCONA COUNTY,EA,08270,Mach & Equip Subtotal,1478307980,fir_zip_1994_2002.zip:1998/1998-EA-Equalized Assessment.xlsx#Schedule EA
1998,strathcona,0302,STRATHCONA COUNTY,EA,08275,Non Residential Subtotal,518020071,fir_zip_1994_2002.zip:1998/1998-EA-Equalized Assessment.xlsx#Schedule EA
1998,strathcona,0302,STRATHCONA COUNTY,EA,08280,Residential Subtotal,2743958412,fir_zip_1994_2002.zip:1998/1998-EA-Equalized Assessment.xlsx#Schedule EA
1998,strathcona,0302,STRATHCONA COUNTY,EA,08285,Farmland,37113980,fir_zip_1994_2002.zip:1998/1998-EA-Equalized Assessment.xlsx#Schedule EA
1998,strathcona,0302,STRATHCONA COUNTY,EA,08290,Non Residential Railway,5228500,fir_zip_1994_2002.zip:1998/1998-EA-Equalized Assessment.xlsx#Schedule EA
1998,strathcona,0302,STRATHCONA COUNTY,EA,08295,NR Res. Co-generating M&E,0,fir_zip_1994_2002.zip:1998/1998-EA-Equalized Assessment.xlsx#Schedule EA
1998,strathcona,0302,STRATHCONA COUNTY,POPL,POPL,Population,65340,fir_zip_1994_2002.zip:1998/1998-POPL-Population of Alberta.xlsx#Schedule POPL
1998,sturgeon,0305,STURGEON COUNTY,D,01910,Provincial Government Unconditional Transfers,49373,fir_zip_1994_2002.zip:1998/1998-D-Total.xlsx#Schedule D
1998,sturgeon,0305,STURGEON COUNTY,D,01920,Provincial Government Conditional Transfers,3467481,fir_zip_1994_2002.zip:1998/1998-D-Total.xlsx#Schedule D
1998,sturgeon,0305,STURGEON COUNTY,EA,08260,GRAND TOTAL,1324187029,fir_zip_1994_2002.zip:1998/1998-EA-Equalized Assessment.xlsx#Schedule EA
1998,sturgeon,0305,STURGEON COUNTY,EA,08265,Linear Subtotal,193394531,fir_zip_1994_2002.zip:1998/1998-EA-Equalized Assessment.xlsx#Schedule EA
1998,sturgeon,0305,STURGEON COUNTY,EA,08270,Mach & Equip Subtotal,290197170,fir_zip_1994_2002.zip:1998/1998-EA-Equalized Assessment.xlsx#Schedule EA
1998,sturgeon,0305,STURGEON COUNTY,EA,08275,Non Residential Subtotal,221933012,fir_zip_1994_2002.zip:1998/1998-EA-Equalized Assessment.xlsx#Schedule EA
1998,sturgeon,0305,STURGEON COUNTY,EA,08280,Residential Subtotal,534833746,fir_zip_1994_2002.zip:1998/1998-EA-Equalized Assessment.xlsx#Schedule EA
1998,sturgeon,0305,STURGEON COUNTY,EA,08285,Farmland,82246380,fir_zip_1994_2002.zip:1998/1998-EA-Equalized Assessment.xlsx#Schedule EA
1998,sturgeon,0305,STURGEON COUNTY,EA,08290,Non Residential Railway,1582190,fir_zip_1994_2002.zip:1998/1998-EA-Equalized Assessment.xlsx#Schedule EA
1998,sturgeon,0305,STURGEON COUNTY,EA,08295,NR Res. Co-generating M&E,0,fir_zip_1994_2002.zip:1998/1998-EA-Equalized Assessment.xlsx#Schedule EA
1998,sturgeon,0305,STURGEON COUNTY,POPL,POPL,Population,15945,fir_zip_1994_2002.zip:1998/1998-POPL-Population of Alberta.xlsx#Schedule POPL
1998,chestermere,0356,CHESTERMERE,D,01910,Provincial Government Unconditional Transfers,7944,fir_zip_1994_2002.zip:1998/1998-D-Total.xlsx#Schedule D
1998,chestermere,0356,CHESTERMERE,D,01920,Provincial Government Conditional Transfers,95208,fir_zip_1994_2002.zip:1998/1998-D-Total.xlsx#Schedule D
1998,chestermere,0356,CHESTERMERE,EA,08260,GRAND TOTAL,190527631,fir_zip_1994_2002.zip:1998/1998-EA-Equalized Assessment.xlsx#Schedule EA
1998,chestermere,0356,CHESTERMERE,EA,08265,Linear Subtotal,2680214,fir_zip_1994_2002.zip:1998/1998-EA-Equalized Assessment.xlsx#Schedule EA
1998,chestermere,0356,CHESTERMERE,EA,08270,Mach & Equip Subtotal,13900,fir_zip_1994_2002.zip:1998/1998-EA-Equalized Assessment.xlsx#Schedule EA
1998,chestermere,0356,CHESTERMERE,EA,08275,Non Residential Subtotal,6649999,fir_zip_1994_2002.zip:1998/1998-EA-Equalized Assessment.xlsx#Schedule EA
1998,chestermere,0356,CHESTERMERE,EA,08280,Residential Subtotal,180860008,fir_zip_1994_2002.zip:1998/1998-EA-Equalized Assessment.xlsx#Schedule EA
1998,chestermere,0356,CHESTERMERE,EA,08285,Farmland,323510,fir_zip_1994_2002.zip:1998/1998-EA-Equalized Assessment.xlsx#Schedule EA
1998,chestermere,0356,CHESTERMERE,EA,08290,Non Residential Railway,0,fir_zip_1994_2002.zip:1998/1998-EA-Equalized Assessment.xlsx#Schedule EA
1998,chestermere,0356,CHESTERMERE,EA,08295,NR Res. Co-generating M&E,0,fir_zip_1994_2002.zip:1998/1998-EA-Equalized Assessment.xlsx#Schedule EA
1998,chestermere,0356,CHESTERMERE,POPL,POPL,Population,1911,fir_zip_1994_2002.zip:1998/1998-POPL-Population of Alberta.xlsx#Schedule POPL
1999,airdrie,0003,AIRDRIE,D,01910,Provincial Government Unconditional Transfers,292329,fir_zip_1994_2002.zip:1999/1999-D-Total.xlsx#Schedule D
1999,airdrie,0003,AIRDRIE,D,01920,Provincial Government Conditional Transfers,1836053,fir_zip_1994_2002.zip:1999/1999-D-Total.xlsx#Schedule D
1999,airdrie,0003,AIRDRIE,EA,08260,GRAND TOTAL,763826119,fir_zip_1994_2002.zip:1999/1999-EA-Equalized Assessment.xlsx#Schedule EA
1999,airdrie,0003,AIRDRIE,EA,08265,Linear Subtotal,16994707,fir_zip_1994_2002.zip:1999/1999-EA-Equalized Assessment.xlsx#Schedule EA
1999,airdrie,0003,AIRDRIE,EA,08270,Mach & Equip Subtotal,5210000,fir_zip_1994_2002.zip:1999/1999-EA-Equalized Assessment.xlsx#Schedule EA
1999,airdrie,0003,AIRDRIE,EA,08275,Non Residential Subtotal,130372013,fir_zip_1994_2002.zip:1999/1999-EA-Equalized Assessment.xlsx#Schedule EA
1999,airdrie,0003,AIRDRIE,EA,08280,Residential Subtotal,608124899,fir_zip_1994_2002.zip:1999/1999-EA-Equalized Assessment.xlsx#Schedule EA
1999,airdrie,0003,AIRDRIE,EA,08285,Farmland,3021500,fir_zip_1994_2002.zip:1999/1999-EA-Equalized Assessment.xlsx#Schedule EA
1999,airdrie,0003,AIRDRIE,EA,08290,Non Residential Railway,103000,fir_zip_1994_2002.zip:1999/1999-EA-Equalized Assessment.xlsx#Schedule EA
1999,airdrie,0003,AIRDRIE,EA,08295,NR Res. Co-generating M&E,0,fir_zip_1994_2002.zip:1999/1999-EA-Equalized Assessment.xlsx#Schedule EA
1999,airdrie,0003,AIRDRIE,POPL,POPL,Population,18306,fir_zip_1994_2002.zip:1999/1999-POPL-Population of Alberta.xlsx#Schedule POPL
1999,beaumont,0019,BEAUMONT,D,01910,Provincial Government Unconditional Transfers,68394,fir_zip_1994_2002.zip:1999/1999-D-Total.xlsx#Schedule D
1999,beaumont,0019,BEAUMONT,D,01920,Provincial Government Conditional Transfers,943028,fir_zip_1994_2002.zip:1999/1999-D-Total.xlsx#Schedule D
1999,beaumont,0019,BEAUMONT,EA,08260,GRAND TOTAL,249550338,fir_zip_1994_2002.zip:1999/1999-EA-Equalized Assessment.xlsx#Schedule EA
1999,beaumont,0019,BEAUMONT,EA,08265,Linear Subtotal,3576010,fir_zip_1994_2002.zip:1999/1999-EA-Equalized Assessment.xlsx#Schedule EA
1999,beaumont,0019,BEAUMONT,EA,08270,Mach & Equip Subtotal,47670,fir_zip_1994_2002.zip:1999/1999-EA-Equalized Assessment.xlsx#Schedule EA
1999,beaumont,0019,BEAUMONT,EA,08275,Non Residential Subtotal,12115253,fir_zip_1994_2002.zip:1999/1999-EA-Equalized Assessment.xlsx#Schedule EA
1999,beaumont,0019,BEAUMONT,EA,08280,Residential Subtotal,233686695,fir_zip_1994_2002.zip:1999/1999-EA-Equalized Assessment.xlsx#Schedule EA
1999,beaumont,0019,BEAUMONT,EA,08285,Farmland,124710,fir_zip_1994_2002.zip:1999/1999-EA-Equalized Assessment.xlsx#Schedule EA
1999,beaumont,0019,BEAUMONT,EA,08290,Non Residential Railway,0,fir_zip_1994_2002.zip:1999/1999-EA-Equalized Assessment.xlsx#Schedule EA
1999,beaumont,0019,BEAUMONT,EA,08295,NR Res. Co-generating M&E,0,fir_zip_1994_2002.zip:1999/1999-EA-Equalized Assessment.xlsx#Schedule EA
1999,beaumont,0019,BEAUMONT,POPL,POPL,Population,6518,fir_zip_1994_2002.zip:1999/1999-POPL-Population of Alberta.xlsx#Schedule POPL
1999,calgary,0046,CALGARY,D,01910,Provincial Government Unconditional Transfers,13727000,fir_zip_1994_2002.zip:1999/1999-D-Total.xlsx#Schedule D
1999,calgary,0046,CALGARY,D,01920,Provincial Government Conditional Transfers,97473000,fir_zip_1994_2002.zip:1999/1999-D-Total.xlsx#Schedule D
1999,calgary,0046,CALGARY,EA,08260,GRAND TOTAL,50564405935,fir_zip_1994_2002.zip:1999/1999-EA-Equalized Assessment.xlsx#Schedule EA
1999,calgary,0046,CALGARY,EA,08265,Linear Subtotal,933627058,fir_zip_1994_2002.zip:1999/1999-EA-Equalized Assessment.xlsx#Schedule EA
1999,calgary,0046,CALGARY,EA,08270,Mach & Equip Subtotal,216778641,fir_zip_1994_2002.zip:1999/1999-EA-Equalized Assessment.xlsx#Schedule EA
1999,calgary,0046,CALGARY,EA,08275,Non Residential Subtotal,11338368484,fir_zip_1994_2002.zip:1999/1999-EA-Equalized Assessment.xlsx#Schedule EA
1999,calgary,0046,CALGARY,EA,08280,Residential Subtotal,38003220762,fir_zip_1994_2002.zip:1999/1999-EA-Equalized Assessment.xlsx#Schedule EA
1999,calgary,0046,CALGARY,EA,08285,Farmland,66093170,fir_zip_1994_2002.zip:1999/1999-EA-Equalized Assessment.xlsx#Schedule EA
1999,calgary,0046,CALGARY,EA,08290,Non Residential Railway,6317820,fir_zip_1994_2002.zip:1999/1999-EA-Equalized Assessment.xlsx#Schedule EA
1999,calgary,0046,CALGARY,EA,08295,NR Res. Co-generating M&E,0,fir_zip_1994_2002.zip:1999/1999-EA-Equalized Assessment.xlsx#Schedule EA
1999,calgary,0046,CALGARY,POPL,POPL,Population,842388,fir_zip_1994_2002.zip:1999/1999-POPL-Population of Alberta.xlsx#Schedule POPL
1999,cochrane,0070,COCHRANE,D,01910,Provincial Government Unconditional Transfers,52176,fir_zip_1994_2002.zip:1999/1999-D-Total.xlsx#Schedule D
1999,cochrane,0070,COCHRANE,D,01920,Provincial Government Conditional Transfers,432324,fir_zip_1994_2002.zip:1999/1999-D-Total.xlsx#Schedule D
1999,cochrane,0070,COCHRANE,EA,08260,GRAND TOTAL,557839855,fir_zip_1994_2002.zip:1999/1999-EA-Equalized Assessment.xlsx#Schedule EA
1999,cochrane,0070,COCHRANE,EA,08265,Linear Subtotal,11661000,fir_zip_1994_2002.zip:1999/1999-EA-Equalized Assessment.xlsx#Schedule EA
1999,cochrane,0070,COCHRANE,EA,08270,Mach & Equip Subtotal,5584110,fir_zip_1994_2002.zip:1999/1999-EA-Equalized Assessment.xlsx#Schedule EA
1999,cochrane,0070,COCHRANE,EA,08275,Non Residential Subtotal,76990964,fir_zip_1994_2002.zip:1999/1999-EA-Equalized Assessment.xlsx#Schedule EA
1999,cochrane,0070,COCHRANE,EA,08280,Residential Subtotal,461180391,fir_zip_1994_2002.zip:1999/1999-EA-Equalized Assessment.xlsx#Schedule EA
1999,cochrane,0070,COCHRANE,EA,08285,Farmland,1285330,fir_zip_1994_2002.zip:1999/1999-EA-Equalized Assessment.xlsx#Schedule EA
1999,cochrane,0070,COCHRANE,EA,08290,Non Residential Railway,1138060,fir_zip_1994_2002.zip:1999/1999-EA-Equalized Assessment.xlsx#Schedule EA
1999,cochrane,0070,COCHRANE,EA,08295,NR Res. Co-generating M&E,0,fir_zip_1994_2002.zip:1999/1999-EA-Equalized Assessment.xlsx#Schedule EA
1999,cochrane,0070,COCHRANE,POPL,POPL,Population,10391,fir_zip_1994_2002.zip:1999/1999-POPL-Population of Alberta.xlsx#Schedule POPL
1999,devon,0086,DEVON,D,01910,Provincial Government Unconditional Transfers,153408,fir_zip_1994_2002.zip:1999/1999-D-Total.xlsx#Schedule D
1999,devon,0086,DEVON,D,01920,Provincial Government Conditional Transfers,43630,fir_zip_1994_2002.zip:1999/1999-D-Total.xlsx#Schedule D
1999,devon,0086,DEVON,EA,08260,GRAND TOTAL,206879281,fir_zip_1994_2002.zip:1999/1999-EA-Equalized Assessment.xlsx#Schedule EA
1999,devon,0086,DEVON,EA,08265,Linear Subtotal,8370160,fir_zip_1994_2002.zip:1999/1999-EA-Equalized Assessment.xlsx#Schedule EA
1999,devon,0086,DEVON,EA,08270,Mach & Equip Subtotal,10876420,fir_zip_1994_2002.zip:1999/1999-EA-Equalized Assessment.xlsx#Schedule EA
1999,devon,0086,DEVON,EA,08275,Non Residential Subtotal,44354450,fir_zip_1994_2002.zip:1999/1999-EA-Equalized Assessment.xlsx#Schedule EA
1999,devon,0086,DEVON,EA,08280,Residential Subtotal,143175891,fir_zip_1994_2002.zip:1999/1999-EA-Equalized Assessment.xlsx#Schedule EA
1999,devon,0086,DEVON,EA,08285,Farmland,102360,fir_zip_1994_2002.zip:1999/1999-EA-Equalized Assessment.xlsx#Schedule EA
1999,devon,0086,DEVON,EA,08290,Non Residential Railway,0,fir_zip_1994_2002.zip:1999/1999-EA-Equalized Assessment.xlsx#Schedule EA
1999,devon,0086,DEVON,EA,08295,NR Res. Co-generating M&E,0,fir_zip_1994_2002.zip:1999/1999-EA-Equalized Assessment.xlsx#Schedule EA
1999,devon,0086,DEVON,POPL,POPL,Population,4496,fir_zip_1994_2002.zip:1999/1999-POPL-Population of Alberta.xlsx#Schedule POPL
1999,edmonton,0098,EDMONTON,D,01910,Provincial Government Unconditional Transfers,8792000,fir_zip_1994_2002.zip:1999/1999-D-Total.xlsx#Schedule D
1999,edmonton,0098,EDMONTON,D,01920,Provincial Government Conditional Transfers,80375000,fir_zip_1994_2002.zip:1999/1999-D-Total.xlsx#Schedule D
1999,edmonton,0098,EDMONTON,EA,08260,GRAND TOTAL,32036462788,fir_zip_1994_2002.zip:1999/1999-EA-Equalized Assessment.xlsx#Schedule EA
1999,edmonton,0098,EDMONTON,EA,08265,Linear Subtotal,996402582,fir_zip_1994_2002.zip:1999/1999-EA-Equalized Assessment.xlsx#Schedule EA
1999,edmonton,0098,EDMONTON,EA,08270,Mach & Equip Subtotal,637783030,fir_zip_1994_2002.zip:1999/1999-EA-Equalized Assessment.xlsx#Schedule EA
1999,edmonton,0098,EDMONTON,EA,08275,Non Residential Subtotal,7253348332,fir_zip_1994_2002.zip:1999/1999-EA-Equalized Assessment.xlsx#Schedule EA
1999,edmonton,0098,EDMONTON,EA,08280,Residential Subtotal,23092033693,fir_zip_1994_2002.zip:1999/1999-EA-Equalized Assessment.xlsx#Schedule EA
1999,edmonton,0098,EDMONTON,EA,08285,Farmland,28600457,fir_zip_1994_2002.zip:1999/1999-EA-Equalized Assessment.xlsx#Schedule EA
1999,edmonton,0098,EDMONTON,EA,08290,Non Residential Railway,24233633,fir_zip_1994_2002.zip:1999/1999-EA-Equalized Assessment.xlsx#Schedule EA
1999,edmonton,0098,EDMONTON,EA,08295,NR Res. Co-generating M&E,4061061,fir_zip_1994_2002.zip:1999/1999-EA-Equalized Assessment.xlsx#Schedule EA
1999,edmonton,0098,EDMONTON,POPL,POPL,Population,648284,fir_zip_1994_2002.zip:1999/1999-POPL-Population of Alberta.xlsx#Schedule POPL
1999,foothills,0111,"FOOTHILLS NO. 31, M.D. OF",D,01910,Provincial Government Unconditional Transfers,87608,fir_zip_1994_2002.zip:1999/1999-D-Total.xlsx#Schedule D
1999,foothills,0111,"FOOTHILLS NO. 31, M.D. OF",D,01920,Provincial Government Conditional Transfers,3083440,fir_zip_1994_2002.zip:1999/1999-D-Total.xlsx#Schedule D
1999,foothills,0111,"FOOTHILLS NO. 31, M.D. OF",EA,08260,GRAND TOTAL,1571898933,fir_zip_1994_2002.zip:1999/1999-EA-Equalized Assessment.xlsx#Schedule EA
1999,foothills,0111,"FOOTHILLS NO. 31, M.D. OF",EA,08265,Linear Subtotal,212254400,fir_zip_1994_2002.zip:1999/1999-EA-Equalized Assessment.xlsx#Schedule EA
1999,foothills,0111,"FOOTHILLS NO. 31, M.D. OF",EA,08270,Mach & Equip Subtotal,121324810,fir_zip_1994_2002.zip:1999/1999-EA-Equalized Assessment.xlsx#Schedule EA
1999,foothills,0111,"FOOTHILLS NO. 31, M.D. OF",EA,08275,Non Residential Subtotal,99081740,fir_zip_1994_2002.zip:1999/1999-EA-Equalized Assessment.xlsx#Schedule EA
1999,foothills,0111,"FOOTHILLS NO. 31, M.D. OF",EA,08280,Residential Subtotal,996470143,fir_zip_1994_2002.zip:1999/1999-EA-Equalized Assessment.xlsx#Schedule EA
1999,foothills,0111,"FOOTHILLS NO. 31, M.D. OF",EA,08285,Farmland,141623960,fir_zip_1994_2002.zip:1999/1999-EA-Equalized Assessment.xlsx#Schedule EA
1999,foothills,0111,"FOOTHILLS NO. 31, M.D. OF",EA,08290,Non Residential Railway,1143880,fir_zip_1994_2002.zip:1999/1999-EA-Equalized Assessment.xlsx#Schedule EA
1999,foothills,0111,"FOOTHILLS NO. 31, M.D. OF",EA,08295,NR Res. Co-generating M&E,0,fir_zip_1994_2002.zip:1999/1999-EA-Equalized Assessment.xlsx#Schedule EA
1999,foothills,0111,"FOOTHILLS NO. 31, M.D. OF",POPL,POPL,Population,16122,fir_zip_1994_2002.zip:1999/1999-POPL-Population of Alberta.xlsx#Schedule POPL
1999,fort_saskatchewan,0117,FORT SASKATCHEWAN,D,01910,Provincial Government Unconditional Transfers,40675,fir_zip_1994_2002.zip:1999/1999-D-Total.xlsx#Schedule D
1999,fort_saskatchewan,0117,FORT SASKATCHEWAN,D,01920,Provincial Government Conditional Transfers,1603436,fir_zip_1994_2002.zip:1999/1999-D-Total.xlsx#Schedule D
1999,fort_saskatchewan,0117,FORT SASKATCHEWAN,EA,08260,GRAND TOTAL,1574808668,fir_zip_1994_2002.zip:1999/1999-EA-Equalized Assessment.xlsx#Schedule EA
1999,fort_saskatchewan,0117,FORT SASKATCHEWAN,EA,08265,Linear Subtotal,43974175,fir_zip_1994_2002.zip:1999/1999-EA-Equalized Assessment.xlsx#Schedule EA
1999,fort_saskatchewan,0117,FORT SASKATCHEWAN,EA,08270,Mach & Equip Subtotal,720773910,fir_zip_1994_2002.zip:1999/1999-EA-Equalized Assessment.xlsx#Schedule EA
1999,fort_saskatchewan,0117,FORT SASKATCHEWAN,EA,08275,Non Residential Subtotal,360173200,fir_zip_1994_2002.zip:1999/1999-EA-Equalized Assessment.xlsx#Schedule EA
1999,fort_saskatchewan,0117,FORT SASKATCHEWAN,EA,08280,Residential Subtotal,432275453,fir_zip_1994_2002.zip:1999/1999-EA-Equalized Assessment.xlsx#Schedule EA
1999,fort_saskatchewan,0117,FORT SASKATCHEWAN,EA,08285,Farmland,1367320,fir_zip_1994_2002.zip:1999/1999-EA-Equalized Assessment.xlsx#Schedule EA
1999,fort_saskatchewan,0117,FORT SASKATCHEWAN,EA,08290,Non Residential Railway,153740,fir_zip_1994_2002.zip:1999/1999-EA-Equalized Assessment.xlsx#Schedule EA
1999,fort_saskatchewan,0117,FORT SASKATCHEWAN,EA,08295,NR Res. Co-generating M&E,16090870,fir_zip_1994_2002.zip:1999/1999-EA-Equalized Assessment.xlsx#Schedule EA
1999,fort_saskatchewan,0117,FORT SASKATCHEWAN,POPL,POPL,Population,13109,fir_zip_1994_2002.zip:1999/1999-POPL-Population of Alberta.xlsx#Schedule POPL
1999,high_river,0148,HIGH RIVER,D,01910,Provincial Government Unconditional Transfers,63075,fir_zip_1994_2002.zip:1999/1999-D-Total.xlsx#Schedule D
1999,high_river,0148,HIGH RIVER,D,01920,Provincial Government Conditional Transfers,677608,fir_zip_1994_2002.zip:1999/1999-D-Total.xlsx#Schedule D
1999,high_river,0148,HIGH RIVER,EA,08260,GRAND TOTAL,401311049,fir_zip_1994_2002.zip:1999/1999-EA-Equalized Assessment.xlsx#Schedule EA
1999,high_river,0148,HIGH RIVER,EA,08265,Linear Subtotal,9513230,fir_zip_1994_2002.zip:1999/1999-EA-Equalized Assessment.xlsx#Schedule EA
1999,high_river,0148,HIGH RIVER,EA,08270,Mach & Equip Subtotal,42900,fir_zip_1994_2002.zip:1999/1999-EA-Equalized Assessment.xlsx#Schedule EA
1999,high_river,0148,HIGH RIVER,EA,08275,Non Residential Subtotal,76547208,fir_zip_1994_2002.zip:1999/1999-EA-Equalized Assessment.xlsx#Schedule EA
1999,high_river,0148,HIGH RIVER,EA,08280,Residential Subtotal,314697811,fir_zip_1994_2002.zip:1999/1999-EA-Equalized Assessment.xlsx#Schedule EA
1999,high_river,0148,HIGH RIVER,EA,08285,Farmland,483100,fir_zip_1994_2002.zip:1999/1999-EA-Equalized Assessment.xlsx#Schedule EA
1999,high_river,0148,HIGH RIVER,EA,08290,Non Residential Railway,26800,fir_zip_1994_2002.zip:1999/1999-EA-Equalized Assessment.xlsx#Schedule EA
1999,high_river,0148,HIGH RIVER,EA,08295,NR Res. Co-generating M&E,0,fir_zip_1994_2002.zip:1999/1999-EA-Equalized Assessment.xlsx#Schedule EA
1999,high_river,0148,HIGH RIVER,POPL,POPL,Population,7359,fir_zip_1994_2002.zip:1999/1999-POPL-Population of Alberta.xlsx#Schedule POPL
1999,leduc_city,0200,LEDUC,D,01910,Provincial Government Unconditional Transfers,190901,fir_zip_1994_2002.zip:1999/1999-D-Total.xlsx#Schedule D
1999,leduc_city,0200,LEDUC,D,01920,Provincial Government Conditional Transfers,1632614,fir_zip_1994_2002.zip:1999/1999-D-Total.xlsx#Schedule D
1999,leduc_city,0200,LEDUC,EA,08260,GRAND TOTAL,666465127,fir_zip_1994_2002.zip:1999/1999-EA-Equalized Assessment.xlsx#Schedule EA
1999,leduc_city,0200,LEDUC,EA,08265,Linear Subtotal,18510507,fir_zip_1994_2002.zip:1999/1999-EA-Equalized Assessment.xlsx#Schedule EA
1999,leduc_city,0200,LEDUC,EA,08270,Mach & Equip Subtotal,3817170,fir_zip_1994_2002.zip:1999/1999-EA-Equalized Assessment.xlsx#Schedule EA
1999,leduc_city,0200,LEDUC,EA,08275,Non Residential Subtotal,130850224,fir_zip_1994_2002.zip:1999/1999-EA-Equalized Assessment.xlsx#Schedule EA
1999,leduc_city,0200,LEDUC,EA,08280,Residential Subtotal,511229726,fir_zip_1994_2002.zip:1999/1999-EA-Equalized Assessment.xlsx#Schedule EA
1999,leduc_city,0200,LEDUC,EA,08285,Farmland,1931500,fir_zip_1994_2002.zip:1999/1999-EA-Equalized Assessment.xlsx#Schedule EA
1999,leduc_city,0200,LEDUC,EA,08290,Non Residential Railway,126000,fir_zip_1994_2002.zip:1999/1999-EA-Equalized Assessment.xlsx#Schedule EA
1999,leduc_city,0200,LEDUC,EA,08295,NR Res. Co-generating M&E,0,fir_zip_1994_2002.zip:1999/1999-EA-Equalized Assessment.xlsx#Schedule EA
1999,leduc_city,0200,LEDUC,POPL,POPL,Population,14540,fir_zip_1994_2002.zip:1999/1999-POPL-Population of Alberta.xlsx#Schedule POPL
1999,leduc_county,0201,LEDUC COUNTY,D,01910,Provincial Government Unconditional Transfers,40244,fir_zip_1994_2002.zip:1999/1999-D-Total.xlsx#Schedule D
1999,leduc_county,0201,LEDUC COUNTY,D,01920,Provincial Government Conditional Transfers,1964595,fir_zip_1994_2002.zip:1999/1999-D-Total.xlsx#Schedule D
1999,leduc_county,0201,LEDUC COUNTY,EA,08260,GRAND TOTAL,1540782237,fir_zip_1994_2002.zip:1999/1999-EA-Equalized Assessment.xlsx#Schedule EA
1999,leduc_county,0201,LEDUC COUNTY,EA,08265,Linear Subtotal,657726130,fir_zip_1994_2002.zip:1999/1999-EA-Equalized Assessment.xlsx#Schedule EA
1999,leduc_county,0201,LEDUC COUNTY,EA,08270,Mach & Equip Subtotal,71397130,fir_zip_1994_2002.zip:1999/1999-EA-Equalized Assessment.xlsx#Schedule EA
1999,leduc_county,0201,LEDUC COUNTY,EA,08275,Non Residential Subtotal,329520365,fir_zip_1994_2002.zip:1999/1999-EA-Equalized Assessment.xlsx#Schedule EA
1999,leduc_county,0201,LEDUC COUNTY,EA,08280,Residential Subtotal,386034572,fir_zip_1994_2002.zip:1999/1999-EA-Equalized Assessment.xlsx#Schedule EA
1999,leduc_county,0201,LEDUC COUNTY,EA,08285,Farmland,94971700,fir_zip_1994_2002.zip:1999/1999-EA-Equalized Assessment.xlsx#Schedule EA
1999,leduc_county,0201,LEDUC COUNTY,EA,08290,Non Residential Railway,1132340,fir_zip_1994_2002.zip:1999/1999-EA-Equalized Assessment.xlsx#Schedule EA
1999,leduc_county,0201,LEDUC COUNTY,EA,08295,NR Res. Co-generating M&E,0,fir_zip_1994_2002.zip:1999/1999-EA-Equalized Assessment.xlsx#Schedule EA
1999,leduc_county,0201,LEDUC COUNTY,POPL,POPL,Population,12361,fir_zip_1994_2002.zip:1999/1999-POPL-Population of Alberta.xlsx#Schedule POPL
1999,morinville,0224,MORINVILLE,D,01910,Provincial Government Unconditional Transfers,69383,fir_zip_1994_2002.zip:1999/1999-D-Total.xlsx#Schedule D
1999,morinville,0224,MORINVILLE,D,01920,Provincial Government Conditional Transfers,622827,fir_zip_1994_2002.zip:1999/1999-D-Total.xlsx#Schedule D
1999,morinville,0224,MORINVILLE,EA,08260,GRAND TOTAL,201763075,fir_zip_1994_2002.zip:1999/1999-EA-Equalized Assessment.xlsx#Schedule EA
1999,morinville,0224,MORINVILLE,EA,08265,Linear Subtotal,6199390,fir_zip_1994_2002.zip:1999/1999-EA-Equalized Assessment.xlsx#Schedule EA
1999,morinville,0224,MORINVILLE,EA,08270,Mach & Equip Subtotal,800640,fir_zip_1994_2002.zip:1999/1999-EA-Equalized Assessment.xlsx#Schedule EA
1999,morinville,0224,MORINVILLE,EA,08275,Non Residential Subtotal,22700195,fir_zip_1994_2002.zip:1999/1999-EA-Equalized Assessment.xlsx#Schedule EA
1999,morinville,0224,MORINVILLE,EA,08280,Residential Subtotal,171650150,fir_zip_1994_2002.zip:1999/1999-EA-Equalized Assessment.xlsx#Schedule EA
1999,morinville,0224,MORINVILLE,EA,08285,Farmland,353480,fir_zip_1994_2002.zip:1999/1999-EA-Equalized Assessment.xlsx#Schedule EA
1999,morinville,0224,MORINVILLE,EA,08290,Non Residential Railway,59220,fir_zip_1994_2002.zip:1999/1999-EA-Equalized Assessment.xlsx#Schedule EA
1999,morinville,0224,MORINVILLE,EA,08295,NR Res. Co-generating M&E,0,fir_zip_1994_2002.zip:1999/1999-EA-Equalized Assessment.xlsx#Schedule EA
1999,morinville,0224,MORINVILLE,POPL,POPL,Population,6226,fir_zip_1994_2002.zip:1999/1999-POPL-Population of Alberta.xlsx#Schedule POPL
1999,okotoks,0238,OKOTOKS,D,01910,Provincial Government Unconditional Transfers,67810,fir_zip_1994_2002.zip:1999/1999-D-Total.xlsx#Schedule D
1999,okotoks,0238,OKOTOKS,D,01920,Provincial Government Conditional Transfers,1486318,fir_zip_1994_2002.zip:1999/1999-D-Total.xlsx#Schedule D
1999,okotoks,0238,OKOTOKS,EA,08260,GRAND TOTAL,454206910,fir_zip_1994_2002.zip:1999/1999-EA-Equalized Assessment.xlsx#Schedule EA
1999,okotoks,0238,OKOTOKS,EA,08265,Linear Subtotal,10061800,fir_zip_1994_2002.zip:1999/1999-EA-Equalized Assessment.xlsx#Schedule EA
1999,okotoks,0238,OKOTOKS,EA,08270,Mach & Equip Subtotal,325390,fir_zip_1994_2002.zip:1999/1999-EA-Equalized Assessment.xlsx#Schedule EA
1999,okotoks,0238,OKOTOKS,EA,08275,Non Residential Subtotal,51995941,fir_zip_1994_2002.zip:1999/1999-EA-Equalized Assessment.xlsx#Schedule EA
1999,okotoks,0238,OKOTOKS,EA,08280,Residential Subtotal,391388509,fir_zip_1994_2002.zip:1999/1999-EA-Equalized Assessment.xlsx#Schedule EA
1999,okotoks,0238,OKOTOKS,EA,08285,Farmland,377430,fir_zip_1994_2002.zip:1999/1999-EA-Equalized Assessment.xlsx#Schedule EA
1999,okotoks,0238,OKOTOKS,EA,08290,Non Residential Railway,57840,fir_zip_1994_2002.zip:1999/1999-EA-Equalized Assessment.xlsx#Schedule EA
1999,okotoks,0238,OKOTOKS,EA,08295,NR Res. Co-generating M&E,0,fir_zip_1994_2002.zip:1999/1999-EA-Equalized Assessment.xlsx#Schedule EA
1999,okotoks,0238,OKOTOKS,POPL,POPL,Population,9953,fir_zip_1994_2002.zip:1999/1999-POPL-Population of Alberta.xlsx#Schedule POPL
1999,parkland,0245,PARKLAND COUNTY,D,01910,Provincial Government Unconditional Transfers,71994,fir_zip_1994_2002.zip:1999/1999-D-Total.xlsx#Schedule D
1999,parkland,0245,PARKLAND COUNTY,D,01920,Provincial Government Conditional Transfers,4853795,fir_zip_1994_2002.zip:1999/1999-D-Total.xlsx#Schedule D
1999,parkland,0245,PARKLAND COUNTY,EA,08260,GRAND TOTAL,2057538128,fir_zip_1994_2002.zip:1999/1999-EA-Equalized Assessment.xlsx#Schedule EA
1999,parkland,0245,PARKLAND COUNTY,EA,08265,Linear Subtotal,732769548,fir_zip_1994_2002.zip:1999/1999-EA-Equalized Assessment.xlsx#Schedule EA
1999,parkland,0245,PARKLAND COUNTY,EA,08270,Mach & Equip Subtotal,86215600,fir_zip_1994_2002.zip:1999/1999-EA-Equalized Assessment.xlsx#Schedule EA
1999,parkland,0245,PARKLAND COUNTY,EA,08275,Non Residential Subtotal,161772583,fir_zip_1994_2002.zip:1999/1999-EA-Equalized Assessment.xlsx#Schedule EA
1999,parkland,0245,PARKLAND COUNTY,EA,08280,Residential Subtotal,1020725537,fir_zip_1994_2002.zip:1999/1999-EA-Equalized Assessment.xlsx#Schedule EA
1999,parkland,0245,PARKLAND COUNTY,EA,08285,Farmland,45017630,fir_zip_1994_2002.zip:1999/1999-EA-Equalized Assessment.xlsx#Schedule EA
1999,parkland,0245,PARKLAND COUNTY,EA,08290,Non Residential Railway,11037230,fir_zip_1994_2002.zip:1999/1999-EA-Equalized Assessment.xlsx#Schedule EA
1999,parkland,0245,PARKLAND COUNTY,EA,08295,NR Res. Co-generating M&E,0,fir_zip_1994_2002.zip:1999/1999-EA-Equalized Assessment.xlsx#Schedule EA
1999,parkland,0245,PARKLAND COUNTY,POPL,POPL,Population,24769,fir_zip_1994_2002.zip:1999/1999-POPL-Population of Alberta.xlsx#Schedule POPL
1999,rocky_view,0269,ROCKY VIEW COUNTY,D,01910,Provincial Government Unconditional Transfers,63494,fir_zip_1994_2002.zip:1999/1999-D-Total.xlsx#Schedule D
1999,rocky_view,0269,ROCKY VIEW COUNTY,D,01920,Provincial Government Conditional Transfers,3219962,fir_zip_1994_2002.zip:1999/1999-D-Total.xlsx#Schedule D
1999,rocky_view,0269,ROCKY VIEW COUNTY,EA,08260,GRAND TOTAL,3065854302,fir_zip_1994_2002.zip:1999/1999-EA-Equalized Assessment.xlsx#Schedule EA
1999,rocky_view,0269,ROCKY VIEW COUNTY,EA,08265,Linear Subtotal,357825880,fir_zip_1994_2002.zip:1999/1999-EA-Equalized Assessment.xlsx#Schedule EA
1999,rocky_view,0269,ROCKY VIEW COUNTY,EA,08270,Mach & Equip Subtotal,267403520,fir_zip_1994_2002.zip:1999/1999-EA-Equalized Assessment.xlsx#Schedule EA
1999,rocky_view,0269,ROCKY VIEW COUNTY,EA,08275,Non Residential Subtotal,159364294,fir_zip_1994_2002.zip:1999/1999-EA-Equalized Assessment.xlsx#Schedule EA
1999,rocky_view,0269,ROCKY VIEW COUNTY,EA,08280,Residential Subtotal,2105965708,fir_zip_1994_2002.zip:1999/1999-EA-Equalized Assessment.xlsx#Schedule EA
1999,rocky_view,0269,ROCKY VIEW COUNTY,EA,08285,Farmland,166216440,fir_zip_1994_2002.zip:1999/1999-EA-Equalized Assessment.xlsx#Schedule EA
1999,rocky_view,0269,ROCKY VIEW COUNTY,EA,08290,Non Residential Railway,9078460,fir_zip_1994_2002.zip:1999/1999-EA-Equalized Assessment.xlsx#Schedule EA
1999,rocky_view,0269,ROCKY VIEW COUNTY,EA,08295,NR Res. Co-generating M&E,0,fir_zip_1994_2002.zip:1999/1999-EA-Equalized Assessment.xlsx#Schedule EA
1999,rocky_view,0269,ROCKY VIEW COUNTY,POPL,POPL,Population,23326,fir_zip_1994_2002.zip:1999/1999-POPL-Population of Alberta.xlsx#Schedule POPL
1999,spruce_grove,0291,SPRUCE GROVE,D,01910,Provincial Government Unconditional Transfers,230862,fir_zip_1994_2002.zip:1999/1999-D-Total.xlsx#Schedule D
1999,spruce_grove,0291,SPRUCE GROVE,D,01920,Provincial Government Conditional Transfers,2036821,fir_zip_1994_2002.zip:1999/1999-D-Total.xlsx#Schedule D
1999,spruce_grove,0291,SPRUCE GROVE,EA,08260,GRAND TOTAL,639456956,fir_zip_1994_2002.zip:1999/1999-EA-Equalized Assessment.xlsx#Schedule EA
1999,spruce_grove,0291,SPRUCE GROVE,EA,08265,Linear Subtotal,18224542,fir_zip_1994_2002.zip:1999/1999-EA-Equalized Assessment.xlsx#Schedule EA
1999,spruce_grove,0291,SPRUCE GROVE,EA,08270,Mach & Equip Subtotal,1527576,fir_zip_1994_2002.zip:1999/1999-EA-Equalized Assessment.xlsx#Schedule EA
1999,spruce_grove,0291,SPRUCE GROVE,EA,08275,Non Residential Subtotal,113032279,fir_zip_1994_2002.zip:1999/1999-EA-Equalized Assessment.xlsx#Schedule EA
1999,spruce_grove,0291,SPRUCE GROVE,EA,08280,Residential Subtotal,504860589,fir_zip_1994_2002.zip:1999/1999-EA-Equalized Assessment.xlsx#Schedule EA
1999,spruce_grove,0291,SPRUCE GROVE,EA,08285,Farmland,1294640,fir_zip_1994_2002.zip:1999/1999-EA-Equalized Assessment.xlsx#Schedule EA
1999,spruce_grove,0291,SPRUCE GROVE,EA,08290,Non Residential Railway,517330,fir_zip_1994_2002.zip:1999/1999-EA-Equalized Assessment.xlsx#Schedule EA
1999,spruce_grove,0291,SPRUCE GROVE,EA,08295,NR Res. Co-generating M&E,0,fir_zip_1994_2002.zip:1999/1999-EA-Equalized Assessment.xlsx#Schedule EA
1999,spruce_grove,0291,SPRUCE GROVE,POPL,POPL,Population,15069,fir_zip_1994_2002.zip:1999/1999-POPL-Population of Alberta.xlsx#Schedule POPL
1999,st_albert,0292,ST. ALBERT,D,01910,Provincial Government Unconditional Transfers,1123698,fir_zip_1994_2002.zip:1999/1999-D-Total.xlsx#Schedule D
1999,st_albert,0292,ST. ALBERT,D,01920,Provincial Government Conditional Transfers,4876704,fir_zip_1994_2002.zip:1999/1999-D-Total.xlsx#Schedule D
1999,st_albert,0292,ST. ALBERT,EA,08260,GRAND TOTAL,2437121343,fir_zip_1994_2002.zip:1999/1999-EA-Equalized Assessment.xlsx#Schedule EA
1999,st_albert,0292,ST. ALBERT,EA,08265,Linear Subtotal,51002766,fir_zip_1994_2002.zip:1999/1999-EA-Equalized Assessment.xlsx#Schedule EA
1999,st_albert,0292,ST. ALBERT,EA,08270,Mach & Equip Subtotal,4667790,fir_zip_1994_2002.zip:1999/1999-EA-Equalized Assessment.xlsx#Schedule EA
1999,st_albert,0292,ST. ALBERT,EA,08275,Non Residential Subtotal,246633073,fir_zip_1994_2002.zip:1999/1999-EA-Equalized Assessment.xlsx#Schedule EA
1999,st_albert,0292,ST. ALBERT,EA,08280,Residential Subtotal,2133627434,fir_zip_1994_2002.zip:1999/1999-EA-Equalized Assessment.xlsx#Schedule EA
1999,st_albert,0292,ST. ALBERT,EA,08285,Farmland,1119750,fir_zip_1994_2002.zip:1999/1999-EA-Equalized Assessment.xlsx#Schedule EA
1999,st_albert,0292,ST. ALBERT,EA,08290,Non Residential Railway,70530,fir_zip_1994_2002.zip:1999/1999-EA-Equalized Assessment.xlsx#Schedule EA
1999,st_albert,0292,ST. ALBERT,EA,08295,NR Res. Co-generating M&E,0,fir_zip_1994_2002.zip:1999/1999-EA-Equalized Assessment.xlsx#Schedule EA
1999,st_albert,0292,ST. ALBERT,POPL,POPL,Population,49243,fir_zip_1994_2002.zip:1999/1999-POPL-Population of Alberta.xlsx#Schedule POPL
1999,stony_plain,0301,STONY PLAIN,D,01910,Provincial Government Unconditional Transfers,0,fir_zip_1994_2002.zip:1999/1999-D-Total.xlsx#Schedule D
1999,stony_plain,0301,STONY PLAIN,D,01920,Provincial Government Conditional Transfers,785326,fir_zip_1994_2002.zip:1999/1999-D-Total.xlsx#Schedule D
1999,stony_plain,0301,STONY PLAIN,EA,08260,GRAND TOTAL,345014855,fir_zip_1994_2002.zip:1999/1999-EA-Equalized Assessment.xlsx#Schedule EA
1999,stony_plain,0301,STONY PLAIN,EA,08265,Linear Subtotal,14000395,fir_zip_1994_2002.zip:1999/1999-EA-Equalized Assessment.xlsx#Schedule EA
1999,stony_plain,0301,STONY PLAIN,EA,08270,Mach & Equip Subtotal,175097,fir_zip_1994_2002.zip:1999/1999-EA-Equalized Assessment.xlsx#Schedule EA
1999,stony_plain,0301,STONY PLAIN,EA,08275,Non Residential Subtotal,48492950,fir_zip_1994_2002.zip:1999/1999-EA-Equalized Assessment.xlsx#Schedule EA
1999,stony_plain,0301,STONY PLAIN,EA,08280,Residential Subtotal,280619663,fir_zip_1994_2002.zip:1999/1999-EA-Equalized Assessment.xlsx#Schedule EA
1999,stony_plain,0301,STONY PLAIN,EA,08285,Farmland,760200,fir_zip_1994_2002.zip:1999/1999-EA-Equalized Assessment.xlsx#Schedule EA
1999,stony_plain,0301,STONY PLAIN,EA,08290,Non Residential Railway,966550,fir_zip_1994_2002.zip:1999/1999-EA-Equalized Assessment.xlsx#Schedule EA
1999,stony_plain,0301,STONY PLAIN,EA,08295,NR Res. Co-generating M&E,0,fir_zip_1994_2002.zip:1999/1999-EA-Equalized Assessment.xlsx#Schedule EA
1999,stony_plain,0301,STONY PLAIN,POPL,POPL,Population,8274,fir_zip_1994_2002.zip:1999/1999-POPL-Population of Alberta.xlsx#Schedule POPL
1999,strathcona,0302,STRATHCONA COUNTY,D,01910,Provincial Government Unconditional Transfers,821146,fir_zip_1994_2002.zip:1999/1999-D-Total.xlsx#Schedule D
1999,strathcona,0302,STRATHCONA COUNTY,D,01920,Provincial Government Conditional Transfers,13166298,fir_zip_1994_2002.zip:1999/1999-D-Total.xlsx#Schedule D
1999,strathcona,0302,STRATHCONA COUNTY,EA,08260,GRAND TOTAL,5223147662,fir_zip_1994_2002.zip:1999/1999-EA-Equalized Assessment.xlsx#Schedule EA
1999,strathcona,0302,STRATHCONA COUNTY,EA,08265,Linear Subtotal,265021700,fir_zip_1994_2002.zip:1999/1999-EA-Equalized Assessment.xlsx#Schedule EA
1999,strathcona,0302,STRATHCONA COUNTY,EA,08270,Mach & Equip Subtotal,1445413200,fir_zip_1994_2002.zip:1999/1999-EA-Equalized Assessment.xlsx#Schedule EA
1999,strathcona,0302,STRATHCONA COUNTY,EA,08275,Non Residential Subtotal,558920718,fir_zip_1994_2002.zip:1999/1999-EA-Equalized Assessment.xlsx#Schedule EA
1999,strathcona,0302,STRATHCONA COUNTY,EA,08280,Residential Subtotal,2911818204,fir_zip_1994_2002.zip:1999/1999-EA-Equalized Assessment.xlsx#Schedule EA
1999,strathcona,0302,STRATHCONA COUNTY,EA,08285,Farmland,36745340,fir_zip_1994_2002.zip:1999/1999-EA-Equalized Assessment.xlsx#Schedule EA
1999,strathcona,0302,STRATHCONA COUNTY,EA,08290,Non Residential Railway,5228500,fir_zip_1994_2002.zip:1999/1999-EA-Equalized Assessment.xlsx#Schedule EA
1999,strathcona,0302,STRATHCONA COUNTY,EA,08295,NR Res. Co-generating M&E,0,fir_zip_1994_2002.zip:1999/1999-EA-Equalized Assessment.xlsx#Schedule EA
1999,strathcona,0302,STRATHCONA COUNTY,POPL,POPL,Population,65340,fir_zip_1994_2002.zip:1999/1999-POPL-Population of Alberta.xlsx#Schedule POPL
1999,sturgeon,0305,STURGEON COUNTY,D,01910,Provincial Government Unconditional Transfers,49373,fir_zip_1994_2002.zip:1999/1999-D-Total.xlsx#Schedule D
1999,sturgeon,0305,STURGEON COUNTY,D,01920,Provincial Government Conditional Transfers,6900239,fir_zip_1994_2002.zip:1999/1999-D-Total.xlsx#Schedule D
1999,sturgeon,0305,STURGEON COUNTY,EA,08260,GRAND TOTAL,1446006782,fir_zip_1994_2002.zip:1999/1999-EA-Equalized Assessment.xlsx#Schedule EA
1999,sturgeon,0305,STURGEON COUNTY,EA,08265,Linear Subtotal,195659670,fir_zip_1994_2002.zip:1999/1999-EA-Equalized Assessment.xlsx#Schedule EA
1999,sturgeon,0305,STURGEON COUNTY,EA,08270,Mach & Equip Subtotal,301993530,fir_zip_1994_2002.zip:1999/1999-EA-Equalized Assessment.xlsx#Schedule EA
1999,sturgeon,0305,STURGEON COUNTY,EA,08275,Non Residential Subtotal,260224298,fir_zip_1994_2002.zip:1999/1999-EA-Equalized Assessment.xlsx#Schedule EA
1999,sturgeon,0305,STURGEON COUNTY,EA,08280,Residential Subtotal,604361784,fir_zip_1994_2002.zip:1999/1999-EA-Equalized Assessment.xlsx#Schedule EA
1999,sturgeon,0305,STURGEON COUNTY,EA,08285,Farmland,82247460,fir_zip_1994_2002.zip:1999/1999-EA-Equalized Assessment.xlsx#Schedule EA
1999,sturgeon,0305,STURGEON COUNTY,EA,08290,Non Residential Railway,1520040,fir_zip_1994_2002.zip:1999/1999-EA-Equalized Assessment.xlsx#Schedule EA
1999,sturgeon,0305,STURGEON COUNTY,EA,08295,NR Res. Co-generating M&E,0,fir_zip_1994_2002.zip:1999/1999-EA-Equalized Assessment.xlsx#Schedule EA
1999,sturgeon,0305,STURGEON COUNTY,POPL,POPL,Population,17145,fir_zip_1994_2002.zip:1999/1999-POPL-Population of Alberta.xlsx#Schedule POPL
1999,chestermere,0356,CHESTERMERE,D,01910,Provincial Government Unconditional Transfers,4051,fir_zip_1994_2002.zip:1999/1999-D-Total.xlsx#Schedule D
1999,chestermere,0356,CHESTERMERE,D,01920,Provincial Government Conditional Transfers,165070,fir_zip_1994_2002.zip:1999/1999-D-Total.xlsx#Schedule D
1999,chestermere,0356,CHESTERMERE,EA,08260,GRAND TOTAL,210518566,fir_zip_1994_2002.zip:1999/1999-EA-Equalized Assessment.xlsx#Schedule EA
1999,chestermere,0356,CHESTERMERE,EA,08265,Linear Subtotal,2885110,fir_zip_1994_2002.zip:1999/1999-EA-Equalized Assessment.xlsx#Schedule EA
1999,chestermere,0356,CHESTERMERE,EA,08270,Mach & Equip Subtotal,13900,fir_zip_1994_2002.zip:1999/1999-EA-Equalized Assessment.xlsx#Schedule EA
1999,chestermere,0356,CHESTERMERE,EA,08275,Non Residential Subtotal,6468530,fir_zip_1994_2002.zip:1999/1999-EA-Equalized Assessment.xlsx#Schedule EA
1999,chestermere,0356,CHESTERMERE,EA,08280,Residential Subtotal,200827836,fir_zip_1994_2002.zip:1999/1999-EA-Equalized Assessment.xlsx#Schedule EA
1999,chestermere,0356,CHESTERMERE,EA,08285,Farmland,323190,fir_zip_1994_2002.zip:1999/1999-EA-Equalized Assessment.xlsx#Schedule EA
1999,chestermere,0356,CHESTERMERE,EA,08290,Non Residential Railway,0,fir_zip_1994_2002.zip:1999/1999-EA-Equalized Assessment.xlsx#Schedule EA
1999,chestermere,0356,CHESTERMERE,EA,08295,NR Res. Co-generating M&E,0,fir_zip_1994_2002.zip:1999/1999-EA-Equalized Assessment.xlsx#Schedule EA
1999,chestermere,0356,CHESTERMERE,POPL,POPL,Population,2552,fir_zip_1994_2002.zip:1999/1999-POPL-Population of Alberta.xlsx#Schedule POPL
2000,airdrie,0003,AIRDRIE,D,01910,Provincial Government Unconditional Transfers,292329,fir_zip_1994_2002.zip:2000/2000-D-Total.xlsx#Schedule D
2000,airdrie,0003,AIRDRIE,D,01920,Provincial Government Conditional Transfers,1806881,fir_zip_1994_2002.zip:2000/2000-D-Total.xlsx#Schedule D
2000,airdrie,0003,AIRDRIE,EA,08260,GRAND TOTAL,951234593,fir_zip_1994_2002.zip:2000/2000-EA-Equalized Assessment.xlsx#Schedule EA
2000,airdrie,0003,AIRDRIE,EA,08265,Linear Subtotal,16069110,fir_zip_1994_2002.zip:2000/2000-EA-Equalized Assessment.xlsx#Schedule EA
2000,airdrie,0003,AIRDRIE,EA,08270,Mach & Equip Subtotal,5167800,fir_zip_1994_2002.zip:2000/2000-EA-Equalized Assessment.xlsx#Schedule EA
2000,airdrie,0003,AIRDRIE,EA,08275,Non Residential Subtotal,153652349,fir_zip_1994_2002.zip:2000/2000-EA-Equalized Assessment.xlsx#Schedule EA
2000,airdrie,0003,AIRDRIE,EA,08280,Residential Subtotal,773015634,fir_zip_1994_2002.zip:2000/2000-EA-Equalized Assessment.xlsx#Schedule EA
2000,airdrie,0003,AIRDRIE,EA,08285,Farmland,3172700,fir_zip_1994_2002.zip:2000/2000-EA-Equalized Assessment.xlsx#Schedule EA
2000,airdrie,0003,AIRDRIE,EA,08290,Non Residential Railway,157000,fir_zip_1994_2002.zip:2000/2000-EA-Equalized Assessment.xlsx#Schedule EA
2000,airdrie,0003,AIRDRIE,EA,08295,NR Res. Co-generating M&E,0,fir_zip_1994_2002.zip:2000/2000-EA-Equalized Assessment.xlsx#Schedule EA
2000,airdrie,0003,AIRDRIE,POPL,POPL,Population,19165,fir_zip_1994_2002.zip:2000/2000-POPL-Population of Alberta.xlsx#Schedule POPL
2000,beaumont,0019,BEAUMONT,D,01910,Provincial Government Unconditional Transfers,68394,fir_zip_1994_2002.zip:2000/2000-D-Total.xlsx#Schedule D
2000,beaumont,0019,BEAUMONT,D,01920,Provincial Government Conditional Transfers,450224,fir_zip_1994_2002.zip:2000/2000-D-Total.xlsx#Schedule D
2000,beaumont,0019,BEAUMONT,EA,08260,GRAND TOTAL,270956945,fir_zip_1994_2002.zip:2000/2000-EA-Equalized Assessment.xlsx#Schedule EA
2000,beaumont,0019,BEAUMONT,EA,08265,Linear Subtotal,3219630,fir_zip_1994_2002.zip:2000/2000-EA-Equalized Assessment.xlsx#Schedule EA
2000,beaumont,0019,BEAUMONT,EA,08270,Mach & Equip Subtotal,44940,fir_zip_1994_2002.zip:2000/2000-EA-Equalized Assessment.xlsx#Schedule EA
2000,beaumont,0019,BEAUMONT,EA,08275,Non Residential Subtotal,14803351,fir_zip_1994_2002.zip:2000/2000-EA-Equalized Assessment.xlsx#Schedule EA
2000,beaumont,0019,BEAUMONT,EA,08280,Residential Subtotal,252764314,fir_zip_1994_2002.zip:2000/2000-EA-Equalized Assessment.xlsx#Schedule EA
2000,beaumont,0019,BEAUMONT,EA,08285,Farmland,124710,fir_zip_1994_2002.zip:2000/2000-EA-Equalized Assessment.xlsx#Schedule EA
2000,beaumont,0019,BEAUMONT,EA,08290,Non Residential Railway,0,fir_zip_1994_2002.zip:2000/2000-EA-Equalized Assessment.xlsx#Schedule EA
2000,beaumont,0019,BEAUMONT,EA,08295,NR Res. Co-generating M&E,0,fir_zip_1994_2002.zip:2000/2000-EA-Equalized Assessment.xlsx#Schedule EA
2000,beaumont,0019,BEAUMONT,POPL,POPL,Population,6518,fir_zip_1994_2002.zip:2000/2000-POPL-Population of Alberta.xlsx#Schedule POPL
2000,calgary,0046,CALGARY,D,01910,Provincial Government Unconditional Transfers,11770000,fir_zip_1994_2002.zip:2000/2000-D-Total.xlsx#Schedule D
2000,calgary,0046,CALGARY,D,01920,Provincial Government Conditional Transfers,134744000,fir_zip_1994_2002.zip:2000/2000-D-Total.xlsx#Schedule D
2000,calgary,0046,CALGARY,EA,08260,GRAND TOTAL,63279737195,fir_zip_1994_2002.zip:2000/2000-EA-Equalized Assessment.xlsx#Schedule EA
2000,calgary,0046,CALGARY,EA,08265,Linear Subtotal,968749850,fir_zip_1994_2002.zip:2000/2000-EA-Equalized Assessment.xlsx#Schedule EA
2000,calgary,0046,CALGARY,EA,08270,Mach & Equip Subtotal,203875110,fir_zip_1994_2002.zip:2000/2000-EA-Equalized Assessment.xlsx#Schedule EA
2000,calgary,0046,CALGARY,EA,08275,Non Residential Subtotal,15618954357,fir_zip_1994_2002.zip:2000/2000-EA-Equalized Assessment.xlsx#Schedule EA
2000,calgary,0046,CALGARY,EA,08280,Residential Subtotal,46465531478,fir_zip_1994_2002.zip:2000/2000-EA-Equalized Assessment.xlsx#Schedule EA
2000,calgary,0046,CALGARY,EA,08285,Farmland,16339780,fir_zip_1994_2002.zip:2000/2000-EA-Equalized Assessment.xlsx#Schedule EA
2000,calgary,0046,CALGARY,EA,08290,Non Residential Railway,6286620,fir_zip_1994_2002.zip:2000/2000-EA-Equalized Assessment.xlsx#Schedule EA
2000,calgary,0046,CALGARY,EA,08295,NR Res. Co-generating M&E,0,fir_zip_1994_2002.zip:2000/2000-EA-Equalized Assessment.xlsx#Schedule EA
2000,calgary,0046,CALGARY,POPL,POPL,Population,860749,fir_zip_1994_2002.zip:2000/2000-POPL-Population of Alberta.xlsx#Schedule POPL
2000,cochrane,0070,COCHRANE,D,01910,Provincial Government Unconditional Transfers,52176,fir_zip_1994_2002.zip:2000/2000-D-Total.xlsx#Schedule D
2000,cochrane,0070,COCHRANE,D,01920,Provincial Government Conditional Transfers,3108610,fir_zip_1994_2002.zip:2000/2000-D-Total.xlsx#Schedule D
2000,cochrane,0070,COCHRANE,EA,08260,GRAND TOTAL,687444176,fir_zip_1994_2002.zip:2000/2000-EA-Equalized Assessment.xlsx#Schedule EA
2000,cochrane,0070,COCHRANE,EA,08265,Linear Subtotal,10916460,fir_zip_1994_2002.zip:2000/2000-EA-Equalized Assessment.xlsx#Schedule EA
2000,cochrane,0070,COCHRANE,EA,08270,Mach & Equip Subtotal,6368360,fir_zip_1994_2002.zip:2000/2000-EA-Equalized Assessment.xlsx#Schedule EA
2000,cochrane,0070,COCHRANE,EA,08275,Non Residential Subtotal,87103378,fir_zip_1994_2002.zip:2000/2000-EA-Equalized Assessment.xlsx#Schedule EA
2000,cochrane,0070,COCHRANE,EA,08280,Residential Subtotal,578793068,fir_zip_1994_2002.zip:2000/2000-EA-Equalized Assessment.xlsx#Schedule EA
2000,cochrane,0070,COCHRANE,EA,08285,Farmland,3125150,fir_zip_1994_2002.zip:2000/2000-EA-Equalized Assessment.xlsx#Schedule EA
2000,cochrane,0070,COCHRANE,EA,08290,Non Residential Railway,1137760,fir_zip_1994_2002.zip:2000/2000-EA-Equalized Assessment.xlsx#Schedule EA
2000,cochrane,0070,COCHRANE,EA,08295,NR Res. Co-generating M&E,0,fir_zip_1994_2002.zip:2000/2000-EA-Equalized Assessment.xlsx#Schedule EA
2000,cochrane,0070,COCHRANE,POPL,POPL,Population,11173,fir_zip_1994_2002.zip:2000/2000-POPL-Population of Alberta.xlsx#Schedule POPL
2000,devon,0086,DEVON,D,01910,Provincial Government Unconditional Transfers,0,fir_zip_1994_2002.zip:2000/2000-D-Total.xlsx#Schedule D
2000,devon,0086,DEVON,D,01920,Provincial Government Conditional Transfers,505457,fir_zip_1994_2002.zip:2000/2000-D-Total.xlsx#Schedule D
2000,devon,0086,DEVON,EA,08260,GRAND TOTAL,211208734,fir_zip_1994_2002.zip:2000/2000-EA-Equalized Assessment.xlsx#Schedule EA
2000,devon,0086,DEVON,EA,08265,Linear Subtotal,8538930,fir_zip_1994_2002.zip:2000/2000-EA-Equalized Assessment.xlsx#Schedule EA
2000,devon,0086,DEVON,EA,08270,Mach & Equip Subtotal,10676430,fir_zip_1994_2002.zip:2000/2000-EA-Equalized Assessment.xlsx#Schedule EA
2000,devon,0086,DEVON,EA,08275,Non Residential Subtotal,39498258,fir_zip_1994_2002.zip:2000/2000-EA-Equalized Assessment.xlsx#Schedule EA
2000,devon,0086,DEVON,EA,08280,Residential Subtotal,152392906,fir_zip_1994_2002.zip:2000/2000-EA-Equalized Assessment.xlsx#Schedule EA
2000,devon,0086,DEVON,EA,08285,Farmland,102210,fir_zip_1994_2002.zip:2000/2000-EA-Equalized Assessment.xlsx#Schedule EA
2000,devon,0086,DEVON,EA,08290,Non Residential Railway,0,fir_zip_1994_2002.zip:2000/2000-EA-Equalized Assessment.xlsx#Schedule EA
2000,devon,0086,DEVON,EA,08295,NR Res. Co-generating M&E,0,fir_zip_1994_2002.zip:2000/2000-EA-Equalized Assessment.xlsx#Schedule EA
2000,devon,0086,DEVON,POPL,POPL,Population,4808,fir_zip_1994_2002.zip:2000/2000-POPL-Population of Alberta.xlsx#Schedule POPL
2000,edmonton,0098,EDMONTON,D,01910,Provincial Government Unconditional Transfers,30062000,fir_zip_1994_2002.zip:2000/2000-D-Total.xlsx#Schedule D
2000,edmonton,0098,EDMONTON,D,01920,Provincial Government Conditional Transfers,100653000,fir_zip_1994_2002.zip:2000/2000-D-Total.xlsx#Schedule D
2000,edmonton,0098,EDMONTON,EA,08260,GRAND TOTAL,33966940243,fir_zip_1994_2002.zip:2000/2000-EA-Equalized Assessment.xlsx#Schedule EA
2000,edmonton,0098,EDMONTON,EA,08265,Linear Subtotal,907827400,fir_zip_1994_2002.zip:2000/2000-EA-Equalized Assessment.xlsx#Schedule EA
2000,edmonton,0098,EDMONTON,EA,08270,Mach & Equip Subtotal,563612890,fir_zip_1994_2002.zip:2000/2000-EA-Equalized Assessment.xlsx#Schedule EA
2000,edmonton,0098,EDMONTON,EA,08275,Non Residential Subtotal,8192448570,fir_zip_1994_2002.zip:2000/2000-EA-Equalized Assessment.xlsx#Schedule EA
2000,edmonton,0098,EDMONTON,EA,08280,Residential Subtotal,24270696699,fir_zip_1994_2002.zip:2000/2000-EA-Equalized Assessment.xlsx#Schedule EA
2000,edmonton,0098,EDMONTON,EA,08285,Farmland,23261264,fir_zip_1994_2002.zip:2000/2000-EA-Equalized Assessment.xlsx#Schedule EA
2000,edmonton,0098,EDMONTON,EA,08290,Non Residential Railway,5784920,fir_zip_1994_2002.zip:2000/2000-EA-Equalized Assessment.xlsx#Schedule EA
2000,edmonton,0098,EDMONTON,EA,08295,NR Res. Co-generating M&E,3308500,fir_zip_1994_2002.zip:2000/2000-EA-Equalized Assessment.xlsx#Schedule EA
2000,edmonton,0098,EDMONTON,POPL,POPL,Population,648284,fir_zip_1994_2002.zip:2000/2000-POPL-Population of Alberta.xlsx#Schedule POPL
2000,foothills,0111,"FOOTHILLS NO. 31, M.D. OF",D,01910,Provincial Government Unconditional Transfers,37608,fir_zip_1994_2002.zip:2000/2000-D-Total.xlsx#Schedule D
2000,foothills,0111,"FOOTHILLS NO. 31, M.D. OF",D,01920,Provincial Government Conditional Transfers,2989537,fir_zip_1994_2002.zip:2000/2000-D-Total.xlsx#Schedule D
2000,foothills,0111,"FOOTHILLS NO. 31, M.D. OF",EA,08260,GRAND TOTAL,1855008662,fir_zip_1994_2002.zip:2000/2000-EA-Equalized Assessment.xlsx#Schedule EA
2000,foothills,0111,"FOOTHILLS NO. 31, M.D. OF",EA,08265,Linear Subtotal,214878530,fir_zip_1994_2002.zip:2000/2000-EA-Equalized Assessment.xlsx#Schedule EA
2000,foothills,0111,"FOOTHILLS NO. 31, M.D. OF",EA,08270,Mach & Equip Subtotal,131302070,fir_zip_1994_2002.zip:2000/2000-EA-Equalized Assessment.xlsx#Schedule EA
2000,foothills,0111,"FOOTHILLS NO. 31, M.D. OF",EA,08275,Non Residential Subtotal,116142434,fir_zip_1994_2002.zip:2000/2000-EA-Equalized Assessment.xlsx#Schedule EA
2000,foothills,0111,"FOOTHILLS NO. 31, M.D. OF",EA,08280,Residential Subtotal,1250269198,fir_zip_1994_2002.zip:2000/2000-EA-Equalized Assessment.xlsx#Schedule EA
2000,foothills,0111,"FOOTHILLS NO. 31, M.D. OF",EA,08285,Farmland,141272620,fir_zip_1994_2002.zip:2000/2000-EA-Equalized Assessment.xlsx#Schedule EA
2000,foothills,0111,"FOOTHILLS NO. 31, M.D. OF",EA,08290,Non Residential Railway,1143810,fir_zip_1994_2002.zip:2000/2000-EA-Equalized Assessment.xlsx#Schedule EA
2000,foothills,0111,"FOOTHILLS NO. 31, M.D. OF",EA,08295,NR Res. Co-generating M&E,0,fir_zip_1994_2002.zip:2000/2000-EA-Equalized Assessment.xlsx#Schedule EA
2000,foothills,0111,"FOOTHILLS NO. 31, M.D. OF",POPL,POPL,Population,16122,fir_zip_1994_2002.zip:2000/2000-POPL-Population of Alberta.xlsx#Schedule POPL
2000,fort_saskatchewan,0117,FORT SASKATCHEWAN,D,01910,Provincial Government Unconditional Transfers,0,fir_zip_1994_2002.zip:2000/2000-D-Total.xlsx#Schedule D
2000,fort_saskatchewan,0117,FORT SASKATCHEWAN,D,01920,Provincial Government Conditional Transfers,2805596,fir_zip_1994_2002.zip:2000/2000-D-Total.xlsx#Schedule D
2000,fort_saskatchewan,0117,FORT SASKATCHEWAN,EA,08260,GRAND TOTAL,1747724748,fir_zip_1994_2002.zip:2000/2000-EA-Equalized Assessment.xlsx#Schedule EA
2000,fort_saskatchewan,0117,FORT SASKATCHEWAN,EA,08265,Linear Subtotal,39237500,fir_zip_1994_2002.zip:2000/2000-EA-Equalized Assessment.xlsx#Schedule EA
2000,fort_saskatchewan,0117,FORT SASKATCHEWAN,EA,08270,Mach & Equip Subtotal,867221630,fir_zip_1994_2002.zip:2000/2000-EA-Equalized Assessment.xlsx#Schedule EA
2000,fort_saskatchewan,0117,FORT SASKATCHEWAN,EA,08275,Non Residential Subtotal,353543187,fir_zip_1994_2002.zip:2000/2000-EA-Equalized Assessment.xlsx#Schedule EA
2000,fort_saskatchewan,0117,FORT SASKATCHEWAN,EA,08280,Residential Subtotal,467929151,fir_zip_1994_2002.zip:2000/2000-EA-Equalized Assessment.xlsx#Schedule EA
2000,fort_saskatchewan,0117,FORT SASKATCHEWAN,EA,08285,Farmland,1366960,fir_zip_1994_2002.zip:2000/2000-EA-Equalized Assessment.xlsx#Schedule EA
2000,fort_saskatchewan,0117,FORT SASKATCHEWAN,EA,08290,Non Residential Railway,153740,fir_zip_1994_2002.zip:2000/2000-EA-Equalized Assessment.xlsx#Schedule EA
2000,fort_saskatchewan,0117,FORT SASKATCHEWAN,EA,08295,NR Res. Co-generating M&E,18272580,fir_zip_1994_2002.zip:2000/2000-EA-Equalized Assessment.xlsx#Schedule EA
2000,fort_saskatchewan,0117,FORT SASKATCHEWAN,POPL,POPL,Population,13346,fir_zip_1994_2002.zip:2000/2000-POPL-Population of Alberta.xlsx#Schedule POPL
2000,high_river,0148,HIGH RIVER,D,01910,Provincial Government Unconditional Transfers,63075,fir_zip_1994_2002.zip:2000/2000-D-Total.xlsx#Schedule D
2000,high_river,0148,HIGH RIVER,D,01920,Provincial Government Conditional Transfers,1444874,fir_zip_1994_2002.zip:2000/2000-D-Total.xlsx#Schedule D
2000,high_river,0148,HIGH RIVER,EA,08260,GRAND TOTAL,455700858,fir_zip_1994_2002.zip:2000/2000-EA-Equalized Assessment.xlsx#Schedule EA
2000,high_river,0148,HIGH RIVER,EA,08265,Linear Subtotal,8686640,fir_zip_1994_2002.zip:2000/2000-EA-Equalized Assessment.xlsx#Schedule EA
2000,high_river,0148,HIGH RIVER,EA,08270,Mach & Equip Subtotal,0,fir_zip_1994_2002.zip:2000/2000-EA-Equalized Assessment.xlsx#Schedule EA
2000,high_river,0148,HIGH RIVER,EA,08275,Non Residential Subtotal,74168836,fir_zip_1994_2002.zip:2000/2000-EA-Equalized Assessment.xlsx#Schedule EA
2000,high_river,0148,HIGH RIVER,EA,08280,Residential Subtotal,372304882,fir_zip_1994_2002.zip:2000/2000-EA-Equalized Assessment.xlsx#Schedule EA
2000,high_river,0148,HIGH RIVER,EA,08285,Farmland,513700,fir_zip_1994_2002.zip:2000/2000-EA-Equalized Assessment.xlsx#Schedule EA
2000,high_river,0148,HIGH RIVER,EA,08290,Non Residential Railway,26800,fir_zip_1994_2002.zip:2000/2000-EA-Equalized Assessment.xlsx#Schedule EA
2000,high_river,0148,HIGH RIVER,EA,08295,NR Res. Co-generating M&E,0,fir_zip_1994_2002.zip:2000/2000-EA-Equalized Assessment.xlsx#Schedule EA
2000,high_river,0148,HIGH RIVER,POPL,POPL,Population,8554,fir_zip_1994_2002.zip:2000/2000-POPL-Population of Alberta.xlsx#Schedule POPL
2000,leduc_city,0200,LEDUC,D,01910,Provincial Government Unconditional Transfers,192905,fir_zip_1994_2002.zip:2000/2000-D-Total.xlsx#Schedule D
2000,leduc_city,0200,LEDUC,D,01920,Provincial Government Conditional Transfers,1693361,fir_zip_1994_2002.zip:2000/2000-D-Total.xlsx#Schedule D
2000,leduc_city,0200,LEDUC,EA,08260,GRAND TOTAL,697331141,fir_zip_1994_2002.zip:2000/2000-EA-Equalized Assessment.xlsx#Schedule EA
2000,leduc_city,0200,LEDUC,EA,08265,Linear Subtotal,18324330,fir_zip_1994_2002.zip:2000/2000-EA-Equalized Assessment.xlsx#Schedule EA
2000,leduc_city,0200,LEDUC,EA,08270,Mach & Equip Subtotal,3936960,fir_zip_1994_2002.zip:2000/2000-EA-Equalized Assessment.xlsx#Schedule EA
2000,leduc_city,0200,LEDUC,EA,08275,Non Residential Subtotal,133495453,fir_zip_1994_2002.zip:2000/2000-EA-Equalized Assessment.xlsx#Schedule EA
2000,leduc_city,0200,LEDUC,EA,08280,Residential Subtotal,538346248,fir_zip_1994_2002.zip:2000/2000-EA-Equalized Assessment.xlsx#Schedule EA
2000,leduc_city,0200,LEDUC,EA,08285,Farmland,2912090,fir_zip_1994_2002.zip:2000/2000-EA-Equalized Assessment.xlsx#Schedule EA
2000,leduc_city,0200,LEDUC,EA,08290,Non Residential Railway,316060,fir_zip_1994_2002.zip:2000/2000-EA-Equalized Assessment.xlsx#Schedule EA
2000,leduc_city,0200,LEDUC,EA,08295,NR Res. Co-generating M&E,0,fir_zip_1994_2002.zip:2000/2000-EA-Equalized Assessment.xlsx#Schedule EA
2000,leduc_city,0200,LEDUC,POPL,POPL,Population,14540,fir_zip_1994_2002.zip:2000/2000-POPL-Population of Alberta.xlsx#Schedule POPL
2000,leduc_county,0201,LEDUC COUNTY,D,01910,Provincial Government Unconditional Transfers,46861,fir_zip_1994_2002.zip:2000/2000-D-Total.xlsx#Schedule D
2000,leduc_county,0201,LEDUC COUNTY,D,01920,Provincial Government Conditional Transfers,4727330,fir_zip_1994_2002.zip:2000/2000-D-Total.xlsx#Schedule D
2000,leduc_county,0201,LEDUC COUNTY,EA,08260,GRAND TOTAL,1633981223,fir_zip_1994_2002.zip:2000/2000-EA-Equalized Assessment.xlsx#Schedule EA
2000,leduc_county,0201,LEDUC COUNTY,EA,08265,Linear Subtotal,664531750,fir_zip_1994_2002.zip:2000/2000-EA-Equalized Assessment.xlsx#Schedule EA
2000,leduc_county,0201,LEDUC COUNTY,EA,08270,Mach & Equip Subtotal,80131830,fir_zip_1994_2002.zip:2000/2000-EA-Equalized Assessment.xlsx#Schedule EA
2000,leduc_county,0201,LEDUC COUNTY,EA,08275,Non Residential Subtotal,389683101,fir_zip_1994_2002.zip:2000/2000-EA-Equalized Assessment.xlsx#Schedule EA
2000,leduc_county,0201,LEDUC COUNTY,EA,08280,Residential Subtotal,403412712,fir_zip_1994_2002.zip:2000/2000-EA-Equalized Assessment.xlsx#Schedule EA
2000,leduc_county,0201,LEDUC COUNTY,EA,08285,Farmland,94062350,fir_zip_1994_2002.zip:2000/2000-EA-Equalized Assessment.xlsx#Schedule EA
2000,leduc_county,0201,LEDUC COUNTY,EA,08290,Non Residential Railway,2159480,fir_zip_1994_2002.zip:2000/2000-EA-Equalized Assessment.xlsx#Schedule EA
2000,leduc_county,0201,LEDUC COUNTY,EA,08295,NR Res. Co-generating M&E,0,fir_zip_1994_2002.zip:2000/2000-EA-Equalized Assessment.xlsx#Schedule EA
2000,leduc_county,0201,LEDUC COUNTY,POPL,POPL,Population,12361,fir_zip_1994_2002.zip:2000/2000-POPL-Population of Alberta.xlsx#Schedule POPL
2000,morinville,0224,MORINVILLE,D,01910,Provincial Government Unconditional Transfers,69383,fir_zip_1994_2002.zip:2000/2000-D-Total.xlsx#Schedule D
2000,morinville,0224,MORINVILLE,D,01920,Provincial Government Conditional Transfers,721152,fir_zip_1994_2002.zip:2000/2000-D-Total.xlsx#Schedule D
2000,morinville,0224,MORINVILLE,EA,08260,GRAND TOTAL,212085139,fir_zip_1994_2002.zip:2000/2000-EA-Equalized Assessment.xlsx#Schedule EA
2000,morinville,0224,MORINVILLE,EA,08265,Linear Subtotal,5675120,fir_zip_1994_2002.zip:2000/2000-EA-Equalized Assessment.xlsx#Schedule EA
2000,morinville,0224,MORINVILLE,EA,08270,Mach & Equip Subtotal,833850,fir_zip_1994_2002.zip:2000/2000-EA-Equalized Assessment.xlsx#Schedule EA
2000,morinville,0224,MORINVILLE,EA,08275,Non Residential Subtotal,27360556,fir_zip_1994_2002.zip:2000/2000-EA-Equalized Assessment.xlsx#Schedule EA
2000,morinville,0224,MORINVILLE,EA,08280,Residential Subtotal,177803823,fir_zip_1994_2002.zip:2000/2000-EA-Equalized Assessment.xlsx#Schedule EA
2000,morinville,0224,MORINVILLE,EA,08285,Farmland,352570,fir_zip_1994_2002.zip:2000/2000-EA-Equalized Assessment.xlsx#Schedule EA
2000,morinville,0224,MORINVILLE,EA,08290,Non Residential Railway,59220,fir_zip_1994_2002.zip:2000/2000-EA-Equalized Assessment.xlsx#Schedule EA
2000,morinville,0224,MORINVILLE,EA,08295,NR Res. Co-generating M&E,0,fir_zip_1994_2002.zip:2000/2000-EA-Equalized Assessment.xlsx#Schedule EA
2000,morinville,0224,MORINVILLE,POPL,POPL,Population,6226,fir_zip_1994_2002.zip:2000/2000-POPL-Population of Alberta.xlsx#Schedule POPL
2000,okotoks,0238,OKOTOKS,D,01910,Provincial Government Unconditional Transfers,67810,fir_zip_1994_2002.zip:2000/2000-D-Total.xlsx#Schedule D
2000,okotoks,0238,OKOTOKS,D,01920,Provincial Government Conditional Transfers,1208085,fir_zip_1994_2002.zip:2000/2000-D-Total.xlsx#Schedule D
2000,okotoks,0238,OKOTOKS,EA,08260,GRAND TOTAL,563799299,fir_zip_1994_2002.zip:2000/2000-EA-Equalized Assessment.xlsx#Schedule EA
2000,okotoks,0238,OKOTOKS,EA,08265,Linear Subtotal,8961140,fir_zip_1994_2002.zip:2000/2000-EA-Equalized Assessment.xlsx#Schedule EA
2000,okotoks,0238,OKOTOKS,EA,08270,Mach & Equip Subtotal,342640,fir_zip_1994_2002.zip:2000/2000-EA-Equalized Assessment.xlsx#Schedule EA
2000,okotoks,0238,OKOTOKS,EA,08275,Non Residential Subtotal,66441810,fir_zip_1994_2002.zip:2000/2000-EA-Equalized Assessment.xlsx#Schedule EA
2000,okotoks,0238,OKOTOKS,EA,08280,Residential Subtotal,487630289,fir_zip_1994_2002.zip:2000/2000-EA-Equalized Assessment.xlsx#Schedule EA
2000,okotoks,0238,OKOTOKS,EA,08285,Farmland,365580,fir_zip_1994_2002.zip:2000/2000-EA-Equalized Assessment.xlsx#Schedule EA
2000,okotoks,0238,OKOTOKS,EA,08290,Non Residential Railway,57840,fir_zip_1994_2002.zip:2000/2000-EA-Equalized Assessment.xlsx#Schedule EA
2000,okotoks,0238,OKOTOKS,EA,08295,NR Res. Co-generating M&E,0,fir_zip_1994_2002.zip:2000/2000-EA-Equalized Assessment.xlsx#Schedule EA
2000,okotoks,0238,OKOTOKS,POPL,POPL,Population,9953,fir_zip_1994_2002.zip:2000/2000-POPL-Population of Alberta.xlsx#Schedule POPL
2000,parkland,0245,PARKLAND COUNTY,D,01910,Provincial Government Unconditional Transfers,71992,fir_zip_1994_2002.zip:2000/2000-D-Total.xlsx#Schedule D
2000,parkland,0245,PARKLAND COUNTY,D,01920,Provincial Government Conditional Transfers,1617052,fir_zip_1994_2002.zip:2000/2000-D-Total.xlsx#Schedule D
2000,parkland,0245,PARKLAND COUNTY,EA,08260,GRAND TOTAL,2175349388,fir_zip_1994_2002.zip:2000/2000-EA-Equalized Assessment.xlsx#Schedule EA
2000,parkland,0245,PARKLAND COUNTY,EA,08265,Linear Subtotal,728977510,fir_zip_1994_2002.zip:2000/2000-EA-Equalized Assessment.xlsx#Schedule EA
2000,parkland,0245,PARKLAND COUNTY,EA,08270,Mach & Equip Subtotal,90817480,fir_zip_1994_2002.zip:2000/2000-EA-Equalized Assessment.xlsx#Schedule EA
2000,parkland,0245,PARKLAND COUNTY,EA,08275,Non Residential Subtotal,185684153,fir_zip_1994_2002.zip:2000/2000-EA-Equalized Assessment.xlsx#Schedule EA
2000,parkland,0245,PARKLAND COUNTY,EA,08280,Residential Subtotal,1113276625,fir_zip_1994_2002.zip:2000/2000-EA-Equalized Assessment.xlsx#Schedule EA
2000,parkland,0245,PARKLAND COUNTY,EA,08285,Farmland,45710350,fir_zip_1994_2002.zip:2000/2000-EA-Equalized Assessment.xlsx#Schedule EA
2000,parkland,0245,PARKLAND COUNTY,EA,08290,Non Residential Railway,10883270,fir_zip_1994_2002.zip:2000/2000-EA-Equalized Assessment.xlsx#Schedule EA
2000,parkland,0245,PARKLAND COUNTY,EA,08295,NR Res. Co-generating M&E,0,fir_zip_1994_2002.zip:2000/2000-EA-Equalized Assessment.xlsx#Schedule EA
2000,parkland,0245,PARKLAND COUNTY,POPL,POPL,Population,24769,fir_zip_1994_2002.zip:2000/2000-POPL-Population of Alberta.xlsx#Schedule POPL
2000,rocky_view,0269,ROCKY VIEW COUNTY,D,01910,Provincial Government Unconditional Transfers,63494,fir_zip_1994_2002.zip:2000/2000-D-Total.xlsx#Schedule D
2000,rocky_view,0269,ROCKY VIEW COUNTY,D,01920,Provincial Government Conditional Transfers,3427510,fir_zip_1994_2002.zip:2000/2000-D-Total.xlsx#Schedule D
2000,rocky_view,0269,ROCKY VIEW COUNTY,EA,08260,GRAND TOTAL,3600105438,fir_zip_1994_2002.zip:2000/2000-EA-Equalized Assessment.xlsx#Schedule EA
2000,rocky_view,0269,ROCKY VIEW COUNTY,EA,08265,Linear Subtotal,358908450,fir_zip_1994_2002.zip:2000/2000-EA-Equalized Assessment.xlsx#Schedule EA
2000,rocky_view,0269,ROCKY VIEW COUNTY,EA,08270,Mach & Equip Subtotal,309164350,fir_zip_1994_2002.zip:2000/2000-EA-Equalized Assessment.xlsx#Schedule EA
2000,rocky_view,0269,ROCKY VIEW COUNTY,EA,08275,Non Residential Subtotal,189405655,fir_zip_1994_2002.zip:2000/2000-EA-Equalized Assessment.xlsx#Schedule EA
2000,rocky_view,0269,ROCKY VIEW COUNTY,EA,08280,Residential Subtotal,2566494833,fir_zip_1994_2002.zip:2000/2000-EA-Equalized Assessment.xlsx#Schedule EA
2000,rocky_view,0269,ROCKY VIEW COUNTY,EA,08285,Farmland,166030840,fir_zip_1994_2002.zip:2000/2000-EA-Equalized Assessment.xlsx#Schedule EA
2000,rocky_view,0269,ROCKY VIEW COUNTY,EA,08290,Non Residential Railway,10101310,fir_zip_1994_2002.zip:2000/2000-EA-Equalized Assessment.xlsx#Schedule EA
2000,rocky_view,0269,ROCKY VIEW COUNTY,EA,08295,NR Res. Co-generating M&E,0,fir_zip_1994_2002.zip:2000/2000-EA-Equalized Assessment.xlsx#Schedule EA
2000,rocky_view,0269,ROCKY VIEW COUNTY,POPL,POPL,Population,28441,fir_zip_1994_2002.zip:2000/2000-POPL-Population of Alberta.xlsx#Schedule POPL
2000,spruce_grove,0291,SPRUCE GROVE,D,01910,Provincial Government Unconditional Transfers,230862,fir_zip_1994_2002.zip:2000/2000-D-Total.xlsx#Schedule D
2000,spruce_grove,0291,SPRUCE GROVE,D,01920,Provincial Government Conditional Transfers,3461547,fir_zip_1994_2002.zip:2000/2000-D-Total.xlsx#Schedule D
2000,spruce_grove,0291,SPRUCE GROVE,EA,08260,GRAND TOTAL,666947167,fir_zip_1994_2002.zip:2000/2000-EA-Equalized Assessment.xlsx#Schedule EA
2000,spruce_grove,0291,SPRUCE GROVE,EA,08265,Linear Subtotal,16488860,fir_zip_1994_2002.zip:2000/2000-EA-Equalized Assessment.xlsx#Schedule EA
2000,spruce_grove,0291,SPRUCE GROVE,EA,08270,Mach & Equip Subtotal,0,fir_zip_1994_2002.zip:2000/2000-EA-Equalized Assessment.xlsx#Schedule EA
2000,spruce_grove,0291,SPRUCE GROVE,EA,08275,Non Residential Subtotal,111603198,fir_zip_1994_2002.zip:2000/2000-EA-Equalized Assessment.xlsx#Schedule EA
2000,spruce_grove,0291,SPRUCE GROVE,EA,08280,Residential Subtotal,537394899,fir_zip_1994_2002.zip:2000/2000-EA-Equalized Assessment.xlsx#Schedule EA
2000,spruce_grove,0291,SPRUCE GROVE,EA,08285,Farmland,946900,fir_zip_1994_2002.zip:2000/2000-EA-Equalized Assessment.xlsx#Schedule EA
2000,spruce_grove,0291,SPRUCE GROVE,EA,08290,Non Residential Railway,513310,fir_zip_1994_2002.zip:2000/2000-EA-Equalized Assessment.xlsx#Schedule EA
2000,spruce_grove,0291,SPRUCE GROVE,EA,08295,NR Res. Co-generating M&E,0,fir_zip_1994_2002.zip:2000/2000-EA-Equalized Assessment.xlsx#Schedule EA
2000,spruce_grove,0291,SPRUCE GROVE,POPL,POPL,Population,15069,fir_zip_1994_2002.zip:2000/2000-POPL-Population of Alberta.xlsx#Schedule POPL
2000,st_albert,0292,ST. ALBERT,D,01910,Provincial Government Unconditional Transfers,934739,fir_zip_1994_2002.zip:2000/2000-D-Total.xlsx#Schedule D
2000,st_albert,0292,ST. ALBERT,D,01920,Provincial Government Conditional Transfers,4248028,fir_zip_1994_2002.zip:2000/2000-D-Total.xlsx#Schedule D
2000,st_albert,0292,ST. ALBERT,EA,08260,GRAND TOTAL,2688961537,fir_zip_1994_2002.zip:2000/2000-EA-Equalized Assessment.xlsx#Schedule EA
2000,st_albert,0292,ST. ALBERT,EA,08265,Linear Subtotal,47390960,fir_zip_1994_2002.zip:2000/2000-EA-Equalized Assessment.xlsx#Schedule EA
2000,st_albert,0292,ST. ALBERT,EA,08270,Mach & Equip Subtotal,5641360,fir_zip_1994_2002.zip:2000/2000-EA-Equalized Assessment.xlsx#Schedule EA
2000,st_albert,0292,ST. ALBERT,EA,08275,Non Residential Subtotal,265111856,fir_zip_1994_2002.zip:2000/2000-EA-Equalized Assessment.xlsx#Schedule EA
2000,st_albert,0292,ST. ALBERT,EA,08280,Residential Subtotal,2369583521,fir_zip_1994_2002.zip:2000/2000-EA-Equalized Assessment.xlsx#Schedule EA
2000,st_albert,0292,ST. ALBERT,EA,08285,Farmland,1134770,fir_zip_1994_2002.zip:2000/2000-EA-Equalized Assessment.xlsx#Schedule EA
2000,st_albert,0292,ST. ALBERT,EA,08290,Non Residential Railway,99070,fir_zip_1994_2002.zip:2000/2000-EA-Equalized Assessment.xlsx#Schedule EA
2000,st_albert,0292,ST. ALBERT,EA,08295,NR Res. Co-generating M&E,0,fir_zip_1994_2002.zip:2000/2000-EA-Equalized Assessment.xlsx#Schedule EA
2000,st_albert,0292,ST. ALBERT,POPL,POPL,Population,51716,fir_zip_1994_2002.zip:2000/2000-POPL-Population of Alberta.xlsx#Schedule POPL
2000,stony_plain,0301,STONY PLAIN,D,01910,Provincial Government Unconditional Transfers,67140,fir_zip_1994_2002.zip:2000/2000-D-Total.xlsx#Schedule D
2000,stony_plain,0301,STONY PLAIN,D,01920,Provincial Government Conditional Transfers,1213383,fir_zip_1994_2002.zip:2000/2000-D-Total.xlsx#Schedule D
2000,stony_plain,0301,STONY PLAIN,EA,08260,GRAND TOTAL,382775386,fir_zip_1994_2002.zip:2000/2000-EA-Equalized Assessment.xlsx#Schedule EA
2000,stony_plain,0301,STONY PLAIN,EA,08265,Linear Subtotal,14005040,fir_zip_1994_2002.zip:2000/2000-EA-Equalized Assessment.xlsx#Schedule EA
2000,stony_plain,0301,STONY PLAIN,EA,08270,Mach & Equip Subtotal,154320,fir_zip_1994_2002.zip:2000/2000-EA-Equalized Assessment.xlsx#Schedule EA
2000,stony_plain,0301,STONY PLAIN,EA,08275,Non Residential Subtotal,57872500,fir_zip_1994_2002.zip:2000/2000-EA-Equalized Assessment.xlsx#Schedule EA
2000,stony_plain,0301,STONY PLAIN,EA,08280,Residential Subtotal,301570756,fir_zip_1994_2002.zip:2000/2000-EA-Equalized Assessment.xlsx#Schedule EA
2000,stony_plain,0301,STONY PLAIN,EA,08285,Farmland,7485160,fir_zip_1994_2002.zip:2000/2000-EA-Equalized Assessment.xlsx#Schedule EA
2000,stony_plain,0301,STONY PLAIN,EA,08290,Non Residential Railway,1687610,fir_zip_1994_2002.zip:2000/2000-EA-Equalized Assessment.xlsx#Schedule EA
2000,stony_plain,0301,STONY PLAIN,EA,08295,NR Res. Co-generating M&E,0,fir_zip_1994_2002.zip:2000/2000-EA-Equalized Assessment.xlsx#Schedule EA
2000,stony_plain,0301,STONY PLAIN,POPL,POPL,Population,8274,fir_zip_1994_2002.zip:2000/2000-POPL-Population of Alberta.xlsx#Schedule POPL
2000,strathcona,0302,STRATHCONA COUNTY,D,01910,Provincial Government Unconditional Transfers,821146,fir_zip_1994_2002.zip:2000/2000-D-Total.xlsx#Schedule D
2000,strathcona,0302,STRATHCONA COUNTY,D,01920,Provincial Government Conditional Transfers,10384668,fir_zip_1994_2002.zip:2000/2000-D-Total.xlsx#Schedule D
2000,strathcona,0302,STRATHCONA COUNTY,EA,08260,GRAND TOTAL,5717466374,fir_zip_1994_2002.zip:2000/2000-EA-Equalized Assessment.xlsx#Schedule EA
2000,strathcona,0302,STRATHCONA COUNTY,EA,08265,Linear Subtotal,245856360,fir_zip_1994_2002.zip:2000/2000-EA-Equalized Assessment.xlsx#Schedule EA
2000,strathcona,0302,STRATHCONA COUNTY,EA,08270,Mach & Equip Subtotal,1515981420,fir_zip_1994_2002.zip:2000/2000-EA-Equalized Assessment.xlsx#Schedule EA
2000,strathcona,0302,STRATHCONA COUNTY,EA,08275,Non Residential Subtotal,626199593,fir_zip_1994_2002.zip:2000/2000-EA-Equalized Assessment.xlsx#Schedule EA
2000,strathcona,0302,STRATHCONA COUNTY,EA,08280,Residential Subtotal,3287319681,fir_zip_1994_2002.zip:2000/2000-EA-Equalized Assessment.xlsx#Schedule EA
2000,strathcona,0302,STRATHCONA COUNTY,EA,08285,Farmland,36880820,fir_zip_1994_2002.zip:2000/2000-EA-Equalized Assessment.xlsx#Schedule EA
2000,strathcona,0302,STRATHCONA COUNTY,EA,08290,Non Residential Railway,5228500,fir_zip_1994_2002.zip:2000/2000-EA-Equalized Assessment.xlsx#Schedule EA
2000,strathcona,0302,STRATHCONA COUNTY,EA,08295,NR Res. Co-generating M&E,0,fir_zip_1994_2002.zip:2000/2000-EA-Equalized Assessment.xlsx#Schedule EA
2000,strathcona,0302,STRATHCONA COUNTY,POPL,POPL,Population,69268,fir_zip_1994_2002.zip:2000/2000-POPL-Population of Alberta.xlsx#Schedule POPL
2000,sturgeon,0305,STURGEON COUNTY,D,01910,Provincial Government Unconditional Transfers,49373,fir_zip_1994_2002.zip:2000/2000-D-Total.xlsx#Schedule D
2000,sturgeon,0305,STURGEON COUNTY,D,01920,Provincial Government Conditional Transfers,2790510,fir_zip_1994_2002.zip:2000/2000-D-Total.xlsx#Schedule D
2000,sturgeon,0305,STURGEON COUNTY,EA,08260,GRAND TOTAL,1574374800,fir_zip_1994_2002.zip:2000/2000-EA-Equalized Assessment.xlsx#Schedule EA
2000,sturgeon,0305,STURGEON COUNTY,EA,08265,Linear Subtotal,198210690,fir_zip_1994_2002.zip:2000/2000-EA-Equalized Assessment.xlsx#Schedule EA
2000,sturgeon,0305,STURGEON COUNTY,EA,08270,Mach & Equip Subtotal,351064010,fir_zip_1994_2002.zip:2000/2000-EA-Equalized Assessment.xlsx#Schedule EA
2000,sturgeon,0305,STURGEON COUNTY,EA,08275,Non Residential Subtotal,285433560,fir_zip_1994_2002.zip:2000/2000-EA-Equalized Assessment.xlsx#Schedule EA
2000,sturgeon,0305,STURGEON COUNTY,EA,08280,Residential Subtotal,653520950,fir_zip_1994_2002.zip:2000/2000-EA-Equalized Assessment.xlsx#Schedule EA
2000,sturgeon,0305,STURGEON COUNTY,EA,08285,Farmland,82199880,fir_zip_1994_2002.zip:2000/2000-EA-Equalized Assessment.xlsx#Schedule EA
2000,sturgeon,0305,STURGEON COUNTY,EA,08290,Non Residential Railway,3945710,fir_zip_1994_2002.zip:2000/2000-EA-Equalized Assessment.xlsx#Schedule EA
2000,sturgeon,0305,STURGEON COUNTY,EA,08295,NR Res. Co-generating M&E,0,fir_zip_1994_2002.zip:2000/2000-EA-Equalized Assessment.xlsx#Schedule EA
2000,sturgeon,0305,STURGEON COUNTY,POPL,POPL,Population,17145,fir_zip_1994_2002.zip:2000/2000-POPL-Population of Alberta.xlsx#Schedule POPL
2000,chestermere,0356,CHESTERMERE,D,01910,Provincial Government Unconditional Transfers,4051,fir_zip_1994_2002.zip:2000/2000-D-Total.xlsx#Schedule D
2000,chestermere,0356,CHESTERMERE,D,01920,Provincial Government Conditional Transfers,749641,fir_zip_1994_2002.zip:2000/2000-D-Total.xlsx#Schedule D
2000,chestermere,0356,CHESTERMERE,EA,08260,GRAND TOTAL,269834457,fir_zip_1994_2002.zip:2000/2000-EA-Equalized Assessment.xlsx#Schedule EA
2000,chestermere,0356,CHESTERMERE,EA,08265,Linear Subtotal,3056190,fir_zip_1994_2002.zip:2000/2000-EA-Equalized Assessment.xlsx#Schedule EA
2000,chestermere,0356,CHESTERMERE,EA,08270,Mach & Equip Subtotal,29700,fir_zip_1994_2002.zip:2000/2000-EA-Equalized Assessment.xlsx#Schedule EA
2000,chestermere,0356,CHESTERMERE,EA,08275,Non Residential Subtotal,6679670,fir_zip_1994_2002.zip:2000/2000-EA-Equalized Assessment.xlsx#Schedule EA
2000,chestermere,0356,CHESTERMERE,EA,08280,Residential Subtotal,259744207,fir_zip_1994_2002.zip:2000/2000-EA-Equalized Assessment.xlsx#Schedule EA
2000,chestermere,0356,CHESTERMERE,EA,08285,Farmland,324690,fir_zip_1994_2002.zip:2000/2000-EA-Equalized Assessment.xlsx#Schedule EA
2000,chestermere,0356,CHESTERMERE,EA,08290,Non Residential Railway,0,fir_zip_1994_2002.zip:2000/2000-EA-Equalized Assessment.xlsx#Schedule EA
2000,chestermere,0356,CHESTERMERE,EA,08295,NR Res. Co-generating M&E,0,fir_zip_1994_2002.zip:2000/2000-EA-Equalized Assessment.xlsx#Schedule EA
2000,chestermere,0356,CHESTERMERE,POPL,POPL,Population,3558,fir_zip_1994_2002.zip:2000/2000-POPL-Population of Alberta.xlsx#Schedule POPL
2001,airdrie,0003,AIRDRIE,D,01910,Provincial Government Unconditional Transfers,292329,fir_zip_1994_2002.zip:2001/D_col3.XLS#D_col3
2001,airdrie,0003,AIRDRIE,D,01920,Provincial Government Conditional Transfers,4933494,fir_zip_1994_2002.zip:2001/D_col3.XLS#D_col3
2001,airdrie,0003,AIRDRIE,EA,08260,GRAND TOTAL,1117505155,fir_zip_1994_2002.zip:2001/EQASSMT 2001.XLS#EQASSMT
2001,airdrie,0003,AIRDRIE,EA,08265,Linear Subtotal,15500220,fir_zip_1994_2002.zip:2001/EQASSMT 2001.XLS#EQASSMT
2001,airdrie,0003,AIRDRIE,EA,08270,Mach & Equip Subtotal,5167800,fir_zip_1994_2002.zip:2001/EQASSMT 2001.XLS#EQASSMT
2001,airdrie,0003,AIRDRIE,EA,08275,Non Residential Subtotal,181599415,fir_zip_1994_2002.zip:2001/EQASSMT 2001.XLS#EQASSMT
2001,airdrie,0003,AIRDRIE,EA,08280,Residential Subtotal,915237720,fir_zip_1994_2002.zip:2001/EQASSMT 2001.XLS#EQASSMT
2001,airdrie,0003,AIRDRIE,POPL,POPL,POPULATION,19165,fir_zip_1994_2002.zip:2001/POP2001.XLS#POPULATION
2001,beaumont,0019,BEAUMONT,D,01910,Provincial Government Unconditional Transfers,68394,fir_zip_1994_2002.zip:2001/D_col3.XLS#D_col3
2001,beaumont,0019,BEAUMONT,D,01920,Provincial Government Conditional Transfers,554213,fir_zip_1994_2002.zip:2001/D_col3.XLS#D_col3
2001,beaumont,0019,BEAUMONT,EA,08260,GRAND TOTAL,302603379,fir_zip_1994_2002.zip:2001/EQASSMT 2001.XLS#EQASSMT
2001,beaumont,0019,BEAUMONT,EA,08265,Linear Subtotal,4446720,fir_zip_1994_2002.zip:2001/EQASSMT 2001.XLS#EQASSMT
2001,beaumont,0019,BEAUMONT,EA,08270,Mach & Equip Subtotal,46920,fir_zip_1994_2002.zip:2001/EQASSMT 2001.XLS#EQASSMT
2001,beaumont,0019,BEAUMONT,EA,08275,Non Residential Subtotal,15321499,fir_zip_1994_2002.zip:2001/EQASSMT 2001.XLS#EQASSMT
2001,beaumont,0019,BEAUMONT,EA,08280,Residential Subtotal,282788240,fir_zip_1994_2002.zip:2001/EQASSMT 2001.XLS#EQASSMT
2001,beaumont,0019,BEAUMONT,POPL,POPL,POPULATION,6986,fir_zip_1994_2002.zip:2001/POP2001.XLS#POPULATION
2001,calgary,0046,CALGARY,D,01910,Provincial Government Unconditional Transfers,11685000,fir_zip_1994_2002.zip:2001/D_col3.XLS#D_col3
2001,calgary,0046,CALGARY,D,01920,Provincial Government Conditional Transfers,212165000,fir_zip_1994_2002.zip:2001/D_col3.XLS#D_col3
2001,calgary,0046,CALGARY,EA,08260,GRAND TOTAL,67092528958,fir_zip_1994_2002.zip:2001/EQASSMT 2001.XLS#EQASSMT
2001,calgary,0046,CALGARY,EA,08265,Linear Subtotal,946878120,fir_zip_1994_2002.zip:2001/EQASSMT 2001.XLS#EQASSMT
2001,calgary,0046,CALGARY,EA,08270,Mach & Equip Subtotal,201737670,fir_zip_1994_2002.zip:2001/EQASSMT 2001.XLS#EQASSMT
2001,calgary,0046,CALGARY,EA,08275,Non Residential Subtotal,1622899177,fir_zip_1994_2002.zip:2001/EQASSMT 2001.XLS#EQASSMT
2001,calgary,0046,CALGARY,EA,08280,Residential Subtotal,49716013991,fir_zip_1994_2002.zip:2001/EQASSMT 2001.XLS#EQASSMT
2001,calgary,0046,CALGARY,POPL,POPL,POPULATION,876519,fir_zip_1994_2002.zip:2001/POP2001.XLS#POPULATION
2001,cochrane,0070,COCHRANE,D,01910,Provincial Government Unconditional Transfers,52176,fir_zip_1994_2002.zip:2001/D_col3.XLS#D_col3
2001,cochrane,0070,COCHRANE,D,01920,Provincial Government Conditional Transfers,668596,fir_zip_1994_2002.zip:2001/D_col3.XLS#D_col3
2001,cochrane,0070,COCHRANE,EA,08260,GRAND TOTAL,792743023,fir_zip_1994_2002.zip:2001/EQASSMT 2001.XLS#EQASSMT
2001,cochrane,0070,COCHRANE,EA,08265,Linear Subtotal,11469870,fir_zip_1994_2002.zip:2001/EQASSMT 2001.XLS#EQASSMT
2001,cochrane,0070,COCHRANE,EA,08270,Mach & Equip Subtotal,6515860,fir_zip_1994_2002.zip:2001/EQASSMT 2001.XLS#EQASSMT
2001,cochrane,0070,COCHRANE,EA,08275,Non Residential Subtotal,91676313,fir_zip_1994_2002.zip:2001/EQASSMT 2001.XLS#EQASSMT
2001,cochrane,0070,COCHRANE,EA,08280,Residential Subtotal,683080980,fir_zip_1994_2002.zip:2001/EQASSMT 2001.XLS#EQASSMT
2001,cochrane,0070,COCHRANE,POPL,POPL,POPULATION,11173,fir_zip_1994_2002.zip:2001/POP2001.XLS#POPULATION
2001,devon,0086,DEVON,D,01910,Provincial Government Unconditional Transfers,75821,fir_zip_1994_2002.zip:2001/D_col3.XLS#D_col3
2001,devon,0086,DEVON,D,01920,Provincial Government Conditional Transfers,217552,fir_zip_1994_2002.zip:2001/D_col3.XLS#D_col3
2001,devon,0086,DEVON,EA,08260,GRAND TOTAL,225344728,fir_zip_1994_2002.zip:2001/EQASSMT 2001.XLS#EQASSMT
2001,devon,0086,DEVON,EA,08265,Linear Subtotal,8181290,fir_zip_1994_2002.zip:2001/EQASSMT 2001.XLS#EQASSMT
2001,devon,0086,DEVON,EA,08270,Mach & Equip Subtotal,10863810,fir_zip_1994_2002.zip:2001/EQASSMT 2001.XLS#EQASSMT
2001,devon,0086,DEVON,EA,08275,Non Residential Subtotal,39360850,fir_zip_1994_2002.zip:2001/EQASSMT 2001.XLS#EQASSMT
2001,devon,0086,DEVON,EA,08280,Residential Subtotal,166938778,fir_zip_1994_2002.zip:2001/EQASSMT 2001.XLS#EQASSMT
2001,devon,0086,DEVON,POPL,POPL,POPULATION,4808,fir_zip_1994_2002.zip:2001/POP2001.XLS#POPULATION
2001,edmonton,0098,EDMONTON,D,01910,Provincial Government Unconditional Transfers,8792000,fir_zip_1994_2002.zip:2001/D_col3.XLS#D_col3
2001,edmonton,0098,EDMONTON,D,01920,Provincial Government Conditional Transfers,99403000,fir_zip_1994_2002.zip:2001/D_col3.XLS#D_col3
2001,edmonton,0098,EDMONTON,EA,08260,GRAND TOTAL,36055270792,fir_zip_1994_2002.zip:2001/EQASSMT 2001.XLS#EQASSMT
2001,edmonton,0098,EDMONTON,EA,08265,Linear Subtotal,923420710,fir_zip_1994_2002.zip:2001/EQASSMT 2001.XLS#EQASSMT
2001,edmonton,0098,EDMONTON,EA,08270,Mach & Equip Subtotal,785592880,fir_zip_1994_2002.zip:2001/EQASSMT 2001.XLS#EQASSMT
2001,edmonton,0098,EDMONTON,EA,08275,Non Residential Subtotal,8624094934,fir_zip_1994_2002.zip:2001/EQASSMT 2001.XLS#EQASSMT
2001,edmonton,0098,EDMONTON,EA,08280,Residential Subtotal,25722162268,fir_zip_1994_2002.zip:2001/EQASSMT 2001.XLS#EQASSMT
2001,edmonton,0098,EDMONTON,POPL,POPL,POPULATION,648284,fir_zip_1994_2002.zip:2001/POP2001.XLS#POPULATION
2001,foothills,0111,"FOOTHILLS NO. 31, M.D. OF",D,01910,Provincial Government Unconditional Transfers,37608,fir_zip_1994_2002.zip:2001/D_col3.XLS#D_col3
2001,foothills,0111,"FOOTHILLS NO. 31, M.D. OF",D,01920,Provincial Government Conditional Transfers,1919003,fir_zip_1994_2002.zip:2001/D_col3.XLS#D_col3
2001,foothills,0111,"FOOTHILLS NO. 31, M.D. OF",EA,08260,GRAND TOTAL,2047650703,fir_zip_1994_2002.zip:2001/EQASSMT 2001.XLS#EQASSMT
2001,foothills,0111,"FOOTHILLS NO. 31, M.D. OF",EA,08265,Linear Subtotal,220363410,fir_zip_1994_2002.zip:2001/EQASSMT 2001.XLS#EQASSMT
2001,foothills,0111,"FOOTHILLS NO. 31, M.D. OF",EA,08270,Mach & Equip Subtotal,136954640,fir_zip_1994_2002.zip:2001/EQASSMT 2001.XLS#EQASSMT
2001,foothills,0111,"FOOTHILLS NO. 31, M.D. OF",EA,08275,Non Residential Subtotal,126002650,fir_zip_1994_2002.zip:2001/EQASSMT 2001.XLS#EQASSMT
2001,foothills,0111,"FOOTHILLS NO. 31, M.D. OF",EA,08280,Residential Subtotal,1564330003,fir_zip_1994_2002.zip:2001/EQASSMT 2001.XLS#EQASSMT
2001,foothills,0111,"FOOTHILLS NO. 31, M.D. OF",POPL,POPL,POPULATION,16122,fir_zip_1994_2002.zip:2001/POP2001.XLS#POPULATION
2001,fort_saskatchewan,0117,FORT SASKATCHEWAN,D,01910,Provincial Government Unconditional Transfers,228163,fir_zip_1994_2002.zip:2001/D_col3.XLS#D_col3
2001,fort_saskatchewan,0117,FORT SASKATCHEWAN,D,01920,Provincial Government Conditional Transfers,2402949,fir_zip_1994_2002.zip:2001/D_col3.XLS#D_col3
2001,fort_saskatchewan,0117,FORT SASKATCHEWAN,EA,08260,GRAND TOTAL,1828403589,fir_zip_1994_2002.zip:2001/EQASSMT 2001.XLS#EQASSMT
2001,fort_saskatchewan,0117,FORT SASKATCHEWAN,EA,08265,Linear Subtotal,41767120,fir_zip_1994_2002.zip:2001/EQASSMT 2001.XLS#EQASSMT
2001,fort_saskatchewan,0117,FORT SASKATCHEWAN,EA,08270,Mach & Equip Subtotal,971329500,fir_zip_1994_2002.zip:2001/EQASSMT 2001.XLS#EQASSMT
2001,fort_saskatchewan,0117,FORT SASKATCHEWAN,EA,08275,Non Residential Subtotal,323728643,fir_zip_1994_2002.zip:2001/EQASSMT 2001.XLS#EQASSMT
2001,fort_saskatchewan,0117,FORT SASKATCHEWAN,EA,08280,Residential Subtotal,491578326,fir_zip_1994_2002.zip:2001/EQASSMT 2001.XLS#EQASSMT
2001,fort_saskatchewan,0117,FORT SASKATCHEWAN,POPL,POPL,POPULATION,13346,fir_zip_1994_2002.zip:2001/POP2001.XLS#POPULATION
2001,high_river,0148,HIGH RIVER,D,01910,Provincial Government Unconditional Transfers,63075,fir_zip_1994_2002.zip:2001/D_col3.XLS#D_col3
2001,high_river,0148,HIGH RIVER,D,01920,Provincial Government Conditional Transfers,610658,fir_zip_1994_2002.zip:2001/D_col3.XLS#D_col3
2001,high_river,0148,HIGH RIVER,EA,08260,GRAND TOTAL,513114369,fir_zip_1994_2002.zip:2001/EQASSMT 2001.XLS#EQASSMT
2001,high_river,0148,HIGH RIVER,EA,08265,Linear Subtotal,8293190,fir_zip_1994_2002.zip:2001/EQASSMT 2001.XLS#EQASSMT
2001,high_river,0148,HIGH RIVER,EA,08270,Mach & Equip Subtotal,0,fir_zip_1994_2002.zip:2001/EQASSMT 2001.XLS#EQASSMT
2001,high_river,0148,HIGH RIVER,EA,08275,Non Residential Subtotal,71137185,fir_zip_1994_2002.zip:2001/EQASSMT 2001.XLS#EQASSMT
2001,high_river,0148,HIGH RIVER,EA,08280,Residential Subtotal,433683994,fir_zip_1994_2002.zip:2001/EQASSMT 2001.XLS#EQASSMT
2001,high_river,0148,HIGH RIVER,POPL,POPL,POPULATION,8554,fir_zip_1994_2002.zip:2001/POP2001.XLS#POPULATION
2001,leduc_city,0200,LEDUC,D,01910,Provincial Government Unconditional Transfers,181181,fir_zip_1994_2002.zip:2001/D_col3.XLS#D_col3
2001,leduc_city,0200,LEDUC,D,01920,Provincial Government Conditional Transfers,2176558,fir_zip_1994_2002.zip:2001/D_col3.XLS#D_col3
2001,leduc_city,0200,LEDUC,EA,08260,GRAND TOTAL,749677864,fir_zip_1994_2002.zip:2001/EQASSMT 2001.XLS#EQASSMT
2001,leduc_city,0200,LEDUC,EA,08265,Linear Subtotal,21163080,fir_zip_1994_2002.zip:2001/EQASSMT 2001.XLS#EQASSMT
2001,leduc_city,0200,LEDUC,EA,08270,Mach & Equip Subtotal,7136100,fir_zip_1994_2002.zip:2001/EQASSMT 2001.XLS#EQASSMT
2001,leduc_city,0200,LEDUC,EA,08275,Non Residential Subtotal,149019590,fir_zip_1994_2002.zip:2001/EQASSMT 2001.XLS#EQASSMT
2001,leduc_city,0200,LEDUC,EA,08280,Residential Subtotal,572359094,fir_zip_1994_2002.zip:2001/EQASSMT 2001.XLS#EQASSMT
2001,leduc_city,0200,LEDUC,POPL,POPL,POPULATION,14540,fir_zip_1994_2002.zip:2001/POP2001.XLS#POPULATION
2001,leduc_county,0201,LEDUC COUNTY,D,01910,Provincial Government Unconditional Transfers,41959,fir_zip_1994_2002.zip:2001/D_col3.XLS#D_col3
2001,leduc_county,0201,LEDUC COUNTY,D,01920,Provincial Government Conditional Transfers,2256435,fir_zip_1994_2002.zip:2001/D_col3.XLS#D_col3
2001,leduc_county,0201,LEDUC COUNTY,EA,08260,GRAND TOTAL,1717445333,fir_zip_1994_2002.zip:2001/EQASSMT 2001.XLS#EQASSMT
2001,leduc_county,0201,LEDUC COUNTY,EA,08265,Linear Subtotal,652917380,fir_zip_1994_2002.zip:2001/EQASSMT 2001.XLS#EQASSMT
2001,leduc_county,0201,LEDUC COUNTY,EA,08270,Mach & Equip Subtotal,85918910,fir_zip_1994_2002.zip:2001/EQASSMT 2001.XLS#EQASSMT
2001,leduc_county,0201,LEDUC COUNTY,EA,08275,Non Residential Subtotal,431558453,fir_zip_1994_2002.zip:2001/EQASSMT 2001.XLS#EQASSMT
2001,leduc_county,0201,LEDUC COUNTY,EA,08280,Residential Subtotal,547050590,fir_zip_1994_2002.zip:2001/EQASSMT 2001.XLS#EQASSMT
2001,leduc_county,0201,LEDUC COUNTY,POPL,POPL,POPULATION,12361,fir_zip_1994_2002.zip:2001/POP2001.XLS#POPULATION
2001,morinville,0224,MORINVILLE,D,01910,Provincial Government Unconditional Transfers,69383,fir_zip_1994_2002.zip:2001/D_col3.XLS#D_col3
2001,morinville,0224,MORINVILLE,D,01920,Provincial Government Conditional Transfers,435653,fir_zip_1994_2002.zip:2001/D_col3.XLS#D_col3
2001,morinville,0224,MORINVILLE,EA,08260,GRAND TOTAL,219408397,fir_zip_1994_2002.zip:2001/EQASSMT 2001.XLS#EQASSMT
2001,morinville,0224,MORINVILLE,EA,08265,Linear Subtotal,6767690,fir_zip_1994_2002.zip:2001/EQASSMT 2001.XLS#EQASSMT
2001,morinville,0224,MORINVILLE,EA,08270,Mach & Equip Subtotal,824970,fir_zip_1994_2002.zip:2001/EQASSMT 2001.XLS#EQASSMT
2001,morinville,0224,MORINVILLE,EA,08275,Non Residential Subtotal,27297385,fir_zip_1994_2002.zip:2001/EQASSMT 2001.XLS#EQASSMT
2001,morinville,0224,MORINVILLE,EA,08280,Residential Subtotal,184518352,fir_zip_1994_2002.zip:2001/EQASSMT 2001.XLS#EQASSMT
2001,morinville,0224,MORINVILLE,POPL,POPL,POPULATION,6226,fir_zip_1994_2002.zip:2001/POP2001.XLS#POPULATION
2001,okotoks,0238,OKOTOKS,D,01910,Provincial Government Unconditional Transfers,0,fir_zip_1994_2002.zip:2001/D_col3.XLS#D_col3
2001,okotoks,0238,OKOTOKS,D,01920,Provincial Government Conditional Transfers,2006022,fir_zip_1994_2002.zip:2001/D_col3.XLS#D_col3
2001,okotoks,0238,OKOTOKS,EA,08260,GRAND TOTAL,629799158,fir_zip_1994_2002.zip:2001/EQASSMT 2001.XLS#EQASSMT
2001,okotoks,0238,OKOTOKS,EA,08265,Linear Subtotal,9106490,fir_zip_1994_2002.zip:2001/EQASSMT 2001.XLS#EQASSMT
2001,okotoks,0238,OKOTOKS,EA,08270,Mach & Equip Subtotal,321930,fir_zip_1994_2002.zip:2001/EQASSMT 2001.XLS#EQASSMT
2001,okotoks,0238,OKOTOKS,EA,08275,Non Residential Subtotal,77382679,fir_zip_1994_2002.zip:2001/EQASSMT 2001.XLS#EQASSMT
2001,okotoks,0238,OKOTOKS,EA,08280,Residential Subtotal,542988059,fir_zip_1994_2002.zip:2001/EQASSMT 2001.XLS#EQASSMT
2001,okotoks,0238,OKOTOKS,POPL,POPL,POPULATION,9953,fir_zip_1994_2002.zip:2001/POP2001.XLS#POPULATION
2001,parkland,0245,PARKLAND COUNTY,D,01910,Provincial Government Unconditional Transfers,73461,fir_zip_1994_2002.zip:2001/D_col3.XLS#D_col3
2001,parkland,0245,PARKLAND COUNTY,D,01920,Provincial Government Conditional Transfers,5399218,fir_zip_1994_2002.zip:2001/D_col3.XLS#D_col3
2001,parkland,0245,PARKLAND COUNTY,EA,08260,GRAND TOTAL,2294767737,fir_zip_1994_2002.zip:2001/EQASSMT 2001.XLS#EQASSMT
2001,parkland,0245,PARKLAND COUNTY,EA,08265,Linear Subtotal,706463480,fir_zip_1994_2002.zip:2001/EQASSMT 2001.XLS#EQASSMT
2001,parkland,0245,PARKLAND COUNTY,EA,08270,Mach & Equip Subtotal,103154970,fir_zip_1994_2002.zip:2001/EQASSMT 2001.XLS#EQASSMT
2001,parkland,0245,PARKLAND COUNTY,EA,08275,Non Residential Subtotal,208788392,fir_zip_1994_2002.zip:2001/EQASSMT 2001.XLS#EQASSMT
2001,parkland,0245,PARKLAND COUNTY,EA,08280,Residential Subtotal,1276360895,fir_zip_1994_2002.zip:2001/EQASSMT 2001.XLS#EQASSMT
2001,parkland,0245,PARKLAND COUNTY,POPL,POPL,POPULATION,25222,fir_zip_1994_2002.zip:2001/POP2001.XLS#POPULATION
2001,rocky_view,0269,"ROCKY VIEW NO. 44, M.D. OF",D,01910,Provincial Government Unconditional Transfers,86418,fir_zip_1994_2002.zip:2001/D_col3.XLS#D_col3
2001,rocky_view,0269,"ROCKY VIEW NO. 44, M.D. OF",D,01920,Provincial Government Conditional Transfers,2187398,fir_zip_1994_2002.zip:2001/D_col3.XLS#D_col3
2001,rocky_view,0269,"ROCKY VIEW NO. 44, M.D. OF",EA,08260,GRAND TOTAL,3990032496,fir_zip_1994_2002.zip:2001/EQASSMT 2001.XLS#EQASSMT
2001,rocky_view,0269,"ROCKY VIEW NO. 44, M.D. OF",EA,08265,Linear Subtotal,383240820,fir_zip_1994_2002.zip:2001/EQASSMT 2001.XLS#EQASSMT
2001,rocky_view,0269,"ROCKY VIEW NO. 44, M.D. OF",EA,08270,Mach & Equip Subtotal,344040900,fir_zip_1994_2002.zip:2001/EQASSMT 2001.XLS#EQASSMT
2001,rocky_view,0269,"ROCKY VIEW NO. 44, M.D. OF",EA,08275,Non Residential Subtotal,218209532,fir_zip_1994_2002.zip:2001/EQASSMT 2001.XLS#EQASSMT
2001,rocky_view,0269,"ROCKY VIEW NO. 44, M.D. OF",EA,08280,Residential Subtotal,3044541244,fir_zip_1994_2002.zip:2001/EQASSMT 2001.XLS#EQASSMT
2001,rocky_view,0269,"ROCKY VIEW NO. 44, M.D. OF",POPL,POPL,POPULATION,28441,fir_zip_1994_2002.zip:2001/POP2001.XLS#POPULATION
2001,spruce_grove,0291,SPRUCE GROVE,D,01910,Provincial Government Unconditional Transfers,230862,fir_zip_1994_2002.zip:2001/D_col3.XLS#D_col3
2001,spruce_grove,0291,SPRUCE GROVE,D,01920,Provincial Government Conditional Transfers,4903421,fir_zip_1994_2002.zip:2001/D_col3.XLS#D_col3
2001,spruce_grove,0291,SPRUCE GROVE,EA,08260,GRAND TOTAL,741380709,fir_zip_1994_2002.zip:2001/EQASSMT 2001.XLS#EQASSMT
2001,spruce_grove,0291,SPRUCE GROVE,EA,08265,Linear Subtotal,19017300,fir_zip_1994_2002.zip:2001/EQASSMT 2001.XLS#EQASSMT
2001,spruce_grove,0291,SPRUCE GROVE,EA,08270,Mach & Equip Subtotal,0,fir_zip_1994_2002.zip:2001/EQASSMT 2001.XLS#EQASSMT
2001,spruce_grove,0291,SPRUCE GROVE,EA,08275,Non Residential Subtotal,124300409,fir_zip_1994_2002.zip:2001/EQASSMT 2001.XLS#EQASSMT
2001,spruce_grove,0291,SPRUCE GROVE,EA,08280,Residential Subtotal,598063000,fir_zip_1994_2002.zip:2001/EQASSMT 2001.XLS#EQASSMT
2001,spruce_grove,0291,SPRUCE GROVE,POPL,POPL,POPULATION,15069,fir_zip_1994_2002.zip:2001/POP2001.XLS#POPULATION
2001,st_albert,0292,ST. ALBERT,D,01910,Provincial Government Unconditional Transfers,934739,fir_zip_1994_2002.zip:2001/D_col3.XLS#D_col3
2001,st_albert,0292,ST. ALBERT,D,01920,Provincial Government Conditional Transfers,8615476,fir_zip_1994_2002.zip:2001/D_col3.XLS#D_col3
2001,st_albert,0292,ST. ALBERT,EA,08260,GRAND TOTAL,2906203423,fir_zip_1994_2002.zip:2001/EQASSMT 2001.XLS#EQASSMT
2001,st_albert,0292,ST. ALBERT,EA,08265,Linear Subtotal,46590000,fir_zip_1994_2002.zip:2001/EQASSMT 2001.XLS#EQASSMT
2001,st_albert,0292,ST. ALBERT,EA,08270,Mach & Equip Subtotal,5850130,fir_zip_1994_2002.zip:2001/EQASSMT 2001.XLS#EQASSMT
2001,st_albert,0292,ST. ALBERT,EA,08275,Non Residential Subtotal,287853532,fir_zip_1994_2002.zip:2001/EQASSMT 2001.XLS#EQASSMT
2001,st_albert,0292,ST. ALBERT,EA,08280,Residential Subtotal,2565909761,fir_zip_1994_2002.zip:2001/EQASSMT 2001.XLS#EQASSMT
2001,st_albert,0292,ST. ALBERT,POPL,POPL,POPULATION,51716,fir_zip_1994_2002.zip:2001/POP2001.XLS#POPULATION
2001,stony_plain,0301,STONY PLAIN,D,01910,Provincial Government Unconditional Transfers,67140,fir_zip_1994_2002.zip:2001/D_col3.XLS#D_col3
2001,stony_plain,0301,STONY PLAIN,D,01920,Provincial Government Conditional Transfers,2477684,fir_zip_1994_2002.zip:2001/D_col3.XLS#D_col3
2001,stony_plain,0301,STONY PLAIN,EA,08260,GRAND TOTAL,425538856,fir_zip_1994_2002.zip:2001/EQASSMT 2001.XLS#EQASSMT
2001,stony_plain,0301,STONY PLAIN,EA,08265,Linear Subtotal,13343510,fir_zip_1994_2002.zip:2001/EQASSMT 2001.XLS#EQASSMT
2001,stony_plain,0301,STONY PLAIN,EA,08270,Mach & Equip Subtotal,153730,fir_zip_1994_2002.zip:2001/EQASSMT 2001.XLS#EQASSMT
2001,stony_plain,0301,STONY PLAIN,EA,08275,Non Residential Subtotal,59126075,fir_zip_1994_2002.zip:2001/EQASSMT 2001.XLS#EQASSMT
2001,stony_plain,0301,STONY PLAIN,EA,08280,Residential Subtotal,352915541,fir_zip_1994_2002.zip:2001/EQASSMT 2001.XLS#EQASSMT
2001,stony_plain,0301,STONY PLAIN,POPL,POPL,POPULATION,8274,fir_zip_1994_2002.zip:2001/POP2001.XLS#POPULATION
2001,strathcona,0302,STRATHCONA COUNTY,D,01910,Provincial Government Unconditional Transfers,821146,fir_zip_1994_2002.zip:2001/D_col3.XLS#D_col3
2001,strathcona,0302,STRATHCONA COUNTY,D,01920,Provincial Government Conditional Transfers,7170834,fir_zip_1994_2002.zip:2001/D_col3.XLS#D_col3
2001,strathcona,0302,STRATHCONA COUNTY,EA,08260,GRAND TOTAL,6054535244,fir_zip_1994_2002.zip:2001/EQASSMT 2001.XLS#EQASSMT
2001,strathcona,0302,STRATHCONA COUNTY,EA,08265,Linear Subtotal,253614970,fir_zip_1994_2002.zip:2001/EQASSMT 2001.XLS#EQASSMT
2001,strathcona,0302,STRATHCONA COUNTY,EA,08270,Mach & Equip Subtotal,1509578780,fir_zip_1994_2002.zip:2001/EQASSMT 2001.XLS#EQASSMT
2001,strathcona,0302,STRATHCONA COUNTY,EA,08275,Non Residential Subtotal,675661777,fir_zip_1994_2002.zip:2001/EQASSMT 2001.XLS#EQASSMT
2001,strathcona,0302,STRATHCONA COUNTY,EA,08280,Residential Subtotal,3615679717,fir_zip_1994_2002.zip:2001/EQASSMT 2001.XLS#EQASSMT
2001,strathcona,0302,STRATHCONA COUNTY,POPL,POPL,POPULATION,69268,fir_zip_1994_2002.zip:2001/POP2001.XLS#POPULATION
2001,sturgeon,0305,STURGEON COUNTY,D,01910,Provincial Government Unconditional Transfers,49373,fir_zip_1994_2002.zip:2001/D_col3.XLS#D_col3
2001,sturgeon,0305,STURGEON COUNTY,D,01920,Provincial Government Conditional Transfers,2340999,fir_zip_1994_2002.zip:2001/D_col3.XLS#D_col3
2001,sturgeon,0305,STURGEON COUNTY,EA,08260,GRAND TOTAL,1651314113,fir_zip_1994_2002.zip:2001/EQASSMT 2001.XLS#EQASSMT
2001,sturgeon,0305,STURGEON COUNTY,EA,08265,Linear Subtotal,201081020,fir_zip_1994_2002.zip:2001/EQASSMT 2001.XLS#EQASSMT
2001,sturgeon,0305,STURGEON COUNTY,EA,08270,Mach & Equip Subtotal,368985880,fir_zip_1994_2002.zip:2001/EQASSMT 2001.XLS#EQASSMT
2001,sturgeon,0305,STURGEON COUNTY,EA,08275,Non Residential Subtotal,290717620,fir_zip_1994_2002.zip:2001/EQASSMT 2001.XLS#EQASSMT
2001,sturgeon,0305,STURGEON COUNTY,EA,08280,Residential Subtotal,790529593,fir_zip_1994_2002.zip:2001/EQASSMT 2001.XLS#EQASSMT
2001,sturgeon,0305,STURGEON COUNTY,POPL,POPL,POPULATION,17145,fir_zip_1994_2002.zip:2001/POP2001.XLS#POPULATION
2001,chestermere,0356,CHESTERMERE,D,01910,Provincial Government Unconditional Transfers,4051,fir_zip_1994_2002.zip:2001/D_col3.XLS#D_col3
2001,chestermere,0356,CHESTERMERE,D,01920,Provincial Government Conditional Transfers,650887,fir_zip_1994_2002.zip:2001/D_col3.XLS#D_col3
2001,chestermere,0356,CHESTERMERE,EA,08260,GRAND TOTAL,330991209,fir_zip_1994_2002.zip:2001/EQASSMT 2001.XLS#EQASSMT
2001,chestermere,0356,CHESTERMERE,EA,08265,Linear Subtotal,3401650,fir_zip_1994_2002.zip:2001/EQASSMT 2001.XLS#EQASSMT
2001,chestermere,0356,CHESTERMERE,EA,08270,Mach & Equip Subtotal,15370,fir_zip_1994_2002.zip:2001/EQASSMT 2001.XLS#EQASSMT
2001,chestermere,0356,CHESTERMERE,EA,08275,Non Residential Subtotal,6881440,fir_zip_1994_2002.zip:2001/EQASSMT 2001.XLS#EQASSMT
2001,chestermere,0356,CHESTERMERE,EA,08280,Residential Subtotal,320692749,fir_zip_1994_2002.zip:2001/EQASSMT 2001.XLS#EQASSMT
2001,chestermere,0356,CHESTERMERE,POPL,POPL,POPULATION,3742,fir_zip_1994_2002.zip:2001/POP2001.XLS#POPULATION
2002,airdrie,0003,AIRDRIE,D,01910,Provincial Government Unconditional Transfers,292329,fir_zip_1994_2002.zip:2002/D/Total.xls#D Total
2002,airdrie,0003,AIRDRIE,D,01920,Provincial Government Conditional Transfers,1334053,fir_zip_1994_2002.zip:2002/D/Total.xls#D Total
2002,airdrie,0003,AIRDRIE,EA,08260,GRAND TOTAL,1209669127,fir_zip_1994_2002.zip:2002/EA/Equalized Assessment.xls#EA Equalized Assessment
2002,airdrie,0003,AIRDRIE,EA,08265,Linear Subtotal,16797200,fir_zip_1994_2002.zip:2002/EA/Equalized Assessment.xls#EA Equalized Assessment
2002,airdrie,0003,AIRDRIE,EA,08270,Mach & Equip Subtotal,4908900,fir_zip_1994_2002.zip:2002/EA/Equalized Assessment.xls#EA Equalized Assessment
2002,airdrie,0003,AIRDRIE,EA,08275,Non Residential Subtotal,220286598,fir_zip_1994_2002.zip:2002/EA/Equalized Assessment.xls#EA Equalized Assessment
2002,airdrie,0003,AIRDRIE,EA,08280,Residential Subtotal,966545929,fir_zip_1994_2002.zip:2002/EA/Equalized Assessment.xls#EA Equalized Assessment
2002,airdrie,0003,AIRDRIE,EA,08285,Farmland,728300,fir_zip_1994_2002.zip:2002/EA/Equalized Assessment.xls#EA Equalized Assessment
2002,airdrie,0003,AIRDRIE,EA,08290,Non Residential Railway,402200,fir_zip_1994_2002.zip:2002/EA/Equalized Assessment.xls#EA Equalized Assessment
2002,airdrie,0003,AIRDRIE,EA,08295,NR Res. Co-generating M&E,0,fir_zip_1994_2002.zip:2002/EA/Equalized Assessment.xls#EA Equalized Assessment
2002,airdrie,0003,AIRDRIE,POPL,POPL,Population,21979,fir_zip_1994_2002.zip:2002/POPL/Population of Alberta.xls#POPL Population of Alberta
2002,beaumont,0019,BEAUMONT,D,01910,Provincial Government Unconditional Transfers,68394,fir_zip_1994_2002.zip:2002/D/Total.xls#D Total
2002,beaumont,0019,BEAUMONT,D,01920,Provincial Government Conditional Transfers,1202511,fir_zip_1994_2002.zip:2002/D/Total.xls#D Total
2002,beaumont,0019,BEAUMONT,EA,08260,GRAND TOTAL,324980936,fir_zip_1994_2002.zip:2002/EA/Equalized Assessment.xls#EA Equalized Assessment
2002,beaumont,0019,BEAUMONT,EA,08265,Linear Subtotal,4640230,fir_zip_1994_2002.zip:2002/EA/Equalized Assessment.xls#EA Equalized Assessment
2002,beaumont,0019,BEAUMONT,EA,08270,Mach & Equip Subtotal,44680,fir_zip_1994_2002.zip:2002/EA/Equalized Assessment.xls#EA Equalized Assessment
2002,beaumont,0019,BEAUMONT,EA,08275,Non Residential Subtotal,15630823,fir_zip_1994_2002.zip:2002/EA/Equalized Assessment.xls#EA Equalized Assessment
2002,beaumont,0019,BEAUMONT,EA,08280,Residential Subtotal,304562333,fir_zip_1994_2002.zip:2002/EA/Equalized Assessment.xls#EA Equalized Assessment
2002,beaumont,0019,BEAUMONT,EA,08285,Farmland,102870,fir_zip_1994_2002.zip:2002/EA/Equalized Assessment.xls#EA Equalized Assessment
2002,beaumont,0019,BEAUMONT,EA,08290,Non Residential Railway,0,fir_zip_1994_2002.zip:2002/EA/Equalized Assessment.xls#EA Equalized Assessment
2002,beaumont,0019,BEAUMONT,EA,08295,NR Res. Co-generating M&E,0,fir_zip_1994_2002.zip:2002/EA/Equalized Assessment.xls#EA Equalized Assessment
2002,beaumont,0019,BEAUMONT,POPL,POPL,Population,7128,fir_zip_1994_2002.zip:2002/POPL/Population of Alberta.xls#POPL Population of Alberta
2002,calgary,0046,CALGARY,D,01910,Provincial Government Unconditional Transfers,10431000,fir_zip_1994_2002.zip:2002/D/Total.xls#D Total
2002,calgary,0046,CALGARY,D,01920,Provincial Government Conditional Transfers,129873000,fir_zip_1994_2002.zip:2002/D/Total.xls#D Total
2002,calgary,0046,CALGARY,EA,08260,GRAND TOTAL,72055416283,fir_zip_1994_2002.zip:2002/EA/Equalized Assessment.xls#EA Equalized Assessment
2002,calgary,0046,CALGARY,EA,08265,Linear Subtotal,999866440,fir_zip_1994_2002.zip:2002/EA/Equalized Assessment.xls#EA Equalized Assessment
2002,calgary,0046,CALGARY,EA,08270,Mach & Equip Subtotal,201768290,fir_zip_1994_2002.zip:2002/EA/Equalized Assessment.xls#EA Equalized Assessment
2002,calgary,0046,CALGARY,EA,08275,Non Residential Subtotal,17043016931,fir_zip_1994_2002.zip:2002/EA/Equalized Assessment.xls#EA Equalized Assessment
2002,calgary,0046,CALGARY,EA,08280,Residential Subtotal,53781201522,fir_zip_1994_2002.zip:2002/EA/Equalized Assessment.xls#EA Equalized Assessment
2002,calgary,0046,CALGARY,EA,08285,Farmland,20979980,fir_zip_1994_2002.zip:2002/EA/Equalized Assessment.xls#EA Equalized Assessment
2002,calgary,0046,CALGARY,EA,08290,Non Residential Railway,8583120,fir_zip_1994_2002.zip:2002/EA/Equalized Assessment.xls#EA Equalized Assessment
2002,calgary,0046,CALGARY,EA,08295,NR Res. Co-generating M&E,0,fir_zip_1994_2002.zip:2002/EA/Equalized Assessment.xls#EA Equalized Assessment
2002,calgary,0046,CALGARY,POPL,POPL,Population,904987,fir_zip_1994_2002.zip:2002/POPL/Population of Alberta.xls#POPL Population of Alberta
2002,cochrane,0070,COCHRANE,D,01910,Provincial Government Unconditional Transfers,52176,fir_zip_1994_2002.zip:2002/D/Total.xls#D Total
2002,cochrane,0070,COCHRANE,D,01920,Provincial Government Conditional Transfers,1684514,fir_zip_1994_2002.zip:2002/D/Total.xls#D Total
2002,cochrane,0070,COCHRANE,EA,08260,GRAND TOTAL,879627764,fir_zip_1994_2002.zip:2002/EA/Equalized Assessment.xls#EA Equalized Assessment
2002,cochrane,0070,COCHRANE,EA,08265,Linear Subtotal,12416920,fir_zip_1994_2002.zip:2002/EA/Equalized Assessment.xls#EA Equalized Assessment
2002,cochrane,0070,COCHRANE,EA,08270,Mach & Equip Subtotal,6659660,fir_zip_1994_2002.zip:2002/EA/Equalized Assessment.xls#EA Equalized Assessment
2002,cochrane,0070,COCHRANE,EA,08275,Non Residential Subtotal,123162351,fir_zip_1994_2002.zip:2002/EA/Equalized Assessment.xls#EA Equalized Assessment
2002,cochrane,0070,COCHRANE,EA,08280,Residential Subtotal,732561673,fir_zip_1994_2002.zip:2002/EA/Equalized Assessment.xls#EA Equalized Assessment
2002,cochrane,0070,COCHRANE,EA,08285,Farmland,3560510,fir_zip_1994_2002.zip:2002/EA/Equalized Assessment.xls#EA Equalized Assessment
2002,cochrane,0070,COCHRANE,EA,08290,Non Residential Railway,1266650,fir_zip_1994_2002.zip:2002/EA/Equalized Assessment.xls#EA Equalized Assessment
2002,cochrane,0070,COCHRANE,EA,08295,NR Res. Co-generating M&E,0,fir_zip_1994_2002.zip:2002/EA/Equalized Assessment.xls#EA Equalized Assessment
2002,cochrane,0070,COCHRANE,POPL,POPL,Population,12074,fir_zip_1994_2002.zip:2002/POPL/Population of Alberta.xls#POPL Population of Alberta
2002,devon,0086,DEVON,D,01910,Provincial Government Unconditional Transfers,49019,fir_zip_1994_2002.zip:2002/D/Total.xls#D Total
2002,devon,0086,DEVON,D,01920,Provincial Government Conditional Transfers,294480,fir_zip_1994_2002.zip:2002/D/Total.xls#D Total
2002,devon,0086,DEVON,EA,08260,GRAND TOTAL,242786799,fir_zip_1994_2002.zip:2002/EA/Equalized Assessment.xls#EA Equalized Assessment
2002,devon,0086,DEVON,EA,08265,Linear Subtotal,8285160,fir_zip_1994_2002.zip:2002/EA/Equalized Assessment.xls#EA Equalized Assessment
2002,devon,0086,DEVON,EA,08270,Mach & Equip Subtotal,10777580,fir_zip_1994_2002.zip:2002/EA/Equalized Assessment.xls#EA Equalized Assessment
2002,devon,0086,DEVON,EA,08275,Non Residential Subtotal,39893214,fir_zip_1994_2002.zip:2002/EA/Equalized Assessment.xls#EA Equalized Assessment
2002,devon,0086,DEVON,EA,08280,Residential Subtotal,183732045,fir_zip_1994_2002.zip:2002/EA/Equalized Assessment.xls#EA Equalized Assessment
2002,devon,0086,DEVON,EA,08285,Farmland,98800,fir_zip_1994_2002.zip:2002/EA/Equalized Assessment.xls#EA Equalized Assessment
2002,devon,0086,DEVON,EA,08290,Non Residential Railway,0,fir_zip_1994_2002.zip:2002/EA/Equalized Assessment.xls#EA Equalized Assessment
2002,devon,0086,DEVON,EA,08295,NR Res. Co-generating M&E,0,fir_zip_1994_2002.zip:2002/EA/Equalized Assessment.xls#EA Equalized Assessment
2002,devon,0086,DEVON,POPL,POPL,Population,4969,fir_zip_1994_2002.zip:2002/POPL/Population of Alberta.xls#POPL Population of Alberta
2002,edmonton,0098,EDMONTON,D,01910,Provincial Government Unconditional Transfers,8792000,fir_zip_1994_2002.zip:2002/D/Total.xls#D Total
2002,edmonton,0098,EDMONTON,D,01920,Provincial Government Conditional Transfers,92968000,fir_zip_1994_2002.zip:2002/D/Total.xls#D Total
2002,edmonton,0098,EDMONTON,EA,08260,GRAND TOTAL,38863764273,fir_zip_1994_2002.zip:2002/EA/Equalized Assessment.xls#EA Equalized Assessment
2002,edmonton,0098,EDMONTON,EA,08265,Linear Subtotal,928962440,fir_zip_1994_2002.zip:2002/EA/Equalized Assessment.xls#EA Equalized Assessment
2002,edmonton,0098,EDMONTON,EA,08270,Mach & Equip Subtotal,714991163,fir_zip_1994_2002.zip:2002/EA/Equalized Assessment.xls#EA Equalized Assessment
2002,edmonton,0098,EDMONTON,EA,08275,Non Residential Subtotal,9222181494,fir_zip_1994_2002.zip:2002/EA/Equalized Assessment.xls#EA Equalized Assessment
2002,edmonton,0098,EDMONTON,EA,08280,Residential Subtotal,27961717719,fir_zip_1994_2002.zip:2002/EA/Equalized Assessment.xls#EA Equalized Assessment
2002,edmonton,0098,EDMONTON,EA,08285,Farmland,26438706,fir_zip_1994_2002.zip:2002/EA/Equalized Assessment.xls#EA Equalized Assessment
2002,edmonton,0098,EDMONTON,EA,08290,Non Residential Railway,8451750,fir_zip_1994_2002.zip:2002/EA/Equalized Assessment.xls#EA Equalized Assessment
2002,edmonton,0098,EDMONTON,EA,08295,NR Res. Co-generating M&E,1021000,fir_zip_1994_2002.zip:2002/EA/Equalized Assessment.xls#EA Equalized Assessment
2002,edmonton,0098,EDMONTON,POPL,POPL,Population,666104,fir_zip_1994_2002.zip:2002/POPL/Population of Alberta.xls#POPL Population of Alberta
2002,foothills,0111,"FOOTHILLS NO. 31, M.D. OF",D,01910,Provincial Government Unconditional Transfers,37608,fir_zip_1994_2002.zip:2002/D/Total.xls#D Total
2002,foothills,0111,"FOOTHILLS NO. 31, M.D. OF",D,01920,Provincial Government Conditional Transfers,1660927,fir_zip_1994_2002.zip:2002/D/Total.xls#D Total
2002,foothills,0111,"FOOTHILLS NO. 31, M.D. OF",EA,08260,GRAND TOTAL,2237017085,fir_zip_1994_2002.zip:2002/EA/Equalized Assessment.xls#EA Equalized Assessment
2002,foothills,0111,"FOOTHILLS NO. 31, M.D. OF",EA,08265,Linear Subtotal,226967990,fir_zip_1994_2002.zip:2002/EA/Equalized Assessment.xls#EA Equalized Assessment
2002,foothills,0111,"FOOTHILLS NO. 31, M.D. OF",EA,08270,Mach & Equip Subtotal,134619530,fir_zip_1994_2002.zip:2002/EA/Equalized Assessment.xls#EA Equalized Assessment
2002,foothills,0111,"FOOTHILLS NO. 31, M.D. OF",EA,08275,Non Residential Subtotal,137633926,fir_zip_1994_2002.zip:2002/EA/Equalized Assessment.xls#EA Equalized Assessment
2002,foothills,0111,"FOOTHILLS NO. 31, M.D. OF",EA,08280,Residential Subtotal,1593567909,fir_zip_1994_2002.zip:2002/EA/Equalized Assessment.xls#EA Equalized Assessment
2002,foothills,0111,"FOOTHILLS NO. 31, M.D. OF",EA,08285,Farmland,143001830,fir_zip_1994_2002.zip:2002/EA/Equalized Assessment.xls#EA Equalized Assessment
2002,foothills,0111,"FOOTHILLS NO. 31, M.D. OF",EA,08290,Non Residential Railway,1225900,fir_zip_1994_2002.zip:2002/EA/Equalized Assessment.xls#EA Equalized Assessment
2002,foothills,0111,"FOOTHILLS NO. 31, M.D. OF",EA,08295,NR Res. Co-generating M&E,0,fir_zip_1994_2002.zip:2002/EA/Equalized Assessment.xls#EA Equalized Assessment
2002,foothills,0111,"FOOTHILLS NO. 31, M.D. OF",POPL,POPL,Population,16764,fir_zip_1994_2002.zip:2002/POPL/Population of Alberta.xls#POPL Population of Alberta
2002,fort_saskatchewan,0117,FORT SASKATCHEWAN,D,01910,Provincial Government Unconditional Transfers,228163,fir_zip_1994_2002.zip:2002/D/Total.xls#D Total
2002,fort_saskatchewan,0117,FORT SASKATCHEWAN,D,01920,Provincial Government Conditional Transfers,3170615,fir_zip_1994_2002.zip:2002/D/Total.xls#D Total
2002,fort_saskatchewan,0117,FORT SASKATCHEWAN,EA,08260,GRAND TOTAL,1886482880,fir_zip_1994_2002.zip:2002/EA/Equalized Assessment.xls#EA Equalized Assessment
2002,fort_saskatchewan,0117,FORT SASKATCHEWAN,EA,08265,Linear Subtotal,84520850,fir_zip_1994_2002.zip:2002/EA/Equalized Assessment.xls#EA Equalized Assessment
2002,fort_saskatchewan,0117,FORT SASKATCHEWAN,EA,08270,Mach & Equip Subtotal,979963350,fir_zip_1994_2002.zip:2002/EA/Equalized Assessment.xls#EA Equalized Assessment
2002,fort_saskatchewan,0117,FORT SASKATCHEWAN,EA,08275,Non Residential Subtotal,290751189,fir_zip_1994_2002.zip:2002/EA/Equalized Assessment.xls#EA Equalized Assessment
2002,fort_saskatchewan,0117,FORT SASKATCHEWAN,EA,08280,Residential Subtotal,529316160,fir_zip_1994_2002.zip:2002/EA/Equalized Assessment.xls#EA Equalized Assessment
2002,fort_saskatchewan,0117,FORT SASKATCHEWAN,EA,08285,Farmland,1327500,fir_zip_1994_2002.zip:2002/EA/Equalized Assessment.xls#EA Equalized Assessment
2002,fort_saskatchewan,0117,FORT SASKATCHEWAN,EA,08290,Non Residential Railway,603830,fir_zip_1994_2002.zip:2002/EA/Equalized Assessment.xls#EA Equalized Assessment
2002,fort_saskatchewan,0117,FORT SASKATCHEWAN,EA,08295,NR Res. Co-generating M&E,0,fir_zip_1994_2002.zip:2002/EA/Equalized Assessment.xls#EA Equalized Assessment
2002,fort_saskatchewan,0117,FORT SASKATCHEWAN,POPL,POPL,Population,13121,fir_zip_1994_2002.zip:2002/POPL/Population of Alberta.xls#POPL Population of Alberta
2002,high_river,0148,HIGH RIVER,D,01910,Provincial Government Unconditional Transfers,63075,fir_zip_1994_2002.zip:2002/D/Total.xls#D Total
2002,high_river,0148,HIGH RIVER,D,01920,Provincial Government Conditional Transfers,1579364,fir_zip_1994_2002.zip:2002/D/Total.xls#D Total
2002,high_river,0148,HIGH RIVER,EA,08260,GRAND TOTAL,555685694,fir_zip_1994_2002.zip:2002/EA/Equalized Assessment.xls#EA Equalized Assessment
2002,high_river,0148,HIGH RIVER,EA,08265,Linear Subtotal,8742770,fir_zip_1994_2002.zip:2002/EA/Equalized Assessment.xls#EA Equalized Assessment
2002,high_river,0148,HIGH RIVER,EA,08270,Mach & Equip Subtotal,0,fir_zip_1994_2002.zip:2002/EA/Equalized Assessment.xls#EA Equalized Assessment
2002,high_river,0148,HIGH RIVER,EA,08275,Non Residential Subtotal,83969082,fir_zip_1994_2002.zip:2002/EA/Equalized Assessment.xls#EA Equalized Assessment
2002,high_river,0148,HIGH RIVER,EA,08280,Residential Subtotal,462095642,fir_zip_1994_2002.zip:2002/EA/Equalized Assessment.xls#EA Equalized Assessment
2002,high_river,0148,HIGH RIVER,EA,08285,Farmland,849000,fir_zip_1994_2002.zip:2002/EA/Equalized Assessment.xls#EA Equalized Assessment
2002,high_river,0148,HIGH RIVER,EA,08290,Non Residential Railway,29200,fir_zip_1994_2002.zip:2002/EA/Equalized Assessment.xls#EA Equalized Assessment
2002,high_river,0148,HIGH RIVER,EA,08295,NR Res. Co-generating M&E,0,fir_zip_1994_2002.zip:2002/EA/Equalized Assessment.xls#EA Equalized Assessment
2002,high_river,0148,HIGH RIVER,POPL,POPL,Population,9345,fir_zip_1994_2002.zip:2002/POPL/Population of Alberta.xls#POPL Population of Alberta
2002,leduc_city,0200,LEDUC,D,01910,Provincial Government Unconditional Transfers,165377,fir_zip_1994_2002.zip:2002/D/Total.xls#D Total
2002,leduc_city,0200,LEDUC,D,01920,Provincial Government Conditional Transfers,2304305,fir_zip_1994_2002.zip:2002/D/Total.xls#D Total
2002,leduc_city,0200,LEDUC,EA,08260,GRAND TOTAL,785675711,fir_zip_1994_2002.zip:2002/EA/Equalized Assessment.xls#EA Equalized Assessment
2002,leduc_city,0200,LEDUC,EA,08265,Linear Subtotal,19958970,fir_zip_1994_2002.zip:2002/EA/Equalized Assessment.xls#EA Equalized Assessment
2002,leduc_city,0200,LEDUC,EA,08270,Mach & Equip Subtotal,6853640,fir_zip_1994_2002.zip:2002/EA/Equalized Assessment.xls#EA Equalized Assessment
2002,leduc_city,0200,LEDUC,EA,08275,Non Residential Subtotal,151237941,fir_zip_1994_2002.zip:2002/EA/Equalized Assessment.xls#EA Equalized Assessment
2002,leduc_city,0200,LEDUC,EA,08280,Residential Subtotal,604509900,fir_zip_1994_2002.zip:2002/EA/Equalized Assessment.xls#EA Equalized Assessment
2002,leduc_city,0200,LEDUC,EA,08285,Farmland,3001640,fir_zip_1994_2002.zip:2002/EA/Equalized Assessment.xls#EA Equalized Assessment
2002,leduc_city,0200,LEDUC,EA,08290,Non Residential Railway,113620,fir_zip_1994_2002.zip:2002/EA/Equalized Assessment.xls#EA Equalized Assessment
2002,leduc_city,0200,LEDUC,EA,08295,NR Res. Co-generating M&E,0,fir_zip_1994_2002.zip:2002/EA/Equalized Assessment.xls#EA Equalized Assessment
2002,leduc_city,0200,LEDUC,POPL,POPL,Population,15032,fir_zip_1994_2002.zip:2002/POPL/Population of Alberta.xls#POPL Population of Alberta
2002,leduc_county,0201,LEDUC COUNTY,D,01910,Provincial Government Unconditional Transfers,48246,fir_zip_1994_2002.zip:2002/D/Total.xls#D Total
2002,leduc_county,0201,LEDUC COUNTY,D,01920,Provincial Government Conditional Transfers,2278951,fir_zip_1994_2002.zip:2002/D/Total.xls#D Total
2002,leduc_county,0201,LEDUC COUNTY,EA,08260,GRAND TOTAL,1874728928,fir_zip_1994_2002.zip:2002/EA/Equalized Assessment.xls#EA Equalized Assessment
2002,leduc_county,0201,LEDUC COUNTY,EA,08265,Linear Subtotal,705786250,fir_zip_1994_2002.zip:2002/EA/Equalized Assessment.xls#EA Equalized Assessment
2002,leduc_county,0201,LEDUC COUNTY,EA,08270,Mach & Equip Subtotal,85816120,fir_zip_1994_2002.zip:2002/EA/Equalized Assessment.xls#EA Equalized Assessment
2002,leduc_county,0201,LEDUC COUNTY,EA,08275,Non Residential Subtotal,493308478,fir_zip_1994_2002.zip:2002/EA/Equalized Assessment.xls#EA Equalized Assessment
2002,leduc_county,0201,LEDUC COUNTY,EA,08280,Residential Subtotal,494665700,fir_zip_1994_2002.zip:2002/EA/Equalized Assessment.xls#EA Equalized Assessment
2002,leduc_county,0201,LEDUC COUNTY,EA,08285,Farmland,93899420,fir_zip_1994_2002.zip:2002/EA/Equalized Assessment.xls#EA Equalized Assessment
2002,leduc_county,0201,LEDUC COUNTY,EA,08290,Non Residential Railway,1252960,fir_zip_1994_2002.zip:2002/EA/Equalized Assessment.xls#EA Equalized Assessment
2002,leduc_county,0201,LEDUC COUNTY,EA,08295,NR Res. Co-generating M&E,0,fir_zip_1994_2002.zip:2002/EA/Equalized Assessment.xls#EA Equalized Assessment
2002,leduc_county,0201,LEDUC COUNTY,POPL,POPL,Population,12528,fir_zip_1994_2002.zip:2002/POPL/Population of Alberta.xls#POPL Population of Alberta
2002,morinville,0224,MORINVILLE,D,01910,Provincial Government Unconditional Transfers,69383,fir_zip_1994_2002.zip:2002/D/Total.xls#D Total
2002,morinville,0224,MORINVILLE,D,01920,Provincial Government Conditional Transfers,714101,fir_zip_1994_2002.zip:2002/D/Total.xls#D Total
2002,morinville,0224,MORINVILLE,EA,08260,GRAND TOTAL,229488928,fir_zip_1994_2002.zip:2002/EA/Equalized Assessment.xls#EA Equalized Assessment
2002,morinville,0224,MORINVILLE,EA,08265,Linear Subtotal,7023230,fir_zip_1994_2002.zip:2002/EA/Equalized Assessment.xls#EA Equalized Assessment
2002,morinville,0224,MORINVILLE,EA,08270,Mach & Equip Subtotal,933000,fir_zip_1994_2002.zip:2002/EA/Equalized Assessment.xls#EA Equalized Assessment
2002,morinville,0224,MORINVILLE,EA,08275,Non Residential Subtotal,27759951,fir_zip_1994_2002.zip:2002/EA/Equalized Assessment.xls#EA Equalized Assessment
2002,morinville,0224,MORINVILLE,EA,08280,Residential Subtotal,193355687,fir_zip_1994_2002.zip:2002/EA/Equalized Assessment.xls#EA Equalized Assessment
2002,morinville,0224,MORINVILLE,EA,08285,Farmland,351930,fir_zip_1994_2002.zip:2002/EA/Equalized Assessment.xls#EA Equalized Assessment
2002,morinville,0224,MORINVILLE,EA,08290,Non Residential Railway,65130,fir_zip_1994_2002.zip:2002/EA/Equalized Assessment.xls#EA Equalized Assessment
2002,morinville,0224,MORINVILLE,EA,08295,NR Res. Co-generating M&E,0,fir_zip_1994_2002.zip:2002/EA/Equalized Assessment.xls#EA Equalized Assessment
2002,morinville,0224,MORINVILLE,POPL,POPL,Population,6540,fir_zip_1994_2002.zip:2002/POPL/Population of Alberta.xls#POPL Population of Alberta
2002,okotoks,0238,OKOTOKS,D,01910,Provincial Government Unconditional Transfers,67810,fir_zip_1994_2002.zip:2002/D/Total.xls#D Total
2002,okotoks,0238,OKOTOKS,D,01920,Provincial Government Conditional Transfers,2865336,fir_zip_1994_2002.zip:2002/D/Total.xls#D Total
2002,okotoks,0238,OKOTOKS,EA,08260,GRAND TOTAL,697229595,fir_zip_1994_2002.zip:2002/EA/Equalized Assessment.xls#EA Equalized Assessment
2002,okotoks,0238,OKOTOKS,EA,08265,Linear Subtotal,9264680,fir_zip_1994_2002.zip:2002/EA/Equalized Assessment.xls#EA Equalized Assessment
2002,okotoks,0238,OKOTOKS,EA,08270,Mach & Equip Subtotal,310980,fir_zip_1994_2002.zip:2002/EA/Equalized Assessment.xls#EA Equalized Assessment
2002,okotoks,0238,OKOTOKS,EA,08275,Non Residential Subtotal,80036378,fir_zip_1994_2002.zip:2002/EA/Equalized Assessment.xls#EA Equalized Assessment
2002,okotoks,0238,OKOTOKS,EA,08280,Residential Subtotal,607146767,fir_zip_1994_2002.zip:2002/EA/Equalized Assessment.xls#EA Equalized Assessment
2002,okotoks,0238,OKOTOKS,EA,08285,Farmland,407740,fir_zip_1994_2002.zip:2002/EA/Equalized Assessment.xls#EA Equalized Assessment
2002,okotoks,0238,OKOTOKS,EA,08290,Non Residential Railway,63050,fir_zip_1994_2002.zip:2002/EA/Equalized Assessment.xls#EA Equalized Assessment
2002,okotoks,0238,OKOTOKS,EA,08295,NR Res. Co-generating M&E,0,fir_zip_1994_2002.zip:2002/EA/Equalized Assessment.xls#EA Equalized Assessment
2002,okotoks,0238,OKOTOKS,POPL,POPL,Population,11664,fir_zip_1994_2002.zip:2002/POPL/Population of Alberta.xls#POPL Population of Alberta
2002,parkland,0245,PARKLAND COUNTY,D,01910,Provincial Government Unconditional Transfers,0,fir_zip_1994_2002.zip:2002/D/Total.xls#D Total
2002,parkland,0245,PARKLAND COUNTY,D,01920,Provincial Government Conditional Transfers,1957753,fir_zip_1994_2002.zip:2002/D/Total.xls#D Total
2002,parkland,0245,PARKLAND COUNTY,EA,08260,GRAND TOTAL,2556785990,fir_zip_1994_2002.zip:2002/EA/Equalized Assessment.xls#EA Equalized Assessment
2002,parkland,0245,PARKLAND COUNTY,EA,08265,Linear Subtotal,825387450,fir_zip_1994_2002.zip:2002/EA/Equalized Assessment.xls#EA Equalized Assessment
2002,parkland,0245,PARKLAND COUNTY,EA,08270,Mach & Equip Subtotal,103030470,fir_zip_1994_2002.zip:2002/EA/Equalized Assessment.xls#EA Equalized Assessment
2002,parkland,0245,PARKLAND COUNTY,EA,08275,Non Residential Subtotal,230079528,fir_zip_1994_2002.zip:2002/EA/Equalized Assessment.xls#EA Equalized Assessment
2002,parkland,0245,PARKLAND COUNTY,EA,08280,Residential Subtotal,1340588272,fir_zip_1994_2002.zip:2002/EA/Equalized Assessment.xls#EA Equalized Assessment
2002,parkland,0245,PARKLAND COUNTY,EA,08285,Farmland,45626250,fir_zip_1994_2002.zip:2002/EA/Equalized Assessment.xls#EA Equalized Assessment
2002,parkland,0245,PARKLAND COUNTY,EA,08290,Non Residential Railway,12074020,fir_zip_1994_2002.zip:2002/EA/Equalized Assessment.xls#EA Equalized Assessment
2002,parkland,0245,PARKLAND COUNTY,EA,08295,NR Res. Co-generating M&E,0,fir_zip_1994_2002.zip:2002/EA/Equalized Assessment.xls#EA Equalized Assessment
2002,parkland,0245,PARKLAND COUNTY,POPL,POPL,Population,27252,fir_zip_1994_2002.zip:2002/POPL/Population of Alberta.xls#POPL Population of Alberta
2002,rocky_view,0269,"ROCKY VIEW NO. 44, M.D. OF",D,01910,Provincial Government Unconditional Transfers,74192,fir_zip_1994_2002.zip:2002/D/Total.xls#D Total
2002,rocky_view,0269,"ROCKY VIEW NO. 44, M.D. OF",D,01920,Provincial Government Conditional Transfers,3895080,fir_zip_1994_2002.zip:2002/D/Total.xls#D Total
2002,rocky_view,0269,"ROCKY VIEW NO. 44, M.D. OF",EA,08260,GRAND TOTAL,4321909925,fir_zip_1994_2002.zip:2002/EA/Equalized Assessment.xls#EA Equalized Assessment
2002,rocky_view,0269,"ROCKY VIEW NO. 44, M.D. OF",EA,08265,Linear Subtotal,395483890,fir_zip_1994_2002.zip:2002/EA/Equalized Assessment.xls#EA Equalized Assessment
2002,rocky_view,0269,"ROCKY VIEW NO. 44, M.D. OF",EA,08270,Mach & Equip Subtotal,357097800,fir_zip_1994_2002.zip:2002/EA/Equalized Assessment.xls#EA Equalized Assessment
2002,rocky_view,0269,"ROCKY VIEW NO. 44, M.D. OF",EA,08275,Non Residential Subtotal,223047685,fir_zip_1994_2002.zip:2002/EA/Equalized Assessment.xls#EA Equalized Assessment
2002,rocky_view,0269,"ROCKY VIEW NO. 44, M.D. OF",EA,08280,Residential Subtotal,3169790570,fir_zip_1994_2002.zip:2002/EA/Equalized Assessment.xls#EA Equalized Assessment
2002,rocky_view,0269,"ROCKY VIEW NO. 44, M.D. OF",EA,08285,Farmland,165508660,fir_zip_1994_2002.zip:2002/EA/Equalized Assessment.xls#EA Equalized Assessment
2002,rocky_view,0269,"ROCKY VIEW NO. 44, M.D. OF",EA,08290,Non Residential Railway,10981320,fir_zip_1994_2002.zip:2002/EA/Equalized Assessment.xls#EA Equalized Assessment
2002,rocky_view,0269,"ROCKY VIEW NO. 44, M.D. OF",EA,08295,NR Res. Co-generating M&E,0,fir_zip_1994_2002.zip:2002/EA/Equalized Assessment.xls#EA Equalized Assessment
2002,rocky_view,0269,"ROCKY VIEW NO. 44, M.D. OF",POPL,POPL,Population,30688,fir_zip_1994_2002.zip:2002/POPL/Population of Alberta.xls#POPL Population of Alberta
2002,spruce_grove,0291,SPRUCE GROVE,D,01910,Provincial Government Unconditional Transfers,230862,fir_zip_1994_2002.zip:2002/D/Total.xls#D Total
2002,spruce_grove,0291,SPRUCE GROVE,D,01920,Provincial Government Conditional Transfers,1182717,fir_zip_1994_2002.zip:2002/D/Total.xls#D Total
2002,spruce_grove,0291,SPRUCE GROVE,EA,08260,GRAND TOTAL,806379063,fir_zip_1994_2002.zip:2002/EA/Equalized Assessment.xls#EA Equalized Assessment
2002,spruce_grove,0291,SPRUCE GROVE,EA,08265,Linear Subtotal,18434550,fir_zip_1994_2002.zip:2002/EA/Equalized Assessment.xls#EA Equalized Assessment
2002,spruce_grove,0291,SPRUCE GROVE,EA,08270,Mach & Equip Subtotal,0,fir_zip_1994_2002.zip:2002/EA/Equalized Assessment.xls#EA Equalized Assessment
2002,spruce_grove,0291,SPRUCE GROVE,EA,08275,Non Residential Subtotal,138147985,fir_zip_1994_2002.zip:2002/EA/Equalized Assessment.xls#EA Equalized Assessment
2002,spruce_grove,0291,SPRUCE GROVE,EA,08280,Residential Subtotal,648376238,fir_zip_1994_2002.zip:2002/EA/Equalized Assessment.xls#EA Equalized Assessment
2002,spruce_grove,0291,SPRUCE GROVE,EA,08285,Farmland,860790,fir_zip_1994_2002.zip:2002/EA/Equalized Assessment.xls#EA Equalized Assessment
2002,spruce_grove,0291,SPRUCE GROVE,EA,08290,Non Residential Railway,559500,fir_zip_1994_2002.zip:2002/EA/Equalized Assessment.xls#EA Equalized Assessment
2002,spruce_grove,0291,SPRUCE GROVE,EA,08295,NR Res. Co-generating M&E,0,fir_zip_1994_2002.zip:2002/EA/Equalized Assessment.xls#EA Equalized Assessment
2002,spruce_grove,0291,SPRUCE GROVE,POPL,POPL,Population,15983,fir_zip_1994_2002.zip:2002/POPL/Population of Alberta.xls#POPL Population of Alberta
2002,st_albert,0292,ST. ALBERT,D,01910,Provincial Government Unconditional Transfers,934739,fir_zip_1994_2002.zip:2002/D/Total.xls#D Total
2002,st_albert,0292,ST. ALBERT,D,01920,Provincial Government Conditional Transfers,3329928,fir_zip_1994_2002.zip:2002/D/Total.xls#D Total
2002,st_albert,0292,ST. ALBERT,EA,08260,GRAND TOTAL,3124570606,fir_zip_1994_2002.zip:2002/EA/Equalized Assessment.xls#EA Equalized Assessment
2002,st_albert,0292,ST. ALBERT,EA,08265,Linear Subtotal,47098540,fir_zip_1994_2002.zip:2002/EA/Equalized Assessment.xls#EA Equalized Assessment
2002,st_albert,0292,ST. ALBERT,EA,08270,Mach & Equip Subtotal,6101120,fir_zip_1994_2002.zip:2002/EA/Equalized Assessment.xls#EA Equalized Assessment
2002,st_albert,0292,ST. ALBERT,EA,08275,Non Residential Subtotal,330327066,fir_zip_1994_2002.zip:2002/EA/Equalized Assessment.xls#EA Equalized Assessment
2002,st_albert,0292,ST. ALBERT,EA,08280,Residential Subtotal,2739436040,fir_zip_1994_2002.zip:2002/EA/Equalized Assessment.xls#EA Equalized Assessment
2002,st_albert,0292,ST. ALBERT,EA,08285,Farmland,1522390,fir_zip_1994_2002.zip:2002/EA/Equalized Assessment.xls#EA Equalized Assessment
2002,st_albert,0292,ST. ALBERT,EA,08290,Non Residential Railway,85450,fir_zip_1994_2002.zip:2002/EA/Equalized Assessment.xls#EA Equalized Assessment
2002,st_albert,0292,ST. ALBERT,EA,08295,NR Res. Co-generating M&E,0,fir_zip_1994_2002.zip:2002/EA/Equalized Assessment.xls#EA Equalized Assessment
2002,st_albert,0292,ST. ALBERT,POPL,POPL,Population,53081,fir_zip_1994_2002.zip:2002/POPL/Population of Alberta.xls#POPL Population of Alberta
2002,stony_plain,0301,STONY PLAIN,D,01910,Provincial Government Unconditional Transfers,67140,fir_zip_1994_2002.zip:2002/D/Total.xls#D Total
2002,stony_plain,0301,STONY PLAIN,D,01920,Provincial Government Conditional Transfers,642310,fir_zip_1994_2002.zip:2002/D/Total.xls#D Total
2002,stony_plain,0301,STONY PLAIN,EA,08260,GRAND TOTAL,452466522,fir_zip_1994_2002.zip:2002/EA/Equalized Assessment.xls#EA Equalized Assessment
2002,stony_plain,0301,STONY PLAIN,EA,08265,Linear Subtotal,12660440,fir_zip_1994_2002.zip:2002/EA/Equalized Assessment.xls#EA Equalized Assessment
2002,stony_plain,0301,STONY PLAIN,EA,08270,Mach & Equip Subtotal,150630,fir_zip_1994_2002.zip:2002/EA/Equalized Assessment.xls#EA Equalized Assessment
2002,stony_plain,0301,STONY PLAIN,EA,08275,Non Residential Subtotal,66828854,fir_zip_1994_2002.zip:2002/EA/Equalized Assessment.xls#EA Equalized Assessment
2002,stony_plain,0301,STONY PLAIN,EA,08280,Residential Subtotal,368339358,fir_zip_1994_2002.zip:2002/EA/Equalized Assessment.xls#EA Equalized Assessment
2002,stony_plain,0301,STONY PLAIN,EA,08285,Farmland,3144680,fir_zip_1994_2002.zip:2002/EA/Equalized Assessment.xls#EA Equalized Assessment
2002,stony_plain,0301,STONY PLAIN,EA,08290,Non Residential Railway,1342560,fir_zip_1994_2002.zip:2002/EA/Equalized Assessment.xls#EA Equalized Assessment
2002,stony_plain,0301,STONY PLAIN,EA,08295,NR Res. Co-generating M&E,0,fir_zip_1994_2002.zip:2002/EA/Equalized Assessment.xls#EA Equalized Assessment
2002,stony_plain,0301,STONY PLAIN,POPL,POPL,Population,9589,fir_zip_1994_2002.zip:2002/POPL/Population of Alberta.xls#POPL Population of Alberta
2002,strathcona,0302,STRATHCONA COUNTY,D,01910,Provincial Government Unconditional Transfers,821146,fir_zip_1994_2002.zip:2002/D/Total.xls#D Total
2002,strathcona,0302,STRATHCONA COUNTY,D,01920,Provincial Government Conditional Transfers,6377912,fir_zip_1994_2002.zip:2002/D/Total.xls#D Total
2002,strathcona,0302,STRATHCONA COUNTY,EA,08260,GRAND TOTAL,6630785342,fir_zip_1994_2002.zip:2002/EA/Equalized Assessment.xls#EA Equalized Assessment
2002,strathcona,0302,STRATHCONA COUNTY,EA,08265,Linear Subtotal,265136059,fir_zip_1994_2002.zip:2002/EA/Equalized Assessment.xls#EA Equalized Assessment
2002,strathcona,0302,STRATHCONA COUNTY,EA,08270,Mach & Equip Subtotal,1685994200,fir_zip_1994_2002.zip:2002/EA/Equalized Assessment.xls#EA Equalized Assessment
2002,strathcona,0302,STRATHCONA COUNTY,EA,08275,Non Residential Subtotal,749442106,fir_zip_1994_2002.zip:2002/EA/Equalized Assessment.xls#EA Equalized Assessment
2002,strathcona,0302,STRATHCONA COUNTY,EA,08280,Residential Subtotal,3888429917,fir_zip_1994_2002.zip:2002/EA/Equalized Assessment.xls#EA Equalized Assessment
2002,strathcona,0302,STRATHCONA COUNTY,EA,08285,Farmland,36077020,fir_zip_1994_2002.zip:2002/EA/Equalized Assessment.xls#EA Equalized Assessment
2002,strathcona,0302,STRATHCONA COUNTY,EA,08290,Non Residential Railway,5706040,fir_zip_1994_2002.zip:2002/EA/Equalized Assessment.xls#EA Equalized Assessment
2002,strathcona,0302,STRATHCONA COUNTY,EA,08295,NR Res. Co-generating M&E,0,fir_zip_1994_2002.zip:2002/EA/Equalized Assessment.xls#EA Equalized Assessment
2002,strathcona,0302,STRATHCONA COUNTY,POPL,POPL,Population,71986,fir_zip_1994_2002.zip:2002/POPL/Population of Alberta.xls#POPL Population of Alberta
2002,sturgeon,0305,STURGEON COUNTY,D,01910,Provincial Government Unconditional Transfers,49373,fir_zip_1994_2002.zip:2002/D/Total.xls#D Total
2002,sturgeon,0305,STURGEON COUNTY,D,01920,Provincial Government Conditional Transfers,1326511,fir_zip_1994_2002.zip:2002/D/Total.xls#D Total
2002,sturgeon,0305,STURGEON COUNTY,EA,08260,GRAND TOTAL,1705746335,fir_zip_1994_2002.zip:2002/EA/Equalized Assessment.xls#EA Equalized Assessment
2002,sturgeon,0305,STURGEON COUNTY,EA,08265,Linear Subtotal,206175619,fir_zip_1994_2002.zip:2002/EA/Equalized Assessment.xls#EA Equalized Assessment
2002,sturgeon,0305,STURGEON COUNTY,EA,08270,Mach & Equip Subtotal,372073810,fir_zip_1994_2002.zip:2002/EA/Equalized Assessment.xls#EA Equalized Assessment
2002,sturgeon,0305,STURGEON COUNTY,EA,08275,Non Residential Subtotal,283771048,fir_zip_1994_2002.zip:2002/EA/Equalized Assessment.xls#EA Equalized Assessment
2002,sturgeon,0305,STURGEON COUNTY,EA,08280,Residential Subtotal,758645578,fir_zip_1994_2002.zip:2002/EA/Equalized Assessment.xls#EA Equalized Assessment
2002,sturgeon,0305,STURGEON COUNTY,EA,08285,Farmland,82321900,fir_zip_1994_2002.zip:2002/EA/Equalized Assessment.xls#EA Equalized Assessment
2002,sturgeon,0305,STURGEON COUNTY,EA,08290,Non Residential Railway,2758380,fir_zip_1994_2002.zip:2002/EA/Equalized Assessment.xls#EA Equalized Assessment
2002,sturgeon,0305,STURGEON COUNTY,EA,08295,NR Res. Co-generating M&E,0,fir_zip_1994_2002.zip:2002/EA/Equalized Assessment.xls#EA Equalized Assessment
2002,sturgeon,0305,STURGEON COUNTY,POPL,POPL,Population,18067,fir_zip_1994_2002.zip:2002/POPL/Population of Alberta.xls#POPL Population of Alberta
2002,chestermere,0356,CHESTERMERE,D,01910,Provincial Government Unconditional Transfers,4051,fir_zip_1994_2002.zip:2002/D/Total.xls#D Total
2002,chestermere,0356,CHESTERMERE,D,01920,Provincial Government Conditional Transfers,419211,fir_zip_1994_2002.zip:2002/D/Total.xls#D Total
2002,chestermere,0356,CHESTERMERE,EA,08260,GRAND TOTAL,391395051,fir_zip_1994_2002.zip:2002/EA/Equalized Assessment.xls#EA Equalized Assessment
2002,chestermere,0356,CHESTERMERE,EA,08265,Linear Subtotal,3756730,fir_zip_1994_2002.zip:2002/EA/Equalized Assessment.xls#EA Equalized Assessment
2002,chestermere,0356,CHESTERMERE,EA,08270,Mach & Equip Subtotal,0,fir_zip_1994_2002.zip:2002/EA/Equalized Assessment.xls#EA Equalized Assessment
2002,chestermere,0356,CHESTERMERE,EA,08275,Non Residential Subtotal,7686530,fir_zip_1994_2002.zip:2002/EA/Equalized Assessment.xls#EA Equalized Assessment
2002,chestermere,0356,CHESTERMERE,EA,08280,Residential Subtotal,379305851,fir_zip_1994_2002.zip:2002/EA/Equalized Assessment.xls#EA Equalized Assessment
2002,chestermere,0356,CHESTERMERE,EA,08285,Farmland,645940,fir_zip_1994_2002.zip:2002/EA/Equalized Assessment.xls#EA Equalized Assessment
2002,chestermere,0356,CHESTERMERE,EA,08290,Non Residential Railway,0,fir_zip_1994_2002.zip:2002/EA/Equalized Assessment.xls#EA Equalized Assessment
2002,chestermere,0356,CHESTERMERE,EA,08295,NR Res. Co-generating M&E,0,fir_zip_1994_2002.zip:2002/EA/Equalized Assessment.xls#EA Equalized Assessment
2002,chestermere,0356,CHESTERMERE,POPL,POPL,Population,3742,fir_zip_1994_2002.zip:2002/POPL/Population of Alberta.xls#POPL Population of Alberta
2003,airdrie,0003,AIRDRIE,D,01910,Provincial Government Unconditional Transfers,292330,fir_zip_2003_2008.zip:2003-EA-MR/D Total.xls#D Total
2003,airdrie,0003,AIRDRIE,D,01920,Provincial Government Conditional Transfers,3932837,fir_zip_2003_2008.zip:2003-EA-MR/D Total.xls#D Total
2003,airdrie,0003,AIRDRIE,EA,08260,GRAND TOTAL,1328790463,fir_zip_2003_2008.zip:2003-EA-MR/EA Equalized Assessment.xls#EA Equalized Assessment
2003,airdrie,0003,AIRDRIE,EA,08265,Linear Subtotal,17856600,fir_zip_2003_2008.zip:2003-EA-MR/EA Equalized Assessment.xls#EA Equalized Assessment
2003,airdrie,0003,AIRDRIE,EA,08270,Mach & Equip Subtotal,5063500,fir_zip_2003_2008.zip:2003-EA-MR/EA Equalized Assessment.xls#EA Equalized Assessment
2003,airdrie,0003,AIRDRIE,EA,08275,Non Residential Subtotal,236402112,fir_zip_2003_2008.zip:2003-EA-MR/EA Equalized Assessment.xls#EA Equalized Assessment
2003,airdrie,0003,AIRDRIE,EA,08280,Residential Subtotal,1068321951,fir_zip_2003_2008.zip:2003-EA-MR/EA Equalized Assessment.xls#EA Equalized Assessment
2003,airdrie,0003,AIRDRIE,EA,08285,Farmland,728300,fir_zip_2003_2008.zip:2003-EA-MR/EA Equalized Assessment.xls#EA Equalized Assessment
2003,airdrie,0003,AIRDRIE,EA,08290,Non Residential Railway,418000,fir_zip_2003_2008.zip:2003-EA-MR/EA Equalized Assessment.xls#EA Equalized Assessment
2003,airdrie,0003,AIRDRIE,EA,08295,NR Res. Co-generating M&E,0,fir_zip_2003_2008.zip:2003-EA-MR/EA Equalized Assessment.xls#EA Equalized Assessment
2003,airdrie,0003,AIRDRIE,POPL,POPL,Population,23680,fir_zip_2003_2008.zip:2003-EA-MR/POPL Population of Alberta.xls#POPL Population of Alberta
2003,beaumont,0019,BEAUMONT,D,01910,Provincial Government Unconditional Transfers,68394,fir_zip_2003_2008.zip:2003-EA-MR/D Total.xls#D Total
2003,beaumont,0019,BEAUMONT,D,01920,Provincial Government Conditional Transfers,680244,fir_zip_2003_2008.zip:2003-EA-MR/D Total.xls#D Total
2003,beaumont,0019,BEAUMONT,EA,08260,GRAND TOTAL,358048109,fir_zip_2003_2008.zip:2003-EA-MR/EA Equalized Assessment.xls#EA Equalized Assessment
2003,beaumont,0019,BEAUMONT,EA,08265,Linear Subtotal,4862030,fir_zip_2003_2008.zip:2003-EA-MR/EA Equalized Assessment.xls#EA Equalized Assessment
2003,beaumont,0019,BEAUMONT,EA,08270,Mach & Equip Subtotal,43570,fir_zip_2003_2008.zip:2003-EA-MR/EA Equalized Assessment.xls#EA Equalized Assessment
2003,beaumont,0019,BEAUMONT,EA,08275,Non Residential Subtotal,15560057,fir_zip_2003_2008.zip:2003-EA-MR/EA Equalized Assessment.xls#EA Equalized Assessment
2003,beaumont,0019,BEAUMONT,EA,08280,Residential Subtotal,337205832,fir_zip_2003_2008.zip:2003-EA-MR/EA Equalized Assessment.xls#EA Equalized Assessment
2003,beaumont,0019,BEAUMONT,EA,08285,Farmland,376620,fir_zip_2003_2008.zip:2003-EA-MR/EA Equalized Assessment.xls#EA Equalized Assessment
2003,beaumont,0019,BEAUMONT,EA,08290,Non Residential Railway,0,fir_zip_2003_2008.zip:2003-EA-MR/EA Equalized Assessment.xls#EA Equalized Assessment
2003,beaumont,0019,BEAUMONT,EA,08295,NR Res. Co-generating M&E,0,fir_zip_2003_2008.zip:2003-EA-MR/EA Equalized Assessment.xls#EA Equalized Assessment
2003,beaumont,0019,BEAUMONT,POPL,POPL,Population,7407,fir_zip_2003_2008.zip:2003-EA-MR/POPL Population of Alberta.xls#POPL Population of Alberta
2003,calgary,0046,CALGARY,D,01910,Provincial Government Unconditional Transfers,9398000,fir_zip_2003_2008.zip:2003-EA-MR/D Total.xls#D Total
2003,calgary,0046,CALGARY,D,01920,Provincial Government Conditional Transfers,151003000,fir_zip_2003_2008.zip:2003-EA-MR/D Total.xls#D Total
2003,calgary,0046,CALGARY,EA,08260,GRAND TOTAL,76695770755,fir_zip_2003_2008.zip:2003-EA-MR/EA Equalized Assessment.xls#EA Equalized Assessment
2003,calgary,0046,CALGARY,EA,08265,Linear Subtotal,1071678140,fir_zip_2003_2008.zip:2003-EA-MR/EA Equalized Assessment.xls#EA Equalized Assessment
2003,calgary,0046,CALGARY,EA,08270,Mach & Equip Subtotal,201825750,fir_zip_2003_2008.zip:2003-EA-MR/EA Equalized Assessment.xls#EA Equalized Assessment
2003,calgary,0046,CALGARY,EA,08275,Non Residential Subtotal,18402636062,fir_zip_2003_2008.zip:2003-EA-MR/EA Equalized Assessment.xls#EA Equalized Assessment
2003,calgary,0046,CALGARY,EA,08280,Residential Subtotal,57003296153,fir_zip_2003_2008.zip:2003-EA-MR/EA Equalized Assessment.xls#EA Equalized Assessment
2003,calgary,0046,CALGARY,EA,08285,Farmland,7825210,fir_zip_2003_2008.zip:2003-EA-MR/EA Equalized Assessment.xls#EA Equalized Assessment
2003,calgary,0046,CALGARY,EA,08290,Non Residential Railway,8509440,fir_zip_2003_2008.zip:2003-EA-MR/EA Equalized Assessment.xls#EA Equalized Assessment
2003,calgary,0046,CALGARY,EA,08295,NR Res. Co-generating M&E,0,fir_zip_2003_2008.zip:2003-EA-MR/EA Equalized Assessment.xls#EA Equalized Assessment
2003,calgary,0046,CALGARY,POPL,POPL,Population,922315,fir_zip_2003_2008.zip:2003-EA-MR/POPL Population of Alberta.xls#POPL Population of Alberta
2003,cochrane,0070,COCHRANE,D,01910,Provincial Government Unconditional Transfers,52176,fir_zip_2003_2008.zip:2003-EA-MR/D Total.xls#D Total
2003,cochrane,0070,COCHRANE,D,01920,Provincial Government Conditional Transfers,1905109,fir_zip_2003_2008.zip:2003-EA-MR/D Total.xls#D Total
2003,cochrane,0070,COCHRANE,EA,08260,GRAND TOTAL,950860723,fir_zip_2003_2008.zip:2003-EA-MR/EA Equalized Assessment.xls#EA Equalized Assessment
2003,cochrane,0070,COCHRANE,EA,08265,Linear Subtotal,12999070,fir_zip_2003_2008.zip:2003-EA-MR/EA Equalized Assessment.xls#EA Equalized Assessment
2003,cochrane,0070,COCHRANE,EA,08270,Mach & Equip Subtotal,6871300,fir_zip_2003_2008.zip:2003-EA-MR/EA Equalized Assessment.xls#EA Equalized Assessment
2003,cochrane,0070,COCHRANE,EA,08275,Non Residential Subtotal,140088346,fir_zip_2003_2008.zip:2003-EA-MR/EA Equalized Assessment.xls#EA Equalized Assessment
2003,cochrane,0070,COCHRANE,EA,08280,Residential Subtotal,788316907,fir_zip_2003_2008.zip:2003-EA-MR/EA Equalized Assessment.xls#EA Equalized Assessment
2003,cochrane,0070,COCHRANE,EA,08285,Farmland,470200,fir_zip_2003_2008.zip:2003-EA-MR/EA Equalized Assessment.xls#EA Equalized Assessment
2003,cochrane,0070,COCHRANE,EA,08290,Non Residential Railway,2114900,fir_zip_2003_2008.zip:2003-EA-MR/EA Equalized Assessment.xls#EA Equalized Assessment
2003,cochrane,0070,COCHRANE,EA,08295,NR Res. Co-generating M&E,0,fir_zip_2003_2008.zip:2003-EA-MR/EA Equalized Assessment.xls#EA Equalized Assessment
2003,cochrane,0070,COCHRANE,POPL,POPL,Population,12074,fir_zip_2003_2008.zip:2003-EA-MR/POPL Population of Alberta.xls#POPL Population of Alberta
2003,devon,0086,DEVON,D,01910,Provincial Government Unconditional Transfers,53929,fir_zip_2003_2008.zip:2003-EA-MR/D Total.xls#D Total
2003,devon,0086,DEVON,D,01920,Provincial Government Conditional Transfers,385288,fir_zip_2003_2008.zip:2003-EA-MR/D Total.xls#D Total
2003,devon,0086,DEVON,EA,08260,GRAND TOTAL,271821195,fir_zip_2003_2008.zip:2003-EA-MR/EA Equalized Assessment.xls#EA Equalized Assessment
2003,devon,0086,DEVON,EA,08265,Linear Subtotal,8477500,fir_zip_2003_2008.zip:2003-EA-MR/EA Equalized Assessment.xls#EA Equalized Assessment
2003,devon,0086,DEVON,EA,08270,Mach & Equip Subtotal,10950030,fir_zip_2003_2008.zip:2003-EA-MR/EA Equalized Assessment.xls#EA Equalized Assessment
2003,devon,0086,DEVON,EA,08275,Non Residential Subtotal,41551612,fir_zip_2003_2008.zip:2003-EA-MR/EA Equalized Assessment.xls#EA Equalized Assessment
2003,devon,0086,DEVON,EA,08280,Residential Subtotal,210744923,fir_zip_2003_2008.zip:2003-EA-MR/EA Equalized Assessment.xls#EA Equalized Assessment
2003,devon,0086,DEVON,EA,08285,Farmland,97130,fir_zip_2003_2008.zip:2003-EA-MR/EA Equalized Assessment.xls#EA Equalized Assessment
2003,devon,0086,DEVON,EA,08290,Non Residential Railway,0,fir_zip_2003_2008.zip:2003-EA-MR/EA Equalized Assessment.xls#EA Equalized Assessment
2003,devon,0086,DEVON,EA,08295,NR Res. Co-generating M&E,0,fir_zip_2003_2008.zip:2003-EA-MR/EA Equalized Assessment.xls#EA Equalized Assessment
2003,devon,0086,DEVON,POPL,POPL,Population,5315,fir_zip_2003_2008.zip:2003-EA-MR/POPL Population of Alberta.xls#POPL Population of Alberta
2003,edmonton,0098,EDMONTON,D,01910,Provincial Government Unconditional Transfers,8792000,fir_zip_2003_2008.zip:2003-EA-MR/D Total.xls#D Total
2003,edmonton,0098,EDMONTON,D,01920,Provincial Government Conditional Transfers,108988000,fir_zip_2003_2008.zip:2003-EA-MR/D Total.xls#D Total
2003,edmonton,0098,EDMONTON,EA,08260,GRAND TOTAL,41647404497,fir_zip_2003_2008.zip:2003-EA-MR/EA Equalized Assessment.xls#EA Equalized Assessment
2003,edmonton,0098,EDMONTON,EA,08265,Linear Subtotal,960121850,fir_zip_2003_2008.zip:2003-EA-MR/EA Equalized Assessment.xls#EA Equalized Assessment
2003,edmonton,0098,EDMONTON,EA,08270,Mach & Equip Subtotal,773841534,fir_zip_2003_2008.zip:2003-EA-MR/EA Equalized Assessment.xls#EA Equalized Assessment
2003,edmonton,0098,EDMONTON,EA,08275,Non Residential Subtotal,9787840281,fir_zip_2003_2008.zip:2003-EA-MR/EA Equalized Assessment.xls#EA Equalized Assessment
2003,edmonton,0098,EDMONTON,EA,08280,Residential Subtotal,30089379499,fir_zip_2003_2008.zip:2003-EA-MR/EA Equalized Assessment.xls#EA Equalized Assessment
2003,edmonton,0098,EDMONTON,EA,08285,Farmland,25731585,fir_zip_2003_2008.zip:2003-EA-MR/EA Equalized Assessment.xls#EA Equalized Assessment
2003,edmonton,0098,EDMONTON,EA,08290,Non Residential Railway,9017988,fir_zip_2003_2008.zip:2003-EA-MR/EA Equalized Assessment.xls#EA Equalized Assessment
2003,edmonton,0098,EDMONTON,EA,08295,NR Res. Co-generating M&E,1471760,fir_zip_2003_2008.zip:2003-EA-MR/EA Equalized Assessment.xls#EA Equalized Assessment
2003,edmonton,0098,EDMONTON,POPL,POPL,Population,666104,fir_zip_2003_2008.zip:2003-EA-MR/POPL Population of Alberta.xls#POPL Population of Alberta
2003,foothills,0111,"FOOTHILLS NO. 31, M.D. OF",D,01910,Provincial Government Unconditional Transfers,37608,fir_zip_2003_2008.zip:2003-EA-MR/D Total.xls#D Total
2003,foothills,0111,"FOOTHILLS NO. 31, M.D. OF",D,01920,Provincial Government Conditional Transfers,1815831,fir_zip_2003_2008.zip:2003-EA-MR/D Total.xls#D Total
2003,foothills,0111,"FOOTHILLS NO. 31, M.D. OF",EA,08260,GRAND TOTAL,2393329653,fir_zip_2003_2008.zip:2003-EA-MR/EA Equalized Assessment.xls#EA Equalized Assessment
2003,foothills,0111,"FOOTHILLS NO. 31, M.D. OF",EA,08265,Linear Subtotal,238861280,fir_zip_2003_2008.zip:2003-EA-MR/EA Equalized Assessment.xls#EA Equalized Assessment
2003,foothills,0111,"FOOTHILLS NO. 31, M.D. OF",EA,08270,Mach & Equip Subtotal,143010490,fir_zip_2003_2008.zip:2003-EA-MR/EA Equalized Assessment.xls#EA Equalized Assessment
2003,foothills,0111,"FOOTHILLS NO. 31, M.D. OF",EA,08275,Non Residential Subtotal,146967030,fir_zip_2003_2008.zip:2003-EA-MR/EA Equalized Assessment.xls#EA Equalized Assessment
2003,foothills,0111,"FOOTHILLS NO. 31, M.D. OF",EA,08280,Residential Subtotal,1721142543,fir_zip_2003_2008.zip:2003-EA-MR/EA Equalized Assessment.xls#EA Equalized Assessment
2003,foothills,0111,"FOOTHILLS NO. 31, M.D. OF",EA,08285,Farmland,141940040,fir_zip_2003_2008.zip:2003-EA-MR/EA Equalized Assessment.xls#EA Equalized Assessment
2003,foothills,0111,"FOOTHILLS NO. 31, M.D. OF",EA,08290,Non Residential Railway,1408270,fir_zip_2003_2008.zip:2003-EA-MR/EA Equalized Assessment.xls#EA Equalized Assessment
2003,foothills,0111,"FOOTHILLS NO. 31, M.D. OF",EA,08295,NR Res. Co-generating M&E,0,fir_zip_2003_2008.zip:2003-EA-MR/EA Equalized Assessment.xls#EA Equalized Assessment
2003,foothills,0111,"FOOTHILLS NO. 31, M.D. OF",POPL,POPL,Population,17682,fir_zip_2003_2008.zip:2003-EA-MR/POPL Population of Alberta.xls#POPL Population of Alberta
2003,fort_saskatchewan,0117,FORT SASKATCHEWAN,D,01910,Provincial Government Unconditional Transfers,231063,fir_zip_2003_2008.zip:2003-EA-MR/D Total.xls#D Total
2003,fort_saskatchewan,0117,FORT SASKATCHEWAN,D,01920,Provincial Government Conditional Transfers,5047129,fir_zip_2003_2008.zip:2003-EA-MR/D Total.xls#D Total
2003,fort_saskatchewan,0117,FORT SASKATCHEWAN,EA,08260,GRAND TOTAL,1958931498,fir_zip_2003_2008.zip:2003-EA-MR/EA Equalized Assessment.xls#EA Equalized Assessment
2003,fort_saskatchewan,0117,FORT SASKATCHEWAN,EA,08265,Linear Subtotal,84550860,fir_zip_2003_2008.zip:2003-EA-MR/EA Equalized Assessment.xls#EA Equalized Assessment
2003,fort_saskatchewan,0117,FORT SASKATCHEWAN,EA,08270,Mach & Equip Subtotal,985370740,fir_zip_2003_2008.zip:2003-EA-MR/EA Equalized Assessment.xls#EA Equalized Assessment
2003,fort_saskatchewan,0117,FORT SASKATCHEWAN,EA,08275,Non Residential Subtotal,302539562,fir_zip_2003_2008.zip:2003-EA-MR/EA Equalized Assessment.xls#EA Equalized Assessment
2003,fort_saskatchewan,0117,FORT SASKATCHEWAN,EA,08280,Residential Subtotal,584378796,fir_zip_2003_2008.zip:2003-EA-MR/EA Equalized Assessment.xls#EA Equalized Assessment
2003,fort_saskatchewan,0117,FORT SASKATCHEWAN,EA,08285,Farmland,1488400,fir_zip_2003_2008.zip:2003-EA-MR/EA Equalized Assessment.xls#EA Equalized Assessment
2003,fort_saskatchewan,0117,FORT SASKATCHEWAN,EA,08290,Non Residential Railway,603140,fir_zip_2003_2008.zip:2003-EA-MR/EA Equalized Assessment.xls#EA Equalized Assessment
2003,fort_saskatchewan,0117,FORT SASKATCHEWAN,EA,08295,NR Res. Co-generating M&E,0,fir_zip_2003_2008.zip:2003-EA-MR/EA Equalized Assessment.xls#EA Equalized Assessment
2003,fort_saskatchewan,0117,FORT SASKATCHEWAN,POPL,POPL,Population,13824,fir_zip_2003_2008.zip:2003-EA-MR/POPL Population of Alberta.xls#POPL Population of Alberta
2003,high_river,0148,HIGH RIVER,D,01910,Provincial Government Unconditional Transfers,63075,fir_zip_2003_2008.zip:2003-EA-MR/D Total.xls#D Total
2003,high_river,0148,HIGH RIVER,D,01920,Provincial Government Conditional Transfers,646132,fir_zip_2003_2008.zip:2003-EA-MR/D Total.xls#D Total
2003,high_river,0148,HIGH RIVER,EA,08260,GRAND TOTAL,615804054,fir_zip_2003_2008.zip:2003-EA-MR/EA Equalized Assessment.xls#EA Equalized Assessment
2003,high_river,0148,HIGH RIVER,EA,08265,Linear Subtotal,9369350,fir_zip_2003_2008.zip:2003-EA-MR/EA Equalized Assessment.xls#EA Equalized Assessment
2003,high_river,0148,HIGH RIVER,EA,08270,Mach & Equip Subtotal,2684900,fir_zip_2003_2008.zip:2003-EA-MR/EA Equalized Assessment.xls#EA Equalized Assessment
2003,high_river,0148,HIGH RIVER,EA,08275,Non Residential Subtotal,95147439,fir_zip_2003_2008.zip:2003-EA-MR/EA Equalized Assessment.xls#EA Equalized Assessment
2003,high_river,0148,HIGH RIVER,EA,08280,Residential Subtotal,508555165,fir_zip_2003_2008.zip:2003-EA-MR/EA Equalized Assessment.xls#EA Equalized Assessment
2003,high_river,0148,HIGH RIVER,EA,08285,Farmland,18000,fir_zip_2003_2008.zip:2003-EA-MR/EA Equalized Assessment.xls#EA Equalized Assessment
2003,high_river,0148,HIGH RIVER,EA,08290,Non Residential Railway,29200,fir_zip_2003_2008.zip:2003-EA-MR/EA Equalized Assessment.xls#EA Equalized Assessment
2003,high_river,0148,HIGH RIVER,EA,08295,NR Res. Co-generating M&E,0,fir_zip_2003_2008.zip:2003-EA-MR/EA Equalized Assessment.xls#EA Equalized Assessment
2003,high_river,0148,HIGH RIVER,POPL,POPL,Population,9345,fir_zip_2003_2008.zip:2003-EA-MR/POPL Population of Alberta.xls#POPL Population of Alberta
2003,leduc_city,0200,LEDUC,D,01910,Provincial Government Unconditional Transfers,164861,fir_zip_2003_2008.zip:2003-EA-MR/D Total.xls#D Total
2003,leduc_city,0200,LEDUC,D,01920,Provincial Government Conditional Transfers,2012323,fir_zip_2003_2008.zip:2003-EA-MR/D Total.xls#D Total
2003,leduc_city,0200,LEDUC,EA,08260,GRAND TOTAL,866796707,fir_zip_2003_2008.zip:2003-EA-MR/EA Equalized Assessment.xls#EA Equalized Assessment
2003,leduc_city,0200,LEDUC,EA,08265,Linear Subtotal,21181550,fir_zip_2003_2008.zip:2003-EA-MR/EA Equalized Assessment.xls#EA Equalized Assessment
2003,leduc_city,0200,LEDUC,EA,08270,Mach & Equip Subtotal,7441180,fir_zip_2003_2008.zip:2003-EA-MR/EA Equalized Assessment.xls#EA Equalized Assessment
2003,leduc_city,0200,LEDUC,EA,08275,Non Residential Subtotal,166983411,fir_zip_2003_2008.zip:2003-EA-MR/EA Equalized Assessment.xls#EA Equalized Assessment
2003,leduc_city,0200,LEDUC,EA,08280,Residential Subtotal,667960696,fir_zip_2003_2008.zip:2003-EA-MR/EA Equalized Assessment.xls#EA Equalized Assessment
2003,leduc_city,0200,LEDUC,EA,08285,Farmland,3117290,fir_zip_2003_2008.zip:2003-EA-MR/EA Equalized Assessment.xls#EA Equalized Assessment
2003,leduc_city,0200,LEDUC,EA,08290,Non Residential Railway,112580,fir_zip_2003_2008.zip:2003-EA-MR/EA Equalized Assessment.xls#EA Equalized Assessment
2003,leduc_city,0200,LEDUC,EA,08295,NR Res. Co-generating M&E,0,fir_zip_2003_2008.zip:2003-EA-MR/EA Equalized Assessment.xls#EA Equalized Assessment
2003,leduc_city,0200,LEDUC,POPL,POPL,Population,15630,fir_zip_2003_2008.zip:2003-EA-MR/POPL Population of Alberta.xls#POPL Population of Alberta
2003,leduc_county,0201,LEDUC COUNTY,D,01910,Provincial Government Unconditional Transfers,45401,fir_zip_2003_2008.zip:2003-EA-MR/D Total.xls#D Total
2003,leduc_county,0201,LEDUC COUNTY,D,01920,Provincial Government Conditional Transfers,2647312,fir_zip_2003_2008.zip:2003-EA-MR/D Total.xls#D Total
2003,leduc_county,0201,LEDUC COUNTY,EA,08260,GRAND TOTAL,1934878289,fir_zip_2003_2008.zip:2003-EA-MR/EA Equalized Assessment.xls#EA Equalized Assessment
2003,leduc_county,0201,LEDUC COUNTY,EA,08265,Linear Subtotal,693789550,fir_zip_2003_2008.zip:2003-EA-MR/EA Equalized Assessment.xls#EA Equalized Assessment
2003,leduc_county,0201,LEDUC COUNTY,EA,08270,Mach & Equip Subtotal,85862780,fir_zip_2003_2008.zip:2003-EA-MR/EA Equalized Assessment.xls#EA Equalized Assessment
2003,leduc_county,0201,LEDUC COUNTY,EA,08275,Non Residential Subtotal,540110650,fir_zip_2003_2008.zip:2003-EA-MR/EA Equalized Assessment.xls#EA Equalized Assessment
2003,leduc_county,0201,LEDUC COUNTY,EA,08280,Residential Subtotal,520119809,fir_zip_2003_2008.zip:2003-EA-MR/EA Equalized Assessment.xls#EA Equalized Assessment
2003,leduc_county,0201,LEDUC COUNTY,EA,08285,Farmland,93798240,fir_zip_2003_2008.zip:2003-EA-MR/EA Equalized Assessment.xls#EA Equalized Assessment
2003,leduc_county,0201,LEDUC COUNTY,EA,08290,Non Residential Railway,1197260,fir_zip_2003_2008.zip:2003-EA-MR/EA Equalized Assessment.xls#EA Equalized Assessment
2003,leduc_county,0201,LEDUC COUNTY,EA,08295,NR Res. Co-generating M&E,0,fir_zip_2003_2008.zip:2003-EA-MR/EA Equalized Assessment.xls#EA Equalized Assessment
2003,leduc_county,0201,LEDUC COUNTY,POPL,POPL,Population,12528,fir_zip_2003_2008.zip:2003-EA-MR/POPL Population of Alberta.xls#POPL Population of Alberta
2003,morinville,0224,MORINVILLE,D,01910,Provincial Government Unconditional Transfers,69383,fir_zip_2003_2008.zip:2003-EA-MR/D Total.xls#D Total
2003,morinville,0224,MORINVILLE,D,01920,Provincial Government Conditional Transfers,1059630,fir_zip_2003_2008.zip:2003-EA-MR/D Total.xls#D Total
2003,morinville,0224,MORINVILLE,EA,08260,GRAND TOTAL,243999739,fir_zip_2003_2008.zip:2003-EA-MR/EA Equalized Assessment.xls#EA Equalized Assessment
2003,morinville,0224,MORINVILLE,EA,08265,Linear Subtotal,7090070,fir_zip_2003_2008.zip:2003-EA-MR/EA Equalized Assessment.xls#EA Equalized Assessment
2003,morinville,0224,MORINVILLE,EA,08270,Mach & Equip Subtotal,1067800,fir_zip_2003_2008.zip:2003-EA-MR/EA Equalized Assessment.xls#EA Equalized Assessment
2003,morinville,0224,MORINVILLE,EA,08275,Non Residential Subtotal,29364216,fir_zip_2003_2008.zip:2003-EA-MR/EA Equalized Assessment.xls#EA Equalized Assessment
2003,morinville,0224,MORINVILLE,EA,08280,Residential Subtotal,206061763,fir_zip_2003_2008.zip:2003-EA-MR/EA Equalized Assessment.xls#EA Equalized Assessment
2003,morinville,0224,MORINVILLE,EA,08285,Farmland,351930,fir_zip_2003_2008.zip:2003-EA-MR/EA Equalized Assessment.xls#EA Equalized Assessment
2003,morinville,0224,MORINVILLE,EA,08290,Non Residential Railway,63960,fir_zip_2003_2008.zip:2003-EA-MR/EA Equalized Assessment.xls#EA Equalized Assessment
2003,morinville,0224,MORINVILLE,EA,08295,NR Res. Co-generating M&E,0,fir_zip_2003_2008.zip:2003-EA-MR/EA Equalized Assessment.xls#EA Equalized Assessment
2003,morinville,0224,MORINVILLE,POPL,POPL,Population,6540,fir_zip_2003_2008.zip:2003-EA-MR/POPL Population of Alberta.xls#POPL Population of Alberta
2003,okotoks,0238,OKOTOKS,D,01910,Provincial Government Unconditional Transfers,67810,fir_zip_2003_2008.zip:2003-EA-MR/D Total.xls#D Total
2003,okotoks,0238,OKOTOKS,D,01920,Provincial Government Conditional Transfers,1917298,fir_zip_2003_2008.zip:2003-EA-MR/D Total.xls#D Total
2003,okotoks,0238,OKOTOKS,EA,08260,GRAND TOTAL,768011796,fir_zip_2003_2008.zip:2003-EA-MR/EA Equalized Assessment.xls#EA Equalized Assessment
2003,okotoks,0238,OKOTOKS,EA,08265,Linear Subtotal,9555080,fir_zip_2003_2008.zip:2003-EA-MR/EA Equalized Assessment.xls#EA Equalized Assessment
2003,okotoks,0238,OKOTOKS,EA,08270,Mach & Equip Subtotal,299390,fir_zip_2003_2008.zip:2003-EA-MR/EA Equalized Assessment.xls#EA Equalized Assessment
2003,okotoks,0238,OKOTOKS,EA,08275,Non Residential Subtotal,86769682,fir_zip_2003_2008.zip:2003-EA-MR/EA Equalized Assessment.xls#EA Equalized Assessment
2003,okotoks,0238,OKOTOKS,EA,08280,Residential Subtotal,670941494,fir_zip_2003_2008.zip:2003-EA-MR/EA Equalized Assessment.xls#EA Equalized Assessment
2003,okotoks,0238,OKOTOKS,EA,08285,Farmland,383100,fir_zip_2003_2008.zip:2003-EA-MR/EA Equalized Assessment.xls#EA Equalized Assessment
2003,okotoks,0238,OKOTOKS,EA,08290,Non Residential Railway,63050,fir_zip_2003_2008.zip:2003-EA-MR/EA Equalized Assessment.xls#EA Equalized Assessment
2003,okotoks,0238,OKOTOKS,EA,08295,NR Res. Co-generating M&E,0,fir_zip_2003_2008.zip:2003-EA-MR/EA Equalized Assessment.xls#EA Equalized Assessment
2003,okotoks,0238,OKOTOKS,POPL,POPL,Population,11664,fir_zip_2003_2008.zip:2003-EA-MR/POPL Population of Alberta.xls#POPL Population of Alberta
2003,parkland,0245,PARKLAND COUNTY,D,01910,Provincial Government Unconditional Transfers,73461,fir_zip_2003_2008.zip:2003-EA-MR/D Total.xls#D Total
2003,parkland,0245,PARKLAND COUNTY,D,01920,Provincial Government Conditional Transfers,2744845,fir_zip_2003_2008.zip:2003-EA-MR/D Total.xls#D Total
2003,parkland,0245,PARKLAND COUNTY,EA,08260,GRAND TOTAL,2678262309,fir_zip_2003_2008.zip:2003-EA-MR/EA Equalized Assessment.xls#EA Equalized Assessment
2003,parkland,0245,PARKLAND COUNTY,EA,08265,Linear Subtotal,803574310,fir_zip_2003_2008.zip:2003-EA-MR/EA Equalized Assessment.xls#EA Equalized Assessment
2003,parkland,0245,PARKLAND COUNTY,EA,08270,Mach & Equip Subtotal,108923400,fir_zip_2003_2008.zip:2003-EA-MR/EA Equalized Assessment.xls#EA Equalized Assessment
2003,parkland,0245,PARKLAND COUNTY,EA,08275,Non Residential Subtotal,245590546,fir_zip_2003_2008.zip:2003-EA-MR/EA Equalized Assessment.xls#EA Equalized Assessment
2003,parkland,0245,PARKLAND COUNTY,EA,08280,Residential Subtotal,1462764013,fir_zip_2003_2008.zip:2003-EA-MR/EA Equalized Assessment.xls#EA Equalized Assessment
2003,parkland,0245,PARKLAND COUNTY,EA,08285,Farmland,45446800,fir_zip_2003_2008.zip:2003-EA-MR/EA Equalized Assessment.xls#EA Equalized Assessment
2003,parkland,0245,PARKLAND COUNTY,EA,08290,Non Residential Railway,11963240,fir_zip_2003_2008.zip:2003-EA-MR/EA Equalized Assessment.xls#EA Equalized Assessment
2003,parkland,0245,PARKLAND COUNTY,EA,08295,NR Res. Co-generating M&E,0,fir_zip_2003_2008.zip:2003-EA-MR/EA Equalized Assessment.xls#EA Equalized Assessment
2003,parkland,0245,PARKLAND COUNTY,POPL,POPL,Population,27252,fir_zip_2003_2008.zip:2003-EA-MR/POPL Population of Alberta.xls#POPL Population of Alberta
2003,rocky_view,0269,ROCKY VIEW COUNTY,D,01910,Provincial Government Unconditional Transfers,63494,fir_zip_2003_2008.zip:2003-EA-MR/D Total.xls#D Total
2003,rocky_view,0269,ROCKY VIEW COUNTY,D,01920,Provincial Government Conditional Transfers,2210266,fir_zip_2003_2008.zip:2003-EA-MR/D Total.xls#D Total
2003,rocky_view,0269,ROCKY VIEW COUNTY,EA,08260,GRAND TOTAL,4726127530,fir_zip_2003_2008.zip:2003-EA-MR/EA Equalized Assessment.xls#EA Equalized Assessment
2003,rocky_view,0269,ROCKY VIEW COUNTY,EA,08265,Linear Subtotal,422762750,fir_zip_2003_2008.zip:2003-EA-MR/EA Equalized Assessment.xls#EA Equalized Assessment
2003,rocky_view,0269,ROCKY VIEW COUNTY,EA,08270,Mach & Equip Subtotal,351886100,fir_zip_2003_2008.zip:2003-EA-MR/EA Equalized Assessment.xls#EA Equalized Assessment
2003,rocky_view,0269,ROCKY VIEW COUNTY,EA,08275,Non Residential Subtotal,261049728,fir_zip_2003_2008.zip:2003-EA-MR/EA Equalized Assessment.xls#EA Equalized Assessment
2003,rocky_view,0269,ROCKY VIEW COUNTY,EA,08280,Residential Subtotal,3514423682,fir_zip_2003_2008.zip:2003-EA-MR/EA Equalized Assessment.xls#EA Equalized Assessment
2003,rocky_view,0269,ROCKY VIEW COUNTY,EA,08285,Farmland,165124700,fir_zip_2003_2008.zip:2003-EA-MR/EA Equalized Assessment.xls#EA Equalized Assessment
2003,rocky_view,0269,ROCKY VIEW COUNTY,EA,08290,Non Residential Railway,10880570,fir_zip_2003_2008.zip:2003-EA-MR/EA Equalized Assessment.xls#EA Equalized Assessment
2003,rocky_view,0269,ROCKY VIEW COUNTY,EA,08295,NR Res. Co-generating M&E,0,fir_zip_2003_2008.zip:2003-EA-MR/EA Equalized Assessment.xls#EA Equalized Assessment
2003,rocky_view,0269,ROCKY VIEW COUNTY,POPL,POPL,Population,30688,fir_zip_2003_2008.zip:2003-EA-MR/POPL Population of Alberta.xls#POPL Population of Alberta
2003,spruce_grove,0291,SPRUCE GROVE,D,01910,Provincial Government Unconditional Transfers,230862,fir_zip_2003_2008.zip:2003-EA-MR/D Total.xls#D Total
2003,spruce_grove,0291,SPRUCE GROVE,D,01920,Provincial Government Conditional Transfers,2451750,fir_zip_2003_2008.zip:2003-EA-MR/D Total.xls#D Total
2003,spruce_grove,0291,SPRUCE GROVE,EA,08260,GRAND TOTAL,886121479,fir_zip_2003_2008.zip:2003-EA-MR/EA Equalized Assessment.xls#EA Equalized Assessment
2003,spruce_grove,0291,SPRUCE GROVE,EA,08265,Linear Subtotal,19346460,fir_zip_2003_2008.zip:2003-EA-MR/EA Equalized Assessment.xls#EA Equalized Assessment
2003,spruce_grove,0291,SPRUCE GROVE,EA,08270,Mach & Equip Subtotal,0,fir_zip_2003_2008.zip:2003-EA-MR/EA Equalized Assessment.xls#EA Equalized Assessment
2003,spruce_grove,0291,SPRUCE GROVE,EA,08275,Non Residential Subtotal,164332368,fir_zip_2003_2008.zip:2003-EA-MR/EA Equalized Assessment.xls#EA Equalized Assessment
2003,spruce_grove,0291,SPRUCE GROVE,EA,08280,Residential Subtotal,701033301,fir_zip_2003_2008.zip:2003-EA-MR/EA Equalized Assessment.xls#EA Equalized Assessment
2003,spruce_grove,0291,SPRUCE GROVE,EA,08285,Farmland,854980,fir_zip_2003_2008.zip:2003-EA-MR/EA Equalized Assessment.xls#EA Equalized Assessment
2003,spruce_grove,0291,SPRUCE GROVE,EA,08290,Non Residential Railway,554370,fir_zip_2003_2008.zip:2003-EA-MR/EA Equalized Assessment.xls#EA Equalized Assessment
2003,spruce_grove,0291,SPRUCE GROVE,EA,08295,NR Res. Co-generating M&E,0,fir_zip_2003_2008.zip:2003-EA-MR/EA Equalized Assessment.xls#EA Equalized Assessment
2003,spruce_grove,0291,SPRUCE GROVE,POPL,POPL,Population,17082,fir_zip_2003_2008.zip:2003-EA-MR/POPL Population of Alberta.xls#POPL Population of Alberta
2003,st_albert,0292,ST. ALBERT,D,01910,Provincial Government Unconditional Transfers,934739,fir_zip_2003_2008.zip:2003-EA-MR/D Total.xls#D Total
2003,st_albert,0292,ST. ALBERT,D,01920,Provincial Government Conditional Transfers,2878220,fir_zip_2003_2008.zip:2003-EA-MR/D Total.xls#D Total
2003,st_albert,0292,ST. ALBERT,EA,08260,GRAND TOTAL,3385253991,fir_zip_2003_2008.zip:2003-EA-MR/EA Equalized Assessment.xls#EA Equalized Assessment
2003,st_albert,0292,ST. ALBERT,EA,08265,Linear Subtotal,48729150,fir_zip_2003_2008.zip:2003-EA-MR/EA Equalized Assessment.xls#EA Equalized Assessment
2003,st_albert,0292,ST. ALBERT,EA,08270,Mach & Equip Subtotal,6325450,fir_zip_2003_2008.zip:2003-EA-MR/EA Equalized Assessment.xls#EA Equalized Assessment
2003,st_albert,0292,ST. ALBERT,EA,08275,Non Residential Subtotal,363808110,fir_zip_2003_2008.zip:2003-EA-MR/EA Equalized Assessment.xls#EA Equalized Assessment
2003,st_albert,0292,ST. ALBERT,EA,08280,Residential Subtotal,2964819681,fir_zip_2003_2008.zip:2003-EA-MR/EA Equalized Assessment.xls#EA Equalized Assessment
2003,st_albert,0292,ST. ALBERT,EA,08285,Farmland,1486150,fir_zip_2003_2008.zip:2003-EA-MR/EA Equalized Assessment.xls#EA Equalized Assessment
2003,st_albert,0292,ST. ALBERT,EA,08290,Non Residential Railway,85450,fir_zip_2003_2008.zip:2003-EA-MR/EA Equalized Assessment.xls#EA Equalized Assessment
2003,st_albert,0292,ST. ALBERT,EA,08295,NR Res. Co-generating M&E,0,fir_zip_2003_2008.zip:2003-EA-MR/EA Equalized Assessment.xls#EA Equalized Assessment
2003,st_albert,0292,ST. ALBERT,POPL,POPL,Population,54588,fir_zip_2003_2008.zip:2003-EA-MR/POPL Population of Alberta.xls#POPL Population of Alberta
2003,stony_plain,0301,STONY PLAIN,D,01910,Provincial Government Unconditional Transfers,67140,fir_zip_2003_2008.zip:2003-EA-MR/D Total.xls#D Total
2003,stony_plain,0301,STONY PLAIN,D,01920,Provincial Government Conditional Transfers,841926,fir_zip_2003_2008.zip:2003-EA-MR/D Total.xls#D Total
2003,stony_plain,0301,STONY PLAIN,EA,08260,GRAND TOTAL,510068233,fir_zip_2003_2008.zip:2003-EA-MR/EA Equalized Assessment.xls#EA Equalized Assessment
2003,stony_plain,0301,STONY PLAIN,EA,08265,Linear Subtotal,13508930,fir_zip_2003_2008.zip:2003-EA-MR/EA Equalized Assessment.xls#EA Equalized Assessment
2003,stony_plain,0301,STONY PLAIN,EA,08270,Mach & Equip Subtotal,147500,fir_zip_2003_2008.zip:2003-EA-MR/EA Equalized Assessment.xls#EA Equalized Assessment
2003,stony_plain,0301,STONY PLAIN,EA,08275,Non Residential Subtotal,72880598,fir_zip_2003_2008.zip:2003-EA-MR/EA Equalized Assessment.xls#EA Equalized Assessment
2003,stony_plain,0301,STONY PLAIN,EA,08280,Residential Subtotal,418985845,fir_zip_2003_2008.zip:2003-EA-MR/EA Equalized Assessment.xls#EA Equalized Assessment
2003,stony_plain,0301,STONY PLAIN,EA,08285,Farmland,3164740,fir_zip_2003_2008.zip:2003-EA-MR/EA Equalized Assessment.xls#EA Equalized Assessment
2003,stony_plain,0301,STONY PLAIN,EA,08290,Non Residential Railway,1380620,fir_zip_2003_2008.zip:2003-EA-MR/EA Equalized Assessment.xls#EA Equalized Assessment
2003,stony_plain,0301,STONY PLAIN,EA,08295,NR Res. Co-generating M&E,0,fir_zip_2003_2008.zip:2003-EA-MR/EA Equalized Assessment.xls#EA Equalized Assessment
2003,stony_plain,0301,STONY PLAIN,POPL,POPL,Population,10544,fir_zip_2003_2008.zip:2003-EA-MR/POPL Population of Alberta.xls#POPL Population of Alberta
2003,strathcona,0302,STRATHCONA COUNTY,D,01910,Provincial Government Unconditional Transfers,821146,fir_zip_2003_2008.zip:2003-EA-MR/D Total.xls#D Total
2003,strathcona,0302,STRATHCONA COUNTY,D,01920,Provincial Government Conditional Transfers,6737409,fir_zip_2003_2008.zip:2003-EA-MR/D Total.xls#D Total
2003,strathcona,0302,STRATHCONA COUNTY,EA,08260,GRAND TOTAL,7208736828,fir_zip_2003_2008.zip:2003-EA-MR/EA Equalized Assessment.xls#EA Equalized Assessment
2003,strathcona,0302,STRATHCONA COUNTY,EA,08265,Linear Subtotal,280445320,fir_zip_2003_2008.zip:2003-EA-MR/EA Equalized Assessment.xls#EA Equalized Assessment
2003,strathcona,0302,STRATHCONA COUNTY,EA,08270,Mach & Equip Subtotal,1739462280,fir_zip_2003_2008.zip:2003-EA-MR/EA Equalized Assessment.xls#EA Equalized Assessment
2003,strathcona,0302,STRATHCONA COUNTY,EA,08275,Non Residential Subtotal,834006700,fir_zip_2003_2008.zip:2003-EA-MR/EA Equalized Assessment.xls#EA Equalized Assessment
2003,strathcona,0302,STRATHCONA COUNTY,EA,08280,Residential Subtotal,4313501668,fir_zip_2003_2008.zip:2003-EA-MR/EA Equalized Assessment.xls#EA Equalized Assessment
2003,strathcona,0302,STRATHCONA COUNTY,EA,08285,Farmland,35658990,fir_zip_2003_2008.zip:2003-EA-MR/EA Equalized Assessment.xls#EA Equalized Assessment
2003,strathcona,0302,STRATHCONA COUNTY,EA,08290,Non Residential Railway,5661870,fir_zip_2003_2008.zip:2003-EA-MR/EA Equalized Assessment.xls#EA Equalized Assessment
2003,strathcona,0302,STRATHCONA COUNTY,EA,08295,NR Res. Co-generating M&E,0,fir_zip_2003_2008.zip:2003-EA-MR/EA Equalized Assessment.xls#EA Equalized Assessment
2003,strathcona,0302,STRATHCONA COUNTY,POPL,POPL,Population,75949,fir_zip_2003_2008.zip:2003-EA-MR/POPL Population of Alberta.xls#POPL Population of Alberta
2003,sturgeon,0305,STURGEON COUNTY,D,01910,Provincial Government Unconditional Transfers,49373,fir_zip_2003_2008.zip:2003-EA-MR/D Total.xls#D Total
2003,sturgeon,0305,STURGEON COUNTY,D,01920,Provincial Government Conditional Transfers,3569660,fir_zip_2003_2008.zip:2003-EA-MR/D Total.xls#D Total
2003,sturgeon,0305,STURGEON COUNTY,EA,08260,GRAND TOTAL,1885218605,fir_zip_2003_2008.zip:2003-EA-MR/EA Equalized Assessment.xls#EA Equalized Assessment
2003,sturgeon,0305,STURGEON COUNTY,EA,08265,Linear Subtotal,236238780,fir_zip_2003_2008.zip:2003-EA-MR/EA Equalized Assessment.xls#EA Equalized Assessment
2003,sturgeon,0305,STURGEON COUNTY,EA,08270,Mach & Equip Subtotal,434852120,fir_zip_2003_2008.zip:2003-EA-MR/EA Equalized Assessment.xls#EA Equalized Assessment
2003,sturgeon,0305,STURGEON COUNTY,EA,08275,Non Residential Subtotal,311725822,fir_zip_2003_2008.zip:2003-EA-MR/EA Equalized Assessment.xls#EA Equalized Assessment
2003,sturgeon,0305,STURGEON COUNTY,EA,08280,Residential Subtotal,817324853,fir_zip_2003_2008.zip:2003-EA-MR/EA Equalized Assessment.xls#EA Equalized Assessment
2003,sturgeon,0305,STURGEON COUNTY,EA,08285,Farmland,82343970,fir_zip_2003_2008.zip:2003-EA-MR/EA Equalized Assessment.xls#EA Equalized Assessment
2003,sturgeon,0305,STURGEON COUNTY,EA,08290,Non Residential Railway,2733060,fir_zip_2003_2008.zip:2003-EA-MR/EA Equalized Assessment.xls#EA Equalized Assessment
2003,sturgeon,0305,STURGEON COUNTY,EA,08295,NR Res. Co-generating M&E,0,fir_zip_2003_2008.zip:2003-EA-MR/EA Equalized Assessment.xls#EA Equalized Assessment
2003,sturgeon,0305,STURGEON COUNTY,POPL,POPL,Population,18067,fir_zip_2003_2008.zip:2003-EA-MR/POPL Population of Alberta.xls#POPL Population of Alberta
2003,chestermere,0356,CHESTERMERE,D,01910,Provincial Government Unconditional Transfers,4051,fir_zip_2003_2008.zip:2003-EA-MR/D Total.xls#D Total
2003,chestermere,0356,CHESTERMERE,D,01920,Provincial Government Conditional Transfers,308576,fir_zip_2003_2008.zip:2003-EA-MR/D Total.xls#D Total
2003,chestermere,0356,CHESTERMERE,EA,08260,GRAND TOTAL,470717254,fir_zip_2003_2008.zip:2003-EA-MR/EA Equalized Assessment.xls#EA Equalized Assessment
2003,chestermere,0356,CHESTERMERE,EA,08265,Linear Subtotal,4027010,fir_zip_2003_2008.zip:2003-EA-MR/EA Equalized Assessment.xls#EA Equalized Assessment
2003,chestermere,0356,CHESTERMERE,EA,08270,Mach & Equip Subtotal,16630,fir_zip_2003_2008.zip:2003-EA-MR/EA Equalized Assessment.xls#EA Equalized Assessment
2003,chestermere,0356,CHESTERMERE,EA,08275,Non Residential Subtotal,10765090,fir_zip_2003_2008.zip:2003-EA-MR/EA Equalized Assessment.xls#EA Equalized Assessment
2003,chestermere,0356,CHESTERMERE,EA,08280,Residential Subtotal,455527064,fir_zip_2003_2008.zip:2003-EA-MR/EA Equalized Assessment.xls#EA Equalized Assessment
2003,chestermere,0356,CHESTERMERE,EA,08285,Farmland,381460,fir_zip_2003_2008.zip:2003-EA-MR/EA Equalized Assessment.xls#EA Equalized Assessment
2003,chestermere,0356,CHESTERMERE,EA,08290,Non Residential Railway,0,fir_zip_2003_2008.zip:2003-EA-MR/EA Equalized Assessment.xls#EA Equalized Assessment
2003,chestermere,0356,CHESTERMERE,EA,08295,NR Res. Co-generating M&E,0,fir_zip_2003_2008.zip:2003-EA-MR/EA Equalized Assessment.xls#EA Equalized Assessment
2003,chestermere,0356,CHESTERMERE,POPL,POPL,Population,5712,fir_zip_2003_2008.zip:2003-EA-MR/POPL Population of Alberta.xls#POPL Population of Alberta
2004,airdrie,0003,AIRDRIE,D,01910,Provincial Government Unconditional Transfers,195582,fir_zip_2003_2008.zip:2004/2004-D-Total.xlsx#Schedule D
2004,airdrie,0003,AIRDRIE,D,01920,Provincial Government Conditional Transfers,3953556,fir_zip_2003_2008.zip:2004/2004-D-Total.xlsx#Schedule D
2004,airdrie,0003,AIRDRIE,EA,08260,GRAND TOTAL,1525340823,fir_zip_2003_2008.zip:2004/2004-EA-Equalized Assessment.xlsx#Schedule EA
2004,airdrie,0003,AIRDRIE,EA,08265,Linear Subtotal,19213440,fir_zip_2003_2008.zip:2004/2004-EA-Equalized Assessment.xlsx#Schedule EA
2004,airdrie,0003,AIRDRIE,EA,08270,Mach & Equip Subtotal,4961700,fir_zip_2003_2008.zip:2004/2004-EA-Equalized Assessment.xlsx#Schedule EA
2004,airdrie,0003,AIRDRIE,EA,08275,Non Residential Subtotal,260676174,fir_zip_2003_2008.zip:2004/2004-EA-Equalized Assessment.xlsx#Schedule EA
2004,airdrie,0003,AIRDRIE,EA,08280,Residential Subtotal,1239480009,fir_zip_2003_2008.zip:2004/2004-EA-Equalized Assessment.xlsx#Schedule EA
2004,airdrie,0003,AIRDRIE,EA,08285,Farmland,540100,fir_zip_2003_2008.zip:2004/2004-EA-Equalized Assessment.xlsx#Schedule EA
2004,airdrie,0003,AIRDRIE,EA,08290,Non Residential Railway,469400,fir_zip_2003_2008.zip:2004/2004-EA-Equalized Assessment.xlsx#Schedule EA
2004,airdrie,0003,AIRDRIE,EA,08295,NR Res. Co-generating M&E,0,fir_zip_2003_2008.zip:2004/2004-EA-Equalized Assessment.xlsx#Schedule EA
2004,airdrie,0003,AIRDRIE,POPL,POPL,Population,25606,fir_zip_2003_2008.zip:2004/2004-POPL-Population of Alberta.xlsx#Schedule POPL
2004,beaumont,0019,BEAUMONT,D,01910,Provincial Government Unconditional Transfers,17763,fir_zip_2003_2008.zip:2004/2004-D-Total.xlsx#Schedule D
2004,beaumont,0019,BEAUMONT,D,01920,Provincial Government Conditional Transfers,858339,fir_zip_2003_2008.zip:2004/2004-D-Total.xlsx#Schedule D
2004,beaumont,0019,BEAUMONT,EA,08260,GRAND TOTAL,434576259,fir_zip_2003_2008.zip:2004/2004-EA-Equalized Assessment.xlsx#Schedule EA
2004,beaumont,0019,BEAUMONT,EA,08265,Linear Subtotal,5257280,fir_zip_2003_2008.zip:2004/2004-EA-Equalized Assessment.xlsx#Schedule EA
2004,beaumont,0019,BEAUMONT,EA,08270,Mach & Equip Subtotal,41980,fir_zip_2003_2008.zip:2004/2004-EA-Equalized Assessment.xlsx#Schedule EA
2004,beaumont,0019,BEAUMONT,EA,08275,Non Residential Subtotal,15500899,fir_zip_2003_2008.zip:2004/2004-EA-Equalized Assessment.xlsx#Schedule EA
2004,beaumont,0019,BEAUMONT,EA,08280,Residential Subtotal,413417130,fir_zip_2003_2008.zip:2004/2004-EA-Equalized Assessment.xlsx#Schedule EA
2004,beaumont,0019,BEAUMONT,EA,08285,Farmland,358970,fir_zip_2003_2008.zip:2004/2004-EA-Equalized Assessment.xlsx#Schedule EA
2004,beaumont,0019,BEAUMONT,EA,08290,Non Residential Railway,0,fir_zip_2003_2008.zip:2004/2004-EA-Equalized Assessment.xlsx#Schedule EA
2004,beaumont,0019,BEAUMONT,EA,08295,NR Res. Co-generating M&E,0,fir_zip_2003_2008.zip:2004/2004-EA-Equalized Assessment.xlsx#Schedule EA
2004,beaumont,0019,BEAUMONT,POPL,POPL,Population,7807,fir_zip_2003_2008.zip:2004/2004-POPL-Population of Alberta.xlsx#Schedule POPL
2004,calgary,0046,CALGARY,D,01910,Provincial Government Unconditional Transfers,0,fir_zip_2003_2008.zip:2004/2004-D-Total.xlsx#Schedule D
2004,calgary,0046,CALGARY,D,01920,Provincial Government Conditional Transfers,161698000,fir_zip_2003_2008.zip:2004/2004-D-Total.xlsx#Schedule D
2004,calgary,0046,CALGARY,EA,08260,GRAND TOTAL,85658580122,fir_zip_2003_2008.zip:2004/2004-EA-Equalized Assessment.xlsx#Schedule EA
2004,calgary,0046,CALGARY,EA,08265,Linear Subtotal,1141956010,fir_zip_2003_2008.zip:2004/2004-EA-Equalized Assessment.xlsx#Schedule EA
2004,calgary,0046,CALGARY,EA,08270,Mach & Equip Subtotal,201867630,fir_zip_2003_2008.zip:2004/2004-EA-Equalized Assessment.xlsx#Schedule EA
2004,calgary,0046,CALGARY,EA,08275,Non Residential Subtotal,18867891829,fir_zip_2003_2008.zip:2004/2004-EA-Equalized Assessment.xlsx#Schedule EA
2004,calgary,0046,CALGARY,EA,08280,Residential Subtotal,65427325712,fir_zip_2003_2008.zip:2004/2004-EA-Equalized Assessment.xlsx#Schedule EA
2004,calgary,0046,CALGARY,EA,08285,Farmland,11032401,fir_zip_2003_2008.zip:2004/2004-EA-Equalized Assessment.xlsx#Schedule EA
2004,calgary,0046,CALGARY,EA,08290,Non Residential Railway,8506540,fir_zip_2003_2008.zip:2004/2004-EA-Equalized Assessment.xlsx#Schedule EA
2004,calgary,0046,CALGARY,EA,08295,NR Res. Co-generating M&E,0,fir_zip_2003_2008.zip:2004/2004-EA-Equalized Assessment.xlsx#Schedule EA
2004,calgary,0046,CALGARY,POPL,POPL,Population,933495,fir_zip_2003_2008.zip:2004/2004-POPL-Population of Alberta.xlsx#Schedule POPL
2004,cochrane,0070,COCHRANE,D,01910,Provincial Government Unconditional Transfers,18785,fir_zip_2003_2008.zip:2004/2004-D-Total.xlsx#Schedule D
2004,cochrane,0070,COCHRANE,D,01920,Provincial Government Conditional Transfers,1638906,fir_zip_2003_2008.zip:2004/2004-D-Total.xlsx#Schedule D
2004,cochrane,0070,COCHRANE,EA,08260,GRAND TOTAL,1002187862,fir_zip_2003_2008.zip:2004/2004-EA-Equalized Assessment.xlsx#Schedule EA
2004,cochrane,0070,COCHRANE,EA,08265,Linear Subtotal,13500120,fir_zip_2003_2008.zip:2004/2004-EA-Equalized Assessment.xlsx#Schedule EA
2004,cochrane,0070,COCHRANE,EA,08270,Mach & Equip Subtotal,6596900,fir_zip_2003_2008.zip:2004/2004-EA-Equalized Assessment.xlsx#Schedule EA
2004,cochrane,0070,COCHRANE,EA,08275,Non Residential Subtotal,133755214,fir_zip_2003_2008.zip:2004/2004-EA-Equalized Assessment.xlsx#Schedule EA
2004,cochrane,0070,COCHRANE,EA,08280,Residential Subtotal,846282128,fir_zip_2003_2008.zip:2004/2004-EA-Equalized Assessment.xlsx#Schedule EA
2004,cochrane,0070,COCHRANE,EA,08285,Farmland,801800,fir_zip_2003_2008.zip:2004/2004-EA-Equalized Assessment.xlsx#Schedule EA
2004,cochrane,0070,COCHRANE,EA,08290,Non Residential Railway,1251700,fir_zip_2003_2008.zip:2004/2004-EA-Equalized Assessment.xlsx#Schedule EA
2004,cochrane,0070,COCHRANE,EA,08295,NR Res. Co-generating M&E,0,fir_zip_2003_2008.zip:2004/2004-EA-Equalized Assessment.xlsx#Schedule EA
2004,cochrane,0070,COCHRANE,POPL,POPL,Population,12688,fir_zip_2003_2008.zip:2004/2004-POPL-Population of Alberta.xlsx#Schedule POPL
2004,devon,0086,DEVON,D,01910,Provincial Government Unconditional Transfers,12987,fir_zip_2003_2008.zip:2004/2004-D-Total.xlsx#Schedule D
2004,devon,0086,DEVON,D,01920,Provincial Government Conditional Transfers,519617,fir_zip_2003_2008.zip:2004/2004-D-Total.xlsx#Schedule D
2004,devon,0086,DEVON,EA,08260,GRAND TOTAL,320767516,fir_zip_2003_2008.zip:2004/2004-EA-Equalized Assessment.xlsx#Schedule EA
2004,devon,0086,DEVON,EA,08265,Linear Subtotal,8680660,fir_zip_2003_2008.zip:2004/2004-EA-Equalized Assessment.xlsx#Schedule EA
2004,devon,0086,DEVON,EA,08270,Mach & Equip Subtotal,11039290,fir_zip_2003_2008.zip:2004/2004-EA-Equalized Assessment.xlsx#Schedule EA
2004,devon,0086,DEVON,EA,08275,Non Residential Subtotal,45862771,fir_zip_2003_2008.zip:2004/2004-EA-Equalized Assessment.xlsx#Schedule EA
2004,devon,0086,DEVON,EA,08280,Residential Subtotal,255105975,fir_zip_2003_2008.zip:2004/2004-EA-Equalized Assessment.xlsx#Schedule EA
2004,devon,0086,DEVON,EA,08285,Farmland,78820,fir_zip_2003_2008.zip:2004/2004-EA-Equalized Assessment.xlsx#Schedule EA
2004,devon,0086,DEVON,EA,08290,Non Residential Railway,0,fir_zip_2003_2008.zip:2004/2004-EA-Equalized Assessment.xlsx#Schedule EA
2004,devon,0086,DEVON,EA,08295,NR Res. Co-generating M&E,0,fir_zip_2003_2008.zip:2004/2004-EA-Equalized Assessment.xlsx#Schedule EA
2004,devon,0086,DEVON,POPL,POPL,Population,5315,fir_zip_2003_2008.zip:2004/2004-POPL-Population of Alberta.xlsx#Schedule POPL
2004,edmonton,0098,EDMONTON,D,01910,Provincial Government Unconditional Transfers,3485000,fir_zip_2003_2008.zip:2004/2004-D-Total.xlsx#Schedule D
2004,edmonton,0098,EDMONTON,D,01920,Provincial Government Conditional Transfers,133732000,fir_zip_2003_2008.zip:2004/2004-D-Total.xlsx#Schedule D
2004,edmonton,0098,EDMONTON,EA,08260,GRAND TOTAL,48484321335,fir_zip_2003_2008.zip:2004/2004-EA-Equalized Assessment.xlsx#Schedule EA
2004,edmonton,0098,EDMONTON,EA,08265,Linear Subtotal,998862260,fir_zip_2003_2008.zip:2004/2004-EA-Equalized Assessment.xlsx#Schedule EA
2004,edmonton,0098,EDMONTON,EA,08270,Mach & Equip Subtotal,806826283,fir_zip_2003_2008.zip:2004/2004-EA-Equalized Assessment.xlsx#Schedule EA
2004,edmonton,0098,EDMONTON,EA,08275,Non Residential Subtotal,10814946952,fir_zip_2003_2008.zip:2004/2004-EA-Equalized Assessment.xlsx#Schedule EA
2004,edmonton,0098,EDMONTON,EA,08280,Residential Subtotal,35828528518,fir_zip_2003_2008.zip:2004/2004-EA-Equalized Assessment.xlsx#Schedule EA
2004,edmonton,0098,EDMONTON,EA,08285,Farmland,24783921,fir_zip_2003_2008.zip:2004/2004-EA-Equalized Assessment.xlsx#Schedule EA
2004,edmonton,0098,EDMONTON,EA,08290,Non Residential Railway,8876901,fir_zip_2003_2008.zip:2004/2004-EA-Equalized Assessment.xlsx#Schedule EA
2004,edmonton,0098,EDMONTON,EA,08295,NR Res. Co-generating M&E,1496500,fir_zip_2003_2008.zip:2004/2004-EA-Equalized Assessment.xlsx#Schedule EA
2004,edmonton,0098,EDMONTON,POPL,POPL,Population,666104,fir_zip_2003_2008.zip:2004/2004-POPL-Population of Alberta.xlsx#Schedule POPL
2004,foothills,0111,"FOOTHILLS NO. 31, M.D. OF",D,01910,Provincial Government Unconditional Transfers,37608,fir_zip_2003_2008.zip:2004/2004-D-Total.xlsx#Schedule D
2004,foothills,0111,"FOOTHILLS NO. 31, M.D. OF",D,01920,Provincial Government Conditional Transfers,2059792,fir_zip_2003_2008.zip:2004/2004-D-Total.xlsx#Schedule D
2004,foothills,0111,"FOOTHILLS NO. 31, M.D. OF",EA,08260,GRAND TOTAL,2597400157,fir_zip_2003_2008.zip:2004/2004-EA-Equalized Assessment.xlsx#Schedule EA
2004,foothills,0111,"FOOTHILLS NO. 31, M.D. OF",EA,08265,Linear Subtotal,256960660,fir_zip_2003_2008.zip:2004/2004-EA-Equalized Assessment.xlsx#Schedule EA
2004,foothills,0111,"FOOTHILLS NO. 31, M.D. OF",EA,08270,Mach & Equip Subtotal,151797240,fir_zip_2003_2008.zip:2004/2004-EA-Equalized Assessment.xlsx#Schedule EA
2004,foothills,0111,"FOOTHILLS NO. 31, M.D. OF",EA,08275,Non Residential Subtotal,152626020,fir_zip_2003_2008.zip:2004/2004-EA-Equalized Assessment.xlsx#Schedule EA
2004,foothills,0111,"FOOTHILLS NO. 31, M.D. OF",EA,08280,Residential Subtotal,1892966667,fir_zip_2003_2008.zip:2004/2004-EA-Equalized Assessment.xlsx#Schedule EA
2004,foothills,0111,"FOOTHILLS NO. 31, M.D. OF",EA,08285,Farmland,141876850,fir_zip_2003_2008.zip:2004/2004-EA-Equalized Assessment.xlsx#Schedule EA
2004,foothills,0111,"FOOTHILLS NO. 31, M.D. OF",EA,08290,Non Residential Railway,1172720,fir_zip_2003_2008.zip:2004/2004-EA-Equalized Assessment.xlsx#Schedule EA
2004,foothills,0111,"FOOTHILLS NO. 31, M.D. OF",EA,08295,NR Res. Co-generating M&E,0,fir_zip_2003_2008.zip:2004/2004-EA-Equalized Assessment.xlsx#Schedule EA
2004,foothills,0111,"FOOTHILLS NO. 31, M.D. OF",POPL,POPL,Population,17682,fir_zip_2003_2008.zip:2004/2004-POPL-Population of Alberta.xlsx#Schedule POPL
2004,fort_saskatchewan,0117,FORT SASKATCHEWAN,D,01910,Provincial Government Unconditional Transfers,392474,fir_zip_2003_2008.zip:2004/2004-D-Total.xlsx#Schedule D
2004,fort_saskatchewan,0117,FORT SASKATCHEWAN,D,01920,Provincial Government Conditional Transfers,1389049,fir_zip_2003_2008.zip:2004/2004-D-Total.xlsx#Schedule D
2004,fort_saskatchewan,0117,FORT SASKATCHEWAN,EA,08260,GRAND TOTAL,2072309385,fir_zip_2003_2008.zip:2004/2004-EA-Equalized Assessment.xlsx#Schedule EA
2004,fort_saskatchewan,0117,FORT SASKATCHEWAN,EA,08265,Linear Subtotal,82773060,fir_zip_2003_2008.zip:2004/2004-EA-Equalized Assessment.xlsx#Schedule EA
2004,fort_saskatchewan,0117,FORT SASKATCHEWAN,EA,08270,Mach & Equip Subtotal,994722170,fir_zip_2003_2008.zip:2004/2004-EA-Equalized Assessment.xlsx#Schedule EA
2004,fort_saskatchewan,0117,FORT SASKATCHEWAN,EA,08275,Non Residential Subtotal,306822825,fir_zip_2003_2008.zip:2004/2004-EA-Equalized Assessment.xlsx#Schedule EA
2004,fort_saskatchewan,0117,FORT SASKATCHEWAN,EA,08280,Residential Subtotal,685873760,fir_zip_2003_2008.zip:2004/2004-EA-Equalized Assessment.xlsx#Schedule EA
2004,fort_saskatchewan,0117,FORT SASKATCHEWAN,EA,08285,Farmland,1517700,fir_zip_2003_2008.zip:2004/2004-EA-Equalized Assessment.xlsx#Schedule EA
2004,fort_saskatchewan,0117,FORT SASKATCHEWAN,EA,08290,Non Residential Railway,599870,fir_zip_2003_2008.zip:2004/2004-EA-Equalized Assessment.xlsx#Schedule EA
2004,fort_saskatchewan,0117,FORT SASKATCHEWAN,EA,08295,NR Res. Co-generating M&E,0,fir_zip_2003_2008.zip:2004/2004-EA-Equalized Assessment.xlsx#Schedule EA
2004,fort_saskatchewan,0117,FORT SASKATCHEWAN,POPL,POPL,Population,13824,fir_zip_2003_2008.zip:2004/2004-POPL-Population of Alberta.xlsx#Schedule POPL
2004,high_river,0148,HIGH RIVER,D,01910,Provincial Government Unconditional Transfers,21128,fir_zip_2003_2008.zip:2004/2004-D-Total.xlsx#Schedule D
2004,high_river,0148,HIGH RIVER,D,01920,Provincial Government Conditional Transfers,1123525,fir_zip_2003_2008.zip:2004/2004-D-Total.xlsx#Schedule D
2004,high_river,0148,HIGH RIVER,EA,08260,GRAND TOTAL,661496661,fir_zip_2003_2008.zip:2004/2004-EA-Equalized Assessment.xlsx#Schedule EA
2004,high_river,0148,HIGH RIVER,EA,08265,Linear Subtotal,9594020,fir_zip_2003_2008.zip:2004/2004-EA-Equalized Assessment.xlsx#Schedule EA
2004,high_river,0148,HIGH RIVER,EA,08270,Mach & Equip Subtotal,0,fir_zip_2003_2008.zip:2004/2004-EA-Equalized Assessment.xlsx#Schedule EA
2004,high_river,0148,HIGH RIVER,EA,08275,Non Residential Subtotal,97830886,fir_zip_2003_2008.zip:2004/2004-EA-Equalized Assessment.xlsx#Schedule EA
2004,high_river,0148,HIGH RIVER,EA,08280,Residential Subtotal,553924605,fir_zip_2003_2008.zip:2004/2004-EA-Equalized Assessment.xlsx#Schedule EA
2004,high_river,0148,HIGH RIVER,EA,08285,Farmland,118250,fir_zip_2003_2008.zip:2004/2004-EA-Equalized Assessment.xlsx#Schedule EA
2004,high_river,0148,HIGH RIVER,EA,08290,Non Residential Railway,28900,fir_zip_2003_2008.zip:2004/2004-EA-Equalized Assessment.xlsx#Schedule EA
2004,high_river,0148,HIGH RIVER,EA,08295,NR Res. Co-generating M&E,0,fir_zip_2003_2008.zip:2004/2004-EA-Equalized Assessment.xlsx#Schedule EA
2004,high_river,0148,HIGH RIVER,POPL,POPL,Population,9522,fir_zip_2003_2008.zip:2004/2004-POPL-Population of Alberta.xlsx#Schedule POPL
2004,leduc_city,0200,LEDUC,D,01910,Provincial Government Unconditional Transfers,287788,fir_zip_2003_2008.zip:2004/2004-D-Total.xlsx#Schedule D
2004,leduc_city,0200,LEDUC,D,01920,Provincial Government Conditional Transfers,2067528,fir_zip_2003_2008.zip:2004/2004-D-Total.xlsx#Schedule D
2004,leduc_city,0200,LEDUC,EA,08260,GRAND TOTAL,1045104351,fir_zip_2003_2008.zip:2004/2004-EA-Equalized Assessment.xlsx#Schedule EA
2004,leduc_city,0200,LEDUC,EA,08265,Linear Subtotal,20919250,fir_zip_2003_2008.zip:2004/2004-EA-Equalized Assessment.xlsx#Schedule EA
2004,leduc_city,0200,LEDUC,EA,08270,Mach & Equip Subtotal,7794520,fir_zip_2003_2008.zip:2004/2004-EA-Equalized Assessment.xlsx#Schedule EA
2004,leduc_city,0200,LEDUC,EA,08275,Non Residential Subtotal,221805407,fir_zip_2003_2008.zip:2004/2004-EA-Equalized Assessment.xlsx#Schedule EA
2004,leduc_city,0200,LEDUC,EA,08280,Residential Subtotal,789374214,fir_zip_2003_2008.zip:2004/2004-EA-Equalized Assessment.xlsx#Schedule EA
2004,leduc_city,0200,LEDUC,EA,08285,Farmland,4654390,fir_zip_2003_2008.zip:2004/2004-EA-Equalized Assessment.xlsx#Schedule EA
2004,leduc_city,0200,LEDUC,EA,08290,Non Residential Railway,556570,fir_zip_2003_2008.zip:2004/2004-EA-Equalized Assessment.xlsx#Schedule EA
2004,leduc_city,0200,LEDUC,EA,08295,NR Res. Co-generating M&E,0,fir_zip_2003_2008.zip:2004/2004-EA-Equalized Assessment.xlsx#Schedule EA
2004,leduc_city,0200,LEDUC,POPL,POPL,Population,15630,fir_zip_2003_2008.zip:2004/2004-POPL-Population of Alberta.xlsx#Schedule POPL
2004,leduc_county,0201,LEDUC COUNTY,D,01910,Provincial Government Unconditional Transfers,41525,fir_zip_2003_2008.zip:2004/2004-D-Total.xlsx#Schedule D
2004,leduc_county,0201,LEDUC COUNTY,D,01920,Provincial Government Conditional Transfers,1923089,fir_zip_2003_2008.zip:2004/2004-D-Total.xlsx#Schedule D
2004,leduc_county,0201,LEDUC COUNTY,EA,08260,GRAND TOTAL,2057689089,fir_zip_2003_2008.zip:2004/2004-EA-Equalized Assessment.xlsx#Schedule EA
2004,leduc_county,0201,LEDUC COUNTY,EA,08265,Linear Subtotal,681926870,fir_zip_2003_2008.zip:2004/2004-EA-Equalized Assessment.xlsx#Schedule EA
2004,leduc_county,0201,LEDUC COUNTY,EA,08270,Mach & Equip Subtotal,89169780,fir_zip_2003_2008.zip:2004/2004-EA-Equalized Assessment.xlsx#Schedule EA
2004,leduc_county,0201,LEDUC COUNTY,EA,08275,Non Residential Subtotal,631420987,fir_zip_2003_2008.zip:2004/2004-EA-Equalized Assessment.xlsx#Schedule EA
2004,leduc_county,0201,LEDUC COUNTY,EA,08280,Residential Subtotal,560158212,fir_zip_2003_2008.zip:2004/2004-EA-Equalized Assessment.xlsx#Schedule EA
2004,leduc_county,0201,LEDUC COUNTY,EA,08285,Farmland,93823420,fir_zip_2003_2008.zip:2004/2004-EA-Equalized Assessment.xlsx#Schedule EA
2004,leduc_county,0201,LEDUC COUNTY,EA,08290,Non Residential Railway,1189820,fir_zip_2003_2008.zip:2004/2004-EA-Equalized Assessment.xlsx#Schedule EA
2004,leduc_county,0201,LEDUC COUNTY,EA,08295,NR Res. Co-generating M&E,0,fir_zip_2003_2008.zip:2004/2004-EA-Equalized Assessment.xlsx#Schedule EA
2004,leduc_county,0201,LEDUC COUNTY,POPL,POPL,Population,12528,fir_zip_2003_2008.zip:2004/2004-POPL-Population of Alberta.xlsx#Schedule POPL
2004,morinville,0224,MORINVILLE,D,01910,Provincial Government Unconditional Transfers,19922,fir_zip_2003_2008.zip:2004/2004-D-Total.xlsx#Schedule D
2004,morinville,0224,MORINVILLE,D,01920,Provincial Government Conditional Transfers,960460,fir_zip_2003_2008.zip:2004/2004-D-Total.xlsx#Schedule D
2004,morinville,0224,MORINVILLE,EA,08260,GRAND TOTAL,294237585,fir_zip_2003_2008.zip:2004/2004-EA-Equalized Assessment.xlsx#Schedule EA
2004,morinville,0224,MORINVILLE,EA,08265,Linear Subtotal,7134130,fir_zip_2003_2008.zip:2004/2004-EA-Equalized Assessment.xlsx#Schedule EA
2004,morinville,0224,MORINVILLE,EA,08270,Mach & Equip Subtotal,1559560,fir_zip_2003_2008.zip:2004/2004-EA-Equalized Assessment.xlsx#Schedule EA
2004,morinville,0224,MORINVILLE,EA,08275,Non Residential Subtotal,32565566,fir_zip_2003_2008.zip:2004/2004-EA-Equalized Assessment.xlsx#Schedule EA
2004,morinville,0224,MORINVILLE,EA,08280,Residential Subtotal,252568059,fir_zip_2003_2008.zip:2004/2004-EA-Equalized Assessment.xlsx#Schedule EA
2004,morinville,0224,MORINVILLE,EA,08285,Farmland,346310,fir_zip_2003_2008.zip:2004/2004-EA-Equalized Assessment.xlsx#Schedule EA
2004,morinville,0224,MORINVILLE,EA,08290,Non Residential Railway,63960,fir_zip_2003_2008.zip:2004/2004-EA-Equalized Assessment.xlsx#Schedule EA
2004,morinville,0224,MORINVILLE,EA,08295,NR Res. Co-generating M&E,0,fir_zip_2003_2008.zip:2004/2004-EA-Equalized Assessment.xlsx#Schedule EA
2004,morinville,0224,MORINVILLE,POPL,POPL,Population,6540,fir_zip_2003_2008.zip:2004/2004-POPL-Population of Alberta.xlsx#Schedule POPL
2004,okotoks,0238,OKOTOKS,D,01910,Provincial Government Unconditional Transfers,0,fir_zip_2003_2008.zip:2004/2004-D-Total.xlsx#Schedule D
2004,okotoks,0238,OKOTOKS,D,01920,Provincial Government Conditional Transfers,2856448,fir_zip_2003_2008.zip:2004/2004-D-Total.xlsx#Schedule D
2004,okotoks,0238,OKOTOKS,EA,08260,GRAND TOTAL,909917552,fir_zip_2003_2008.zip:2004/2004-EA-Equalized Assessment.xlsx#Schedule EA
2004,okotoks,0238,OKOTOKS,EA,08265,Linear Subtotal,10851240,fir_zip_2003_2008.zip:2004/2004-EA-Equalized Assessment.xlsx#Schedule EA
2004,okotoks,0238,OKOTOKS,EA,08270,Mach & Equip Subtotal,306200,fir_zip_2003_2008.zip:2004/2004-EA-Equalized Assessment.xlsx#Schedule EA
2004,okotoks,0238,OKOTOKS,EA,08275,Non Residential Subtotal,110018767,fir_zip_2003_2008.zip:2004/2004-EA-Equalized Assessment.xlsx#Schedule EA
2004,okotoks,0238,OKOTOKS,EA,08280,Residential Subtotal,788354225,fir_zip_2003_2008.zip:2004/2004-EA-Equalized Assessment.xlsx#Schedule EA
2004,okotoks,0238,OKOTOKS,EA,08285,Farmland,324020,fir_zip_2003_2008.zip:2004/2004-EA-Equalized Assessment.xlsx#Schedule EA
2004,okotoks,0238,OKOTOKS,EA,08290,Non Residential Railway,63100,fir_zip_2003_2008.zip:2004/2004-EA-Equalized Assessment.xlsx#Schedule EA
2004,okotoks,0238,OKOTOKS,EA,08295,NR Res. Co-generating M&E,0,fir_zip_2003_2008.zip:2004/2004-EA-Equalized Assessment.xlsx#Schedule EA
2004,okotoks,0238,OKOTOKS,POPL,POPL,Population,11664,fir_zip_2003_2008.zip:2004/2004-POPL-Population of Alberta.xlsx#Schedule POPL
2004,parkland,0245,PARKLAND COUNTY,D,01910,Provincial Government Unconditional Transfers,73461,fir_zip_2003_2008.zip:2004/2004-D-Total.xlsx#Schedule D
2004,parkland,0245,PARKLAND COUNTY,D,01920,Provincial Government Conditional Transfers,2097365,fir_zip_2003_2008.zip:2004/2004-D-Total.xlsx#Schedule D
2004,parkland,0245,PARKLAND COUNTY,EA,08260,GRAND TOTAL,2900093958,fir_zip_2003_2008.zip:2004/2004-EA-Equalized Assessment.xlsx#Schedule EA
2004,parkland,0245,PARKLAND COUNTY,EA,08265,Linear Subtotal,768543040,fir_zip_2003_2008.zip:2004/2004-EA-Equalized Assessment.xlsx#Schedule EA
2004,parkland,0245,PARKLAND COUNTY,EA,08270,Mach & Equip Subtotal,116155670,fir_zip_2003_2008.zip:2004/2004-EA-Equalized Assessment.xlsx#Schedule EA
2004,parkland,0245,PARKLAND COUNTY,EA,08275,Non Residential Subtotal,278595499,fir_zip_2003_2008.zip:2004/2004-EA-Equalized Assessment.xlsx#Schedule EA
2004,parkland,0245,PARKLAND COUNTY,EA,08280,Residential Subtotal,1679408629,fir_zip_2003_2008.zip:2004/2004-EA-Equalized Assessment.xlsx#Schedule EA
2004,parkland,0245,PARKLAND COUNTY,EA,08285,Farmland,45427880,fir_zip_2003_2008.zip:2004/2004-EA-Equalized Assessment.xlsx#Schedule EA
2004,parkland,0245,PARKLAND COUNTY,EA,08290,Non Residential Railway,11963240,fir_zip_2003_2008.zip:2004/2004-EA-Equalized Assessment.xlsx#Schedule EA
2004,parkland,0245,PARKLAND COUNTY,EA,08295,NR Res. Co-generating M&E,0,fir_zip_2003_2008.zip:2004/2004-EA-Equalized Assessment.xlsx#Schedule EA
2004,parkland,0245,PARKLAND COUNTY,POPL,POPL,Population,27252,fir_zip_2003_2008.zip:2004/2004-POPL-Population of Alberta.xlsx#Schedule POPL
2004,rocky_view,0269,ROCKY VIEW COUNTY,D,01910,Provincial Government Unconditional Transfers,63494,fir_zip_2003_2008.zip:2004/2004-D-Total.xlsx#Schedule D
2004,rocky_view,0269,ROCKY VIEW COUNTY,D,01920,Provincial Government Conditional Transfers,1632247,fir_zip_2003_2008.zip:2004/2004-D-Total.xlsx#Schedule D
2004,rocky_view,0269,ROCKY VIEW COUNTY,EA,08260,GRAND TOTAL,5146604276,fir_zip_2003_2008.zip:2004/2004-EA-Equalized Assessment.xlsx#Schedule EA
2004,rocky_view,0269,ROCKY VIEW COUNTY,EA,08265,Linear Subtotal,486286390,fir_zip_2003_2008.zip:2004/2004-EA-Equalized Assessment.xlsx#Schedule EA
2004,rocky_view,0269,ROCKY VIEW COUNTY,EA,08270,Mach & Equip Subtotal,364070400,fir_zip_2003_2008.zip:2004/2004-EA-Equalized Assessment.xlsx#Schedule EA
2004,rocky_view,0269,ROCKY VIEW COUNTY,EA,08275,Non Residential Subtotal,290060197,fir_zip_2003_2008.zip:2004/2004-EA-Equalized Assessment.xlsx#Schedule EA
2004,rocky_view,0269,ROCKY VIEW COUNTY,EA,08280,Residential Subtotal,3830510679,fir_zip_2003_2008.zip:2004/2004-EA-Equalized Assessment.xlsx#Schedule EA
2004,rocky_view,0269,ROCKY VIEW COUNTY,EA,08285,Farmland,164796040,fir_zip_2003_2008.zip:2004/2004-EA-Equalized Assessment.xlsx#Schedule EA
2004,rocky_view,0269,ROCKY VIEW COUNTY,EA,08290,Non Residential Railway,10880570,fir_zip_2003_2008.zip:2004/2004-EA-Equalized Assessment.xlsx#Schedule EA
2004,rocky_view,0269,ROCKY VIEW COUNTY,EA,08295,NR Res. Co-generating M&E,0,fir_zip_2003_2008.zip:2004/2004-EA-Equalized Assessment.xlsx#Schedule EA
2004,rocky_view,0269,ROCKY VIEW COUNTY,POPL,POPL,Population,30418,fir_zip_2003_2008.zip:2004/2004-POPL-Population of Alberta.xlsx#Schedule POPL
2004,spruce_grove,0291,SPRUCE GROVE,D,01910,Provincial Government Unconditional Transfers,135546,fir_zip_2003_2008.zip:2004/2004-D-Total.xlsx#Schedule D
2004,spruce_grove,0291,SPRUCE GROVE,D,01920,Provincial Government Conditional Transfers,3795800,fir_zip_2003_2008.zip:2004/2004-D-Total.xlsx#Schedule D
2004,spruce_grove,0291,SPRUCE GROVE,EA,08260,GRAND TOTAL,1046278554,fir_zip_2003_2008.zip:2004/2004-EA-Equalized Assessment.xlsx#Schedule EA
2004,spruce_grove,0291,SPRUCE GROVE,EA,08265,Linear Subtotal,21086210,fir_zip_2003_2008.zip:2004/2004-EA-Equalized Assessment.xlsx#Schedule EA
2004,spruce_grove,0291,SPRUCE GROVE,EA,08270,Mach & Equip Subtotal,0,fir_zip_2003_2008.zip:2004/2004-EA-Equalized Assessment.xlsx#Schedule EA
2004,spruce_grove,0291,SPRUCE GROVE,EA,08275,Non Residential Subtotal,164850777,fir_zip_2003_2008.zip:2004/2004-EA-Equalized Assessment.xlsx#Schedule EA
2004,spruce_grove,0291,SPRUCE GROVE,EA,08280,Residential Subtotal,859054737,fir_zip_2003_2008.zip:2004/2004-EA-Equalized Assessment.xlsx#Schedule EA
2004,spruce_grove,0291,SPRUCE GROVE,EA,08285,Farmland,732460,fir_zip_2003_2008.zip:2004/2004-EA-Equalized Assessment.xlsx#Schedule EA
2004,spruce_grove,0291,SPRUCE GROVE,EA,08290,Non Residential Railway,554370,fir_zip_2003_2008.zip:2004/2004-EA-Equalized Assessment.xlsx#Schedule EA
2004,spruce_grove,0291,SPRUCE GROVE,EA,08295,NR Res. Co-generating M&E,0,fir_zip_2003_2008.zip:2004/2004-EA-Equalized Assessment.xlsx#Schedule EA
2004,spruce_grove,0291,SPRUCE GROVE,POPL,POPL,Population,17082,fir_zip_2003_2008.zip:2004/2004-POPL-Population of Alberta.xlsx#Schedule POPL
2004,st_albert,0292,ST. ALBERT,D,01910,Provincial Government Unconditional Transfers,1496273,fir_zip_2003_2008.zip:2004/2004-D-Total.xlsx#Schedule D
2004,st_albert,0292,ST. ALBERT,D,01920,Provincial Government Conditional Transfers,6326166,fir_zip_2003_2008.zip:2004/2004-D-Total.xlsx#Schedule D
2004,st_albert,0292,ST. ALBERT,EA,08260,GRAND TOTAL,3908665753,fir_zip_2003_2008.zip:2004/2004-EA-Equalized Assessment.xlsx#Schedule EA
2004,st_albert,0292,ST. ALBERT,EA,08265,Linear Subtotal,50685330,fir_zip_2003_2008.zip:2004/2004-EA-Equalized Assessment.xlsx#Schedule EA
2004,st_albert,0292,ST. ALBERT,EA,08270,Mach & Equip Subtotal,6810600,fir_zip_2003_2008.zip:2004/2004-EA-Equalized Assessment.xlsx#Schedule EA
2004,st_albert,0292,ST. ALBERT,EA,08275,Non Residential Subtotal,371925581,fir_zip_2003_2008.zip:2004/2004-EA-Equalized Assessment.xlsx#Schedule EA
2004,st_albert,0292,ST. ALBERT,EA,08280,Residential Subtotal,3477720042,fir_zip_2003_2008.zip:2004/2004-EA-Equalized Assessment.xlsx#Schedule EA
2004,st_albert,0292,ST. ALBERT,EA,08285,Farmland,1438700,fir_zip_2003_2008.zip:2004/2004-EA-Equalized Assessment.xlsx#Schedule EA
2004,st_albert,0292,ST. ALBERT,EA,08290,Non Residential Railway,85500,fir_zip_2003_2008.zip:2004/2004-EA-Equalized Assessment.xlsx#Schedule EA
2004,st_albert,0292,ST. ALBERT,EA,08295,NR Res. Co-generating M&E,0,fir_zip_2003_2008.zip:2004/2004-EA-Equalized Assessment.xlsx#Schedule EA
2004,st_albert,0292,ST. ALBERT,POPL,POPL,Population,54588,fir_zip_2003_2008.zip:2004/2004-POPL-Population of Alberta.xlsx#Schedule POPL
2004,stony_plain,0301,STONY PLAIN,D,01910,Provincial Government Unconditional Transfers,23641,fir_zip_2003_2008.zip:2004/2004-D-Total.xlsx#Schedule D
2004,stony_plain,0301,STONY PLAIN,D,01920,Provincial Government Conditional Transfers,783503,fir_zip_2003_2008.zip:2004/2004-D-Total.xlsx#Schedule D
2004,stony_plain,0301,STONY PLAIN,EA,08260,GRAND TOTAL,611886745,fir_zip_2003_2008.zip:2004/2004-EA-Equalized Assessment.xlsx#Schedule EA
2004,stony_plain,0301,STONY PLAIN,EA,08265,Linear Subtotal,13926080,fir_zip_2003_2008.zip:2004/2004-EA-Equalized Assessment.xlsx#Schedule EA
2004,stony_plain,0301,STONY PLAIN,EA,08270,Mach & Equip Subtotal,216310,fir_zip_2003_2008.zip:2004/2004-EA-Equalized Assessment.xlsx#Schedule EA
2004,stony_plain,0301,STONY PLAIN,EA,08275,Non Residential Subtotal,77235575,fir_zip_2003_2008.zip:2004/2004-EA-Equalized Assessment.xlsx#Schedule EA
2004,stony_plain,0301,STONY PLAIN,EA,08280,Residential Subtotal,517477640,fir_zip_2003_2008.zip:2004/2004-EA-Equalized Assessment.xlsx#Schedule EA
2004,stony_plain,0301,STONY PLAIN,EA,08285,Farmland,1905610,fir_zip_2003_2008.zip:2004/2004-EA-Equalized Assessment.xlsx#Schedule EA
2004,stony_plain,0301,STONY PLAIN,EA,08290,Non Residential Railway,1125530,fir_zip_2003_2008.zip:2004/2004-EA-Equalized Assessment.xlsx#Schedule EA
2004,stony_plain,0301,STONY PLAIN,EA,08295,NR Res. Co-generating M&E,0,fir_zip_2003_2008.zip:2004/2004-EA-Equalized Assessment.xlsx#Schedule EA
2004,stony_plain,0301,STONY PLAIN,POPL,POPL,Population,10544,fir_zip_2003_2008.zip:2004/2004-POPL-Population of Alberta.xlsx#Schedule POPL
2004,strathcona,0302,STRATHCONA COUNTY,D,01910,Provincial Government Unconditional Transfers,634101,fir_zip_2003_2008.zip:2004/2004-D-Total.xlsx#Schedule D
2004,strathcona,0302,STRATHCONA COUNTY,D,01920,Provincial Government Conditional Transfers,10293691,fir_zip_2003_2008.zip:2004/2004-D-Total.xlsx#Schedule D
2004,strathcona,0302,STRATHCONA COUNTY,EA,08260,GRAND TOTAL,8214983596,fir_zip_2003_2008.zip:2004/2004-EA-Equalized Assessment.xlsx#Schedule EA
2004,strathcona,0302,STRATHCONA COUNTY,EA,08265,Linear Subtotal,306968800,fir_zip_2003_2008.zip:2004/2004-EA-Equalized Assessment.xlsx#Schedule EA
2004,strathcona,0302,STRATHCONA COUNTY,EA,08270,Mach & Equip Subtotal,1797307700,fir_zip_2003_2008.zip:2004/2004-EA-Equalized Assessment.xlsx#Schedule EA
2004,strathcona,0302,STRATHCONA COUNTY,EA,08275,Non Residential Subtotal,899670997,fir_zip_2003_2008.zip:2004/2004-EA-Equalized Assessment.xlsx#Schedule EA
2004,strathcona,0302,STRATHCONA COUNTY,EA,08280,Residential Subtotal,5169884979,fir_zip_2003_2008.zip:2004/2004-EA-Equalized Assessment.xlsx#Schedule EA
2004,strathcona,0302,STRATHCONA COUNTY,EA,08285,Farmland,35490320,fir_zip_2003_2008.zip:2004/2004-EA-Equalized Assessment.xlsx#Schedule EA
2004,strathcona,0302,STRATHCONA COUNTY,EA,08290,Non Residential Railway,5660800,fir_zip_2003_2008.zip:2004/2004-EA-Equalized Assessment.xlsx#Schedule EA
2004,strathcona,0302,STRATHCONA COUNTY,EA,08295,NR Res. Co-generating M&E,0,fir_zip_2003_2008.zip:2004/2004-EA-Equalized Assessment.xlsx#Schedule EA
2004,strathcona,0302,STRATHCONA COUNTY,POPL,POPL,Population,75949,fir_zip_2003_2008.zip:2004/2004-POPL-Population of Alberta.xlsx#Schedule POPL
2004,sturgeon,0305,STURGEON COUNTY,D,01910,Provincial Government Unconditional Transfers,49373,fir_zip_2003_2008.zip:2004/2004-D-Total.xlsx#Schedule D
2004,sturgeon,0305,STURGEON COUNTY,D,01920,Provincial Government Conditional Transfers,7157101,fir_zip_2003_2008.zip:2004/2004-D-Total.xlsx#Schedule D
2004,sturgeon,0305,STURGEON COUNTY,EA,08260,GRAND TOTAL,2014759466,fir_zip_2003_2008.zip:2004/2004-EA-Equalized Assessment.xlsx#Schedule EA
2004,sturgeon,0305,STURGEON COUNTY,EA,08265,Linear Subtotal,247798370,fir_zip_2003_2008.zip:2004/2004-EA-Equalized Assessment.xlsx#Schedule EA
2004,sturgeon,0305,STURGEON COUNTY,EA,08270,Mach & Equip Subtotal,429991740,fir_zip_2003_2008.zip:2004/2004-EA-Equalized Assessment.xlsx#Schedule EA
2004,sturgeon,0305,STURGEON COUNTY,EA,08275,Non Residential Subtotal,322722776,fir_zip_2003_2008.zip:2004/2004-EA-Equalized Assessment.xlsx#Schedule EA
2004,sturgeon,0305,STURGEON COUNTY,EA,08280,Residential Subtotal,929223450,fir_zip_2003_2008.zip:2004/2004-EA-Equalized Assessment.xlsx#Schedule EA
2004,sturgeon,0305,STURGEON COUNTY,EA,08285,Farmland,82185190,fir_zip_2003_2008.zip:2004/2004-EA-Equalized Assessment.xlsx#Schedule EA
2004,sturgeon,0305,STURGEON COUNTY,EA,08290,Non Residential Railway,2837940,fir_zip_2003_2008.zip:2004/2004-EA-Equalized Assessment.xlsx#Schedule EA
2004,sturgeon,0305,STURGEON COUNTY,EA,08295,NR Res. Co-generating M&E,0,fir_zip_2003_2008.zip:2004/2004-EA-Equalized Assessment.xlsx#Schedule EA
2004,sturgeon,0305,STURGEON COUNTY,POPL,POPL,Population,18067,fir_zip_2003_2008.zip:2004/2004-POPL-Population of Alberta.xlsx#Schedule POPL
2004,chestermere,0356,CHESTERMERE,D,01910,Provincial Government Unconditional Transfers,4051,fir_zip_2003_2008.zip:2004/2004-D-Total.xlsx#Schedule D
2004,chestermere,0356,CHESTERMERE,D,01920,Provincial Government Conditional Transfers,713602,fir_zip_2003_2008.zip:2004/2004-D-Total.xlsx#Schedule D
2004,chestermere,0356,CHESTERMERE,EA,08260,GRAND TOTAL,579829430,fir_zip_2003_2008.zip:2004/2004-EA-Equalized Assessment.xlsx#Schedule EA
2004,chestermere,0356,CHESTERMERE,EA,08265,Linear Subtotal,4484650,fir_zip_2003_2008.zip:2004/2004-EA-Equalized Assessment.xlsx#Schedule EA
2004,chestermere,0356,CHESTERMERE,EA,08270,Mach & Equip Subtotal,17240,fir_zip_2003_2008.zip:2004/2004-EA-Equalized Assessment.xlsx#Schedule EA
2004,chestermere,0356,CHESTERMERE,EA,08275,Non Residential Subtotal,10786050,fir_zip_2003_2008.zip:2004/2004-EA-Equalized Assessment.xlsx#Schedule EA
2004,chestermere,0356,CHESTERMERE,EA,08280,Residential Subtotal,563870410,fir_zip_2003_2008.zip:2004/2004-EA-Equalized Assessment.xlsx#Schedule EA
2004,chestermere,0356,CHESTERMERE,EA,08285,Farmland,671080,fir_zip_2003_2008.zip:2004/2004-EA-Equalized Assessment.xlsx#Schedule EA
2004,chestermere,0356,CHESTERMERE,EA,08290,Non Residential Railway,0,fir_zip_2003_2008.zip:2004/2004-EA-Equalized Assessment.xlsx#Schedule EA
2004,chestermere,0356,CHESTERMERE,EA,08295,NR Res. Co-generating M&E,0,fir_zip_2003_2008.zip:2004/2004-EA-Equalized Assessment.xlsx#Schedule EA
2004,chestermere,0356,CHESTERMERE,POPL,POPL,Population,6861,fir_zip_2003_2008.zip:2004/2004-POPL-Population of Alberta.xlsx#Schedule POPL
2005,airdrie,0003,AIRDRIE,D,01910,Provincial Government Unconditional Transfers,195581,fir_zip_2003_2008.zip:2005/2005-D-Total.xlsx#Schedule D
2005,airdrie,0003,AIRDRIE,D,01920,Provincial Government Conditional Transfers,7232176,fir_zip_2003_2008.zip:2005/2005-D-Total.xlsx#Schedule D
2005,airdrie,0003,AIRDRIE,EA,08260,GRAND TOTAL,1789639579,fir_zip_2003_2008.zip:2005/2005-EA-Equalized Assessment.xlsx#Schedule EA
2005,airdrie,0003,AIRDRIE,EA,08265,Linear Subtotal,22842090,fir_zip_2003_2008.zip:2005/2005-EA-Equalized Assessment.xlsx#Schedule EA
2005,airdrie,0003,AIRDRIE,EA,08270,Mach & Equip Subtotal,,fir_zip_2003_2008.zip:2005/2005-EA-Equalized Assessment.xlsx#Schedule EA
2005,airdrie,0003,AIRDRIE,EA,08275,Non Residential Subtotal,259493609,fir_zip_2003_2008.zip:2005/2005-EA-Equalized Assessment.xlsx#Schedule EA
2005,airdrie,0003,AIRDRIE,EA,08280,Residential Subtotal,1505556980,fir_zip_2003_2008.zip:2005/2005-EA-Equalized Assessment.xlsx#Schedule EA
2005,airdrie,0003,AIRDRIE,EA,08285,Farmland,1273200,fir_zip_2003_2008.zip:2005/2005-EA-Equalized Assessment.xlsx#Schedule EA
2005,airdrie,0003,AIRDRIE,EA,08290,Non Residential Railway,473700,fir_zip_2003_2008.zip:2005/2005-EA-Equalized Assessment.xlsx#Schedule EA
2005,airdrie,0003,AIRDRIE,EA,08295,NR Res. Co-generating M&E,,fir_zip_2003_2008.zip:2005/2005-EA-Equalized Assessment.xlsx#Schedule EA
2005,airdrie,0003,AIRDRIE,POPL,POPL,Population,27069,fir_zip_2003_2008.zip:2005/2005-POPL-Population of Alberta.xlsx#Schedule POPL
2005,beaumont,0019,BEAUMONT,D,01910,Provincial Government Unconditional Transfers,17763,fir_zip_2003_2008.zip:2005/2005-D-Total.xlsx#Schedule D
2005,beaumont,0019,BEAUMONT,D,01920,Provincial Government Conditional Transfers,1655029,fir_zip_2003_2008.zip:2005/2005-D-Total.xlsx#Schedule D
2005,beaumont,0019,BEAUMONT,EA,08260,GRAND TOTAL,511012803,fir_zip_2003_2008.zip:2005/2005-EA-Equalized Assessment.xlsx#Schedule EA
2005,beaumont,0019,BEAUMONT,EA,08265,Linear Subtotal,5800870,fir_zip_2003_2008.zip:2005/2005-EA-Equalized Assessment.xlsx#Schedule EA
2005,beaumont,0019,BEAUMONT,EA,08270,Mach & Equip Subtotal,40310,fir_zip_2003_2008.zip:2005/2005-EA-Equalized Assessment.xlsx#Schedule EA
2005,beaumont,0019,BEAUMONT,EA,08275,Non Residential Subtotal,18754439,fir_zip_2003_2008.zip:2005/2005-EA-Equalized Assessment.xlsx#Schedule EA
2005,beaumont,0019,BEAUMONT,EA,08280,Residential Subtotal,486075554,fir_zip_2003_2008.zip:2005/2005-EA-Equalized Assessment.xlsx#Schedule EA
2005,beaumont,0019,BEAUMONT,EA,08285,Farmland,341630,fir_zip_2003_2008.zip:2005/2005-EA-Equalized Assessment.xlsx#Schedule EA
2005,beaumont,0019,BEAUMONT,EA,08290,Non Residential Railway,,fir_zip_2003_2008.zip:2005/2005-EA-Equalized Assessment.xlsx#Schedule EA
2005,beaumont,0019,BEAUMONT,EA,08295,NR Res. Co-generating M&E,,fir_zip_2003_2008.zip:2005/2005-EA-Equalized Assessment.xlsx#Schedule EA
2005,beaumont,0019,BEAUMONT,POPL,POPL,Population,8361,fir_zip_2003_2008.zip:2005/2005-POPL-Population of Alberta.xlsx#Schedule POPL
2005,calgary,0046,CALGARY,D,01910,Provincial Government Unconditional Transfers,0,fir_zip_2003_2008.zip:2005/2005-D-Total.xlsx#Schedule D
2005,calgary,0046,CALGARY,D,01920,Provincial Government Conditional Transfers,265496000,fir_zip_2003_2008.zip:2005/2005-D-Total.xlsx#Schedule D
2005,calgary,0046,CALGARY,EA,08260,GRAND TOTAL,93268443232,fir_zip_2003_2008.zip:2005/2005-EA-Equalized Assessment.xlsx#Schedule EA
2005,calgary,0046,CALGARY,EA,08265,Linear Subtotal,1466089070,fir_zip_2003_2008.zip:2005/2005-EA-Equalized Assessment.xlsx#Schedule EA
2005,calgary,0046,CALGARY,EA,08270,Mach & Equip Subtotal,,fir_zip_2003_2008.zip:2005/2005-EA-Equalized Assessment.xlsx#Schedule EA
2005,calgary,0046,CALGARY,EA,08275,Non Residential Subtotal,19738441635,fir_zip_2003_2008.zip:2005/2005-EA-Equalized Assessment.xlsx#Schedule EA
2005,calgary,0046,CALGARY,EA,08280,Residential Subtotal,72016097790,fir_zip_2003_2008.zip:2005/2005-EA-Equalized Assessment.xlsx#Schedule EA
2005,calgary,0046,CALGARY,EA,08285,Farmland,11926737,fir_zip_2003_2008.zip:2005/2005-EA-Equalized Assessment.xlsx#Schedule EA
2005,calgary,0046,CALGARY,EA,08290,Non Residential Railway,35888000,fir_zip_2003_2008.zip:2005/2005-EA-Equalized Assessment.xlsx#Schedule EA
2005,calgary,0046,CALGARY,EA,08295,NR Res. Co-generating M&E,,fir_zip_2003_2008.zip:2005/2005-EA-Equalized Assessment.xlsx#Schedule EA
2005,calgary,0046,CALGARY,POPL,POPL,Population,956078,fir_zip_2003_2008.zip:2005/2005-POPL-Population of Alberta.xlsx#Schedule POPL
2005,cochrane,0070,COCHRANE,D,01910,Provincial Government Unconditional Transfers,18785,fir_zip_2003_2008.zip:2005/2005-D-Total.xlsx#Schedule D
2005,cochrane,0070,COCHRANE,D,01920,Provincial Government Conditional Transfers,3887549,fir_zip_2003_2008.zip:2005/2005-D-Total.xlsx#Schedule D
2005,cochrane,0070,COCHRANE,EA,08260,GRAND TOTAL,1164935213,fir_zip_2003_2008.zip:2005/2005-EA-Equalized Assessment.xlsx#Schedule EA
2005,cochrane,0070,COCHRANE,EA,08265,Linear Subtotal,15203070,fir_zip_2003_2008.zip:2005/2005-EA-Equalized Assessment.xlsx#Schedule EA
2005,cochrane,0070,COCHRANE,EA,08270,Mach & Equip Subtotal,,fir_zip_2003_2008.zip:2005/2005-EA-Equalized Assessment.xlsx#Schedule EA
2005,cochrane,0070,COCHRANE,EA,08275,Non Residential Subtotal,151770010,fir_zip_2003_2008.zip:2005/2005-EA-Equalized Assessment.xlsx#Schedule EA
2005,cochrane,0070,COCHRANE,EA,08280,Residential Subtotal,995436933,fir_zip_2003_2008.zip:2005/2005-EA-Equalized Assessment.xlsx#Schedule EA
2005,cochrane,0070,COCHRANE,EA,08285,Farmland,1259300,fir_zip_2003_2008.zip:2005/2005-EA-Equalized Assessment.xlsx#Schedule EA
2005,cochrane,0070,COCHRANE,EA,08290,Non Residential Railway,1265900,fir_zip_2003_2008.zip:2005/2005-EA-Equalized Assessment.xlsx#Schedule EA
2005,cochrane,0070,COCHRANE,EA,08295,NR Res. Co-generating M&E,,fir_zip_2003_2008.zip:2005/2005-EA-Equalized Assessment.xlsx#Schedule EA
2005,cochrane,0070,COCHRANE,POPL,POPL,Population,12688,fir_zip_2003_2008.zip:2005/2005-POPL-Population of Alberta.xlsx#Schedule POPL
2005,devon,0086,DEVON,D,01910,Provincial Government Unconditional Transfers,12987,fir_zip_2003_2008.zip:2005/2005-D-Total.xlsx#Schedule D
2005,devon,0086,DEVON,D,01920,Provincial Government Conditional Transfers,880494,fir_zip_2003_2008.zip:2005/2005-D-Total.xlsx#Schedule D
2005,devon,0086,DEVON,EA,08260,GRAND TOTAL,360172595,fir_zip_2003_2008.zip:2005/2005-EA-Equalized Assessment.xlsx#Schedule EA
2005,devon,0086,DEVON,EA,08265,Linear Subtotal,9021320,fir_zip_2003_2008.zip:2005/2005-EA-Equalized Assessment.xlsx#Schedule EA
2005,devon,0086,DEVON,EA,08270,Mach & Equip Subtotal,9248340,fir_zip_2003_2008.zip:2005/2005-EA-Equalized Assessment.xlsx#Schedule EA
2005,devon,0086,DEVON,EA,08275,Non Residential Subtotal,48645510,fir_zip_2003_2008.zip:2005/2005-EA-Equalized Assessment.xlsx#Schedule EA
2005,devon,0086,DEVON,EA,08280,Residential Subtotal,293178635,fir_zip_2003_2008.zip:2005/2005-EA-Equalized Assessment.xlsx#Schedule EA
2005,devon,0086,DEVON,EA,08285,Farmland,78790,fir_zip_2003_2008.zip:2005/2005-EA-Equalized Assessment.xlsx#Schedule EA
2005,devon,0086,DEVON,EA,08290,Non Residential Railway,,fir_zip_2003_2008.zip:2005/2005-EA-Equalized Assessment.xlsx#Schedule EA
2005,devon,0086,DEVON,EA,08295,NR Res. Co-generating M&E,,fir_zip_2003_2008.zip:2005/2005-EA-Equalized Assessment.xlsx#Schedule EA
2005,devon,0086,DEVON,POPL,POPL,Population,6095,fir_zip_2003_2008.zip:2005/2005-POPL-Population of Alberta.xlsx#Schedule POPL
2005,edmonton,0098,EDMONTON,D,01910,Provincial Government Unconditional Transfers,3485000,fir_zip_2003_2008.zip:2005/2005-D-Total.xlsx#Schedule D
2005,edmonton,0098,EDMONTON,D,01920,Provincial Government Conditional Transfers,145866000,fir_zip_2003_2008.zip:2005/2005-D-Total.xlsx#Schedule D
2005,edmonton,0098,EDMONTON,EA,08260,GRAND TOTAL,54160265429,fir_zip_2003_2008.zip:2005/2005-EA-Equalized Assessment.xlsx#Schedule EA
2005,edmonton,0098,EDMONTON,EA,08265,Linear Subtotal,1075746240,fir_zip_2003_2008.zip:2005/2005-EA-Equalized Assessment.xlsx#Schedule EA
2005,edmonton,0098,EDMONTON,EA,08270,Mach & Equip Subtotal,692733967,fir_zip_2003_2008.zip:2005/2005-EA-Equalized Assessment.xlsx#Schedule EA
2005,edmonton,0098,EDMONTON,EA,08275,Non Residential Subtotal,10977413787,fir_zip_2003_2008.zip:2005/2005-EA-Equalized Assessment.xlsx#Schedule EA
2005,edmonton,0098,EDMONTON,EA,08280,Residential Subtotal,41380156028,fir_zip_2003_2008.zip:2005/2005-EA-Equalized Assessment.xlsx#Schedule EA
2005,edmonton,0098,EDMONTON,EA,08285,Farmland,24290552,fir_zip_2003_2008.zip:2005/2005-EA-Equalized Assessment.xlsx#Schedule EA
2005,edmonton,0098,EDMONTON,EA,08290,Non Residential Railway,8982355,fir_zip_2003_2008.zip:2005/2005-EA-Equalized Assessment.xlsx#Schedule EA
2005,edmonton,0098,EDMONTON,EA,08295,NR Res. Co-generating M&E,942500,fir_zip_2003_2008.zip:2005/2005-EA-Equalized Assessment.xlsx#Schedule EA
2005,edmonton,0098,EDMONTON,POPL,POPL,Population,712391,fir_zip_2003_2008.zip:2005/2005-POPL-Population of Alberta.xlsx#Schedule POPL
2005,foothills,0111,"FOOTHILLS NO. 31, M.D. OF",D,01910,Provincial Government Unconditional Transfers,37608,fir_zip_2003_2008.zip:2005/2005-D-Total.xlsx#Schedule D
2005,foothills,0111,"FOOTHILLS NO. 31, M.D. OF",D,01920,Provincial Government Conditional Transfers,3707802,fir_zip_2003_2008.zip:2005/2005-D-Total.xlsx#Schedule D
2005,foothills,0111,"FOOTHILLS NO. 31, M.D. OF",EA,08260,GRAND TOTAL,2903186498,fir_zip_2003_2008.zip:2005/2005-EA-Equalized Assessment.xlsx#Schedule EA
2005,foothills,0111,"FOOTHILLS NO. 31, M.D. OF",EA,08265,Linear Subtotal,279004160,fir_zip_2003_2008.zip:2005/2005-EA-Equalized Assessment.xlsx#Schedule EA
2005,foothills,0111,"FOOTHILLS NO. 31, M.D. OF",EA,08270,Mach & Equip Subtotal,158108160,fir_zip_2003_2008.zip:2005/2005-EA-Equalized Assessment.xlsx#Schedule EA
2005,foothills,0111,"FOOTHILLS NO. 31, M.D. OF",EA,08275,Non Residential Subtotal,169542910,fir_zip_2003_2008.zip:2005/2005-EA-Equalized Assessment.xlsx#Schedule EA
2005,foothills,0111,"FOOTHILLS NO. 31, M.D. OF",EA,08280,Residential Subtotal,2153537876,fir_zip_2003_2008.zip:2005/2005-EA-Equalized Assessment.xlsx#Schedule EA
2005,foothills,0111,"FOOTHILLS NO. 31, M.D. OF",EA,08285,Farmland,141809942,fir_zip_2003_2008.zip:2005/2005-EA-Equalized Assessment.xlsx#Schedule EA
2005,foothills,0111,"FOOTHILLS NO. 31, M.D. OF",EA,08290,Non Residential Railway,1183450,fir_zip_2003_2008.zip:2005/2005-EA-Equalized Assessment.xlsx#Schedule EA
2005,foothills,0111,"FOOTHILLS NO. 31, M.D. OF",EA,08295,NR Res. Co-generating M&E,,fir_zip_2003_2008.zip:2005/2005-EA-Equalized Assessment.xlsx#Schedule EA
2005,foothills,0111,"FOOTHILLS NO. 31, M.D. OF",POPL,POPL,Population,17682,fir_zip_2003_2008.zip:2005/2005-POPL-Population of Alberta.xlsx#Schedule POPL
2005,fort_saskatchewan,0117,FORT SASKATCHEWAN,D,01910,Provincial Government Unconditional Transfers,497282,fir_zip_2003_2008.zip:2005/2005-D-Total.xlsx#Schedule D
2005,fort_saskatchewan,0117,FORT SASKATCHEWAN,D,01920,Provincial Government Conditional Transfers,958402,fir_zip_2003_2008.zip:2005/2005-D-Total.xlsx#Schedule D
2005,fort_saskatchewan,0117,FORT SASKATCHEWAN,EA,08260,GRAND TOTAL,2155255090,fir_zip_2003_2008.zip:2005/2005-EA-Equalized Assessment.xlsx#Schedule EA
2005,fort_saskatchewan,0117,FORT SASKATCHEWAN,EA,08265,Linear Subtotal,73459530,fir_zip_2003_2008.zip:2005/2005-EA-Equalized Assessment.xlsx#Schedule EA
2005,fort_saskatchewan,0117,FORT SASKATCHEWAN,EA,08270,Mach & Equip Subtotal,994227590,fir_zip_2003_2008.zip:2005/2005-EA-Equalized Assessment.xlsx#Schedule EA
2005,fort_saskatchewan,0117,FORT SASKATCHEWAN,EA,08275,Non Residential Subtotal,329370726,fir_zip_2003_2008.zip:2005/2005-EA-Equalized Assessment.xlsx#Schedule EA
2005,fort_saskatchewan,0117,FORT SASKATCHEWAN,EA,08280,Residential Subtotal,755944764,fir_zip_2003_2008.zip:2005/2005-EA-Equalized Assessment.xlsx#Schedule EA
2005,fort_saskatchewan,0117,FORT SASKATCHEWAN,EA,08285,Farmland,1487700,fir_zip_2003_2008.zip:2005/2005-EA-Equalized Assessment.xlsx#Schedule EA
2005,fort_saskatchewan,0117,FORT SASKATCHEWAN,EA,08290,Non Residential Railway,764780,fir_zip_2003_2008.zip:2005/2005-EA-Equalized Assessment.xlsx#Schedule EA
2005,fort_saskatchewan,0117,FORT SASKATCHEWAN,EA,08295,NR Res. Co-generating M&E,,fir_zip_2003_2008.zip:2005/2005-EA-Equalized Assessment.xlsx#Schedule EA
2005,fort_saskatchewan,0117,FORT SASKATCHEWAN,POPL,POPL,Population,14685,fir_zip_2003_2008.zip:2005/2005-POPL-Population of Alberta.xlsx#Schedule POPL
2005,high_river,0148,HIGH RIVER,D,01910,Provincial Government Unconditional Transfers,21128,fir_zip_2003_2008.zip:2005/2005-D-Total.xlsx#Schedule D
2005,high_river,0148,HIGH RIVER,D,01920,Provincial Government Conditional Transfers,5764461,fir_zip_2003_2008.zip:2005/2005-D-Total.xlsx#Schedule D
2005,high_river,0148,HIGH RIVER,EA,08260,GRAND TOTAL,723268650,fir_zip_2003_2008.zip:2005/2005-EA-Equalized Assessment.xlsx#Schedule EA
2005,high_river,0148,HIGH RIVER,EA,08265,Linear Subtotal,11606030,fir_zip_2003_2008.zip:2005/2005-EA-Equalized Assessment.xlsx#Schedule EA
2005,high_river,0148,HIGH RIVER,EA,08270,Mach & Equip Subtotal,,fir_zip_2003_2008.zip:2005/2005-EA-Equalized Assessment.xlsx#Schedule EA
2005,high_river,0148,HIGH RIVER,EA,08275,Non Residential Subtotal,103468813,fir_zip_2003_2008.zip:2005/2005-EA-Equalized Assessment.xlsx#Schedule EA
2005,high_river,0148,HIGH RIVER,EA,08280,Residential Subtotal,608144907,fir_zip_2003_2008.zip:2005/2005-EA-Equalized Assessment.xlsx#Schedule EA
2005,high_river,0148,HIGH RIVER,EA,08285,Farmland,20000,fir_zip_2003_2008.zip:2005/2005-EA-Equalized Assessment.xlsx#Schedule EA
2005,high_river,0148,HIGH RIVER,EA,08290,Non Residential Railway,28900,fir_zip_2003_2008.zip:2005/2005-EA-Equalized Assessment.xlsx#Schedule EA
2005,high_river,0148,HIGH RIVER,EA,08295,NR Res. Co-generating M&E,,fir_zip_2003_2008.zip:2005/2005-EA-Equalized Assessment.xlsx#Schedule EA
2005,high_river,0148,HIGH RIVER,POPL,POPL,Population,9522,fir_zip_2003_2008.zip:2005/2005-POPL-Population of Alberta.xlsx#Schedule POPL
2005,leduc_city,0200,LEDUC,D,01910,Provincial Government Unconditional Transfers,379372,fir_zip_2003_2008.zip:2005/2005-D-Total.xlsx#Schedule D
2005,leduc_city,0200,LEDUC,D,01920,Provincial Government Conditional Transfers,5369344,fir_zip_2003_2008.zip:2005/2005-D-Total.xlsx#Schedule D
2005,leduc_city,0200,LEDUC,EA,08260,GRAND TOTAL,1136434632,fir_zip_2003_2008.zip:2005/2005-EA-Equalized Assessment.xlsx#Schedule EA
2005,leduc_city,0200,LEDUC,EA,08265,Linear Subtotal,20532990,fir_zip_2003_2008.zip:2005/2005-EA-Equalized Assessment.xlsx#Schedule EA
2005,leduc_city,0200,LEDUC,EA,08270,Mach & Equip Subtotal,6339020,fir_zip_2003_2008.zip:2005/2005-EA-Equalized Assessment.xlsx#Schedule EA
2005,leduc_city,0200,LEDUC,EA,08275,Non Residential Subtotal,236120535,fir_zip_2003_2008.zip:2005/2005-EA-Equalized Assessment.xlsx#Schedule EA
2005,leduc_city,0200,LEDUC,EA,08280,Residential Subtotal,868628077,fir_zip_2003_2008.zip:2005/2005-EA-Equalized Assessment.xlsx#Schedule EA
2005,leduc_city,0200,LEDUC,EA,08285,Farmland,4252290,fir_zip_2003_2008.zip:2005/2005-EA-Equalized Assessment.xlsx#Schedule EA
2005,leduc_city,0200,LEDUC,EA,08290,Non Residential Railway,561720,fir_zip_2003_2008.zip:2005/2005-EA-Equalized Assessment.xlsx#Schedule EA
2005,leduc_city,0200,LEDUC,EA,08295,NR Res. Co-generating M&E,,fir_zip_2003_2008.zip:2005/2005-EA-Equalized Assessment.xlsx#Schedule EA
2005,leduc_city,0200,LEDUC,POPL,POPL,Population,15630,fir_zip_2003_2008.zip:2005/2005-POPL-Population of Alberta.xlsx#Schedule POPL
2005,leduc_county,0201,LEDUC COUNTY,D,01910,Provincial Government Unconditional Transfers,57593,fir_zip_2003_2008.zip:2005/2005-D-Total.xlsx#Schedule D
2005,leduc_county,0201,LEDUC COUNTY,D,01920,Provincial Government Conditional Transfers,3846971,fir_zip_2003_2008.zip:2005/2005-D-Total.xlsx#Schedule D
2005,leduc_county,0201,LEDUC COUNTY,EA,08260,GRAND TOTAL,2189955938,fir_zip_2003_2008.zip:2005/2005-EA-Equalized Assessment.xlsx#Schedule EA
2005,leduc_county,0201,LEDUC COUNTY,EA,08265,Linear Subtotal,679133430,fir_zip_2003_2008.zip:2005/2005-EA-Equalized Assessment.xlsx#Schedule EA
2005,leduc_county,0201,LEDUC COUNTY,EA,08270,Mach & Equip Subtotal,87851540,fir_zip_2003_2008.zip:2005/2005-EA-Equalized Assessment.xlsx#Schedule EA
2005,leduc_county,0201,LEDUC COUNTY,EA,08275,Non Residential Subtotal,664517217,fir_zip_2003_2008.zip:2005/2005-EA-Equalized Assessment.xlsx#Schedule EA
2005,leduc_county,0201,LEDUC COUNTY,EA,08280,Residential Subtotal,663458061,fir_zip_2003_2008.zip:2005/2005-EA-Equalized Assessment.xlsx#Schedule EA
2005,leduc_county,0201,LEDUC COUNTY,EA,08285,Farmland,93796460,fir_zip_2003_2008.zip:2005/2005-EA-Equalized Assessment.xlsx#Schedule EA
2005,leduc_county,0201,LEDUC COUNTY,EA,08290,Non Residential Railway,1199230,fir_zip_2003_2008.zip:2005/2005-EA-Equalized Assessment.xlsx#Schedule EA
2005,leduc_county,0201,LEDUC COUNTY,EA,08295,NR Res. Co-generating M&E,,fir_zip_2003_2008.zip:2005/2005-EA-Equalized Assessment.xlsx#Schedule EA
2005,leduc_county,0201,LEDUC COUNTY,POPL,POPL,Population,12536,fir_zip_2003_2008.zip:2005/2005-POPL-Population of Alberta.xlsx#Schedule POPL
2005,morinville,0224,MORINVILLE,D,01910,Provincial Government Unconditional Transfers,19922,fir_zip_2003_2008.zip:2005/2005-D-Total.xlsx#Schedule D
2005,morinville,0224,MORINVILLE,D,01920,Provincial Government Conditional Transfers,929115,fir_zip_2003_2008.zip:2005/2005-D-Total.xlsx#Schedule D
2005,morinville,0224,MORINVILLE,EA,08260,GRAND TOTAL,322589240,fir_zip_2003_2008.zip:2005/2005-EA-Equalized Assessment.xlsx#Schedule EA
2005,morinville,0224,MORINVILLE,EA,08265,Linear Subtotal,7424110,fir_zip_2003_2008.zip:2005/2005-EA-Equalized Assessment.xlsx#Schedule EA
2005,morinville,0224,MORINVILLE,EA,08270,Mach & Equip Subtotal,1486670,fir_zip_2003_2008.zip:2005/2005-EA-Equalized Assessment.xlsx#Schedule EA
2005,morinville,0224,MORINVILLE,EA,08275,Non Residential Subtotal,36311803,fir_zip_2003_2008.zip:2005/2005-EA-Equalized Assessment.xlsx#Schedule EA
2005,morinville,0224,MORINVILLE,EA,08280,Residential Subtotal,276984757,fir_zip_2003_2008.zip:2005/2005-EA-Equalized Assessment.xlsx#Schedule EA
2005,morinville,0224,MORINVILLE,EA,08285,Farmland,317350,fir_zip_2003_2008.zip:2005/2005-EA-Equalized Assessment.xlsx#Schedule EA
2005,morinville,0224,MORINVILLE,EA,08290,Non Residential Railway,64550,fir_zip_2003_2008.zip:2005/2005-EA-Equalized Assessment.xlsx#Schedule EA
2005,morinville,0224,MORINVILLE,EA,08295,NR Res. Co-generating M&E,,fir_zip_2003_2008.zip:2005/2005-EA-Equalized Assessment.xlsx#Schedule EA
2005,morinville,0224,MORINVILLE,POPL,POPL,Population,6540,fir_zip_2003_2008.zip:2005/2005-POPL-Population of Alberta.xlsx#Schedule POPL
2005,okotoks,0238,OKOTOKS,D,01910,Provincial Government Unconditional Transfers,23641,fir_zip_2003_2008.zip:2005/2005-D-Total.xlsx#Schedule D
2005,okotoks,0238,OKOTOKS,D,01920,Provincial Government Conditional Transfers,9405660,fir_zip_2003_2008.zip:2005/2005-D-Total.xlsx#Schedule D
2005,okotoks,0238,OKOTOKS,EA,08260,GRAND TOTAL,1105372439,fir_zip_2003_2008.zip:2005/2005-EA-Equalized Assessment.xlsx#Schedule EA
2005,okotoks,0238,OKOTOKS,EA,08265,Linear Subtotal,13590750,fir_zip_2003_2008.zip:2005/2005-EA-Equalized Assessment.xlsx#Schedule EA
2005,okotoks,0238,OKOTOKS,EA,08270,Mach & Equip Subtotal,295100,fir_zip_2003_2008.zip:2005/2005-EA-Equalized Assessment.xlsx#Schedule EA
2005,okotoks,0238,OKOTOKS,EA,08275,Non Residential Subtotal,142334346,fir_zip_2003_2008.zip:2005/2005-EA-Equalized Assessment.xlsx#Schedule EA
2005,okotoks,0238,OKOTOKS,EA,08280,Residential Subtotal,948814043,fir_zip_2003_2008.zip:2005/2005-EA-Equalized Assessment.xlsx#Schedule EA
2005,okotoks,0238,OKOTOKS,EA,08285,Farmland,254100,fir_zip_2003_2008.zip:2005/2005-EA-Equalized Assessment.xlsx#Schedule EA
2005,okotoks,0238,OKOTOKS,EA,08290,Non Residential Railway,84100,fir_zip_2003_2008.zip:2005/2005-EA-Equalized Assessment.xlsx#Schedule EA
2005,okotoks,0238,OKOTOKS,EA,08295,NR Res. Co-generating M&E,,fir_zip_2003_2008.zip:2005/2005-EA-Equalized Assessment.xlsx#Schedule EA
2005,okotoks,0238,OKOTOKS,POPL,POPL,Population,11664,fir_zip_2003_2008.zip:2005/2005-POPL-Population of Alberta.xlsx#Schedule POPL
2005,parkland,0245,PARKLAND COUNTY,D,01910,Provincial Government Unconditional Transfers,73461,fir_zip_2003_2008.zip:2005/2005-D-Total.xlsx#Schedule D
2005,parkland,0245,PARKLAND COUNTY,D,01920,Provincial Government Conditional Transfers,4088185,fir_zip_2003_2008.zip:2005/2005-D-Total.xlsx#Schedule D
2005,parkland,0245,PARKLAND COUNTY,EA,08260,GRAND TOTAL,3173997013,fir_zip_2003_2008.zip:2005/2005-EA-Equalized Assessment.xlsx#Schedule EA
2005,parkland,0245,PARKLAND COUNTY,EA,08265,Linear Subtotal,743660670,fir_zip_2003_2008.zip:2005/2005-EA-Equalized Assessment.xlsx#Schedule EA
2005,parkland,0245,PARKLAND COUNTY,EA,08270,Mach & Equip Subtotal,115983450,fir_zip_2003_2008.zip:2005/2005-EA-Equalized Assessment.xlsx#Schedule EA
2005,parkland,0245,PARKLAND COUNTY,EA,08275,Non Residential Subtotal,299195507,fir_zip_2003_2008.zip:2005/2005-EA-Equalized Assessment.xlsx#Schedule EA
2005,parkland,0245,PARKLAND COUNTY,EA,08280,Residential Subtotal,1957727086,fir_zip_2003_2008.zip:2005/2005-EA-Equalized Assessment.xlsx#Schedule EA
2005,parkland,0245,PARKLAND COUNTY,EA,08285,Farmland,45356280,fir_zip_2003_2008.zip:2005/2005-EA-Equalized Assessment.xlsx#Schedule EA
2005,parkland,0245,PARKLAND COUNTY,EA,08290,Non Residential Railway,12074020,fir_zip_2003_2008.zip:2005/2005-EA-Equalized Assessment.xlsx#Schedule EA
2005,parkland,0245,PARKLAND COUNTY,EA,08295,NR Res. Co-generating M&E,,fir_zip_2003_2008.zip:2005/2005-EA-Equalized Assessment.xlsx#Schedule EA
2005,parkland,0245,PARKLAND COUNTY,POPL,POPL,Population,29679,fir_zip_2003_2008.zip:2005/2005-POPL-Population of Alberta.xlsx#Schedule POPL
2005,rocky_view,0269,ROCKY VIEW COUNTY,D,01910,Provincial Government Unconditional Transfers,63494,fir_zip_2003_2008.zip:2005/2005-D-Total.xlsx#Schedule D
2005,rocky_view,0269,ROCKY VIEW COUNTY,D,01920,Provincial Government Conditional Transfers,6171890,fir_zip_2003_2008.zip:2005/2005-D-Total.xlsx#Schedule D
2005,rocky_view,0269,ROCKY VIEW COUNTY,EA,08260,GRAND TOTAL,5824250162,fir_zip_2003_2008.zip:2005/2005-EA-Equalized Assessment.xlsx#Schedule EA
2005,rocky_view,0269,ROCKY VIEW COUNTY,EA,08265,Linear Subtotal,527211970,fir_zip_2003_2008.zip:2005/2005-EA-Equalized Assessment.xlsx#Schedule EA
2005,rocky_view,0269,ROCKY VIEW COUNTY,EA,08270,Mach & Equip Subtotal,369483000,fir_zip_2003_2008.zip:2005/2005-EA-Equalized Assessment.xlsx#Schedule EA
2005,rocky_view,0269,ROCKY VIEW COUNTY,EA,08275,Non Residential Subtotal,351498597,fir_zip_2003_2008.zip:2005/2005-EA-Equalized Assessment.xlsx#Schedule EA
2005,rocky_view,0269,ROCKY VIEW COUNTY,EA,08280,Residential Subtotal,4402429125,fir_zip_2003_2008.zip:2005/2005-EA-Equalized Assessment.xlsx#Schedule EA
2005,rocky_view,0269,ROCKY VIEW COUNTY,EA,08285,Farmland,163795530,fir_zip_2003_2008.zip:2005/2005-EA-Equalized Assessment.xlsx#Schedule EA
2005,rocky_view,0269,ROCKY VIEW COUNTY,EA,08290,Non Residential Railway,9831940,fir_zip_2003_2008.zip:2005/2005-EA-Equalized Assessment.xlsx#Schedule EA
2005,rocky_view,0269,ROCKY VIEW COUNTY,EA,08295,NR Res. Co-generating M&E,,fir_zip_2003_2008.zip:2005/2005-EA-Equalized Assessment.xlsx#Schedule EA
2005,rocky_view,0269,ROCKY VIEW COUNTY,POPL,POPL,Population,30418,fir_zip_2003_2008.zip:2005/2005-POPL-Population of Alberta.xlsx#Schedule POPL
2005,spruce_grove,0291,SPRUCE GROVE,D,01910,Provincial Government Unconditional Transfers,135546,fir_zip_2003_2008.zip:2005/2005-D-Total.xlsx#Schedule D
2005,spruce_grove,0291,SPRUCE GROVE,D,01920,Provincial Government Conditional Transfers,3559833,fir_zip_2003_2008.zip:2005/2005-D-Total.xlsx#Schedule D
2005,spruce_grove,0291,SPRUCE GROVE,EA,08260,GRAND TOTAL,1201674847,fir_zip_2003_2008.zip:2005/2005-EA-Equalized Assessment.xlsx#Schedule EA
2005,spruce_grove,0291,SPRUCE GROVE,EA,08265,Linear Subtotal,23458020,fir_zip_2003_2008.zip:2005/2005-EA-Equalized Assessment.xlsx#Schedule EA
2005,spruce_grove,0291,SPRUCE GROVE,EA,08270,Mach & Equip Subtotal,,fir_zip_2003_2008.zip:2005/2005-EA-Equalized Assessment.xlsx#Schedule EA
2005,spruce_grove,0291,SPRUCE GROVE,EA,08275,Non Residential Subtotal,183288806,fir_zip_2003_2008.zip:2005/2005-EA-Equalized Assessment.xlsx#Schedule EA
2005,spruce_grove,0291,SPRUCE GROVE,EA,08280,Residential Subtotal,993677821,fir_zip_2003_2008.zip:2005/2005-EA-Equalized Assessment.xlsx#Schedule EA
2005,spruce_grove,0291,SPRUCE GROVE,EA,08285,Farmland,690700,fir_zip_2003_2008.zip:2005/2005-EA-Equalized Assessment.xlsx#Schedule EA
2005,spruce_grove,0291,SPRUCE GROVE,EA,08290,Non Residential Railway,559500,fir_zip_2003_2008.zip:2005/2005-EA-Equalized Assessment.xlsx#Schedule EA
2005,spruce_grove,0291,SPRUCE GROVE,EA,08295,NR Res. Co-generating M&E,,fir_zip_2003_2008.zip:2005/2005-EA-Equalized Assessment.xlsx#Schedule EA
2005,spruce_grove,0291,SPRUCE GROVE,POPL,POPL,Population,18405,fir_zip_2003_2008.zip:2005/2005-POPL-Population of Alberta.xlsx#Schedule POPL
2005,st_albert,0292,ST. ALBERT,D,01910,Provincial Government Unconditional Transfers,1643848,fir_zip_2003_2008.zip:2005/2005-D-Total.xlsx#Schedule D
2005,st_albert,0292,ST. ALBERT,D,01920,Provincial Government Conditional Transfers,12405237,fir_zip_2003_2008.zip:2005/2005-D-Total.xlsx#Schedule D
2005,st_albert,0292,ST. ALBERT,EA,08260,GRAND TOTAL,4362900054,fir_zip_2003_2008.zip:2005/2005-EA-Equalized Assessment.xlsx#Schedule EA
2005,st_albert,0292,ST. ALBERT,EA,08265,Linear Subtotal,55906030,fir_zip_2003_2008.zip:2005/2005-EA-Equalized Assessment.xlsx#Schedule EA
2005,st_albert,0292,ST. ALBERT,EA,08270,Mach & Equip Subtotal,6712400,fir_zip_2003_2008.zip:2005/2005-EA-Equalized Assessment.xlsx#Schedule EA
2005,st_albert,0292,ST. ALBERT,EA,08275,Non Residential Subtotal,414751958,fir_zip_2003_2008.zip:2005/2005-EA-Equalized Assessment.xlsx#Schedule EA
2005,st_albert,0292,ST. ALBERT,EA,08280,Residential Subtotal,3884013966,fir_zip_2003_2008.zip:2005/2005-EA-Equalized Assessment.xlsx#Schedule EA
2005,st_albert,0292,ST. ALBERT,EA,08285,Farmland,1430200,fir_zip_2003_2008.zip:2005/2005-EA-Equalized Assessment.xlsx#Schedule EA
2005,st_albert,0292,ST. ALBERT,EA,08290,Non Residential Railway,85500,fir_zip_2003_2008.zip:2005/2005-EA-Equalized Assessment.xlsx#Schedule EA
2005,st_albert,0292,ST. ALBERT,EA,08295,NR Res. Co-generating M&E,,fir_zip_2003_2008.zip:2005/2005-EA-Equalized Assessment.xlsx#Schedule EA
2005,st_albert,0292,ST. ALBERT,POPL,POPL,Population,56310,fir_zip_2003_2008.zip:2005/2005-POPL-Population of Alberta.xlsx#Schedule POPL
2005,stony_plain,0301,STONY PLAIN,D,01910,Provincial Government Unconditional Transfers,23641,fir_zip_2003_2008.zip:2005/2005-D-Total.xlsx#Schedule D
2005,stony_plain,0301,STONY PLAIN,D,01920,Provincial Government Conditional Transfers,2556632,fir_zip_2003_2008.zip:2005/2005-D-Total.xlsx#Schedule D
2005,stony_plain,0301,STONY PLAIN,EA,08260,GRAND TOTAL,727955792,fir_zip_2003_2008.zip:2005/2005-EA-Equalized Assessment.xlsx#Schedule EA
2005,stony_plain,0301,STONY PLAIN,EA,08265,Linear Subtotal,15771950,fir_zip_2003_2008.zip:2005/2005-EA-Equalized Assessment.xlsx#Schedule EA
2005,stony_plain,0301,STONY PLAIN,EA,08270,Mach & Equip Subtotal,221690,fir_zip_2003_2008.zip:2005/2005-EA-Equalized Assessment.xlsx#Schedule EA
2005,stony_plain,0301,STONY PLAIN,EA,08275,Non Residential Subtotal,87677029,fir_zip_2003_2008.zip:2005/2005-EA-Equalized Assessment.xlsx#Schedule EA
2005,stony_plain,0301,STONY PLAIN,EA,08280,Residential Subtotal,622366133,fir_zip_2003_2008.zip:2005/2005-EA-Equalized Assessment.xlsx#Schedule EA
2005,stony_plain,0301,STONY PLAIN,EA,08285,Farmland,793530,fir_zip_2003_2008.zip:2005/2005-EA-Equalized Assessment.xlsx#Schedule EA
2005,stony_plain,0301,STONY PLAIN,EA,08290,Non Residential Railway,1125460,fir_zip_2003_2008.zip:2005/2005-EA-Equalized Assessment.xlsx#Schedule EA
2005,stony_plain,0301,STONY PLAIN,EA,08295,NR Res. Co-generating M&E,,fir_zip_2003_2008.zip:2005/2005-EA-Equalized Assessment.xlsx#Schedule EA
2005,stony_plain,0301,STONY PLAIN,POPL,POPL,Population,10544,fir_zip_2003_2008.zip:2005/2005-POPL-Population of Alberta.xlsx#Schedule POPL
2005,strathcona,0302,STRATHCONA COUNTY,D,01910,Provincial Government Unconditional Transfers,747038,fir_zip_2003_2008.zip:2005/2005-D-Total.xlsx#Schedule D
2005,strathcona,0302,STRATHCONA COUNTY,D,01920,Provincial Government Conditional Transfers,10608137,fir_zip_2003_2008.zip:2005/2005-D-Total.xlsx#Schedule D
2005,strathcona,0302,STRATHCONA COUNTY,EA,08260,GRAND TOTAL,10495856811,fir_zip_2003_2008.zip:2005/2005-EA-Equalized Assessment.xlsx#Schedule EA
2005,strathcona,0302,STRATHCONA COUNTY,EA,08265,Linear Subtotal,381442690,fir_zip_2003_2008.zip:2005/2005-EA-Equalized Assessment.xlsx#Schedule EA
2005,strathcona,0302,STRATHCONA COUNTY,EA,08270,Mach & Equip Subtotal,3248271100,fir_zip_2003_2008.zip:2005/2005-EA-Equalized Assessment.xlsx#Schedule EA
2005,strathcona,0302,STRATHCONA COUNTY,EA,08275,Non Residential Subtotal,1034937450,fir_zip_2003_2008.zip:2005/2005-EA-Equalized Assessment.xlsx#Schedule EA
2005,strathcona,0302,STRATHCONA COUNTY,EA,08280,Residential Subtotal,5790084896,fir_zip_2003_2008.zip:2005/2005-EA-Equalized Assessment.xlsx#Schedule EA
2005,strathcona,0302,STRATHCONA COUNTY,EA,08285,Farmland,35300775,fir_zip_2003_2008.zip:2005/2005-EA-Equalized Assessment.xlsx#Schedule EA
2005,strathcona,0302,STRATHCONA COUNTY,EA,08290,Non Residential Railway,5819900,fir_zip_2003_2008.zip:2005/2005-EA-Equalized Assessment.xlsx#Schedule EA
2005,strathcona,0302,STRATHCONA COUNTY,EA,08295,NR Res. Co-generating M&E,,fir_zip_2003_2008.zip:2005/2005-EA-Equalized Assessment.xlsx#Schedule EA
2005,strathcona,0302,STRATHCONA COUNTY,POPL,POPL,Population,80232,fir_zip_2003_2008.zip:2005/2005-POPL-Population of Alberta.xlsx#Schedule POPL
2005,sturgeon,0305,STURGEON COUNTY,D,01910,Provincial Government Unconditional Transfers,49373,fir_zip_2003_2008.zip:2005/2005-D-Total.xlsx#Schedule D
2005,sturgeon,0305,STURGEON COUNTY,D,01920,Provincial Government Conditional Transfers,6409560,fir_zip_2003_2008.zip:2005/2005-D-Total.xlsx#Schedule D
2005,sturgeon,0305,STURGEON COUNTY,EA,08260,GRAND TOTAL,2163341786,fir_zip_2003_2008.zip:2005/2005-EA-Equalized Assessment.xlsx#Schedule EA
2005,sturgeon,0305,STURGEON COUNTY,EA,08265,Linear Subtotal,255935630,fir_zip_2003_2008.zip:2005/2005-EA-Equalized Assessment.xlsx#Schedule EA
2005,sturgeon,0305,STURGEON COUNTY,EA,08270,Mach & Equip Subtotal,445257030,fir_zip_2003_2008.zip:2005/2005-EA-Equalized Assessment.xlsx#Schedule EA
2005,sturgeon,0305,STURGEON COUNTY,EA,08275,Non Residential Subtotal,337862330,fir_zip_2003_2008.zip:2005/2005-EA-Equalized Assessment.xlsx#Schedule EA
2005,sturgeon,0305,STURGEON COUNTY,EA,08280,Residential Subtotal,1038907375,fir_zip_2003_2008.zip:2005/2005-EA-Equalized Assessment.xlsx#Schedule EA
2005,sturgeon,0305,STURGEON COUNTY,EA,08285,Farmland,82641531,fir_zip_2003_2008.zip:2005/2005-EA-Equalized Assessment.xlsx#Schedule EA
2005,sturgeon,0305,STURGEON COUNTY,EA,08290,Non Residential Railway,2737890,fir_zip_2003_2008.zip:2005/2005-EA-Equalized Assessment.xlsx#Schedule EA
2005,sturgeon,0305,STURGEON COUNTY,EA,08295,NR Res. Co-generating M&E,,fir_zip_2003_2008.zip:2005/2005-EA-Equalized Assessment.xlsx#Schedule EA
2005,sturgeon,0305,STURGEON COUNTY,POPL,POPL,Population,18864,fir_zip_2003_2008.zip:2005/2005-POPL-Population of Alberta.xlsx#Schedule POPL
2005,chestermere,0356,CHESTERMERE,D,01910,Provincial Government Unconditional Transfers,0,fir_zip_2003_2008.zip:2005/2005-D-Total.xlsx#Schedule D
2005,chestermere,0356,CHESTERMERE,D,01920,Provincial Government Conditional Transfers,962370,fir_zip_2003_2008.zip:2005/2005-D-Total.xlsx#Schedule D
2005,chestermere,0356,CHESTERMERE,EA,08260,GRAND TOTAL,682361275,fir_zip_2003_2008.zip:2005/2005-EA-Equalized Assessment.xlsx#Schedule EA
2005,chestermere,0356,CHESTERMERE,EA,08265,Linear Subtotal,6267670,fir_zip_2003_2008.zip:2005/2005-EA-Equalized Assessment.xlsx#Schedule EA
2005,chestermere,0356,CHESTERMERE,EA,08270,Mach & Equip Subtotal,17880,fir_zip_2003_2008.zip:2005/2005-EA-Equalized Assessment.xlsx#Schedule EA
2005,chestermere,0356,CHESTERMERE,EA,08275,Non Residential Subtotal,12022930,fir_zip_2003_2008.zip:2005/2005-EA-Equalized Assessment.xlsx#Schedule EA
2005,chestermere,0356,CHESTERMERE,EA,08280,Residential Subtotal,663873425,fir_zip_2003_2008.zip:2005/2005-EA-Equalized Assessment.xlsx#Schedule EA
2005,chestermere,0356,CHESTERMERE,EA,08285,Farmland,179370,fir_zip_2003_2008.zip:2005/2005-EA-Equalized Assessment.xlsx#Schedule EA
2005,chestermere,0356,CHESTERMERE,EA,08290,Non Residential Railway,,fir_zip_2003_2008.zip:2005/2005-EA-Equalized Assessment.xlsx#Schedule EA
2005,chestermere,0356,CHESTERMERE,EA,08295,NR Res. Co-generating M&E,,fir_zip_2003_2008.zip:2005/2005-EA-Equalized Assessment.xlsx#Schedule EA
2005,chestermere,0356,CHESTERMERE,POPL,POPL,Population,7904,fir_zip_2003_2008.zip:2005/2005-POPL-Population of Alberta.xlsx#Schedule POPL
2006,airdrie,0003,AIRDRIE,D,01910,Provincial Government Unconditional Transfers,195581,fir_zip_2003_2008.zip:2006/2006-D-Total.xlsx#Schedule D
2006,airdrie,0003,AIRDRIE,D,01920,Provincial Government Conditional Transfers,8991454,fir_zip_2003_2008.zip:2006/2006-D-Total.xlsx#Schedule D
2006,airdrie,0003,AIRDRIE,EA,08260,GRAND TOTAL,2062239741,fir_zip_2003_2008.zip:2006/2006-EA-Equalized Assessment.xlsx#Schedule EA
2006,airdrie,0003,AIRDRIE,EA,08265,Linear Subtotal,27253870,fir_zip_2003_2008.zip:2006/2006-EA-Equalized Assessment.xlsx#Schedule EA
2006,airdrie,0003,AIRDRIE,EA,08270,Mach & Equip Subtotal,4764200,fir_zip_2003_2008.zip:2006/2006-EA-Equalized Assessment.xlsx#Schedule EA
2006,airdrie,0003,AIRDRIE,EA,08275,Non Residential Subtotal,283955076,fir_zip_2003_2008.zip:2006/2006-EA-Equalized Assessment.xlsx#Schedule EA
2006,airdrie,0003,AIRDRIE,EA,08280,Residential Subtotal,1744598895,fir_zip_2003_2008.zip:2006/2006-EA-Equalized Assessment.xlsx#Schedule EA
2006,airdrie,0003,AIRDRIE,EA,08285,Farmland,1194000,fir_zip_2003_2008.zip:2006/2006-EA-Equalized Assessment.xlsx#Schedule EA
2006,airdrie,0003,AIRDRIE,EA,08290,Non Residential Railway,473700,fir_zip_2003_2008.zip:2006/2006-EA-Equalized Assessment.xlsx#Schedule EA
2006,airdrie,0003,AIRDRIE,EA,08295,NR Res. Co-generating M&E,,fir_zip_2003_2008.zip:2006/2006-EA-Equalized Assessment.xlsx#Schedule EA
2006,airdrie,0003,AIRDRIE,POPL,POPL,Population,29035,fir_zip_2003_2008.zip:2006/2006-POPL-Population of Alberta.xlsx#Schedule POPL
2006,beaumont,0019,BEAUMONT,D,01910,Provincial Government Unconditional Transfers,17763,fir_zip_2003_2008.zip:2006/2006-D-Total.xlsx#Schedule D
2006,beaumont,0019,BEAUMONT,D,01920,Provincial Government Conditional Transfers,1398324,fir_zip_2003_2008.zip:2006/2006-D-Total.xlsx#Schedule D
2006,beaumont,0019,BEAUMONT,EA,08260,GRAND TOTAL,586685669,fir_zip_2003_2008.zip:2006/2006-EA-Equalized Assessment.xlsx#Schedule EA
2006,beaumont,0019,BEAUMONT,EA,08265,Linear Subtotal,6502540,fir_zip_2003_2008.zip:2006/2006-EA-Equalized Assessment.xlsx#Schedule EA
2006,beaumont,0019,BEAUMONT,EA,08270,Mach & Equip Subtotal,41290,fir_zip_2003_2008.zip:2006/2006-EA-Equalized Assessment.xlsx#Schedule EA
2006,beaumont,0019,BEAUMONT,EA,08275,Non Residential Subtotal,27957098,fir_zip_2003_2008.zip:2006/2006-EA-Equalized Assessment.xlsx#Schedule EA
2006,beaumont,0019,BEAUMONT,EA,08280,Residential Subtotal,551884231,fir_zip_2003_2008.zip:2006/2006-EA-Equalized Assessment.xlsx#Schedule EA
2006,beaumont,0019,BEAUMONT,EA,08285,Farmland,300510,fir_zip_2003_2008.zip:2006/2006-EA-Equalized Assessment.xlsx#Schedule EA
2006,beaumont,0019,BEAUMONT,EA,08290,Non Residential Railway,,fir_zip_2003_2008.zip:2006/2006-EA-Equalized Assessment.xlsx#Schedule EA
2006,beaumont,0019,BEAUMONT,EA,08295,NR Res. Co-generating M&E,,fir_zip_2003_2008.zip:2006/2006-EA-Equalized Assessment.xlsx#Schedule EA
2006,beaumont,0019,BEAUMONT,POPL,POPL,Population,8951,fir_zip_2003_2008.zip:2006/2006-POPL-Population of Alberta.xlsx#Schedule POPL
2006,calgary,0046,CALGARY,D,01910,Provincial Government Unconditional Transfers,0,fir_zip_2003_2008.zip:2006/2006-D-Total.xlsx#Schedule D
2006,calgary,0046,CALGARY,D,01920,Provincial Government Conditional Transfers,310027000,fir_zip_2003_2008.zip:2006/2006-D-Total.xlsx#Schedule D
2006,calgary,0046,CALGARY,EA,08260,GRAND TOTAL,102395060141,fir_zip_2003_2008.zip:2006/2006-EA-Equalized Assessment.xlsx#Schedule EA
2006,calgary,0046,CALGARY,EA,08265,Linear Subtotal,1561261620,fir_zip_2003_2008.zip:2006/2006-EA-Equalized Assessment.xlsx#Schedule EA
2006,calgary,0046,CALGARY,EA,08270,Mach & Equip Subtotal,437500,fir_zip_2003_2008.zip:2006/2006-EA-Equalized Assessment.xlsx#Schedule EA
2006,calgary,0046,CALGARY,EA,08275,Non Residential Subtotal,21897551239,fir_zip_2003_2008.zip:2006/2006-EA-Equalized Assessment.xlsx#Schedule EA
2006,calgary,0046,CALGARY,EA,08280,Residential Subtotal,78887276585,fir_zip_2003_2008.zip:2006/2006-EA-Equalized Assessment.xlsx#Schedule EA
2006,calgary,0046,CALGARY,EA,08285,Farmland,11151967,fir_zip_2003_2008.zip:2006/2006-EA-Equalized Assessment.xlsx#Schedule EA
2006,calgary,0046,CALGARY,EA,08290,Non Residential Railway,37381230,fir_zip_2003_2008.zip:2006/2006-EA-Equalized Assessment.xlsx#Schedule EA
2006,calgary,0046,CALGARY,EA,08295,NR Res. Co-generating M&E,,fir_zip_2003_2008.zip:2006/2006-EA-Equalized Assessment.xlsx#Schedule EA
2006,calgary,0046,CALGARY,POPL,POPL,Population,991759,fir_zip_2003_2008.zip:2006/2006-POPL-Population of Alberta.xlsx#Schedule POPL
2006,cochrane,0070,COCHRANE,D,01910,Provincial Government Unconditional Transfers,18785,fir_zip_2003_2008.zip:2006/2006-D-Total.xlsx#Schedule D
2006,cochrane,0070,COCHRANE,D,01920,Provincial Government Conditional Transfers,5538875,fir_zip_2003_2008.zip:2006/2006-D-Total.xlsx#Schedule D
2006,cochrane,0070,COCHRANE,EA,08260,GRAND TOTAL,1335817717,fir_zip_2003_2008.zip:2006/2006-EA-Equalized Assessment.xlsx#Schedule EA
2006,cochrane,0070,COCHRANE,EA,08265,Linear Subtotal,19551710,fir_zip_2003_2008.zip:2006/2006-EA-Equalized Assessment.xlsx#Schedule EA
2006,cochrane,0070,COCHRANE,EA,08270,Mach & Equip Subtotal,6399000,fir_zip_2003_2008.zip:2006/2006-EA-Equalized Assessment.xlsx#Schedule EA
2006,cochrane,0070,COCHRANE,EA,08275,Non Residential Subtotal,161192350,fir_zip_2003_2008.zip:2006/2006-EA-Equalized Assessment.xlsx#Schedule EA
2006,cochrane,0070,COCHRANE,EA,08280,Residential Subtotal,1145662757,fir_zip_2003_2008.zip:2006/2006-EA-Equalized Assessment.xlsx#Schedule EA
2006,cochrane,0070,COCHRANE,EA,08285,Farmland,1865500,fir_zip_2003_2008.zip:2006/2006-EA-Equalized Assessment.xlsx#Schedule EA
2006,cochrane,0070,COCHRANE,EA,08290,Non Residential Railway,1146400,fir_zip_2003_2008.zip:2006/2006-EA-Equalized Assessment.xlsx#Schedule EA
2006,cochrane,0070,COCHRANE,EA,08295,NR Res. Co-generating M&E,,fir_zip_2003_2008.zip:2006/2006-EA-Equalized Assessment.xlsx#Schedule EA
2006,cochrane,0070,COCHRANE,POPL,POPL,Population,12688,fir_zip_2003_2008.zip:2006/2006-POPL-Population of Alberta.xlsx#Schedule POPL
2006,devon,0086,DEVON,D,01910,Provincial Government Unconditional Transfers,12987,fir_zip_2003_2008.zip:2006/2006-D-Total.xlsx#Schedule D
2006,devon,0086,DEVON,D,01920,Provincial Government Conditional Transfers,2245969,fir_zip_2003_2008.zip:2006/2006-D-Total.xlsx#Schedule D
2006,devon,0086,DEVON,EA,08260,GRAND TOTAL,406163796,fir_zip_2003_2008.zip:2006/2006-EA-Equalized Assessment.xlsx#Schedule EA
2006,devon,0086,DEVON,EA,08265,Linear Subtotal,10731280,fir_zip_2003_2008.zip:2006/2006-EA-Equalized Assessment.xlsx#Schedule EA
2006,devon,0086,DEVON,EA,08270,Mach & Equip Subtotal,9457220,fir_zip_2003_2008.zip:2006/2006-EA-Equalized Assessment.xlsx#Schedule EA
2006,devon,0086,DEVON,EA,08275,Non Residential Subtotal,50310154,fir_zip_2003_2008.zip:2006/2006-EA-Equalized Assessment.xlsx#Schedule EA
2006,devon,0086,DEVON,EA,08280,Residential Subtotal,335586352,fir_zip_2003_2008.zip:2006/2006-EA-Equalized Assessment.xlsx#Schedule EA
2006,devon,0086,DEVON,EA,08285,Farmland,78790,fir_zip_2003_2008.zip:2006/2006-EA-Equalized Assessment.xlsx#Schedule EA
2006,devon,0086,DEVON,EA,08290,Non Residential Railway,,fir_zip_2003_2008.zip:2006/2006-EA-Equalized Assessment.xlsx#Schedule EA
2006,devon,0086,DEVON,EA,08295,NR Res. Co-generating M&E,,fir_zip_2003_2008.zip:2006/2006-EA-Equalized Assessment.xlsx#Schedule EA
2006,devon,0086,DEVON,POPL,POPL,Population,6361,fir_zip_2003_2008.zip:2006/2006-POPL-Population of Alberta.xlsx#Schedule POPL
2006,edmonton,0098,EDMONTON,D,01910,Provincial Government Unconditional Transfers,3485000,fir_zip_2003_2008.zip:2006/2006-D-Total.xlsx#Schedule D
2006,edmonton,0098,EDMONTON,D,01920,Provincial Government Conditional Transfers,174636000,fir_zip_2003_2008.zip:2006/2006-D-Total.xlsx#Schedule D
2006,edmonton,0098,EDMONTON,EA,08260,GRAND TOTAL,59560021586,fir_zip_2003_2008.zip:2006/2006-EA-Equalized Assessment.xlsx#Schedule EA
2006,edmonton,0098,EDMONTON,EA,08265,Linear Subtotal,1150323830,fir_zip_2003_2008.zip:2006/2006-EA-Equalized Assessment.xlsx#Schedule EA
2006,edmonton,0098,EDMONTON,EA,08270,Mach & Equip Subtotal,721784916,fir_zip_2003_2008.zip:2006/2006-EA-Equalized Assessment.xlsx#Schedule EA
2006,edmonton,0098,EDMONTON,EA,08275,Non Residential Subtotal,12428101144,fir_zip_2003_2008.zip:2006/2006-EA-Equalized Assessment.xlsx#Schedule EA
2006,edmonton,0098,EDMONTON,EA,08280,Residential Subtotal,45223627438,fir_zip_2003_2008.zip:2006/2006-EA-Equalized Assessment.xlsx#Schedule EA
2006,edmonton,0098,EDMONTON,EA,08285,Farmland,26183932,fir_zip_2003_2008.zip:2006/2006-EA-Equalized Assessment.xlsx#Schedule EA
2006,edmonton,0098,EDMONTON,EA,08290,Non Residential Railway,9057826,fir_zip_2003_2008.zip:2006/2006-EA-Equalized Assessment.xlsx#Schedule EA
2006,edmonton,0098,EDMONTON,EA,08295,NR Res. Co-generating M&E,942500,fir_zip_2003_2008.zip:2006/2006-EA-Equalized Assessment.xlsx#Schedule EA
2006,edmonton,0098,EDMONTON,POPL,POPL,Population,712391,fir_zip_2003_2008.zip:2006/2006-POPL-Population of Alberta.xlsx#Schedule POPL
2006,foothills,0111,"FOOTHILLS NO. 31, M.D. OF",D,01910,Provincial Government Unconditional Transfers,37608,fir_zip_2003_2008.zip:2006/2006-D-Total.xlsx#Schedule D
2006,foothills,0111,"FOOTHILLS NO. 31, M.D. OF",D,01920,Provincial Government Conditional Transfers,5601722,fir_zip_2003_2008.zip:2006/2006-D-Total.xlsx#Schedule D
2006,foothills,0111,"FOOTHILLS NO. 31, M.D. OF",EA,08260,GRAND TOTAL,3225797659,fir_zip_2003_2008.zip:2006/2006-EA-Equalized Assessment.xlsx#Schedule EA
2006,foothills,0111,"FOOTHILLS NO. 31, M.D. OF",EA,08265,Linear Subtotal,312384140,fir_zip_2003_2008.zip:2006/2006-EA-Equalized Assessment.xlsx#Schedule EA
2006,foothills,0111,"FOOTHILLS NO. 31, M.D. OF",EA,08270,Mach & Equip Subtotal,178533550,fir_zip_2003_2008.zip:2006/2006-EA-Equalized Assessment.xlsx#Schedule EA
2006,foothills,0111,"FOOTHILLS NO. 31, M.D. OF",EA,08275,Non Residential Subtotal,188760961,fir_zip_2003_2008.zip:2006/2006-EA-Equalized Assessment.xlsx#Schedule EA
2006,foothills,0111,"FOOTHILLS NO. 31, M.D. OF",EA,08280,Residential Subtotal,2404280681,fir_zip_2003_2008.zip:2006/2006-EA-Equalized Assessment.xlsx#Schedule EA
2006,foothills,0111,"FOOTHILLS NO. 31, M.D. OF",EA,08285,Farmland,140705107,fir_zip_2003_2008.zip:2006/2006-EA-Equalized Assessment.xlsx#Schedule EA
2006,foothills,0111,"FOOTHILLS NO. 31, M.D. OF",EA,08290,Non Residential Railway,1133220,fir_zip_2003_2008.zip:2006/2006-EA-Equalized Assessment.xlsx#Schedule EA
2006,foothills,0111,"FOOTHILLS NO. 31, M.D. OF",EA,08295,NR Res. Co-generating M&E,,fir_zip_2003_2008.zip:2006/2006-EA-Equalized Assessment.xlsx#Schedule EA
2006,foothills,0111,"FOOTHILLS NO. 31, M.D. OF",POPL,POPL,Population,17682,fir_zip_2003_2008.zip:2006/2006-POPL-Population of Alberta.xlsx#Schedule POPL
2006,fort_saskatchewan,0117,FORT SASKATCHEWAN,D,01910,Provincial Government Unconditional Transfers,473832,fir_zip_2003_2008.zip:2006/2006-D-Total.xlsx#Schedule D
2006,fort_saskatchewan,0117,FORT SASKATCHEWAN,D,01920,Provincial Government Conditional Transfers,3366684,fir_zip_2003_2008.zip:2006/2006-D-Total.xlsx#Schedule D
2006,fort_saskatchewan,0117,FORT SASKATCHEWAN,EA,08260,GRAND TOTAL,2315258427,fir_zip_2003_2008.zip:2006/2006-EA-Equalized Assessment.xlsx#Schedule EA
2006,fort_saskatchewan,0117,FORT SASKATCHEWAN,EA,08265,Linear Subtotal,77331890,fir_zip_2003_2008.zip:2006/2006-EA-Equalized Assessment.xlsx#Schedule EA
2006,fort_saskatchewan,0117,FORT SASKATCHEWAN,EA,08270,Mach & Equip Subtotal,1048843280,fir_zip_2003_2008.zip:2006/2006-EA-Equalized Assessment.xlsx#Schedule EA
2006,fort_saskatchewan,0117,FORT SASKATCHEWAN,EA,08275,Non Residential Subtotal,348550606,fir_zip_2003_2008.zip:2006/2006-EA-Equalized Assessment.xlsx#Schedule EA
2006,fort_saskatchewan,0117,FORT SASKATCHEWAN,EA,08280,Residential Subtotal,838288561,fir_zip_2003_2008.zip:2006/2006-EA-Equalized Assessment.xlsx#Schedule EA
2006,fort_saskatchewan,0117,FORT SASKATCHEWAN,EA,08285,Farmland,1468500,fir_zip_2003_2008.zip:2006/2006-EA-Equalized Assessment.xlsx#Schedule EA
2006,fort_saskatchewan,0117,FORT SASKATCHEWAN,EA,08290,Non Residential Railway,775590,fir_zip_2003_2008.zip:2006/2006-EA-Equalized Assessment.xlsx#Schedule EA
2006,fort_saskatchewan,0117,FORT SASKATCHEWAN,EA,08295,NR Res. Co-generating M&E,,fir_zip_2003_2008.zip:2006/2006-EA-Equalized Assessment.xlsx#Schedule EA
2006,fort_saskatchewan,0117,FORT SASKATCHEWAN,POPL,POPL,Population,14685,fir_zip_2003_2008.zip:2006/2006-POPL-Population of Alberta.xlsx#Schedule POPL
2006,high_river,0148,HIGH RIVER,D,01910,Provincial Government Unconditional Transfers,21128,fir_zip_2003_2008.zip:2006/2006-D-Total.xlsx#Schedule D
2006,high_river,0148,HIGH RIVER,D,01920,Provincial Government Conditional Transfers,1352677,fir_zip_2003_2008.zip:2006/2006-D-Total.xlsx#Schedule D
2006,high_river,0148,HIGH RIVER,EA,08260,GRAND TOTAL,800635238,fir_zip_2003_2008.zip:2006/2006-EA-Equalized Assessment.xlsx#Schedule EA
2006,high_river,0148,HIGH RIVER,EA,08265,Linear Subtotal,12127410,fir_zip_2003_2008.zip:2006/2006-EA-Equalized Assessment.xlsx#Schedule EA
2006,high_river,0148,HIGH RIVER,EA,08270,Mach & Equip Subtotal,,fir_zip_2003_2008.zip:2006/2006-EA-Equalized Assessment.xlsx#Schedule EA
2006,high_river,0148,HIGH RIVER,EA,08275,Non Residential Subtotal,104785571,fir_zip_2003_2008.zip:2006/2006-EA-Equalized Assessment.xlsx#Schedule EA
2006,high_river,0148,HIGH RIVER,EA,08280,Residential Subtotal,683539257,fir_zip_2003_2008.zip:2006/2006-EA-Equalized Assessment.xlsx#Schedule EA
2006,high_river,0148,HIGH RIVER,EA,08285,Farmland,154000,fir_zip_2003_2008.zip:2006/2006-EA-Equalized Assessment.xlsx#Schedule EA
2006,high_river,0148,HIGH RIVER,EA,08290,Non Residential Railway,29000,fir_zip_2003_2008.zip:2006/2006-EA-Equalized Assessment.xlsx#Schedule EA
2006,high_river,0148,HIGH RIVER,EA,08295,NR Res. Co-generating M&E,,fir_zip_2003_2008.zip:2006/2006-EA-Equalized Assessment.xlsx#Schedule EA
2006,high_river,0148,HIGH RIVER,POPL,POPL,Population,9522,fir_zip_2003_2008.zip:2006/2006-POPL-Population of Alberta.xlsx#Schedule POPL
2006,leduc_city,0200,LEDUC,D,01910,Provincial Government Unconditional Transfers,371256,fir_zip_2003_2008.zip:2006/2006-D-Total.xlsx#Schedule D
2006,leduc_city,0200,LEDUC,D,01920,Provincial Government Conditional Transfers,5996665,fir_zip_2003_2008.zip:2006/2006-D-Total.xlsx#Schedule D
2006,leduc_city,0200,LEDUC,EA,08260,GRAND TOTAL,1316472538,fir_zip_2003_2008.zip:2006/2006-EA-Equalized Assessment.xlsx#Schedule EA
2006,leduc_city,0200,LEDUC,EA,08265,Linear Subtotal,24348980,fir_zip_2003_2008.zip:2006/2006-EA-Equalized Assessment.xlsx#Schedule EA
2006,leduc_city,0200,LEDUC,EA,08270,Mach & Equip Subtotal,6926140,fir_zip_2003_2008.zip:2006/2006-EA-Equalized Assessment.xlsx#Schedule EA
2006,leduc_city,0200,LEDUC,EA,08275,Non Residential Subtotal,271303725,fir_zip_2003_2008.zip:2006/2006-EA-Equalized Assessment.xlsx#Schedule EA
2006,leduc_city,0200,LEDUC,EA,08280,Residential Subtotal,1008583913,fir_zip_2003_2008.zip:2006/2006-EA-Equalized Assessment.xlsx#Schedule EA
2006,leduc_city,0200,LEDUC,EA,08285,Farmland,4742910,fir_zip_2003_2008.zip:2006/2006-EA-Equalized Assessment.xlsx#Schedule EA
2006,leduc_city,0200,LEDUC,EA,08290,Non Residential Railway,566870,fir_zip_2003_2008.zip:2006/2006-EA-Equalized Assessment.xlsx#Schedule EA
2006,leduc_city,0200,LEDUC,EA,08295,NR Res. Co-generating M&E,,fir_zip_2003_2008.zip:2006/2006-EA-Equalized Assessment.xlsx#Schedule EA
2006,leduc_city,0200,LEDUC,POPL,POPL,Population,15630,fir_zip_2003_2008.zip:2006/2006-POPL-Population of Alberta.xlsx#Schedule POPL
2006,leduc_county,0201,LEDUC COUNTY,D,01910,Provincial Government Unconditional Transfers,104698,fir_zip_2003_2008.zip:2006/2006-D-Total.xlsx#Schedule D
2006,leduc_county,0201,LEDUC COUNTY,D,01920,Provincial Government Conditional Transfers,4493356,fir_zip_2003_2008.zip:2006/2006-D-Total.xlsx#Schedule D
2006,leduc_county,0201,LEDUC COUNTY,EA,08260,GRAND TOTAL,2404595336,fir_zip_2003_2008.zip:2006/2006-EA-Equalized Assessment.xlsx#Schedule EA
2006,leduc_county,0201,LEDUC COUNTY,EA,08265,Linear Subtotal,714159320,fir_zip_2003_2008.zip:2006/2006-EA-Equalized Assessment.xlsx#Schedule EA
2006,leduc_county,0201,LEDUC COUNTY,EA,08270,Mach & Equip Subtotal,92497480,fir_zip_2003_2008.zip:2006/2006-EA-Equalized Assessment.xlsx#Schedule EA
2006,leduc_county,0201,LEDUC COUNTY,EA,08275,Non Residential Subtotal,763399660,fir_zip_2003_2008.zip:2006/2006-EA-Equalized Assessment.xlsx#Schedule EA
2006,leduc_county,0201,LEDUC COUNTY,EA,08280,Residential Subtotal,738543966,fir_zip_2003_2008.zip:2006/2006-EA-Equalized Assessment.xlsx#Schedule EA
2006,leduc_county,0201,LEDUC COUNTY,EA,08285,Farmland,93720600,fir_zip_2003_2008.zip:2006/2006-EA-Equalized Assessment.xlsx#Schedule EA
2006,leduc_county,0201,LEDUC COUNTY,EA,08290,Non Residential Railway,2274310,fir_zip_2003_2008.zip:2006/2006-EA-Equalized Assessment.xlsx#Schedule EA
2006,leduc_county,0201,LEDUC COUNTY,EA,08295,NR Res. Co-generating M&E,,fir_zip_2003_2008.zip:2006/2006-EA-Equalized Assessment.xlsx#Schedule EA
2006,leduc_county,0201,LEDUC COUNTY,POPL,POPL,Population,12536,fir_zip_2003_2008.zip:2006/2006-POPL-Population of Alberta.xlsx#Schedule POPL
2006,morinville,0224,MORINVILLE,D,01910,Provincial Government Unconditional Transfers,19922,fir_zip_2003_2008.zip:2006/2006-D-Total.xlsx#Schedule D
2006,morinville,0224,MORINVILLE,D,01920,Provincial Government Conditional Transfers,1593769,fir_zip_2003_2008.zip:2006/2006-D-Total.xlsx#Schedule D
2006,morinville,0224,MORINVILLE,EA,08260,GRAND TOTAL,366487190,fir_zip_2003_2008.zip:2006/2006-EA-Equalized Assessment.xlsx#Schedule EA
2006,morinville,0224,MORINVILLE,EA,08265,Linear Subtotal,8190360,fir_zip_2003_2008.zip:2006/2006-EA-Equalized Assessment.xlsx#Schedule EA
2006,morinville,0224,MORINVILLE,EA,08270,Mach & Equip Subtotal,1650880,fir_zip_2003_2008.zip:2006/2006-EA-Equalized Assessment.xlsx#Schedule EA
2006,morinville,0224,MORINVILLE,EA,08275,Non Residential Subtotal,41406415,fir_zip_2003_2008.zip:2006/2006-EA-Equalized Assessment.xlsx#Schedule EA
2006,morinville,0224,MORINVILLE,EA,08280,Residential Subtotal,314856835,fir_zip_2003_2008.zip:2006/2006-EA-Equalized Assessment.xlsx#Schedule EA
2006,morinville,0224,MORINVILLE,EA,08285,Farmland,317570,fir_zip_2003_2008.zip:2006/2006-EA-Equalized Assessment.xlsx#Schedule EA
2006,morinville,0224,MORINVILLE,EA,08290,Non Residential Railway,65130,fir_zip_2003_2008.zip:2006/2006-EA-Equalized Assessment.xlsx#Schedule EA
2006,morinville,0224,MORINVILLE,EA,08295,NR Res. Co-generating M&E,,fir_zip_2003_2008.zip:2006/2006-EA-Equalized Assessment.xlsx#Schedule EA
2006,morinville,0224,MORINVILLE,POPL,POPL,Population,6540,fir_zip_2003_2008.zip:2006/2006-POPL-Population of Alberta.xlsx#Schedule POPL
2006,okotoks,0238,OKOTOKS,D,01910,Provincial Government Unconditional Transfers,23641,fir_zip_2003_2008.zip:2006/2006-D-Total.xlsx#Schedule D
2006,okotoks,0238,OKOTOKS,D,01920,Provincial Government Conditional Transfers,6963196,fir_zip_2003_2008.zip:2006/2006-D-Total.xlsx#Schedule D
2006,okotoks,0238,OKOTOKS,EA,08260,GRAND TOTAL,1303896722,fir_zip_2003_2008.zip:2006/2006-EA-Equalized Assessment.xlsx#Schedule EA
2006,okotoks,0238,OKOTOKS,EA,08265,Linear Subtotal,15368050,fir_zip_2003_2008.zip:2006/2006-EA-Equalized Assessment.xlsx#Schedule EA
2006,okotoks,0238,OKOTOKS,EA,08270,Mach & Equip Subtotal,189500,fir_zip_2003_2008.zip:2006/2006-EA-Equalized Assessment.xlsx#Schedule EA
2006,okotoks,0238,OKOTOKS,EA,08275,Non Residential Subtotal,159775912,fir_zip_2003_2008.zip:2006/2006-EA-Equalized Assessment.xlsx#Schedule EA
2006,okotoks,0238,OKOTOKS,EA,08280,Residential Subtotal,1128260760,fir_zip_2003_2008.zip:2006/2006-EA-Equalized Assessment.xlsx#Schedule EA
2006,okotoks,0238,OKOTOKS,EA,08285,Farmland,217700,fir_zip_2003_2008.zip:2006/2006-EA-Equalized Assessment.xlsx#Schedule EA
2006,okotoks,0238,OKOTOKS,EA,08290,Non Residential Railway,84800,fir_zip_2003_2008.zip:2006/2006-EA-Equalized Assessment.xlsx#Schedule EA
2006,okotoks,0238,OKOTOKS,EA,08295,NR Res. Co-generating M&E,,fir_zip_2003_2008.zip:2006/2006-EA-Equalized Assessment.xlsx#Schedule EA
2006,okotoks,0238,OKOTOKS,POPL,POPL,Population,11664,fir_zip_2003_2008.zip:2006/2006-POPL-Population of Alberta.xlsx#Schedule POPL
2006,parkland,0245,PARKLAND COUNTY,D,01910,Provincial Government Unconditional Transfers,73461,fir_zip_2003_2008.zip:2006/2006-D-Total.xlsx#Schedule D
2006,parkland,0245,PARKLAND COUNTY,D,01920,Provincial Government Conditional Transfers,9645398,fir_zip_2003_2008.zip:2006/2006-D-Total.xlsx#Schedule D
2006,parkland,0245,PARKLAND COUNTY,EA,08260,GRAND TOTAL,3424995805,fir_zip_2003_2008.zip:2006/2006-EA-Equalized Assessment.xlsx#Schedule EA
2006,parkland,0245,PARKLAND COUNTY,EA,08265,Linear Subtotal,767768810,fir_zip_2003_2008.zip:2006/2006-EA-Equalized Assessment.xlsx#Schedule EA
2006,parkland,0245,PARKLAND COUNTY,EA,08270,Mach & Equip Subtotal,121060970,fir_zip_2003_2008.zip:2006/2006-EA-Equalized Assessment.xlsx#Schedule EA
2006,parkland,0245,PARKLAND COUNTY,EA,08275,Non Residential Subtotal,311538363,fir_zip_2003_2008.zip:2006/2006-EA-Equalized Assessment.xlsx#Schedule EA
2006,parkland,0245,PARKLAND COUNTY,EA,08280,Residential Subtotal,2167153532,fir_zip_2003_2008.zip:2006/2006-EA-Equalized Assessment.xlsx#Schedule EA
2006,parkland,0245,PARKLAND COUNTY,EA,08285,Farmland,45289340,fir_zip_2003_2008.zip:2006/2006-EA-Equalized Assessment.xlsx#Schedule EA
2006,parkland,0245,PARKLAND COUNTY,EA,08290,Non Residential Railway,12184790,fir_zip_2003_2008.zip:2006/2006-EA-Equalized Assessment.xlsx#Schedule EA
2006,parkland,0245,PARKLAND COUNTY,EA,08295,NR Res. Co-generating M&E,,fir_zip_2003_2008.zip:2006/2006-EA-Equalized Assessment.xlsx#Schedule EA
2006,parkland,0245,PARKLAND COUNTY,POPL,POPL,Population,29679,fir_zip_2003_2008.zip:2006/2006-POPL-Population of Alberta.xlsx#Schedule POPL
2006,rocky_view,0269,ROCKY VIEW COUNTY,D,01910,Provincial Government Unconditional Transfers,63494,fir_zip_2003_2008.zip:2006/2006-D-Total.xlsx#Schedule D
2006,rocky_view,0269,ROCKY VIEW COUNTY,D,01920,Provincial Government Conditional Transfers,13040365,fir_zip_2003_2008.zip:2006/2006-D-Total.xlsx#Schedule D
2006,rocky_view,0269,ROCKY VIEW COUNTY,EA,08260,GRAND TOTAL,6485355382,fir_zip_2003_2008.zip:2006/2006-EA-Equalized Assessment.xlsx#Schedule EA
2006,rocky_view,0269,ROCKY VIEW COUNTY,EA,08265,Linear Subtotal,582071010,fir_zip_2003_2008.zip:2006/2006-EA-Equalized Assessment.xlsx#Schedule EA
2006,rocky_view,0269,ROCKY VIEW COUNTY,EA,08270,Mach & Equip Subtotal,388028900,fir_zip_2003_2008.zip:2006/2006-EA-Equalized Assessment.xlsx#Schedule EA
2006,rocky_view,0269,ROCKY VIEW COUNTY,EA,08275,Non Residential Subtotal,418782404,fir_zip_2003_2008.zip:2006/2006-EA-Equalized Assessment.xlsx#Schedule EA
2006,rocky_view,0269,ROCKY VIEW COUNTY,EA,08280,Residential Subtotal,4921839138,fir_zip_2003_2008.zip:2006/2006-EA-Equalized Assessment.xlsx#Schedule EA
2006,rocky_view,0269,ROCKY VIEW COUNTY,EA,08285,Farmland,163373710,fir_zip_2003_2008.zip:2006/2006-EA-Equalized Assessment.xlsx#Schedule EA
2006,rocky_view,0269,ROCKY VIEW COUNTY,EA,08290,Non Residential Railway,11260220,fir_zip_2003_2008.zip:2006/2006-EA-Equalized Assessment.xlsx#Schedule EA
2006,rocky_view,0269,ROCKY VIEW COUNTY,EA,08295,NR Res. Co-generating M&E,,fir_zip_2003_2008.zip:2006/2006-EA-Equalized Assessment.xlsx#Schedule EA
2006,rocky_view,0269,ROCKY VIEW COUNTY,POPL,POPL,Population,34597,fir_zip_2003_2008.zip:2006/2006-POPL-Population of Alberta.xlsx#Schedule POPL
2006,spruce_grove,0291,SPRUCE GROVE,D,01910,Provincial Government Unconditional Transfers,135546,fir_zip_2003_2008.zip:2006/2006-D-Total.xlsx#Schedule D
2006,spruce_grove,0291,SPRUCE GROVE,D,01920,Provincial Government Conditional Transfers,8656394,fir_zip_2003_2008.zip:2006/2006-D-Total.xlsx#Schedule D
2006,spruce_grove,0291,SPRUCE GROVE,EA,08260,GRAND TOTAL,1353059889,fir_zip_2003_2008.zip:2006/2006-EA-Equalized Assessment.xlsx#Schedule EA
2006,spruce_grove,0291,SPRUCE GROVE,EA,08265,Linear Subtotal,25176760,fir_zip_2003_2008.zip:2006/2006-EA-Equalized Assessment.xlsx#Schedule EA
2006,spruce_grove,0291,SPRUCE GROVE,EA,08270,Mach & Equip Subtotal,,fir_zip_2003_2008.zip:2006/2006-EA-Equalized Assessment.xlsx#Schedule EA
2006,spruce_grove,0291,SPRUCE GROVE,EA,08275,Non Residential Subtotal,194344408,fir_zip_2003_2008.zip:2006/2006-EA-Equalized Assessment.xlsx#Schedule EA
2006,spruce_grove,0291,SPRUCE GROVE,EA,08280,Residential Subtotal,1132294901,fir_zip_2003_2008.zip:2006/2006-EA-Equalized Assessment.xlsx#Schedule EA
2006,spruce_grove,0291,SPRUCE GROVE,EA,08285,Farmland,679180,fir_zip_2003_2008.zip:2006/2006-EA-Equalized Assessment.xlsx#Schedule EA
2006,spruce_grove,0291,SPRUCE GROVE,EA,08290,Non Residential Railway,564640,fir_zip_2003_2008.zip:2006/2006-EA-Equalized Assessment.xlsx#Schedule EA
2006,spruce_grove,0291,SPRUCE GROVE,EA,08295,NR Res. Co-generating M&E,,fir_zip_2003_2008.zip:2006/2006-EA-Equalized Assessment.xlsx#Schedule EA
2006,spruce_grove,0291,SPRUCE GROVE,POPL,POPL,Population,18405,fir_zip_2003_2008.zip:2006/2006-POPL-Population of Alberta.xlsx#Schedule POPL
2006,st_albert,0292,ST. ALBERT,D,01910,Provincial Government Unconditional Transfers,646977,fir_zip_2003_2008.zip:2006/2006-D-Total.xlsx#Schedule D
2006,st_albert,0292,ST. ALBERT,D,01920,Provincial Government Conditional Transfers,25471953,fir_zip_2003_2008.zip:2006/2006-D-Total.xlsx#Schedule D
2006,st_albert,0292,ST. ALBERT,EA,08260,GRAND TOTAL,4605751541,fir_zip_2003_2008.zip:2006/2006-EA-Equalized Assessment.xlsx#Schedule EA
2006,st_albert,0292,ST. ALBERT,EA,08265,Linear Subtotal,59697230,fir_zip_2003_2008.zip:2006/2006-EA-Equalized Assessment.xlsx#Schedule EA
2006,st_albert,0292,ST. ALBERT,EA,08270,Mach & Equip Subtotal,7644000,fir_zip_2003_2008.zip:2006/2006-EA-Equalized Assessment.xlsx#Schedule EA
2006,st_albert,0292,ST. ALBERT,EA,08275,Non Residential Subtotal,444954623,fir_zip_2003_2008.zip:2006/2006-EA-Equalized Assessment.xlsx#Schedule EA
2006,st_albert,0292,ST. ALBERT,EA,08280,Residential Subtotal,4091960988,fir_zip_2003_2008.zip:2006/2006-EA-Equalized Assessment.xlsx#Schedule EA
2006,st_albert,0292,ST. ALBERT,EA,08285,Farmland,1409200,fir_zip_2003_2008.zip:2006/2006-EA-Equalized Assessment.xlsx#Schedule EA
2006,st_albert,0292,ST. ALBERT,EA,08290,Non Residential Railway,85500,fir_zip_2003_2008.zip:2006/2006-EA-Equalized Assessment.xlsx#Schedule EA
2006,st_albert,0292,ST. ALBERT,EA,08295,NR Res. Co-generating M&E,,fir_zip_2003_2008.zip:2006/2006-EA-Equalized Assessment.xlsx#Schedule EA
2006,st_albert,0292,ST. ALBERT,POPL,POPL,Population,56310,fir_zip_2003_2008.zip:2006/2006-POPL-Population of Alberta.xlsx#Schedule POPL
2006,stony_plain,0301,STONY PLAIN,D,01910,Provincial Government Unconditional Transfers,23641,fir_zip_2003_2008.zip:2006/2006-D-Total.xlsx#Schedule D
2006,stony_plain,0301,STONY PLAIN,D,01920,Provincial Government Conditional Transfers,3376784,fir_zip_2003_2008.zip:2006/2006-D-Total.xlsx#Schedule D
2006,stony_plain,0301,STONY PLAIN,EA,08260,GRAND TOTAL,787310234,fir_zip_2003_2008.zip:2006/2006-EA-Equalized Assessment.xlsx#Schedule EA
2006,stony_plain,0301,STONY PLAIN,EA,08265,Linear Subtotal,16915080,fir_zip_2003_2008.zip:2006/2006-EA-Equalized Assessment.xlsx#Schedule EA
2006,stony_plain,0301,STONY PLAIN,EA,08270,Mach & Equip Subtotal,265700,fir_zip_2003_2008.zip:2006/2006-EA-Equalized Assessment.xlsx#Schedule EA
2006,stony_plain,0301,STONY PLAIN,EA,08275,Non Residential Subtotal,86454404,fir_zip_2003_2008.zip:2006/2006-EA-Equalized Assessment.xlsx#Schedule EA
2006,stony_plain,0301,STONY PLAIN,EA,08280,Residential Subtotal,681746430,fir_zip_2003_2008.zip:2006/2006-EA-Equalized Assessment.xlsx#Schedule EA
2006,stony_plain,0301,STONY PLAIN,EA,08285,Farmland,792670,fir_zip_2003_2008.zip:2006/2006-EA-Equalized Assessment.xlsx#Schedule EA
2006,stony_plain,0301,STONY PLAIN,EA,08290,Non Residential Railway,1135950,fir_zip_2003_2008.zip:2006/2006-EA-Equalized Assessment.xlsx#Schedule EA
2006,stony_plain,0301,STONY PLAIN,EA,08295,NR Res. Co-generating M&E,,fir_zip_2003_2008.zip:2006/2006-EA-Equalized Assessment.xlsx#Schedule EA
2006,stony_plain,0301,STONY PLAIN,POPL,POPL,Population,10544,fir_zip_2003_2008.zip:2006/2006-POPL-Population of Alberta.xlsx#Schedule POPL
2006,strathcona,0302,STRATHCONA COUNTY,D,01910,Provincial Government Unconditional Transfers,634101,fir_zip_2003_2008.zip:2006/2006-D-Total.xlsx#Schedule D
2006,strathcona,0302,STRATHCONA COUNTY,D,01920,Provincial Government Conditional Transfers,20875003,fir_zip_2003_2008.zip:2006/2006-D-Total.xlsx#Schedule D
2006,strathcona,0302,STRATHCONA COUNTY,EA,08260,GRAND TOTAL,11688553021,fir_zip_2003_2008.zip:2006/2006-EA-Equalized Assessment.xlsx#Schedule EA
2006,strathcona,0302,STRATHCONA COUNTY,EA,08265,Linear Subtotal,416336410,fir_zip_2003_2008.zip:2006/2006-EA-Equalized Assessment.xlsx#Schedule EA
2006,strathcona,0302,STRATHCONA COUNTY,EA,08270,Mach & Equip Subtotal,3608082300,fir_zip_2003_2008.zip:2006/2006-EA-Equalized Assessment.xlsx#Schedule EA
2006,strathcona,0302,STRATHCONA COUNTY,EA,08275,Non Residential Subtotal,1151963450,fir_zip_2003_2008.zip:2006/2006-EA-Equalized Assessment.xlsx#Schedule EA
2006,strathcona,0302,STRATHCONA COUNTY,EA,08280,Residential Subtotal,6471053211,fir_zip_2003_2008.zip:2006/2006-EA-Equalized Assessment.xlsx#Schedule EA
2006,strathcona,0302,STRATHCONA COUNTY,EA,08285,Farmland,35062650,fir_zip_2003_2008.zip:2006/2006-EA-Equalized Assessment.xlsx#Schedule EA
2006,strathcona,0302,STRATHCONA COUNTY,EA,08290,Non Residential Railway,6055000,fir_zip_2003_2008.zip:2006/2006-EA-Equalized Assessment.xlsx#Schedule EA
2006,strathcona,0302,STRATHCONA COUNTY,EA,08295,NR Res. Co-generating M&E,,fir_zip_2003_2008.zip:2006/2006-EA-Equalized Assessment.xlsx#Schedule EA
2006,strathcona,0302,STRATHCONA COUNTY,POPL,POPL,Population,80232,fir_zip_2003_2008.zip:2006/2006-POPL-Population of Alberta.xlsx#Schedule POPL
2006,sturgeon,0305,STURGEON COUNTY,D,01910,Provincial Government Unconditional Transfers,49373,fir_zip_2003_2008.zip:2006/2006-D-Total.xlsx#Schedule D
2006,sturgeon,0305,STURGEON COUNTY,D,01920,Provincial Government Conditional Transfers,6273568,fir_zip_2003_2008.zip:2006/2006-D-Total.xlsx#Schedule D
2006,sturgeon,0305,STURGEON COUNTY,EA,08260,GRAND TOTAL,2423423897,fir_zip_2003_2008.zip:2006/2006-EA-Equalized Assessment.xlsx#Schedule EA
2006,sturgeon,0305,STURGEON COUNTY,EA,08265,Linear Subtotal,275993590,fir_zip_2003_2008.zip:2006/2006-EA-Equalized Assessment.xlsx#Schedule EA
2006,sturgeon,0305,STURGEON COUNTY,EA,08270,Mach & Equip Subtotal,476127650,fir_zip_2003_2008.zip:2006/2006-EA-Equalized Assessment.xlsx#Schedule EA
2006,sturgeon,0305,STURGEON COUNTY,EA,08275,Non Residential Subtotal,382858204,fir_zip_2003_2008.zip:2006/2006-EA-Equalized Assessment.xlsx#Schedule EA
2006,sturgeon,0305,STURGEON COUNTY,EA,08280,Residential Subtotal,1203690396,fir_zip_2003_2008.zip:2006/2006-EA-Equalized Assessment.xlsx#Schedule EA
2006,sturgeon,0305,STURGEON COUNTY,EA,08285,Farmland,82021687,fir_zip_2003_2008.zip:2006/2006-EA-Equalized Assessment.xlsx#Schedule EA
2006,sturgeon,0305,STURGEON COUNTY,EA,08290,Non Residential Railway,2732370,fir_zip_2003_2008.zip:2006/2006-EA-Equalized Assessment.xlsx#Schedule EA
2006,sturgeon,0305,STURGEON COUNTY,EA,08295,NR Res. Co-generating M&E,,fir_zip_2003_2008.zip:2006/2006-EA-Equalized Assessment.xlsx#Schedule EA
2006,sturgeon,0305,STURGEON COUNTY,POPL,POPL,Population,18864,fir_zip_2003_2008.zip:2006/2006-POPL-Population of Alberta.xlsx#Schedule POPL
2006,chestermere,0356,CHESTERMERE,D,01910,Provincial Government Unconditional Transfers,0,fir_zip_2003_2008.zip:2006/2006-D-Total.xlsx#Schedule D
2006,chestermere,0356,CHESTERMERE,D,01920,Provincial Government Conditional Transfers,2902315,fir_zip_2003_2008.zip:2006/2006-D-Total.xlsx#Schedule D
2006,chestermere,0356,CHESTERMERE,EA,08260,GRAND TOTAL,850599441,fir_zip_2003_2008.zip:2006/2006-EA-Equalized Assessment.xlsx#Schedule EA
2006,chestermere,0356,CHESTERMERE,EA,08265,Linear Subtotal,7653490,fir_zip_2003_2008.zip:2006/2006-EA-Equalized Assessment.xlsx#Schedule EA
2006,chestermere,0356,CHESTERMERE,EA,08270,Mach & Equip Subtotal,18920,fir_zip_2003_2008.zip:2006/2006-EA-Equalized Assessment.xlsx#Schedule EA
2006,chestermere,0356,CHESTERMERE,EA,08275,Non Residential Subtotal,17990760,fir_zip_2003_2008.zip:2006/2006-EA-Equalized Assessment.xlsx#Schedule EA
2006,chestermere,0356,CHESTERMERE,EA,08280,Residential Subtotal,824806211,fir_zip_2003_2008.zip:2006/2006-EA-Equalized Assessment.xlsx#Schedule EA
2006,chestermere,0356,CHESTERMERE,EA,08285,Farmland,130060,fir_zip_2003_2008.zip:2006/2006-EA-Equalized Assessment.xlsx#Schedule EA
2006,chestermere,0356,CHESTERMERE,EA,08290,Non Residential Railway,,fir_zip_2003_2008.zip:2006/2006-EA-Equalized Assessment.xlsx#Schedule EA
2006,chestermere,0356,CHESTERMERE,EA,08295,NR Res. Co-generating M&E,,fir_zip_2003_2008.zip:2006/2006-EA-Equalized Assessment.xlsx#Schedule EA
2006,chestermere,0356,CHESTERMERE,POPL,POPL,Population,9481,fir_zip_2003_2008.zip:2006/2006-POPL-Population of Alberta.xlsx#Schedule POPL
2007,airdrie,0003,AIRDRIE,D,01910,Provincial Government Unconditional Transfers,195581,fir_zip_2003_2008.zip:2007/2007-D-Total.xlsx#Schedule D
2007,airdrie,0003,AIRDRIE,D,01920,Provincial Government Conditional Transfers,7130805,fir_zip_2003_2008.zip:2007/2007-D-Total.xlsx#Schedule D
2007,airdrie,0003,AIRDRIE,EA,08260,GRAND TOTAL,2418874921,fir_zip_2003_2008.zip:2007/2007-EA-Equalized Assessment.xlsx#Schedule EA
2007,airdrie,0003,AIRDRIE,EA,08265,Linear Subtotal,31266730,fir_zip_2003_2008.zip:2007/2007-EA-Equalized Assessment.xlsx#Schedule EA
2007,airdrie,0003,AIRDRIE,EA,08270,Mach & Equip Subtotal,4669200,fir_zip_2003_2008.zip:2007/2007-EA-Equalized Assessment.xlsx#Schedule EA
2007,airdrie,0003,AIRDRIE,EA,08275,Non Residential Subtotal,386866295,fir_zip_2003_2008.zip:2007/2007-EA-Equalized Assessment.xlsx#Schedule EA
2007,airdrie,0003,AIRDRIE,EA,08280,Residential Subtotal,1991374036,fir_zip_2003_2008.zip:2007/2007-EA-Equalized Assessment.xlsx#Schedule EA
2007,airdrie,0003,AIRDRIE,EA,08285,Farmland,4211860,fir_zip_2003_2008.zip:2007/2007-EA-Equalized Assessment.xlsx#Schedule EA
2007,airdrie,0003,AIRDRIE,EA,08290,Non Residential Railway,486800,fir_zip_2003_2008.zip:2007/2007-EA-Equalized Assessment.xlsx#Schedule EA
2007,airdrie,0003,AIRDRIE,EA,08295,NR Res. Co-generating M&E,,fir_zip_2003_2008.zip:2007/2007-EA-Equalized Assessment.xlsx#Schedule EA
2007,airdrie,0003,AIRDRIE,POPL,POPL,Population,31512,fir_zip_2003_2008.zip:2007/2007-POPL-Population of Alberta.xlsx#Schedule POPL
2007,beaumont,0019,BEAUMONT,D,01910,Provincial Government Unconditional Transfers,17763,fir_zip_2003_2008.zip:2007/2007-D-Total.xlsx#Schedule D
2007,beaumont,0019,BEAUMONT,D,01920,Provincial Government Conditional Transfers,1966407,fir_zip_2003_2008.zip:2007/2007-D-Total.xlsx#Schedule D
2007,beaumont,0019,BEAUMONT,EA,08260,GRAND TOTAL,690153703,fir_zip_2003_2008.zip:2007/2007-EA-Equalized Assessment.xlsx#Schedule EA
2007,beaumont,0019,BEAUMONT,EA,08265,Linear Subtotal,7685350,fir_zip_2003_2008.zip:2007/2007-EA-Equalized Assessment.xlsx#Schedule EA
2007,beaumont,0019,BEAUMONT,EA,08270,Mach & Equip Subtotal,41770,fir_zip_2003_2008.zip:2007/2007-EA-Equalized Assessment.xlsx#Schedule EA
2007,beaumont,0019,BEAUMONT,EA,08275,Non Residential Subtotal,33040082,fir_zip_2003_2008.zip:2007/2007-EA-Equalized Assessment.xlsx#Schedule EA
2007,beaumont,0019,BEAUMONT,EA,08280,Residential Subtotal,649092391,fir_zip_2003_2008.zip:2007/2007-EA-Equalized Assessment.xlsx#Schedule EA
2007,beaumont,0019,BEAUMONT,EA,08285,Farmland,294110,fir_zip_2003_2008.zip:2007/2007-EA-Equalized Assessment.xlsx#Schedule EA
2007,beaumont,0019,BEAUMONT,EA,08290,Non Residential Railway,,fir_zip_2003_2008.zip:2007/2007-EA-Equalized Assessment.xlsx#Schedule EA
2007,beaumont,0019,BEAUMONT,EA,08295,NR Res. Co-generating M&E,,fir_zip_2003_2008.zip:2007/2007-EA-Equalized Assessment.xlsx#Schedule EA
2007,beaumont,0019,BEAUMONT,POPL,POPL,Population,9749,fir_zip_2003_2008.zip:2007/2007-POPL-Population of Alberta.xlsx#Schedule POPL
2007,calgary,0046,CALGARY,D,01910,Provincial Government Unconditional Transfers,0,fir_zip_2003_2008.zip:2007/2007-D-Total.xlsx#Schedule D
2007,calgary,0046,CALGARY,D,01920,Provincial Government Conditional Transfers,423505000,fir_zip_2003_2008.zip:2007/2007-D-Total.xlsx#Schedule D
2007,calgary,0046,CALGARY,EA,08260,GRAND TOTAL,117052245709,fir_zip_2003_2008.zip:2007/2007-EA-Equalized Assessment.xlsx#Schedule EA
2007,calgary,0046,CALGARY,EA,08265,Linear Subtotal,1655124440,fir_zip_2003_2008.zip:2007/2007-EA-Equalized Assessment.xlsx#Schedule EA
2007,calgary,0046,CALGARY,EA,08270,Mach & Equip Subtotal,212437500,fir_zip_2003_2008.zip:2007/2007-EA-Equalized Assessment.xlsx#Schedule EA
2007,calgary,0046,CALGARY,EA,08275,Non Residential Subtotal,26490671440,fir_zip_2003_2008.zip:2007/2007-EA-Equalized Assessment.xlsx#Schedule EA
2007,calgary,0046,CALGARY,EA,08280,Residential Subtotal,88647152410,fir_zip_2003_2008.zip:2007/2007-EA-Equalized Assessment.xlsx#Schedule EA
2007,calgary,0046,CALGARY,EA,08285,Farmland,10282049,fir_zip_2003_2008.zip:2007/2007-EA-Equalized Assessment.xlsx#Schedule EA
2007,calgary,0046,CALGARY,EA,08290,Non Residential Railway,36577870,fir_zip_2003_2008.zip:2007/2007-EA-Equalized Assessment.xlsx#Schedule EA
2007,calgary,0046,CALGARY,EA,08295,NR Res. Co-generating M&E,,fir_zip_2003_2008.zip:2007/2007-EA-Equalized Assessment.xlsx#Schedule EA
2007,calgary,0046,CALGARY,POPL,POPL,Population,1019942,fir_zip_2003_2008.zip:2007/2007-POPL-Population of Alberta.xlsx#Schedule POPL
2007,cochrane,0070,COCHRANE,D,01910,Provincial Government Unconditional Transfers,18785,fir_zip_2003_2008.zip:2007/2007-D-Total.xlsx#Schedule D
2007,cochrane,0070,COCHRANE,D,01920,Provincial Government Conditional Transfers,4294184,fir_zip_2003_2008.zip:2007/2007-D-Total.xlsx#Schedule D
2007,cochrane,0070,COCHRANE,EA,08260,GRAND TOTAL,1484299360,fir_zip_2003_2008.zip:2007/2007-EA-Equalized Assessment.xlsx#Schedule EA
2007,cochrane,0070,COCHRANE,EA,08265,Linear Subtotal,21701630,fir_zip_2003_2008.zip:2007/2007-EA-Equalized Assessment.xlsx#Schedule EA
2007,cochrane,0070,COCHRANE,EA,08270,Mach & Equip Subtotal,6205800,fir_zip_2003_2008.zip:2007/2007-EA-Equalized Assessment.xlsx#Schedule EA
2007,cochrane,0070,COCHRANE,EA,08275,Non Residential Subtotal,192837521,fir_zip_2003_2008.zip:2007/2007-EA-Equalized Assessment.xlsx#Schedule EA
2007,cochrane,0070,COCHRANE,EA,08280,Residential Subtotal,1261547189,fir_zip_2003_2008.zip:2007/2007-EA-Equalized Assessment.xlsx#Schedule EA
2007,cochrane,0070,COCHRANE,EA,08285,Farmland,859620,fir_zip_2003_2008.zip:2007/2007-EA-Equalized Assessment.xlsx#Schedule EA
2007,cochrane,0070,COCHRANE,EA,08290,Non Residential Railway,1147600,fir_zip_2003_2008.zip:2007/2007-EA-Equalized Assessment.xlsx#Schedule EA
2007,cochrane,0070,COCHRANE,EA,08295,NR Res. Co-generating M&E,,fir_zip_2003_2008.zip:2007/2007-EA-Equalized Assessment.xlsx#Schedule EA
2007,cochrane,0070,COCHRANE,POPL,POPL,Population,13760,fir_zip_2003_2008.zip:2007/2007-POPL-Population of Alberta.xlsx#Schedule POPL
2007,devon,0086,DEVON,D,01910,Provincial Government Unconditional Transfers,12987,fir_zip_2003_2008.zip:2007/2007-D-Total.xlsx#Schedule D
2007,devon,0086,DEVON,D,01920,Provincial Government Conditional Transfers,2287822,fir_zip_2003_2008.zip:2007/2007-D-Total.xlsx#Schedule D
2007,devon,0086,DEVON,EA,08260,GRAND TOTAL,453630045,fir_zip_2003_2008.zip:2007/2007-EA-Equalized Assessment.xlsx#Schedule EA
2007,devon,0086,DEVON,EA,08265,Linear Subtotal,11850950,fir_zip_2003_2008.zip:2007/2007-EA-Equalized Assessment.xlsx#Schedule EA
2007,devon,0086,DEVON,EA,08270,Mach & Equip Subtotal,10233670,fir_zip_2003_2008.zip:2007/2007-EA-Equalized Assessment.xlsx#Schedule EA
2007,devon,0086,DEVON,EA,08275,Non Residential Subtotal,55247237,fir_zip_2003_2008.zip:2007/2007-EA-Equalized Assessment.xlsx#Schedule EA
2007,devon,0086,DEVON,EA,08280,Residential Subtotal,376075238,fir_zip_2003_2008.zip:2007/2007-EA-Equalized Assessment.xlsx#Schedule EA
2007,devon,0086,DEVON,EA,08285,Farmland,222950,fir_zip_2003_2008.zip:2007/2007-EA-Equalized Assessment.xlsx#Schedule EA
2007,devon,0086,DEVON,EA,08290,Non Residential Railway,,fir_zip_2003_2008.zip:2007/2007-EA-Equalized Assessment.xlsx#Schedule EA
2007,devon,0086,DEVON,EA,08295,NR Res. Co-generating M&E,,fir_zip_2003_2008.zip:2007/2007-EA-Equalized Assessment.xlsx#Schedule EA
2007,devon,0086,DEVON,POPL,POPL,Population,6361,fir_zip_2003_2008.zip:2007/2007-POPL-Population of Alberta.xlsx#Schedule POPL
2007,edmonton,0098,EDMONTON,D,01910,Provincial Government Unconditional Transfers,3485000,fir_zip_2003_2008.zip:2007/2007-D-Total.xlsx#Schedule D
2007,edmonton,0098,EDMONTON,D,01920,Provincial Government Conditional Transfers,357864000,fir_zip_2003_2008.zip:2007/2007-D-Total.xlsx#Schedule D
2007,edmonton,0098,EDMONTON,EA,08260,GRAND TOTAL,66410297529,fir_zip_2003_2008.zip:2007/2007-EA-Equalized Assessment.xlsx#Schedule EA
2007,edmonton,0098,EDMONTON,EA,08265,Linear Subtotal,1228740240,fir_zip_2003_2008.zip:2007/2007-EA-Equalized Assessment.xlsx#Schedule EA
2007,edmonton,0098,EDMONTON,EA,08270,Mach & Equip Subtotal,809376001,fir_zip_2003_2008.zip:2007/2007-EA-Equalized Assessment.xlsx#Schedule EA
2007,edmonton,0098,EDMONTON,EA,08275,Non Residential Subtotal,14381584212,fir_zip_2003_2008.zip:2007/2007-EA-Equalized Assessment.xlsx#Schedule EA
2007,edmonton,0098,EDMONTON,EA,08280,Residential Subtotal,49951041683,fir_zip_2003_2008.zip:2007/2007-EA-Equalized Assessment.xlsx#Schedule EA
2007,edmonton,0098,EDMONTON,EA,08285,Farmland,29730161,fir_zip_2003_2008.zip:2007/2007-EA-Equalized Assessment.xlsx#Schedule EA
2007,edmonton,0098,EDMONTON,EA,08290,Non Residential Railway,9226732,fir_zip_2003_2008.zip:2007/2007-EA-Equalized Assessment.xlsx#Schedule EA
2007,edmonton,0098,EDMONTON,EA,08295,NR Res. Co-generating M&E,598500,fir_zip_2003_2008.zip:2007/2007-EA-Equalized Assessment.xlsx#Schedule EA
2007,edmonton,0098,EDMONTON,POPL,POPL,Population,730372,fir_zip_2003_2008.zip:2007/2007-POPL-Population of Alberta.xlsx#Schedule POPL
2007,foothills,0111,"FOOTHILLS NO. 31, M.D. OF",D,01910,Provincial Government Unconditional Transfers,37608,fir_zip_2003_2008.zip:2007/2007-D-Total.xlsx#Schedule D
2007,foothills,0111,"FOOTHILLS NO. 31, M.D. OF",D,01920,Provincial Government Conditional Transfers,15634617,fir_zip_2003_2008.zip:2007/2007-D-Total.xlsx#Schedule D
2007,foothills,0111,"FOOTHILLS NO. 31, M.D. OF",EA,08260,GRAND TOTAL,3723532420,fir_zip_2003_2008.zip:2007/2007-EA-Equalized Assessment.xlsx#Schedule EA
2007,foothills,0111,"FOOTHILLS NO. 31, M.D. OF",EA,08265,Linear Subtotal,360130500,fir_zip_2003_2008.zip:2007/2007-EA-Equalized Assessment.xlsx#Schedule EA
2007,foothills,0111,"FOOTHILLS NO. 31, M.D. OF",EA,08270,Mach & Equip Subtotal,188457240,fir_zip_2003_2008.zip:2007/2007-EA-Equalized Assessment.xlsx#Schedule EA
2007,foothills,0111,"FOOTHILLS NO. 31, M.D. OF",EA,08275,Non Residential Subtotal,183310694,fir_zip_2003_2008.zip:2007/2007-EA-Equalized Assessment.xlsx#Schedule EA
2007,foothills,0111,"FOOTHILLS NO. 31, M.D. OF",EA,08280,Residential Subtotal,2849942006,fir_zip_2003_2008.zip:2007/2007-EA-Equalized Assessment.xlsx#Schedule EA
2007,foothills,0111,"FOOTHILLS NO. 31, M.D. OF",EA,08285,Farmland,140540590,fir_zip_2003_2008.zip:2007/2007-EA-Equalized Assessment.xlsx#Schedule EA
2007,foothills,0111,"FOOTHILLS NO. 31, M.D. OF",EA,08290,Non Residential Railway,1151390,fir_zip_2003_2008.zip:2007/2007-EA-Equalized Assessment.xlsx#Schedule EA
2007,foothills,0111,"FOOTHILLS NO. 31, M.D. OF",EA,08295,NR Res. Co-generating M&E,,fir_zip_2003_2008.zip:2007/2007-EA-Equalized Assessment.xlsx#Schedule EA
2007,foothills,0111,"FOOTHILLS NO. 31, M.D. OF",POPL,POPL,Population,19736,fir_zip_2003_2008.zip:2007/2007-POPL-Population of Alberta.xlsx#Schedule POPL
2007,fort_saskatchewan,0117,FORT SASKATCHEWAN,D,01910,Provincial Government Unconditional Transfers,441890,fir_zip_2003_2008.zip:2007/2007-D-Total.xlsx#Schedule D
2007,fort_saskatchewan,0117,FORT SASKATCHEWAN,D,01920,Provincial Government Conditional Transfers,3559506,fir_zip_2003_2008.zip:2007/2007-D-Total.xlsx#Schedule D
2007,fort_saskatchewan,0117,FORT SASKATCHEWAN,EA,08260,GRAND TOTAL,2571362742,fir_zip_2003_2008.zip:2007/2007-EA-Equalized Assessment.xlsx#Schedule EA
2007,fort_saskatchewan,0117,FORT SASKATCHEWAN,EA,08265,Linear Subtotal,85932190,fir_zip_2003_2008.zip:2007/2007-EA-Equalized Assessment.xlsx#Schedule EA
2007,fort_saskatchewan,0117,FORT SASKATCHEWAN,EA,08270,Mach & Equip Subtotal,1104770630,fir_zip_2003_2008.zip:2007/2007-EA-Equalized Assessment.xlsx#Schedule EA
2007,fort_saskatchewan,0117,FORT SASKATCHEWAN,EA,08275,Non Residential Subtotal,379316380,fir_zip_2003_2008.zip:2007/2007-EA-Equalized Assessment.xlsx#Schedule EA
2007,fort_saskatchewan,0117,FORT SASKATCHEWAN,EA,08280,Residential Subtotal,999154892,fir_zip_2003_2008.zip:2007/2007-EA-Equalized Assessment.xlsx#Schedule EA
2007,fort_saskatchewan,0117,FORT SASKATCHEWAN,EA,08285,Farmland,1398400,fir_zip_2003_2008.zip:2007/2007-EA-Equalized Assessment.xlsx#Schedule EA
2007,fort_saskatchewan,0117,FORT SASKATCHEWAN,EA,08290,Non Residential Railway,790250,fir_zip_2003_2008.zip:2007/2007-EA-Equalized Assessment.xlsx#Schedule EA
2007,fort_saskatchewan,0117,FORT SASKATCHEWAN,EA,08295,NR Res. Co-generating M&E,,fir_zip_2003_2008.zip:2007/2007-EA-Equalized Assessment.xlsx#Schedule EA
2007,fort_saskatchewan,0117,FORT SASKATCHEWAN,POPL,POPL,Population,16146,fir_zip_2003_2008.zip:2007/2007-POPL-Population of Alberta.xlsx#Schedule POPL
2007,high_river,0148,HIGH RIVER,D,01910,Provincial Government Unconditional Transfers,21128,fir_zip_2003_2008.zip:2007/2007-D-Total.xlsx#Schedule D
2007,high_river,0148,HIGH RIVER,D,01920,Provincial Government Conditional Transfers,2520265,fir_zip_2003_2008.zip:2007/2007-D-Total.xlsx#Schedule D
2007,high_river,0148,HIGH RIVER,EA,08260,GRAND TOTAL,868601883,fir_zip_2003_2008.zip:2007/2007-EA-Equalized Assessment.xlsx#Schedule EA
2007,high_river,0148,HIGH RIVER,EA,08265,Linear Subtotal,13239210,fir_zip_2003_2008.zip:2007/2007-EA-Equalized Assessment.xlsx#Schedule EA
2007,high_river,0148,HIGH RIVER,EA,08270,Mach & Equip Subtotal,,fir_zip_2003_2008.zip:2007/2007-EA-Equalized Assessment.xlsx#Schedule EA
2007,high_river,0148,HIGH RIVER,EA,08275,Non Residential Subtotal,115446186,fir_zip_2003_2008.zip:2007/2007-EA-Equalized Assessment.xlsx#Schedule EA
2007,high_river,0148,HIGH RIVER,EA,08280,Residential Subtotal,739674487,fir_zip_2003_2008.zip:2007/2007-EA-Equalized Assessment.xlsx#Schedule EA
2007,high_river,0148,HIGH RIVER,EA,08285,Farmland,174000,fir_zip_2003_2008.zip:2007/2007-EA-Equalized Assessment.xlsx#Schedule EA
2007,high_river,0148,HIGH RIVER,EA,08290,Non Residential Railway,68000,fir_zip_2003_2008.zip:2007/2007-EA-Equalized Assessment.xlsx#Schedule EA
2007,high_river,0148,HIGH RIVER,EA,08295,NR Res. Co-generating M&E,,fir_zip_2003_2008.zip:2007/2007-EA-Equalized Assessment.xlsx#Schedule EA
2007,high_river,0148,HIGH RIVER,POPL,POPL,Population,10716,fir_zip_2003_2008.zip:2007/2007-POPL-Population of Alberta.xlsx#Schedule POPL
2007,leduc_city,0200,LEDUC,D,01910,Provincial Government Unconditional Transfers,370718,fir_zip_2003_2008.zip:2007/2007-D-Total.xlsx#Schedule D
2007,leduc_city,0200,LEDUC,D,01920,Provincial Government Conditional Transfers,6717990,fir_zip_2003_2008.zip:2007/2007-D-Total.xlsx#Schedule D
2007,leduc_city,0200,LEDUC,EA,08260,GRAND TOTAL,1522521606,fir_zip_2003_2008.zip:2007/2007-EA-Equalized Assessment.xlsx#Schedule EA
2007,leduc_city,0200,LEDUC,EA,08265,Linear Subtotal,26933780,fir_zip_2003_2008.zip:2007/2007-EA-Equalized Assessment.xlsx#Schedule EA
2007,leduc_city,0200,LEDUC,EA,08270,Mach & Equip Subtotal,6514370,fir_zip_2003_2008.zip:2007/2007-EA-Equalized Assessment.xlsx#Schedule EA
2007,leduc_city,0200,LEDUC,EA,08275,Non Residential Subtotal,367441695,fir_zip_2003_2008.zip:2007/2007-EA-Equalized Assessment.xlsx#Schedule EA
2007,leduc_city,0200,LEDUC,EA,08280,Residential Subtotal,1116700061,fir_zip_2003_2008.zip:2007/2007-EA-Equalized Assessment.xlsx#Schedule EA
2007,leduc_city,0200,LEDUC,EA,08285,Farmland,4354530,fir_zip_2003_2008.zip:2007/2007-EA-Equalized Assessment.xlsx#Schedule EA
2007,leduc_city,0200,LEDUC,EA,08290,Non Residential Railway,577170,fir_zip_2003_2008.zip:2007/2007-EA-Equalized Assessment.xlsx#Schedule EA
2007,leduc_city,0200,LEDUC,EA,08295,NR Res. Co-generating M&E,,fir_zip_2003_2008.zip:2007/2007-EA-Equalized Assessment.xlsx#Schedule EA
2007,leduc_city,0200,LEDUC,POPL,POPL,Population,16967,fir_zip_2003_2008.zip:2007/2007-POPL-Population of Alberta.xlsx#Schedule POPL
2007,leduc_county,0201,LEDUC COUNTY,D,01910,Provincial Government Unconditional Transfers,99801,fir_zip_2003_2008.zip:2007/2007-D-Total.xlsx#Schedule D
2007,leduc_county,0201,LEDUC COUNTY,D,01920,Provincial Government Conditional Transfers,9618302,fir_zip_2003_2008.zip:2007/2007-D-Total.xlsx#Schedule D
2007,leduc_county,0201,LEDUC COUNTY,EA,08260,GRAND TOTAL,3099131285,fir_zip_2003_2008.zip:2007/2007-EA-Equalized Assessment.xlsx#Schedule EA
2007,leduc_county,0201,LEDUC COUNTY,EA,08265,Linear Subtotal,1048640590,fir_zip_2003_2008.zip:2007/2007-EA-Equalized Assessment.xlsx#Schedule EA
2007,leduc_county,0201,LEDUC COUNTY,EA,08270,Mach & Equip Subtotal,98581550,fir_zip_2003_2008.zip:2007/2007-EA-Equalized Assessment.xlsx#Schedule EA
2007,leduc_county,0201,LEDUC COUNTY,EA,08275,Non Residential Subtotal,950370616,fir_zip_2003_2008.zip:2007/2007-EA-Equalized Assessment.xlsx#Schedule EA
2007,leduc_county,0201,LEDUC COUNTY,EA,08280,Residential Subtotal,905809949,fir_zip_2003_2008.zip:2007/2007-EA-Equalized Assessment.xlsx#Schedule EA
2007,leduc_county,0201,LEDUC COUNTY,EA,08285,Farmland,93412930,fir_zip_2003_2008.zip:2007/2007-EA-Equalized Assessment.xlsx#Schedule EA
2007,leduc_county,0201,LEDUC COUNTY,EA,08290,Non Residential Railway,2315650,fir_zip_2003_2008.zip:2007/2007-EA-Equalized Assessment.xlsx#Schedule EA
2007,leduc_county,0201,LEDUC COUNTY,EA,08295,NR Res. Co-generating M&E,,fir_zip_2003_2008.zip:2007/2007-EA-Equalized Assessment.xlsx#Schedule EA
2007,leduc_county,0201,LEDUC COUNTY,POPL,POPL,Population,12730,fir_zip_2003_2008.zip:2007/2007-POPL-Population of Alberta.xlsx#Schedule POPL
2007,morinville,0224,MORINVILLE,D,01910,Provincial Government Unconditional Transfers,19922,fir_zip_2003_2008.zip:2007/2007-D-Total.xlsx#Schedule D
2007,morinville,0224,MORINVILLE,D,01920,Provincial Government Conditional Transfers,1668049,fir_zip_2003_2008.zip:2007/2007-D-Total.xlsx#Schedule D
2007,morinville,0224,MORINVILLE,EA,08260,GRAND TOTAL,416172781,fir_zip_2003_2008.zip:2007/2007-EA-Equalized Assessment.xlsx#Schedule EA
2007,morinville,0224,MORINVILLE,EA,08265,Linear Subtotal,9120080,fir_zip_2003_2008.zip:2007/2007-EA-Equalized Assessment.xlsx#Schedule EA
2007,morinville,0224,MORINVILLE,EA,08270,Mach & Equip Subtotal,1747140,fir_zip_2003_2008.zip:2007/2007-EA-Equalized Assessment.xlsx#Schedule EA
2007,morinville,0224,MORINVILLE,EA,08275,Non Residential Subtotal,46017713,fir_zip_2003_2008.zip:2007/2007-EA-Equalized Assessment.xlsx#Schedule EA
2007,morinville,0224,MORINVILLE,EA,08280,Residential Subtotal,358909138,fir_zip_2003_2008.zip:2007/2007-EA-Equalized Assessment.xlsx#Schedule EA
2007,morinville,0224,MORINVILLE,EA,08285,Farmland,312390,fir_zip_2003_2008.zip:2007/2007-EA-Equalized Assessment.xlsx#Schedule EA
2007,morinville,0224,MORINVILLE,EA,08290,Non Residential Railway,66320,fir_zip_2003_2008.zip:2007/2007-EA-Equalized Assessment.xlsx#Schedule EA
2007,morinville,0224,MORINVILLE,EA,08295,NR Res. Co-generating M&E,,fir_zip_2003_2008.zip:2007/2007-EA-Equalized Assessment.xlsx#Schedule EA
2007,morinville,0224,MORINVILLE,POPL,POPL,Population,6775,fir_zip_2003_2008.zip:2007/2007-POPL-Population of Alberta.xlsx#Schedule POPL
2007,okotoks,0238,OKOTOKS,D,01910,Provincial Government Unconditional Transfers,23641,fir_zip_2003_2008.zip:2007/2007-D-Total.xlsx#Schedule D
2007,okotoks,0238,OKOTOKS,D,01920,Provincial Government Conditional Transfers,9021532,fir_zip_2003_2008.zip:2007/2007-D-Total.xlsx#Schedule D
2007,okotoks,0238,OKOTOKS,EA,08260,GRAND TOTAL,1596814844,fir_zip_2003_2008.zip:2007/2007-EA-Equalized Assessment.xlsx#Schedule EA
2007,okotoks,0238,OKOTOKS,EA,08265,Linear Subtotal,17902630,fir_zip_2003_2008.zip:2007/2007-EA-Equalized Assessment.xlsx#Schedule EA
2007,okotoks,0238,OKOTOKS,EA,08270,Mach & Equip Subtotal,181100,fir_zip_2003_2008.zip:2007/2007-EA-Equalized Assessment.xlsx#Schedule EA
2007,okotoks,0238,OKOTOKS,EA,08275,Non Residential Subtotal,195364322,fir_zip_2003_2008.zip:2007/2007-EA-Equalized Assessment.xlsx#Schedule EA
2007,okotoks,0238,OKOTOKS,EA,08280,Residential Subtotal,1383097292,fir_zip_2003_2008.zip:2007/2007-EA-Equalized Assessment.xlsx#Schedule EA
2007,okotoks,0238,OKOTOKS,EA,08285,Farmland,183100,fir_zip_2003_2008.zip:2007/2007-EA-Equalized Assessment.xlsx#Schedule EA
2007,okotoks,0238,OKOTOKS,EA,08290,Non Residential Railway,86400,fir_zip_2003_2008.zip:2007/2007-EA-Equalized Assessment.xlsx#Schedule EA
2007,okotoks,0238,OKOTOKS,EA,08295,NR Res. Co-generating M&E,,fir_zip_2003_2008.zip:2007/2007-EA-Equalized Assessment.xlsx#Schedule EA
2007,okotoks,0238,OKOTOKS,POPL,POPL,Population,17145,fir_zip_2003_2008.zip:2007/2007-POPL-Population of Alberta.xlsx#Schedule POPL
2007,parkland,0245,PARKLAND COUNTY,D,01910,Provincial Government Unconditional Transfers,73461,fir_zip_2003_2008.zip:2007/2007-D-Total.xlsx#Schedule D
2007,parkland,0245,PARKLAND COUNTY,D,01920,Provincial Government Conditional Transfers,13032319,fir_zip_2003_2008.zip:2007/2007-D-Total.xlsx#Schedule D
2007,parkland,0245,PARKLAND COUNTY,EA,08260,GRAND TOTAL,3722766263,fir_zip_2003_2008.zip:2007/2007-EA-Equalized Assessment.xlsx#Schedule EA
2007,parkland,0245,PARKLAND COUNTY,EA,08265,Linear Subtotal,808456580,fir_zip_2003_2008.zip:2007/2007-EA-Equalized Assessment.xlsx#Schedule EA
2007,parkland,0245,PARKLAND COUNTY,EA,08270,Mach & Equip Subtotal,130787340,fir_zip_2003_2008.zip:2007/2007-EA-Equalized Assessment.xlsx#Schedule EA
2007,parkland,0245,PARKLAND COUNTY,EA,08275,Non Residential Subtotal,338423752,fir_zip_2003_2008.zip:2007/2007-EA-Equalized Assessment.xlsx#Schedule EA
2007,parkland,0245,PARKLAND COUNTY,EA,08280,Residential Subtotal,2387800771,fir_zip_2003_2008.zip:2007/2007-EA-Equalized Assessment.xlsx#Schedule EA
2007,parkland,0245,PARKLAND COUNTY,EA,08285,Farmland,44891500,fir_zip_2003_2008.zip:2007/2007-EA-Equalized Assessment.xlsx#Schedule EA
2007,parkland,0245,PARKLAND COUNTY,EA,08290,Non Residential Railway,12406320,fir_zip_2003_2008.zip:2007/2007-EA-Equalized Assessment.xlsx#Schedule EA
2007,parkland,0245,PARKLAND COUNTY,EA,08295,NR Res. Co-generating M&E,,fir_zip_2003_2008.zip:2007/2007-EA-Equalized Assessment.xlsx#Schedule EA
2007,parkland,0245,PARKLAND COUNTY,POPL,POPL,Population,29679,fir_zip_2003_2008.zip:2007/2007-POPL-Population of Alberta.xlsx#Schedule POPL
2007,rocky_view,0269,ROCKY VIEW COUNTY,D,01910,Provincial Government Unconditional Transfers,63494,fir_zip_2003_2008.zip:2007/2007-D-Total.xlsx#Schedule D
2007,rocky_view,0269,ROCKY VIEW COUNTY,D,01920,Provincial Government Conditional Transfers,8732127,fir_zip_2003_2008.zip:2007/2007-D-Total.xlsx#Schedule D
2007,rocky_view,0269,ROCKY VIEW COUNTY,EA,08260,GRAND TOTAL,7681365961,fir_zip_2003_2008.zip:2007/2007-EA-Equalized Assessment.xlsx#Schedule EA
2007,rocky_view,0269,ROCKY VIEW COUNTY,EA,08265,Linear Subtotal,668660950,fir_zip_2003_2008.zip:2007/2007-EA-Equalized Assessment.xlsx#Schedule EA
2007,rocky_view,0269,ROCKY VIEW COUNTY,EA,08270,Mach & Equip Subtotal,410862400,fir_zip_2003_2008.zip:2007/2007-EA-Equalized Assessment.xlsx#Schedule EA
2007,rocky_view,0269,ROCKY VIEW COUNTY,EA,08275,Non Residential Subtotal,514009862,fir_zip_2003_2008.zip:2007/2007-EA-Equalized Assessment.xlsx#Schedule EA
2007,rocky_view,0269,ROCKY VIEW COUNTY,EA,08280,Residential Subtotal,5912254717,fir_zip_2003_2008.zip:2007/2007-EA-Equalized Assessment.xlsx#Schedule EA
2007,rocky_view,0269,ROCKY VIEW COUNTY,EA,08285,Farmland,163077772,fir_zip_2003_2008.zip:2007/2007-EA-Equalized Assessment.xlsx#Schedule EA
2007,rocky_view,0269,ROCKY VIEW COUNTY,EA,08290,Non Residential Railway,12500260,fir_zip_2003_2008.zip:2007/2007-EA-Equalized Assessment.xlsx#Schedule EA
2007,rocky_view,0269,ROCKY VIEW COUNTY,EA,08295,NR Res. Co-generating M&E,,fir_zip_2003_2008.zip:2007/2007-EA-Equalized Assessment.xlsx#Schedule EA
2007,rocky_view,0269,ROCKY VIEW COUNTY,POPL,POPL,Population,34597,fir_zip_2003_2008.zip:2007/2007-POPL-Population of Alberta.xlsx#Schedule POPL
2007,spruce_grove,0291,SPRUCE GROVE,D,01910,Provincial Government Unconditional Transfers,135546,fir_zip_2003_2008.zip:2007/2007-D-Total.xlsx#Schedule D
2007,spruce_grove,0291,SPRUCE GROVE,D,01920,Provincial Government Conditional Transfers,6556300,fir_zip_2003_2008.zip:2007/2007-D-Total.xlsx#Schedule D
2007,spruce_grove,0291,SPRUCE GROVE,EA,08260,GRAND TOTAL,1563655405,fir_zip_2003_2008.zip:2007/2007-EA-Equalized Assessment.xlsx#Schedule EA
2007,spruce_grove,0291,SPRUCE GROVE,EA,08265,Linear Subtotal,26315800,fir_zip_2003_2008.zip:2007/2007-EA-Equalized Assessment.xlsx#Schedule EA
2007,spruce_grove,0291,SPRUCE GROVE,EA,08270,Mach & Equip Subtotal,,fir_zip_2003_2008.zip:2007/2007-EA-Equalized Assessment.xlsx#Schedule EA
2007,spruce_grove,0291,SPRUCE GROVE,EA,08275,Non Residential Subtotal,233354699,fir_zip_2003_2008.zip:2007/2007-EA-Equalized Assessment.xlsx#Schedule EA
2007,spruce_grove,0291,SPRUCE GROVE,EA,08280,Residential Subtotal,1302772746,fir_zip_2003_2008.zip:2007/2007-EA-Equalized Assessment.xlsx#Schedule EA
2007,spruce_grove,0291,SPRUCE GROVE,EA,08285,Farmland,647520,fir_zip_2003_2008.zip:2007/2007-EA-Equalized Assessment.xlsx#Schedule EA
2007,spruce_grove,0291,SPRUCE GROVE,EA,08290,Non Residential Railway,564640,fir_zip_2003_2008.zip:2007/2007-EA-Equalized Assessment.xlsx#Schedule EA
2007,spruce_grove,0291,SPRUCE GROVE,EA,08295,NR Res. Co-generating M&E,,fir_zip_2003_2008.zip:2007/2007-EA-Equalized Assessment.xlsx#Schedule EA
2007,spruce_grove,0291,SPRUCE GROVE,POPL,POPL,Population,19496,fir_zip_2003_2008.zip:2007/2007-POPL-Population of Alberta.xlsx#Schedule POPL
2007,st_albert,0292,ST. ALBERT,D,01910,Provincial Government Unconditional Transfers,646977,fir_zip_2003_2008.zip:2007/2007-D-Total.xlsx#Schedule D
2007,st_albert,0292,ST. ALBERT,D,01920,Provincial Government Conditional Transfers,24460130,fir_zip_2003_2008.zip:2007/2007-D-Total.xlsx#Schedule D
2007,st_albert,0292,ST. ALBERT,EA,08260,GRAND TOTAL,5203015580,fir_zip_2003_2008.zip:2007/2007-EA-Equalized Assessment.xlsx#Schedule EA
2007,st_albert,0292,ST. ALBERT,EA,08265,Linear Subtotal,64438120,fir_zip_2003_2008.zip:2007/2007-EA-Equalized Assessment.xlsx#Schedule EA
2007,st_albert,0292,ST. ALBERT,EA,08270,Mach & Equip Subtotal,8117000,fir_zip_2003_2008.zip:2007/2007-EA-Equalized Assessment.xlsx#Schedule EA
2007,st_albert,0292,ST. ALBERT,EA,08275,Non Residential Subtotal,499788935,fir_zip_2003_2008.zip:2007/2007-EA-Equalized Assessment.xlsx#Schedule EA
2007,st_albert,0292,ST. ALBERT,EA,08280,Residential Subtotal,4629048425,fir_zip_2003_2008.zip:2007/2007-EA-Equalized Assessment.xlsx#Schedule EA
2007,st_albert,0292,ST. ALBERT,EA,08285,Farmland,1535500,fir_zip_2003_2008.zip:2007/2007-EA-Equalized Assessment.xlsx#Schedule EA
2007,st_albert,0292,ST. ALBERT,EA,08290,Non Residential Railway,87600,fir_zip_2003_2008.zip:2007/2007-EA-Equalized Assessment.xlsx#Schedule EA
2007,st_albert,0292,ST. ALBERT,EA,08295,NR Res. Co-generating M&E,,fir_zip_2003_2008.zip:2007/2007-EA-Equalized Assessment.xlsx#Schedule EA
2007,st_albert,0292,ST. ALBERT,POPL,POPL,Population,57719,fir_zip_2003_2008.zip:2007/2007-POPL-Population of Alberta.xlsx#Schedule POPL
2007,stony_plain,0301,STONY PLAIN,D,01910,Provincial Government Unconditional Transfers,23641,fir_zip_2003_2008.zip:2007/2007-D-Total.xlsx#Schedule D
2007,stony_plain,0301,STONY PLAIN,D,01920,Provincial Government Conditional Transfers,4662748,fir_zip_2003_2008.zip:2007/2007-D-Total.xlsx#Schedule D
2007,stony_plain,0301,STONY PLAIN,EA,08260,GRAND TOTAL,912644012,fir_zip_2003_2008.zip:2007/2007-EA-Equalized Assessment.xlsx#Schedule EA
2007,stony_plain,0301,STONY PLAIN,EA,08265,Linear Subtotal,18818930,fir_zip_2003_2008.zip:2007/2007-EA-Equalized Assessment.xlsx#Schedule EA
2007,stony_plain,0301,STONY PLAIN,EA,08270,Mach & Equip Subtotal,511490,fir_zip_2003_2008.zip:2007/2007-EA-Equalized Assessment.xlsx#Schedule EA
2007,stony_plain,0301,STONY PLAIN,EA,08275,Non Residential Subtotal,101934725,fir_zip_2003_2008.zip:2007/2007-EA-Equalized Assessment.xlsx#Schedule EA
2007,stony_plain,0301,STONY PLAIN,EA,08280,Residential Subtotal,789167107,fir_zip_2003_2008.zip:2007/2007-EA-Equalized Assessment.xlsx#Schedule EA
2007,stony_plain,0301,STONY PLAIN,EA,08285,Farmland,1175540,fir_zip_2003_2008.zip:2007/2007-EA-Equalized Assessment.xlsx#Schedule EA
2007,stony_plain,0301,STONY PLAIN,EA,08290,Non Residential Railway,1036220,fir_zip_2003_2008.zip:2007/2007-EA-Equalized Assessment.xlsx#Schedule EA
2007,stony_plain,0301,STONY PLAIN,EA,08295,NR Res. Co-generating M&E,,fir_zip_2003_2008.zip:2007/2007-EA-Equalized Assessment.xlsx#Schedule EA
2007,stony_plain,0301,STONY PLAIN,POPL,POPL,Population,12363,fir_zip_2003_2008.zip:2007/2007-POPL-Population of Alberta.xlsx#Schedule POPL
2007,strathcona,0302,STRATHCONA COUNTY,D,01910,Provincial Government Unconditional Transfers,634101,fir_zip_2003_2008.zip:2007/2007-D-Total.xlsx#Schedule D
2007,strathcona,0302,STRATHCONA COUNTY,D,01920,Provincial Government Conditional Transfers,16691271,fir_zip_2003_2008.zip:2007/2007-D-Total.xlsx#Schedule D
2007,strathcona,0302,STRATHCONA COUNTY,EA,08260,GRAND TOTAL,13006789390,fir_zip_2003_2008.zip:2007/2007-EA-Equalized Assessment.xlsx#Schedule EA
2007,strathcona,0302,STRATHCONA COUNTY,EA,08265,Linear Subtotal,475239330,fir_zip_2003_2008.zip:2007/2007-EA-Equalized Assessment.xlsx#Schedule EA
2007,strathcona,0302,STRATHCONA COUNTY,EA,08270,Mach & Equip Subtotal,3900962700,fir_zip_2003_2008.zip:2007/2007-EA-Equalized Assessment.xlsx#Schedule EA
2007,strathcona,0302,STRATHCONA COUNTY,EA,08275,Non Residential Subtotal,1362375065,fir_zip_2003_2008.zip:2007/2007-EA-Equalized Assessment.xlsx#Schedule EA
2007,strathcona,0302,STRATHCONA COUNTY,EA,08280,Residential Subtotal,7227163837,fir_zip_2003_2008.zip:2007/2007-EA-Equalized Assessment.xlsx#Schedule EA
2007,strathcona,0302,STRATHCONA COUNTY,EA,08285,Farmland,34877858,fir_zip_2003_2008.zip:2007/2007-EA-Equalized Assessment.xlsx#Schedule EA
2007,strathcona,0302,STRATHCONA COUNTY,EA,08290,Non Residential Railway,6170600,fir_zip_2003_2008.zip:2007/2007-EA-Equalized Assessment.xlsx#Schedule EA
2007,strathcona,0302,STRATHCONA COUNTY,EA,08295,NR Res. Co-generating M&E,,fir_zip_2003_2008.zip:2007/2007-EA-Equalized Assessment.xlsx#Schedule EA
2007,strathcona,0302,STRATHCONA COUNTY,POPL,POPL,Population,82511,fir_zip_2003_2008.zip:2007/2007-POPL-Population of Alberta.xlsx#Schedule POPL
2007,sturgeon,0305,STURGEON COUNTY,D,01910,Provincial Government Unconditional Transfers,49373,fir_zip_2003_2008.zip:2007/2007-D-Total.xlsx#Schedule D
2007,sturgeon,0305,STURGEON COUNTY,D,01920,Provincial Government Conditional Transfers,11019399,fir_zip_2003_2008.zip:2007/2007-D-Total.xlsx#Schedule D
2007,sturgeon,0305,STURGEON COUNTY,EA,08260,GRAND TOTAL,2677352064,fir_zip_2003_2008.zip:2007/2007-EA-Equalized Assessment.xlsx#Schedule EA
2007,sturgeon,0305,STURGEON COUNTY,EA,08265,Linear Subtotal,307429520,fir_zip_2003_2008.zip:2007/2007-EA-Equalized Assessment.xlsx#Schedule EA
2007,sturgeon,0305,STURGEON COUNTY,EA,08270,Mach & Equip Subtotal,505462180,fir_zip_2003_2008.zip:2007/2007-EA-Equalized Assessment.xlsx#Schedule EA
2007,sturgeon,0305,STURGEON COUNTY,EA,08275,Non Residential Subtotal,403755945,fir_zip_2003_2008.zip:2007/2007-EA-Equalized Assessment.xlsx#Schedule EA
2007,sturgeon,0305,STURGEON COUNTY,EA,08280,Residential Subtotal,1376089898,fir_zip_2003_2008.zip:2007/2007-EA-Equalized Assessment.xlsx#Schedule EA
2007,sturgeon,0305,STURGEON COUNTY,EA,08285,Farmland,81832521,fir_zip_2003_2008.zip:2007/2007-EA-Equalized Assessment.xlsx#Schedule EA
2007,sturgeon,0305,STURGEON COUNTY,EA,08290,Non Residential Railway,2782000,fir_zip_2003_2008.zip:2007/2007-EA-Equalized Assessment.xlsx#Schedule EA
2007,sturgeon,0305,STURGEON COUNTY,EA,08295,NR Res. Co-generating M&E,,fir_zip_2003_2008.zip:2007/2007-EA-Equalized Assessment.xlsx#Schedule EA
2007,sturgeon,0305,STURGEON COUNTY,POPL,POPL,Population,18621,fir_zip_2003_2008.zip:2007/2007-POPL-Population of Alberta.xlsx#Schedule POPL
2007,chestermere,0356,CHESTERMERE,D,01910,Provincial Government Unconditional Transfers,0,fir_zip_2003_2008.zip:2007/2007-D-Total.xlsx#Schedule D
2007,chestermere,0356,CHESTERMERE,D,01920,Provincial Government Conditional Transfers,2531804,fir_zip_2003_2008.zip:2007/2007-D-Total.xlsx#Schedule D
2007,chestermere,0356,CHESTERMERE,EA,08260,GRAND TOTAL,1010761715,fir_zip_2003_2008.zip:2007/2007-EA-Equalized Assessment.xlsx#Schedule EA
2007,chestermere,0356,CHESTERMERE,EA,08265,Linear Subtotal,9309740,fir_zip_2003_2008.zip:2007/2007-EA-Equalized Assessment.xlsx#Schedule EA
2007,chestermere,0356,CHESTERMERE,EA,08270,Mach & Equip Subtotal,20050,fir_zip_2003_2008.zip:2007/2007-EA-Equalized Assessment.xlsx#Schedule EA
2007,chestermere,0356,CHESTERMERE,EA,08275,Non Residential Subtotal,29911090,fir_zip_2003_2008.zip:2007/2007-EA-Equalized Assessment.xlsx#Schedule EA
2007,chestermere,0356,CHESTERMERE,EA,08280,Residential Subtotal,971390775,fir_zip_2003_2008.zip:2007/2007-EA-Equalized Assessment.xlsx#Schedule EA
2007,chestermere,0356,CHESTERMERE,EA,08285,Farmland,130060,fir_zip_2003_2008.zip:2007/2007-EA-Equalized Assessment.xlsx#Schedule EA
2007,chestermere,0356,CHESTERMERE,EA,08290,Non Residential Railway,,fir_zip_2003_2008.zip:2007/2007-EA-Equalized Assessment.xlsx#Schedule EA
2007,chestermere,0356,CHESTERMERE,EA,08295,NR Res. Co-generating M&E,,fir_zip_2003_2008.zip:2007/2007-EA-Equalized Assessment.xlsx#Schedule EA
2007,chestermere,0356,CHESTERMERE,POPL,POPL,Population,11262,fir_zip_2003_2008.zip:2007/2007-POPL-Population of Alberta.xlsx#Schedule POPL
2008,airdrie,0003,AIRDRIE,D,01910,Provincial Government Unconditional Transfers,654100,fir_zip_2003_2008.zip:2008/2008-D-Total.xlsx#Schedule D
2008,airdrie,0003,AIRDRIE,D,01920,Provincial Government Conditional Transfers,17302774,fir_zip_2003_2008.zip:2008/2008-D-Total.xlsx#Schedule D
2008,airdrie,0003,AIRDRIE,EA,08260,GRAND TOTAL,3370088341,fir_zip_2003_2008.zip:2008/2008-EA-Equalized Assessment.xlsx#Schedule EA
2008,airdrie,0003,AIRDRIE,EA,08265,Linear Subtotal,36776420,fir_zip_2003_2008.zip:2008/2008-EA-Equalized Assessment.xlsx#Schedule EA
2008,airdrie,0003,AIRDRIE,EA,08270,Mach & Equip Subtotal,4529000,fir_zip_2003_2008.zip:2008/2008-EA-Equalized Assessment.xlsx#Schedule EA
2008,airdrie,0003,AIRDRIE,EA,08275,Non Residential Subtotal,529083856,fir_zip_2003_2008.zip:2008/2008-EA-Equalized Assessment.xlsx#Schedule EA
2008,airdrie,0003,AIRDRIE,EA,08280,Residential Subtotal,2798181365,fir_zip_2003_2008.zip:2008/2008-EA-Equalized Assessment.xlsx#Schedule EA
2008,airdrie,0003,AIRDRIE,EA,08285,Farmland,1013600,fir_zip_2003_2008.zip:2008/2008-EA-Equalized Assessment.xlsx#Schedule EA
2008,airdrie,0003,AIRDRIE,EA,08290,Non Residential Railway,504100,fir_zip_2003_2008.zip:2008/2008-EA-Equalized Assessment.xlsx#Schedule EA
2008,airdrie,0003,AIRDRIE,EA,08295,NR Res. Co-generating M&E,,fir_zip_2003_2008.zip:2008/2008-EA-Equalized Assessment.xlsx#Schedule EA
2008,airdrie,0003,AIRDRIE,POPL,POPL,Population,34116,fir_zip_2003_2008.zip:2008/2008-POPL-Population of Alberta.xlsx#Schedule POPL
2008,beaumont,0019,BEAUMONT,D,01910,Provincial Government Unconditional Transfers,17763,fir_zip_2003_2008.zip:2008/2008-D-Total.xlsx#Schedule D
2008,beaumont,0019,BEAUMONT,D,01920,Provincial Government Conditional Transfers,6541021,fir_zip_2003_2008.zip:2008/2008-D-Total.xlsx#Schedule D
2008,beaumont,0019,BEAUMONT,EA,08260,GRAND TOTAL,974155919,fir_zip_2003_2008.zip:2008/2008-EA-Equalized Assessment.xlsx#Schedule EA
2008,beaumont,0019,BEAUMONT,EA,08265,Linear Subtotal,9307310,fir_zip_2003_2008.zip:2008/2008-EA-Equalized Assessment.xlsx#Schedule EA
2008,beaumont,0019,BEAUMONT,EA,08270,Mach & Equip Subtotal,39960,fir_zip_2003_2008.zip:2008/2008-EA-Equalized Assessment.xlsx#Schedule EA
2008,beaumont,0019,BEAUMONT,EA,08275,Non Residential Subtotal,41421839,fir_zip_2003_2008.zip:2008/2008-EA-Equalized Assessment.xlsx#Schedule EA
2008,beaumont,0019,BEAUMONT,EA,08280,Residential Subtotal,923150080,fir_zip_2003_2008.zip:2008/2008-EA-Equalized Assessment.xlsx#Schedule EA
2008,beaumont,0019,BEAUMONT,EA,08285,Farmland,236730,fir_zip_2003_2008.zip:2008/2008-EA-Equalized Assessment.xlsx#Schedule EA
2008,beaumont,0019,BEAUMONT,EA,08290,Non Residential Railway,,fir_zip_2003_2008.zip:2008/2008-EA-Equalized Assessment.xlsx#Schedule EA
2008,beaumont,0019,BEAUMONT,EA,08295,NR Res. Co-generating M&E,,fir_zip_2003_2008.zip:2008/2008-EA-Equalized Assessment.xlsx#Schedule EA
2008,beaumont,0019,BEAUMONT,POPL,POPL,Population,10820,fir_zip_2003_2008.zip:2008/2008-POPL-Population of Alberta.xlsx#Schedule POPL
2008,calgary,0046,CALGARY,D,01910,Provincial Government Unconditional Transfers,300000,fir_zip_2003_2008.zip:2008/2008-D-Total.xlsx#Schedule D
2008,calgary,0046,CALGARY,D,01920,Provincial Government Conditional Transfers,611300000,fir_zip_2003_2008.zip:2008/2008-D-Total.xlsx#Schedule D
2008,calgary,0046,CALGARY,EA,08260,GRAND TOTAL,172060395261,fir_zip_2003_2008.zip:2008/2008-EA-Equalized Assessment.xlsx#Schedule EA
2008,calgary,0046,CALGARY,EA,08265,Linear Subtotal,1817956550,fir_zip_2003_2008.zip:2008/2008-EA-Equalized Assessment.xlsx#Schedule EA
2008,calgary,0046,CALGARY,EA,08270,Mach & Equip Subtotal,233650500,fir_zip_2003_2008.zip:2008/2008-EA-Equalized Assessment.xlsx#Schedule EA
2008,calgary,0046,CALGARY,EA,08275,Non Residential Subtotal,37544468459,fir_zip_2003_2008.zip:2008/2008-EA-Equalized Assessment.xlsx#Schedule EA
2008,calgary,0046,CALGARY,EA,08280,Residential Subtotal,132283645303,fir_zip_2003_2008.zip:2008/2008-EA-Equalized Assessment.xlsx#Schedule EA
2008,calgary,0046,CALGARY,EA,08285,Farmland,9158579,fir_zip_2003_2008.zip:2008/2008-EA-Equalized Assessment.xlsx#Schedule EA
2008,calgary,0046,CALGARY,EA,08290,Non Residential Railway,171515870,fir_zip_2003_2008.zip:2008/2008-EA-Equalized Assessment.xlsx#Schedule EA
2008,calgary,0046,CALGARY,EA,08295,NR Res. Co-generating M&E,,fir_zip_2003_2008.zip:2008/2008-EA-Equalized Assessment.xlsx#Schedule EA
2008,calgary,0046,CALGARY,POPL,POPL,Population,1042892,fir_zip_2003_2008.zip:2008/2008-POPL-Population of Alberta.xlsx#Schedule POPL
2008,cochrane,0070,COCHRANE,D,01910,Provincial Government Unconditional Transfers,18785,fir_zip_2003_2008.zip:2008/2008-D-Total.xlsx#Schedule D
2008,cochrane,0070,COCHRANE,D,01920,Provincial Government Conditional Transfers,8437079,fir_zip_2003_2008.zip:2008/2008-D-Total.xlsx#Schedule D
2008,cochrane,0070,COCHRANE,EA,08260,GRAND TOTAL,1890260400,fir_zip_2003_2008.zip:2008/2008-EA-Equalized Assessment.xlsx#Schedule EA
2008,cochrane,0070,COCHRANE,EA,08265,Linear Subtotal,24438510,fir_zip_2003_2008.zip:2008/2008-EA-Equalized Assessment.xlsx#Schedule EA
2008,cochrane,0070,COCHRANE,EA,08270,Mach & Equip Subtotal,6545100,fir_zip_2003_2008.zip:2008/2008-EA-Equalized Assessment.xlsx#Schedule EA
2008,cochrane,0070,COCHRANE,EA,08275,Non Residential Subtotal,247583656,fir_zip_2003_2008.zip:2008/2008-EA-Equalized Assessment.xlsx#Schedule EA
2008,cochrane,0070,COCHRANE,EA,08280,Residential Subtotal,1609782924,fir_zip_2003_2008.zip:2008/2008-EA-Equalized Assessment.xlsx#Schedule EA
2008,cochrane,0070,COCHRANE,EA,08285,Farmland,723310,fir_zip_2003_2008.zip:2008/2008-EA-Equalized Assessment.xlsx#Schedule EA
2008,cochrane,0070,COCHRANE,EA,08290,Non Residential Railway,1186900,fir_zip_2003_2008.zip:2008/2008-EA-Equalized Assessment.xlsx#Schedule EA
2008,cochrane,0070,COCHRANE,EA,08295,NR Res. Co-generating M&E,,fir_zip_2003_2008.zip:2008/2008-EA-Equalized Assessment.xlsx#Schedule EA
2008,cochrane,0070,COCHRANE,POPL,POPL,Population,14653,fir_zip_2003_2008.zip:2008/2008-POPL-Population of Alberta.xlsx#Schedule POPL
2008,devon,0086,DEVON,D,01910,Provincial Government Unconditional Transfers,12987,fir_zip_2003_2008.zip:2008/2008-D-Total.xlsx#Schedule D
2008,devon,0086,DEVON,D,01920,Provincial Government Conditional Transfers,2488319,fir_zip_2003_2008.zip:2008/2008-D-Total.xlsx#Schedule D
2008,devon,0086,DEVON,EA,08260,GRAND TOTAL,543149104,fir_zip_2003_2008.zip:2008/2008-EA-Equalized Assessment.xlsx#Schedule EA
2008,devon,0086,DEVON,EA,08265,Linear Subtotal,15182760,fir_zip_2003_2008.zip:2008/2008-EA-Equalized Assessment.xlsx#Schedule EA
2008,devon,0086,DEVON,EA,08270,Mach & Equip Subtotal,380920,fir_zip_2003_2008.zip:2008/2008-EA-Equalized Assessment.xlsx#Schedule EA
2008,devon,0086,DEVON,EA,08275,Non Residential Subtotal,62824175,fir_zip_2003_2008.zip:2008/2008-EA-Equalized Assessment.xlsx#Schedule EA
2008,devon,0086,DEVON,EA,08280,Residential Subtotal,464538299,fir_zip_2003_2008.zip:2008/2008-EA-Equalized Assessment.xlsx#Schedule EA
2008,devon,0086,DEVON,EA,08285,Farmland,222950,fir_zip_2003_2008.zip:2008/2008-EA-Equalized Assessment.xlsx#Schedule EA
2008,devon,0086,DEVON,EA,08290,Non Residential Railway,,fir_zip_2003_2008.zip:2008/2008-EA-Equalized Assessment.xlsx#Schedule EA
2008,devon,0086,DEVON,EA,08295,NR Res. Co-generating M&E,,fir_zip_2003_2008.zip:2008/2008-EA-Equalized Assessment.xlsx#Schedule EA
2008,devon,0086,DEVON,POPL,POPL,Population,6361,fir_zip_2003_2008.zip:2008/2008-POPL-Population of Alberta.xlsx#Schedule POPL
2008,edmonton,0098,EDMONTON,D,01910,Provincial Government Unconditional Transfers,3484000,fir_zip_2003_2008.zip:2008/2008-D-Total.xlsx#Schedule D
2008,edmonton,0098,EDMONTON,D,01920,Provincial Government Conditional Transfers,477976000,fir_zip_2003_2008.zip:2008/2008-D-Total.xlsx#Schedule D
2008,edmonton,0098,EDMONTON,EA,08260,GRAND TOTAL,81992984481,fir_zip_2003_2008.zip:2008/2008-EA-Equalized Assessment.xlsx#Schedule EA
2008,edmonton,0098,EDMONTON,EA,08265,Linear Subtotal,1384351530,fir_zip_2003_2008.zip:2008/2008-EA-Equalized Assessment.xlsx#Schedule EA
2008,edmonton,0098,EDMONTON,EA,08270,Mach & Equip Subtotal,889827697,fir_zip_2003_2008.zip:2008/2008-EA-Equalized Assessment.xlsx#Schedule EA
2008,edmonton,0098,EDMONTON,EA,08275,Non Residential Subtotal,17279395111,fir_zip_2003_2008.zip:2008/2008-EA-Equalized Assessment.xlsx#Schedule EA
2008,edmonton,0098,EDMONTON,EA,08280,Residential Subtotal,62395584896,fir_zip_2003_2008.zip:2008/2008-EA-Equalized Assessment.xlsx#Schedule EA
2008,edmonton,0098,EDMONTON,EA,08285,Farmland,33050229,fir_zip_2003_2008.zip:2008/2008-EA-Equalized Assessment.xlsx#Schedule EA
2008,edmonton,0098,EDMONTON,EA,08290,Non Residential Railway,10096018,fir_zip_2003_2008.zip:2008/2008-EA-Equalized Assessment.xlsx#Schedule EA
2008,edmonton,0098,EDMONTON,EA,08295,NR Res. Co-generating M&E,679000,fir_zip_2003_2008.zip:2008/2008-EA-Equalized Assessment.xlsx#Schedule EA
2008,edmonton,0098,EDMONTON,POPL,POPL,Population,752412,fir_zip_2003_2008.zip:2008/2008-POPL-Population of Alberta.xlsx#Schedule POPL
2008,foothills,0111,"FOOTHILLS NO. 31, M.D. OF",D,01910,Provincial Government Unconditional Transfers,37608,fir_zip_2003_2008.zip:2008/2008-D-Total.xlsx#Schedule D
2008,foothills,0111,"FOOTHILLS NO. 31, M.D. OF",D,01920,Provincial Government Conditional Transfers,12100396,fir_zip_2003_2008.zip:2008/2008-D-Total.xlsx#Schedule D
2008,foothills,0111,"FOOTHILLS NO. 31, M.D. OF",EA,08260,GRAND TOTAL,4782511100,fir_zip_2003_2008.zip:2008/2008-EA-Equalized Assessment.xlsx#Schedule EA
2008,foothills,0111,"FOOTHILLS NO. 31, M.D. OF",EA,08265,Linear Subtotal,431232190,fir_zip_2003_2008.zip:2008/2008-EA-Equalized Assessment.xlsx#Schedule EA
2008,foothills,0111,"FOOTHILLS NO. 31, M.D. OF",EA,08270,Mach & Equip Subtotal,216910920,fir_zip_2003_2008.zip:2008/2008-EA-Equalized Assessment.xlsx#Schedule EA
2008,foothills,0111,"FOOTHILLS NO. 31, M.D. OF",EA,08275,Non Residential Subtotal,228742996,fir_zip_2003_2008.zip:2008/2008-EA-Equalized Assessment.xlsx#Schedule EA
2008,foothills,0111,"FOOTHILLS NO. 31, M.D. OF",EA,08280,Residential Subtotal,3764600244,fir_zip_2003_2008.zip:2008/2008-EA-Equalized Assessment.xlsx#Schedule EA
2008,foothills,0111,"FOOTHILLS NO. 31, M.D. OF",EA,08285,Farmland,140206940,fir_zip_2003_2008.zip:2008/2008-EA-Equalized Assessment.xlsx#Schedule EA
2008,foothills,0111,"FOOTHILLS NO. 31, M.D. OF",EA,08290,Non Residential Railway,817810,fir_zip_2003_2008.zip:2008/2008-EA-Equalized Assessment.xlsx#Schedule EA
2008,foothills,0111,"FOOTHILLS NO. 31, M.D. OF",EA,08295,NR Res. Co-generating M&E,,fir_zip_2003_2008.zip:2008/2008-EA-Equalized Assessment.xlsx#Schedule EA
2008,foothills,0111,"FOOTHILLS NO. 31, M.D. OF",POPL,POPL,Population,19736,fir_zip_2003_2008.zip:2008/2008-POPL-Population of Alberta.xlsx#Schedule POPL
2008,fort_saskatchewan,0117,FORT SASKATCHEWAN,D,01910,Provincial Government Unconditional Transfers,453578,fir_zip_2003_2008.zip:2008/2008-D-Total.xlsx#Schedule D
2008,fort_saskatchewan,0117,FORT SASKATCHEWAN,D,01920,Provincial Government Conditional Transfers,9704132,fir_zip_2003_2008.zip:2008/2008-D-Total.xlsx#Schedule D
2008,fort_saskatchewan,0117,FORT SASKATCHEWAN,EA,08260,GRAND TOTAL,3018854082,fir_zip_2003_2008.zip:2008/2008-EA-Equalized Assessment.xlsx#Schedule EA
2008,fort_saskatchewan,0117,FORT SASKATCHEWAN,EA,08265,Linear Subtotal,96528170,fir_zip_2003_2008.zip:2008/2008-EA-Equalized Assessment.xlsx#Schedule EA
2008,fort_saskatchewan,0117,FORT SASKATCHEWAN,EA,08270,Mach & Equip Subtotal,1074927320,fir_zip_2003_2008.zip:2008/2008-EA-Equalized Assessment.xlsx#Schedule EA
2008,fort_saskatchewan,0117,FORT SASKATCHEWAN,EA,08275,Non Residential Subtotal,455896310,fir_zip_2003_2008.zip:2008/2008-EA-Equalized Assessment.xlsx#Schedule EA
2008,fort_saskatchewan,0117,FORT SASKATCHEWAN,EA,08280,Residential Subtotal,1389304282,fir_zip_2003_2008.zip:2008/2008-EA-Equalized Assessment.xlsx#Schedule EA
2008,fort_saskatchewan,0117,FORT SASKATCHEWAN,EA,08285,Farmland,1378800,fir_zip_2003_2008.zip:2008/2008-EA-Equalized Assessment.xlsx#Schedule EA
2008,fort_saskatchewan,0117,FORT SASKATCHEWAN,EA,08290,Non Residential Railway,819200,fir_zip_2003_2008.zip:2008/2008-EA-Equalized Assessment.xlsx#Schedule EA
2008,fort_saskatchewan,0117,FORT SASKATCHEWAN,EA,08295,NR Res. Co-generating M&E,,fir_zip_2003_2008.zip:2008/2008-EA-Equalized Assessment.xlsx#Schedule EA
2008,fort_saskatchewan,0117,FORT SASKATCHEWAN,POPL,POPL,Population,16793,fir_zip_2003_2008.zip:2008/2008-POPL-Population of Alberta.xlsx#Schedule POPL
2008,high_river,0148,HIGH RIVER,D,01910,Provincial Government Unconditional Transfers,21128,fir_zip_2003_2008.zip:2008/2008-D-Total.xlsx#Schedule D
2008,high_river,0148,HIGH RIVER,D,01920,Provincial Government Conditional Transfers,6898245,fir_zip_2003_2008.zip:2008/2008-D-Total.xlsx#Schedule D
2008,high_river,0148,HIGH RIVER,EA,08260,GRAND TOTAL,1209836447,fir_zip_2003_2008.zip:2008/2008-EA-Equalized Assessment.xlsx#Schedule EA
2008,high_river,0148,HIGH RIVER,EA,08265,Linear Subtotal,14894610,fir_zip_2003_2008.zip:2008/2008-EA-Equalized Assessment.xlsx#Schedule EA
2008,high_river,0148,HIGH RIVER,EA,08270,Mach & Equip Subtotal,,fir_zip_2003_2008.zip:2008/2008-EA-Equalized Assessment.xlsx#Schedule EA
2008,high_river,0148,HIGH RIVER,EA,08275,Non Residential Subtotal,138960155,fir_zip_2003_2008.zip:2008/2008-EA-Equalized Assessment.xlsx#Schedule EA
2008,high_river,0148,HIGH RIVER,EA,08280,Residential Subtotal,1055731682,fir_zip_2003_2008.zip:2008/2008-EA-Equalized Assessment.xlsx#Schedule EA
2008,high_river,0148,HIGH RIVER,EA,08285,Farmland,232000,fir_zip_2003_2008.zip:2008/2008-EA-Equalized Assessment.xlsx#Schedule EA
2008,high_river,0148,HIGH RIVER,EA,08290,Non Residential Railway,18000,fir_zip_2003_2008.zip:2008/2008-EA-Equalized Assessment.xlsx#Schedule EA
2008,high_river,0148,HIGH RIVER,EA,08295,NR Res. Co-generating M&E,,fir_zip_2003_2008.zip:2008/2008-EA-Equalized Assessment.xlsx#Schedule EA
2008,high_river,0148,HIGH RIVER,POPL,POPL,Population,10716,fir_zip_2003_2008.zip:2008/2008-POPL-Population of Alberta.xlsx#Schedule POPL
2008,leduc_city,0200,LEDUC,D,01910,Provincial Government Unconditional Transfers,380805,fir_zip_2003_2008.zip:2008/2008-D-Total.xlsx#Schedule D
2008,leduc_city,0200,LEDUC,D,01920,Provincial Government Conditional Transfers,11490483,fir_zip_2003_2008.zip:2008/2008-D-Total.xlsx#Schedule D
2008,leduc_city,0200,LEDUC,EA,08260,GRAND TOTAL,1982824348,fir_zip_2003_2008.zip:2008/2008-EA-Equalized Assessment.xlsx#Schedule EA
2008,leduc_city,0200,LEDUC,EA,08265,Linear Subtotal,31260720,fir_zip_2003_2008.zip:2008/2008-EA-Equalized Assessment.xlsx#Schedule EA
2008,leduc_city,0200,LEDUC,EA,08270,Mach & Equip Subtotal,6514370,fir_zip_2003_2008.zip:2008/2008-EA-Equalized Assessment.xlsx#Schedule EA
2008,leduc_city,0200,LEDUC,EA,08275,Non Residential Subtotal,458347104,fir_zip_2003_2008.zip:2008/2008-EA-Equalized Assessment.xlsx#Schedule EA
2008,leduc_city,0200,LEDUC,EA,08280,Residential Subtotal,1481106414,fir_zip_2003_2008.zip:2008/2008-EA-Equalized Assessment.xlsx#Schedule EA
2008,leduc_city,0200,LEDUC,EA,08285,Farmland,5018570,fir_zip_2003_2008.zip:2008/2008-EA-Equalized Assessment.xlsx#Schedule EA
2008,leduc_city,0200,LEDUC,EA,08290,Non Residential Railway,577170,fir_zip_2003_2008.zip:2008/2008-EA-Equalized Assessment.xlsx#Schedule EA
2008,leduc_city,0200,LEDUC,EA,08295,NR Res. Co-generating M&E,,fir_zip_2003_2008.zip:2008/2008-EA-Equalized Assessment.xlsx#Schedule EA
2008,leduc_city,0200,LEDUC,POPL,POPL,Population,20529,fir_zip_2003_2008.zip:2008/2008-POPL-Population of Alberta.xlsx#Schedule POPL
2008,leduc_county,0201,LEDUC COUNTY,D,01910,Provincial Government Unconditional Transfers,82647,fir_zip_2003_2008.zip:2008/2008-D-Total.xlsx#Schedule D
2008,leduc_county,0201,LEDUC COUNTY,D,01920,Provincial Government Conditional Transfers,8454342,fir_zip_2003_2008.zip:2008/2008-D-Total.xlsx#Schedule D
2008,leduc_county,0201,LEDUC COUNTY,EA,08260,GRAND TOTAL,3953349048,fir_zip_2003_2008.zip:2008/2008-EA-Equalized Assessment.xlsx#Schedule EA
2008,leduc_county,0201,LEDUC COUNTY,EA,08265,Linear Subtotal,1172127590,fir_zip_2003_2008.zip:2008/2008-EA-Equalized Assessment.xlsx#Schedule EA
2008,leduc_county,0201,LEDUC COUNTY,EA,08270,Mach & Equip Subtotal,109085890,fir_zip_2003_2008.zip:2008/2008-EA-Equalized Assessment.xlsx#Schedule EA
2008,leduc_county,0201,LEDUC COUNTY,EA,08275,Non Residential Subtotal,1366833249,fir_zip_2003_2008.zip:2008/2008-EA-Equalized Assessment.xlsx#Schedule EA
2008,leduc_county,0201,LEDUC COUNTY,EA,08280,Residential Subtotal,1209570929,fir_zip_2003_2008.zip:2008/2008-EA-Equalized Assessment.xlsx#Schedule EA
2008,leduc_county,0201,LEDUC COUNTY,EA,08285,Farmland,93333040,fir_zip_2003_2008.zip:2008/2008-EA-Equalized Assessment.xlsx#Schedule EA
2008,leduc_county,0201,LEDUC COUNTY,EA,08290,Non Residential Railway,2398350,fir_zip_2003_2008.zip:2008/2008-EA-Equalized Assessment.xlsx#Schedule EA
2008,leduc_county,0201,LEDUC COUNTY,EA,08295,NR Res. Co-generating M&E,,fir_zip_2003_2008.zip:2008/2008-EA-Equalized Assessment.xlsx#Schedule EA
2008,leduc_county,0201,LEDUC COUNTY,POPL,POPL,Population,12730,fir_zip_2003_2008.zip:2008/2008-POPL-Population of Alberta.xlsx#Schedule POPL
2008,morinville,0224,MORINVILLE,D,01910,Provincial Government Unconditional Transfers,19922,fir_zip_2003_2008.zip:2008/2008-D-Total.xlsx#Schedule D
2008,morinville,0224,MORINVILLE,D,01920,Provincial Government Conditional Transfers,5624257,fir_zip_2003_2008.zip:2008/2008-D-Total.xlsx#Schedule D
2008,morinville,0224,MORINVILLE,EA,08260,GRAND TOTAL,500854113,fir_zip_2003_2008.zip:2008/2008-EA-Equalized Assessment.xlsx#Schedule EA
2008,morinville,0224,MORINVILLE,EA,08265,Linear Subtotal,10503480,fir_zip_2003_2008.zip:2008/2008-EA-Equalized Assessment.xlsx#Schedule EA
2008,morinville,0224,MORINVILLE,EA,08270,Mach & Equip Subtotal,1928190,fir_zip_2003_2008.zip:2008/2008-EA-Equalized Assessment.xlsx#Schedule EA
2008,morinville,0224,MORINVILLE,EA,08275,Non Residential Subtotal,53132259,fir_zip_2003_2008.zip:2008/2008-EA-Equalized Assessment.xlsx#Schedule EA
2008,morinville,0224,MORINVILLE,EA,08280,Residential Subtotal,434914484,fir_zip_2003_2008.zip:2008/2008-EA-Equalized Assessment.xlsx#Schedule EA
2008,morinville,0224,MORINVILLE,EA,08285,Farmland,307010,fir_zip_2003_2008.zip:2008/2008-EA-Equalized Assessment.xlsx#Schedule EA
2008,morinville,0224,MORINVILLE,EA,08290,Non Residential Railway,68690,fir_zip_2003_2008.zip:2008/2008-EA-Equalized Assessment.xlsx#Schedule EA
2008,morinville,0224,MORINVILLE,EA,08295,NR Res. Co-generating M&E,,fir_zip_2003_2008.zip:2008/2008-EA-Equalized Assessment.xlsx#Schedule EA
2008,morinville,0224,MORINVILLE,POPL,POPL,Population,7228,fir_zip_2003_2008.zip:2008/2008-POPL-Population of Alberta.xlsx#Schedule POPL
2008,okotoks,0238,OKOTOKS,D,01910,Provincial Government Unconditional Transfers,23641,fir_zip_2003_2008.zip:2008/2008-D-Total.xlsx#Schedule D
2008,okotoks,0238,OKOTOKS,D,01920,Provincial Government Conditional Transfers,6941708,fir_zip_2003_2008.zip:2008/2008-D-Total.xlsx#Schedule D
2008,okotoks,0238,OKOTOKS,EA,08260,GRAND TOTAL,2267992244,fir_zip_2003_2008.zip:2008/2008-EA-Equalized Assessment.xlsx#Schedule EA
2008,okotoks,0238,OKOTOKS,EA,08265,Linear Subtotal,20854320,fir_zip_2003_2008.zip:2008/2008-EA-Equalized Assessment.xlsx#Schedule EA
2008,okotoks,0238,OKOTOKS,EA,08270,Mach & Equip Subtotal,149200,fir_zip_2003_2008.zip:2008/2008-EA-Equalized Assessment.xlsx#Schedule EA
2008,okotoks,0238,OKOTOKS,EA,08275,Non Residential Subtotal,297267476,fir_zip_2003_2008.zip:2008/2008-EA-Equalized Assessment.xlsx#Schedule EA
2008,okotoks,0238,OKOTOKS,EA,08280,Residential Subtotal,1949441948,fir_zip_2003_2008.zip:2008/2008-EA-Equalized Assessment.xlsx#Schedule EA
2008,okotoks,0238,OKOTOKS,EA,08285,Farmland,212200,fir_zip_2003_2008.zip:2008/2008-EA-Equalized Assessment.xlsx#Schedule EA
2008,okotoks,0238,OKOTOKS,EA,08290,Non Residential Railway,67100,fir_zip_2003_2008.zip:2008/2008-EA-Equalized Assessment.xlsx#Schedule EA
2008,okotoks,0238,OKOTOKS,EA,08295,NR Res. Co-generating M&E,,fir_zip_2003_2008.zip:2008/2008-EA-Equalized Assessment.xlsx#Schedule EA
2008,okotoks,0238,OKOTOKS,POPL,POPL,Population,19996,fir_zip_2003_2008.zip:2008/2008-POPL-Population of Alberta.xlsx#Schedule POPL
2008,parkland,0245,PARKLAND COUNTY,D,01910,Provincial Government Unconditional Transfers,73461,fir_zip_2003_2008.zip:2008/2008-D-Total.xlsx#Schedule D
2008,parkland,0245,PARKLAND COUNTY,D,01920,Provincial Government Conditional Transfers,4745480,fir_zip_2003_2008.zip:2008/2008-D-Total.xlsx#Schedule D
2008,parkland,0245,PARKLAND COUNTY,EA,08260,GRAND TOTAL,4619440642,fir_zip_2003_2008.zip:2008/2008-EA-Equalized Assessment.xlsx#Schedule EA
2008,parkland,0245,PARKLAND COUNTY,EA,08265,Linear Subtotal,871775050,fir_zip_2003_2008.zip:2008/2008-EA-Equalized Assessment.xlsx#Schedule EA
2008,parkland,0245,PARKLAND COUNTY,EA,08270,Mach & Equip Subtotal,146382150,fir_zip_2003_2008.zip:2008/2008-EA-Equalized Assessment.xlsx#Schedule EA
2008,parkland,0245,PARKLAND COUNTY,EA,08275,Non Residential Subtotal,443857768,fir_zip_2003_2008.zip:2008/2008-EA-Equalized Assessment.xlsx#Schedule EA
2008,parkland,0245,PARKLAND COUNTY,EA,08280,Residential Subtotal,3100205424,fir_zip_2003_2008.zip:2008/2008-EA-Equalized Assessment.xlsx#Schedule EA
2008,parkland,0245,PARKLAND COUNTY,EA,08285,Farmland,44662800,fir_zip_2003_2008.zip:2008/2008-EA-Equalized Assessment.xlsx#Schedule EA
2008,parkland,0245,PARKLAND COUNTY,EA,08290,Non Residential Railway,12557450,fir_zip_2003_2008.zip:2008/2008-EA-Equalized Assessment.xlsx#Schedule EA
2008,parkland,0245,PARKLAND COUNTY,EA,08295,NR Res. Co-generating M&E,,fir_zip_2003_2008.zip:2008/2008-EA-Equalized Assessment.xlsx#Schedule EA
2008,parkland,0245,PARKLAND COUNTY,POPL,POPL,Population,29679,fir_zip_2003_2008.zip:2008/2008-POPL-Population of Alberta.xlsx#Schedule POPL
2008,rocky_view,0269,ROCKY VIEW COUNTY,D,01910,Provincial Government Unconditional Transfers,63494,fir_zip_2003_2008.zip:2008/2008-D-Total.xlsx#Schedule D
2008,rocky_view,0269,ROCKY VIEW COUNTY,D,01920,Provincial Government Conditional Transfers,17637336,fir_zip_2003_2008.zip:2008/2008-D-Total.xlsx#Schedule D
2008,rocky_view,0269,ROCKY VIEW COUNTY,EA,08260,GRAND TOTAL,9908683618,fir_zip_2003_2008.zip:2008/2008-EA-Equalized Assessment.xlsx#Schedule EA
2008,rocky_view,0269,ROCKY VIEW COUNTY,EA,08265,Linear Subtotal,771544210,fir_zip_2003_2008.zip:2008/2008-EA-Equalized Assessment.xlsx#Schedule EA
2008,rocky_view,0269,ROCKY VIEW COUNTY,EA,08270,Mach & Equip Subtotal,488654900,fir_zip_2003_2008.zip:2008/2008-EA-Equalized Assessment.xlsx#Schedule EA
2008,rocky_view,0269,ROCKY VIEW COUNTY,EA,08275,Non Residential Subtotal,610720121,fir_zip_2003_2008.zip:2008/2008-EA-Equalized Assessment.xlsx#Schedule EA
2008,rocky_view,0269,ROCKY VIEW COUNTY,EA,08280,Residential Subtotal,7866757007,fir_zip_2003_2008.zip:2008/2008-EA-Equalized Assessment.xlsx#Schedule EA
2008,rocky_view,0269,ROCKY VIEW COUNTY,EA,08285,Farmland,158060700,fir_zip_2003_2008.zip:2008/2008-EA-Equalized Assessment.xlsx#Schedule EA
2008,rocky_view,0269,ROCKY VIEW COUNTY,EA,08290,Non Residential Railway,12946680,fir_zip_2003_2008.zip:2008/2008-EA-Equalized Assessment.xlsx#Schedule EA
2008,rocky_view,0269,ROCKY VIEW COUNTY,EA,08295,NR Res. Co-generating M&E,,fir_zip_2003_2008.zip:2008/2008-EA-Equalized Assessment.xlsx#Schedule EA
2008,rocky_view,0269,ROCKY VIEW COUNTY,POPL,POPL,Population,34597,fir_zip_2003_2008.zip:2008/2008-POPL-Population of Alberta.xlsx#Schedule POPL
2008,spruce_grove,0291,SPRUCE GROVE,D,01910,Provincial Government Unconditional Transfers,135546,fir_zip_2003_2008.zip:2008/2008-D-Total.xlsx#Schedule D
2008,spruce_grove,0291,SPRUCE GROVE,D,01920,Provincial Government Conditional Transfers,15504511,fir_zip_2003_2008.zip:2008/2008-D-Total.xlsx#Schedule D
2008,spruce_grove,0291,SPRUCE GROVE,EA,08260,GRAND TOTAL,1968765188,fir_zip_2003_2008.zip:2008/2008-EA-Equalized Assessment.xlsx#Schedule EA
2008,spruce_grove,0291,SPRUCE GROVE,EA,08265,Linear Subtotal,29596650,fir_zip_2003_2008.zip:2008/2008-EA-Equalized Assessment.xlsx#Schedule EA
2008,spruce_grove,0291,SPRUCE GROVE,EA,08270,Mach & Equip Subtotal,,fir_zip_2003_2008.zip:2008/2008-EA-Equalized Assessment.xlsx#Schedule EA
2008,spruce_grove,0291,SPRUCE GROVE,EA,08275,Non Residential Subtotal,278313750,fir_zip_2003_2008.zip:2008/2008-EA-Equalized Assessment.xlsx#Schedule EA
2008,spruce_grove,0291,SPRUCE GROVE,EA,08280,Residential Subtotal,1659640998,fir_zip_2003_2008.zip:2008/2008-EA-Equalized Assessment.xlsx#Schedule EA
2008,spruce_grove,0291,SPRUCE GROVE,EA,08285,Farmland,618360,fir_zip_2003_2008.zip:2008/2008-EA-Equalized Assessment.xlsx#Schedule EA
2008,spruce_grove,0291,SPRUCE GROVE,EA,08290,Non Residential Railway,595430,fir_zip_2003_2008.zip:2008/2008-EA-Equalized Assessment.xlsx#Schedule EA
2008,spruce_grove,0291,SPRUCE GROVE,EA,08295,NR Res. Co-generating M&E,,fir_zip_2003_2008.zip:2008/2008-EA-Equalized Assessment.xlsx#Schedule EA
2008,spruce_grove,0291,SPRUCE GROVE,POPL,POPL,Population,19496,fir_zip_2003_2008.zip:2008/2008-POPL-Population of Alberta.xlsx#Schedule POPL
2008,st_albert,0292,ST. ALBERT,D,01910,Provincial Government Unconditional Transfers,622600,fir_zip_2003_2008.zip:2008/2008-D-Total.xlsx#Schedule D
2008,st_albert,0292,ST. ALBERT,D,01920,Provincial Government Conditional Transfers,18350631,fir_zip_2003_2008.zip:2008/2008-D-Total.xlsx#Schedule D
2008,st_albert,0292,ST. ALBERT,EA,08260,GRAND TOTAL,6439534387,fir_zip_2003_2008.zip:2008/2008-EA-Equalized Assessment.xlsx#Schedule EA
2008,st_albert,0292,ST. ALBERT,EA,08265,Linear Subtotal,77059270,fir_zip_2003_2008.zip:2008/2008-EA-Equalized Assessment.xlsx#Schedule EA
2008,st_albert,0292,ST. ALBERT,EA,08270,Mach & Equip Subtotal,12262500,fir_zip_2003_2008.zip:2008/2008-EA-Equalized Assessment.xlsx#Schedule EA
2008,st_albert,0292,ST. ALBERT,EA,08275,Non Residential Subtotal,594665968,fir_zip_2003_2008.zip:2008/2008-EA-Equalized Assessment.xlsx#Schedule EA
2008,st_albert,0292,ST. ALBERT,EA,08280,Residential Subtotal,5753093379,fir_zip_2003_2008.zip:2008/2008-EA-Equalized Assessment.xlsx#Schedule EA
2008,st_albert,0292,ST. ALBERT,EA,08285,Farmland,2335470,fir_zip_2003_2008.zip:2008/2008-EA-Equalized Assessment.xlsx#Schedule EA
2008,st_albert,0292,ST. ALBERT,EA,08290,Non Residential Railway,117800,fir_zip_2003_2008.zip:2008/2008-EA-Equalized Assessment.xlsx#Schedule EA
2008,st_albert,0292,ST. ALBERT,EA,08295,NR Res. Co-generating M&E,,fir_zip_2003_2008.zip:2008/2008-EA-Equalized Assessment.xlsx#Schedule EA
2008,st_albert,0292,ST. ALBERT,POPL,POPL,Population,58501,fir_zip_2003_2008.zip:2008/2008-POPL-Population of Alberta.xlsx#Schedule POPL
2008,stony_plain,0301,STONY PLAIN,D,01910,Provincial Government Unconditional Transfers,23641,fir_zip_2003_2008.zip:2008/2008-D-Total.xlsx#Schedule D
2008,stony_plain,0301,STONY PLAIN,D,01920,Provincial Government Conditional Transfers,5085955,fir_zip_2003_2008.zip:2008/2008-D-Total.xlsx#Schedule D
2008,stony_plain,0301,STONY PLAIN,EA,08260,GRAND TOTAL,1179585078,fir_zip_2003_2008.zip:2008/2008-EA-Equalized Assessment.xlsx#Schedule EA
2008,stony_plain,0301,STONY PLAIN,EA,08265,Linear Subtotal,22130720,fir_zip_2003_2008.zip:2008/2008-EA-Equalized Assessment.xlsx#Schedule EA
2008,stony_plain,0301,STONY PLAIN,EA,08270,Mach & Equip Subtotal,575320,fir_zip_2003_2008.zip:2008/2008-EA-Equalized Assessment.xlsx#Schedule EA
2008,stony_plain,0301,STONY PLAIN,EA,08275,Non Residential Subtotal,126310745,fir_zip_2003_2008.zip:2008/2008-EA-Equalized Assessment.xlsx#Schedule EA
2008,stony_plain,0301,STONY PLAIN,EA,08280,Residential Subtotal,1027937673,fir_zip_2003_2008.zip:2008/2008-EA-Equalized Assessment.xlsx#Schedule EA
2008,stony_plain,0301,STONY PLAIN,EA,08285,Farmland,1138990,fir_zip_2003_2008.zip:2008/2008-EA-Equalized Assessment.xlsx#Schedule EA
2008,stony_plain,0301,STONY PLAIN,EA,08290,Non Residential Railway,1491630,fir_zip_2003_2008.zip:2008/2008-EA-Equalized Assessment.xlsx#Schedule EA
2008,stony_plain,0301,STONY PLAIN,EA,08295,NR Res. Co-generating M&E,,fir_zip_2003_2008.zip:2008/2008-EA-Equalized Assessment.xlsx#Schedule EA
2008,stony_plain,0301,STONY PLAIN,POPL,POPL,Population,12363,fir_zip_2003_2008.zip:2008/2008-POPL-Population of Alberta.xlsx#Schedule POPL
2008,strathcona,0302,STRATHCONA COUNTY,D,01910,Provincial Government Unconditional Transfers,634101,fir_zip_2003_2008.zip:2008/2008-D-Total.xlsx#Schedule D
2008,strathcona,0302,STRATHCONA COUNTY,D,01920,Provincial Government Conditional Transfers,45284167,fir_zip_2003_2008.zip:2008/2008-D-Total.xlsx#Schedule D
2008,strathcona,0302,STRATHCONA COUNTY,EA,08260,GRAND TOTAL,17049129978,fir_zip_2003_2008.zip:2008/2008-EA-Equalized Assessment.xlsx#Schedule EA
2008,strathcona,0302,STRATHCONA COUNTY,EA,08265,Linear Subtotal,543455050,fir_zip_2003_2008.zip:2008/2008-EA-Equalized Assessment.xlsx#Schedule EA
2008,strathcona,0302,STRATHCONA COUNTY,EA,08270,Mach & Equip Subtotal,4962287000,fir_zip_2003_2008.zip:2008/2008-EA-Equalized Assessment.xlsx#Schedule EA
2008,strathcona,0302,STRATHCONA COUNTY,EA,08275,Non Residential Subtotal,1706923918,fir_zip_2003_2008.zip:2008/2008-EA-Equalized Assessment.xlsx#Schedule EA
2008,strathcona,0302,STRATHCONA COUNTY,EA,08280,Residential Subtotal,9795414075,fir_zip_2003_2008.zip:2008/2008-EA-Equalized Assessment.xlsx#Schedule EA
2008,strathcona,0302,STRATHCONA COUNTY,EA,08285,Farmland,34658935,fir_zip_2003_2008.zip:2008/2008-EA-Equalized Assessment.xlsx#Schedule EA
2008,strathcona,0302,STRATHCONA COUNTY,EA,08290,Non Residential Railway,6391000,fir_zip_2003_2008.zip:2008/2008-EA-Equalized Assessment.xlsx#Schedule EA
2008,strathcona,0302,STRATHCONA COUNTY,EA,08295,NR Res. Co-generating M&E,,fir_zip_2003_2008.zip:2008/2008-EA-Equalized Assessment.xlsx#Schedule EA
2008,strathcona,0302,STRATHCONA COUNTY,POPL,POPL,Population,85521,fir_zip_2003_2008.zip:2008/2008-POPL-Population of Alberta.xlsx#Schedule POPL
2008,sturgeon,0305,STURGEON COUNTY,D,01910,Provincial Government Unconditional Transfers,49473,fir_zip_2003_2008.zip:2008/2008-D-Total.xlsx#Schedule D
2008,sturgeon,0305,STURGEON COUNTY,D,01920,Provincial Government Conditional Transfers,7473102,fir_zip_2003_2008.zip:2008/2008-D-Total.xlsx#Schedule D
2008,sturgeon,0305,STURGEON COUNTY,EA,08260,GRAND TOTAL,3086836399,fir_zip_2003_2008.zip:2008/2008-EA-Equalized Assessment.xlsx#Schedule EA
2008,sturgeon,0305,STURGEON COUNTY,EA,08265,Linear Subtotal,350601090,fir_zip_2003_2008.zip:2008/2008-EA-Equalized Assessment.xlsx#Schedule EA
2008,sturgeon,0305,STURGEON COUNTY,EA,08270,Mach & Equip Subtotal,579115530,fir_zip_2003_2008.zip:2008/2008-EA-Equalized Assessment.xlsx#Schedule EA
2008,sturgeon,0305,STURGEON COUNTY,EA,08275,Non Residential Subtotal,456880386,fir_zip_2003_2008.zip:2008/2008-EA-Equalized Assessment.xlsx#Schedule EA
2008,sturgeon,0305,STURGEON COUNTY,EA,08280,Residential Subtotal,1616301170,fir_zip_2003_2008.zip:2008/2008-EA-Equalized Assessment.xlsx#Schedule EA
2008,sturgeon,0305,STURGEON COUNTY,EA,08285,Farmland,80968313,fir_zip_2003_2008.zip:2008/2008-EA-Equalized Assessment.xlsx#Schedule EA
2008,sturgeon,0305,STURGEON COUNTY,EA,08290,Non Residential Railway,2969910,fir_zip_2003_2008.zip:2008/2008-EA-Equalized Assessment.xlsx#Schedule EA
2008,sturgeon,0305,STURGEON COUNTY,EA,08295,NR Res. Co-generating M&E,,fir_zip_2003_2008.zip:2008/2008-EA-Equalized Assessment.xlsx#Schedule EA
2008,sturgeon,0305,STURGEON COUNTY,POPL,POPL,Population,19165,fir_zip_2003_2008.zip:2008/2008-POPL-Population of Alberta.xlsx#Schedule POPL
2008,chestermere,0356,CHESTERMERE,D,01910,Provincial Government Unconditional Transfers,0,fir_zip_2003_2008.zip:2008/2008-D-Total.xlsx#Schedule D
2008,chestermere,0356,CHESTERMERE,D,01920,Provincial Government Conditional Transfers,7220762,fir_zip_2003_2008.zip:2008/2008-D-Total.xlsx#Schedule D
2008,chestermere,0356,CHESTERMERE,EA,08260,GRAND TOTAL,1506664361,fir_zip_2003_2008.zip:2008/2008-EA-Equalized Assessment.xlsx#Schedule EA
2008,chestermere,0356,CHESTERMERE,EA,08265,Linear Subtotal,11522700,fir_zip_2003_2008.zip:2008/2008-EA-Equalized Assessment.xlsx#Schedule EA
2008,chestermere,0356,CHESTERMERE,EA,08270,Mach & Equip Subtotal,22940,fir_zip_2003_2008.zip:2008/2008-EA-Equalized Assessment.xlsx#Schedule EA
2008,chestermere,0356,CHESTERMERE,EA,08275,Non Residential Subtotal,36218460,fir_zip_2003_2008.zip:2008/2008-EA-Equalized Assessment.xlsx#Schedule EA
2008,chestermere,0356,CHESTERMERE,EA,08280,Residential Subtotal,1458777351,fir_zip_2003_2008.zip:2008/2008-EA-Equalized Assessment.xlsx#Schedule EA
2008,chestermere,0356,CHESTERMERE,EA,08285,Farmland,122910,fir_zip_2003_2008.zip:2008/2008-EA-Equalized Assessment.xlsx#Schedule EA
2008,chestermere,0356,CHESTERMERE,EA,08290,Non Residential Railway,,fir_zip_2003_2008.zip:2008/2008-EA-Equalized Assessment.xlsx#Schedule EA
2008,chestermere,0356,CHESTERMERE,EA,08295,NR Res. Co-generating M&E,,fir_zip_2003_2008.zip:2008/2008-EA-Equalized Assessment.xlsx#Schedule EA
2008,chestermere,0356,CHESTERMERE,POPL,POPL,Population,12589,fir_zip_2003_2008.zip:2008/2008-POPL-Population of Alberta.xlsx#Schedule POPL
2009,airdrie,0003,AIRDRIE,D,01910,Provincial Government Unconditional Transfers,868915,fir_zip_2009_2016.zip:2009_Financial_Year.xlsx#D(1)-Total
2009,airdrie,0003,AIRDRIE,D,01920,Provincial Government Conditional Transfers,17394653,fir_zip_2009_2016.zip:2009_Financial_Year.xlsx#D(1)-Total
2009,airdrie,0003,AIRDRIE,EA,08260,GRAND TOTAL,5659687645,fir_zip_2009_2016.zip:2009_Financial_Year.xlsx#EA(1)-Assessment
2009,airdrie,0003,AIRDRIE,EA,08265,Linear Subtotal,43076090,fir_zip_2009_2016.zip:2009_Financial_Year.xlsx#EA(1)-Assessment
2009,airdrie,0003,AIRDRIE,EA,08270,Mach & Equip Subtotal,4561700,fir_zip_2009_2016.zip:2009_Financial_Year.xlsx#EA(1)-Assessment
2009,airdrie,0003,AIRDRIE,EA,08275,Non Residential Subtotal,725072709,fir_zip_2009_2016.zip:2009_Financial_Year.xlsx#EA(1)-Assessment
2009,airdrie,0003,AIRDRIE,EA,08280,Residential Subtotal,4885563246,fir_zip_2009_2016.zip:2009_Financial_Year.xlsx#EA(1)-Assessment
2009,airdrie,0003,AIRDRIE,EA,08285,Farmland,880000,fir_zip_2009_2016.zip:2009_Financial_Year.xlsx#EA(1)-Assessment
2009,airdrie,0003,AIRDRIE,EA,08290,Non Residential Railway,533900,fir_zip_2009_2016.zip:2009_Financial_Year.xlsx#EA(1)-Assessment
2009,airdrie,0003,AIRDRIE,EA,08295,NR Res. Co-generating M&E,,fir_zip_2009_2016.zip:2009_Financial_Year.xlsx#EA(1)-Assessment
2009,airdrie,0003,AIRDRIE,POPL,POPL,Population,38091,fir_zip_2009_2016.zip:2009_Financial_Year.xlsx#POPL(1)-Population
2009,beaumont,0019,BEAUMONT,D,01910,Provincial Government Unconditional Transfers,55822,fir_zip_2009_2016.zip:2009_Financial_Year.xlsx#D(1)-Total
2009,beaumont,0019,BEAUMONT,D,01920,Provincial Government Conditional Transfers,7831493,fir_zip_2009_2016.zip:2009_Financial_Year.xlsx#D(1)-Total
2009,beaumont,0019,BEAUMONT,EA,08260,GRAND TOTAL,1745204613,fir_zip_2009_2016.zip:2009_Financial_Year.xlsx#EA(1)-Assessment
2009,beaumont,0019,BEAUMONT,EA,08265,Linear Subtotal,11116530,fir_zip_2009_2016.zip:2009_Financial_Year.xlsx#EA(1)-Assessment
2009,beaumont,0019,BEAUMONT,EA,08270,Mach & Equip Subtotal,48420,fir_zip_2009_2016.zip:2009_Financial_Year.xlsx#EA(1)-Assessment
2009,beaumont,0019,BEAUMONT,EA,08275,Non Residential Subtotal,56107557,fir_zip_2009_2016.zip:2009_Financial_Year.xlsx#EA(1)-Assessment
2009,beaumont,0019,BEAUMONT,EA,08280,Residential Subtotal,1677725046,fir_zip_2009_2016.zip:2009_Financial_Year.xlsx#EA(1)-Assessment
2009,beaumont,0019,BEAUMONT,EA,08285,Farmland,207060,fir_zip_2009_2016.zip:2009_Financial_Year.xlsx#EA(1)-Assessment
2009,beaumont,0019,BEAUMONT,EA,08290,Non Residential Railway,,fir_zip_2009_2016.zip:2009_Financial_Year.xlsx#EA(1)-Assessment
2009,beaumont,0019,BEAUMONT,EA,08295,NR Res. Co-generating M&E,,fir_zip_2009_2016.zip:2009_Financial_Year.xlsx#EA(1)-Assessment
2009,beaumont,0019,BEAUMONT,POPL,POPL,Population,11794,fir_zip_2009_2016.zip:2009_Financial_Year.xlsx#POPL(1)-Population
2009,calgary,0046,CALGARY,D,01910,Provincial Government Unconditional Transfers,1423000,fir_zip_2009_2016.zip:2009_Financial_Year.xlsx#D(1)-Total
2009,calgary,0046,CALGARY,D,01920,Provincial Government Conditional Transfers,486399000,fir_zip_2009_2016.zip:2009_Financial_Year.xlsx#D(1)-Total
2009,calgary,0046,CALGARY,EA,08260,GRAND TOTAL,222664712640,fir_zip_2009_2016.zip:2009_Financial_Year.xlsx#EA(1)-Assessment
2009,calgary,0046,CALGARY,EA,08265,Linear Subtotal,1868625050,fir_zip_2009_2016.zip:2009_Financial_Year.xlsx#EA(1)-Assessment
2009,calgary,0046,CALGARY,EA,08270,Mach & Equip Subtotal,245338930,fir_zip_2009_2016.zip:2009_Financial_Year.xlsx#EA(1)-Assessment
2009,calgary,0046,CALGARY,EA,08275,Non Residential Subtotal,49300854138,fir_zip_2009_2016.zip:2009_Financial_Year.xlsx#EA(1)-Assessment
2009,calgary,0046,CALGARY,EA,08280,Residential Subtotal,171029946210,fir_zip_2009_2016.zip:2009_Financial_Year.xlsx#EA(1)-Assessment
2009,calgary,0046,CALGARY,EA,08285,Farmland,15166192,fir_zip_2009_2016.zip:2009_Financial_Year.xlsx#EA(1)-Assessment
2009,calgary,0046,CALGARY,EA,08290,Non Residential Railway,204782120,fir_zip_2009_2016.zip:2009_Financial_Year.xlsx#EA(1)-Assessment
2009,calgary,0046,CALGARY,EA,08295,NR Res. Co-generating M&E,,fir_zip_2009_2016.zip:2009_Financial_Year.xlsx#EA(1)-Assessment
2009,calgary,0046,CALGARY,POPL,POPL,Population,1065455,fir_zip_2009_2016.zip:2009_Financial_Year.xlsx#POPL(1)-Population
2009,cochrane,0070,COCHRANE,D,01910,Provincial Government Unconditional Transfers,18785,fir_zip_2009_2016.zip:2009_Financial_Year.xlsx#D(1)-Total
2009,cochrane,0070,COCHRANE,D,01920,Provincial Government Conditional Transfers,12967920,fir_zip_2009_2016.zip:2009_Financial_Year.xlsx#D(1)-Total
2009,cochrane,0070,COCHRANE,EA,08260,GRAND TOTAL,2756332858,fir_zip_2009_2016.zip:2009_Financial_Year.xlsx#EA(1)-Assessment
2009,cochrane,0070,COCHRANE,EA,08265,Linear Subtotal,26033060,fir_zip_2009_2016.zip:2009_Financial_Year.xlsx#EA(1)-Assessment
2009,cochrane,0070,COCHRANE,EA,08270,Mach & Equip Subtotal,5838400,fir_zip_2009_2016.zip:2009_Financial_Year.xlsx#EA(1)-Assessment
2009,cochrane,0070,COCHRANE,EA,08275,Non Residential Subtotal,292471127,fir_zip_2009_2016.zip:2009_Financial_Year.xlsx#EA(1)-Assessment
2009,cochrane,0070,COCHRANE,EA,08280,Residential Subtotal,2429701561,fir_zip_2009_2016.zip:2009_Financial_Year.xlsx#EA(1)-Assessment
2009,cochrane,0070,COCHRANE,EA,08285,Farmland,1101810,fir_zip_2009_2016.zip:2009_Financial_Year.xlsx#EA(1)-Assessment
2009,cochrane,0070,COCHRANE,EA,08290,Non Residential Railway,1186900,fir_zip_2009_2016.zip:2009_Financial_Year.xlsx#EA(1)-Assessment
2009,cochrane,0070,COCHRANE,EA,08295,NR Res. Co-generating M&E,,fir_zip_2009_2016.zip:2009_Financial_Year.xlsx#EA(1)-Assessment
2009,cochrane,0070,COCHRANE,POPL,POPL,Population,15424,fir_zip_2009_2016.zip:2009_Financial_Year.xlsx#POPL(1)-Population
2009,devon,0086,DEVON,D,01910,Provincial Government Unconditional Transfers,2407012,fir_zip_2009_2016.zip:2009_Financial_Year.xlsx#D(1)-Total
2009,devon,0086,DEVON,D,01920,Provincial Government Conditional Transfers,0,fir_zip_2009_2016.zip:2009_Financial_Year.xlsx#D(1)-Total
2009,devon,0086,DEVON,EA,08260,GRAND TOTAL,867457969,fir_zip_2009_2016.zip:2009_Financial_Year.xlsx#EA(1)-Assessment
2009,devon,0086,DEVON,EA,08265,Linear Subtotal,15565020,fir_zip_2009_2016.zip:2009_Financial_Year.xlsx#EA(1)-Assessment
2009,devon,0086,DEVON,EA,08270,Mach & Equip Subtotal,540890,fir_zip_2009_2016.zip:2009_Financial_Year.xlsx#EA(1)-Assessment
2009,devon,0086,DEVON,EA,08275,Non Residential Subtotal,78564622,fir_zip_2009_2016.zip:2009_Financial_Year.xlsx#EA(1)-Assessment
2009,devon,0086,DEVON,EA,08280,Residential Subtotal,772564487,fir_zip_2009_2016.zip:2009_Financial_Year.xlsx#EA(1)-Assessment
2009,devon,0086,DEVON,EA,08285,Farmland,222950,fir_zip_2009_2016.zip:2009_Financial_Year.xlsx#EA(1)-Assessment
2009,devon,0086,DEVON,EA,08290,Non Residential Railway,,fir_zip_2009_2016.zip:2009_Financial_Year.xlsx#EA(1)-Assessment
2009,devon,0086,DEVON,EA,08295,NR Res. Co-generating M&E,,fir_zip_2009_2016.zip:2009_Financial_Year.xlsx#EA(1)-Assessment
2009,devon,0086,DEVON,POPL,POPL,Population,6534,fir_zip_2009_2016.zip:2009_Financial_Year.xlsx#POPL(1)-Population
2009,edmonton,0098,EDMONTON,D,01910,Provincial Government Unconditional Transfers,71415000,fir_zip_2009_2016.zip:2009_Financial_Year.xlsx#D(1)-Total
2009,edmonton,0098,EDMONTON,D,01920,Provincial Government Conditional Transfers,455853000,fir_zip_2009_2016.zip:2009_Financial_Year.xlsx#D(1)-Total
2009,edmonton,0098,EDMONTON,EA,08260,GRAND TOTAL,132232885592,fir_zip_2009_2016.zip:2009_Financial_Year.xlsx#EA(1)-Assessment
2009,edmonton,0098,EDMONTON,EA,08265,Linear Subtotal,1397525570,fir_zip_2009_2016.zip:2009_Financial_Year.xlsx#EA(1)-Assessment
2009,edmonton,0098,EDMONTON,EA,08270,Mach & Equip Subtotal,922758214,fir_zip_2009_2016.zip:2009_Financial_Year.xlsx#EA(1)-Assessment
2009,edmonton,0098,EDMONTON,EA,08275,Non Residential Subtotal,24670964912,fir_zip_2009_2016.zip:2009_Financial_Year.xlsx#EA(1)-Assessment
2009,edmonton,0098,EDMONTON,EA,08280,Residential Subtotal,105200799496,fir_zip_2009_2016.zip:2009_Financial_Year.xlsx#EA(1)-Assessment
2009,edmonton,0098,EDMONTON,EA,08285,Farmland,30046253,fir_zip_2009_2016.zip:2009_Financial_Year.xlsx#EA(1)-Assessment
2009,edmonton,0098,EDMONTON,EA,08290,Non Residential Railway,10589147,fir_zip_2009_2016.zip:2009_Financial_Year.xlsx#EA(1)-Assessment
2009,edmonton,0098,EDMONTON,EA,08295,NR Res. Co-generating M&E,202000,fir_zip_2009_2016.zip:2009_Financial_Year.xlsx#EA(1)-Assessment
2009,edmonton,0098,EDMONTON,POPL,POPL,Population,782439,fir_zip_2009_2016.zip:2009_Financial_Year.xlsx#POPL(1)-Population
2009,foothills,0111,FOOTHILLS COUNTY,D,01910,Provincial Government Unconditional Transfers,1179695,fir_zip_2009_2016.zip:2009_Financial_Year.xlsx#D(1)-Total
2009,foothills,0111,FOOTHILLS COUNTY,D,01920,Provincial Government Conditional Transfers,9232776,fir_zip_2009_2016.zip:2009_Financial_Year.xlsx#D(1)-Total
2009,foothills,0111,FOOTHILLS COUNTY,EA,08260,GRAND TOTAL,6511423877,fir_zip_2009_2016.zip:2009_Financial_Year.xlsx#EA(1)-Assessment
2009,foothills,0111,FOOTHILLS COUNTY,EA,08265,Linear Subtotal,469768990,fir_zip_2009_2016.zip:2009_Financial_Year.xlsx#EA(1)-Assessment
2009,foothills,0111,FOOTHILLS COUNTY,EA,08270,Mach & Equip Subtotal,244342360,fir_zip_2009_2016.zip:2009_Financial_Year.xlsx#EA(1)-Assessment
2009,foothills,0111,FOOTHILLS COUNTY,EA,08275,Non Residential Subtotal,326084724,fir_zip_2009_2016.zip:2009_Financial_Year.xlsx#EA(1)-Assessment
2009,foothills,0111,FOOTHILLS COUNTY,EA,08280,Residential Subtotal,5330373370,fir_zip_2009_2016.zip:2009_Financial_Year.xlsx#EA(1)-Assessment
2009,foothills,0111,FOOTHILLS COUNTY,EA,08285,Farmland,139988463,fir_zip_2009_2016.zip:2009_Financial_Year.xlsx#EA(1)-Assessment
2009,foothills,0111,FOOTHILLS COUNTY,EA,08290,Non Residential Railway,865970,fir_zip_2009_2016.zip:2009_Financial_Year.xlsx#EA(1)-Assessment
2009,foothills,0111,FOOTHILLS COUNTY,EA,08295,NR Res. Co-generating M&E,,fir_zip_2009_2016.zip:2009_Financial_Year.xlsx#EA(1)-Assessment
2009,foothills,0111,FOOTHILLS COUNTY,POPL,POPL,Population,19736,fir_zip_2009_2016.zip:2009_Financial_Year.xlsx#POPL(1)-Population
2009,fort_saskatchewan,0117,FORT SASKATCHEWAN,D,01910,Provincial Government Unconditional Transfers,534096,fir_zip_2009_2016.zip:2009_Financial_Year.xlsx#D(1)-Total
2009,fort_saskatchewan,0117,FORT SASKATCHEWAN,D,01920,Provincial Government Conditional Transfers,12636308,fir_zip_2009_2016.zip:2009_Financial_Year.xlsx#D(1)-Total
2009,fort_saskatchewan,0117,FORT SASKATCHEWAN,EA,08260,GRAND TOTAL,4281255091,fir_zip_2009_2016.zip:2009_Financial_Year.xlsx#EA(1)-Assessment
2009,fort_saskatchewan,0117,FORT SASKATCHEWAN,EA,08265,Linear Subtotal,103798680,fir_zip_2009_2016.zip:2009_Financial_Year.xlsx#EA(1)-Assessment
2009,fort_saskatchewan,0117,FORT SASKATCHEWAN,EA,08270,Mach & Equip Subtotal,1183992910,fir_zip_2009_2016.zip:2009_Financial_Year.xlsx#EA(1)-Assessment
2009,fort_saskatchewan,0117,FORT SASKATCHEWAN,EA,08275,Non Residential Subtotal,547797099,fir_zip_2009_2016.zip:2009_Financial_Year.xlsx#EA(1)-Assessment
2009,fort_saskatchewan,0117,FORT SASKATCHEWAN,EA,08280,Residential Subtotal,2443466192,fir_zip_2009_2016.zip:2009_Financial_Year.xlsx#EA(1)-Assessment
2009,fort_saskatchewan,0117,FORT SASKATCHEWAN,EA,08285,Farmland,1286600,fir_zip_2009_2016.zip:2009_Financial_Year.xlsx#EA(1)-Assessment
2009,fort_saskatchewan,0117,FORT SASKATCHEWAN,EA,08290,Non Residential Railway,913610,fir_zip_2009_2016.zip:2009_Financial_Year.xlsx#EA(1)-Assessment
2009,fort_saskatchewan,0117,FORT SASKATCHEWAN,EA,08295,NR Res. Co-generating M&E,,fir_zip_2009_2016.zip:2009_Financial_Year.xlsx#EA(1)-Assessment
2009,fort_saskatchewan,0117,FORT SASKATCHEWAN,POPL,POPL,Population,17469,fir_zip_2009_2016.zip:2009_Financial_Year.xlsx#POPL(1)-Population
2009,high_river,0148,HIGH RIVER,D,01910,Provincial Government Unconditional Transfers,1276001,fir_zip_2009_2016.zip:2009_Financial_Year.xlsx#D(1)-Total
2009,high_river,0148,HIGH RIVER,D,01920,Provincial Government Conditional Transfers,6189426,fir_zip_2009_2016.zip:2009_Financial_Year.xlsx#D(1)-Total
2009,high_river,0148,HIGH RIVER,EA,08260,GRAND TOTAL,1771613701,fir_zip_2009_2016.zip:2009_Financial_Year.xlsx#EA(1)-Assessment
2009,high_river,0148,HIGH RIVER,EA,08265,Linear Subtotal,16376160,fir_zip_2009_2016.zip:2009_Financial_Year.xlsx#EA(1)-Assessment
2009,high_river,0148,HIGH RIVER,EA,08270,Mach & Equip Subtotal,,fir_zip_2009_2016.zip:2009_Financial_Year.xlsx#EA(1)-Assessment
2009,high_river,0148,HIGH RIVER,EA,08275,Non Residential Subtotal,228527551,fir_zip_2009_2016.zip:2009_Financial_Year.xlsx#EA(1)-Assessment
2009,high_river,0148,HIGH RIVER,EA,08280,Residential Subtotal,1526429990,fir_zip_2009_2016.zip:2009_Financial_Year.xlsx#EA(1)-Assessment
2009,high_river,0148,HIGH RIVER,EA,08285,Farmland,261000,fir_zip_2009_2016.zip:2009_Financial_Year.xlsx#EA(1)-Assessment
2009,high_river,0148,HIGH RIVER,EA,08290,Non Residential Railway,19000,fir_zip_2009_2016.zip:2009_Financial_Year.xlsx#EA(1)-Assessment
2009,high_river,0148,HIGH RIVER,EA,08295,NR Res. Co-generating M&E,,fir_zip_2009_2016.zip:2009_Financial_Year.xlsx#EA(1)-Assessment
2009,high_river,0148,HIGH RIVER,POPL,POPL,Population,11346,fir_zip_2009_2016.zip:2009_Financial_Year.xlsx#POPL(1)-Population
2009,leduc_city,0200,LEDUC,D,01910,Provincial Government Unconditional Transfers,1128135,fir_zip_2009_2016.zip:2009_Financial_Year.xlsx#D(1)-Total
2009,leduc_city,0200,LEDUC,D,01920,Provincial Government Conditional Transfers,8016095,fir_zip_2009_2016.zip:2009_Financial_Year.xlsx#D(1)-Total
2009,leduc_city,0200,LEDUC,EA,08260,GRAND TOTAL,3343868806,fir_zip_2009_2016.zip:2009_Financial_Year.xlsx#EA(1)-Assessment
2009,leduc_city,0200,LEDUC,EA,08265,Linear Subtotal,32767510,fir_zip_2009_2016.zip:2009_Financial_Year.xlsx#EA(1)-Assessment
2009,leduc_city,0200,LEDUC,EA,08270,Mach & Equip Subtotal,8147600,fir_zip_2009_2016.zip:2009_Financial_Year.xlsx#EA(1)-Assessment
2009,leduc_city,0200,LEDUC,EA,08275,Non Residential Subtotal,707384084,fir_zip_2009_2016.zip:2009_Financial_Year.xlsx#EA(1)-Assessment
2009,leduc_city,0200,LEDUC,EA,08280,Residential Subtotal,2592527682,fir_zip_2009_2016.zip:2009_Financial_Year.xlsx#EA(1)-Assessment
2009,leduc_city,0200,LEDUC,EA,08285,Farmland,2372970,fir_zip_2009_2016.zip:2009_Financial_Year.xlsx#EA(1)-Assessment
2009,leduc_city,0200,LEDUC,EA,08290,Non Residential Railway,668960,fir_zip_2009_2016.zip:2009_Financial_Year.xlsx#EA(1)-Assessment
2009,leduc_city,0200,LEDUC,EA,08295,NR Res. Co-generating M&E,,fir_zip_2009_2016.zip:2009_Financial_Year.xlsx#EA(1)-Assessment
2009,leduc_city,0200,LEDUC,POPL,POPL,Population,21597,fir_zip_2009_2016.zip:2009_Financial_Year.xlsx#POPL(1)-Population
2009,leduc_county,0201,LEDUC COUNTY,D,01910,Provincial Government Unconditional Transfers,63542,fir_zip_2009_2016.zip:2009_Financial_Year.xlsx#D(1)-Total
2009,leduc_county,0201,LEDUC COUNTY,D,01920,Provincial Government Conditional Transfers,8667780,fir_zip_2009_2016.zip:2009_Financial_Year.xlsx#D(1)-Total
2009,leduc_county,0201,LEDUC COUNTY,EA,08260,GRAND TOTAL,5424260981,fir_zip_2009_2016.zip:2009_Financial_Year.xlsx#EA(1)-Assessment
2009,leduc_county,0201,LEDUC COUNTY,EA,08265,Linear Subtotal,1297437740,fir_zip_2009_2016.zip:2009_Financial_Year.xlsx#EA(1)-Assessment
2009,leduc_county,0201,LEDUC COUNTY,EA,08270,Mach & Equip Subtotal,134122520,fir_zip_2009_2016.zip:2009_Financial_Year.xlsx#EA(1)-Assessment
2009,leduc_county,0201,LEDUC COUNTY,EA,08275,Non Residential Subtotal,2099028747,fir_zip_2009_2016.zip:2009_Financial_Year.xlsx#EA(1)-Assessment
2009,leduc_county,0201,LEDUC COUNTY,EA,08280,Residential Subtotal,1798108054,fir_zip_2009_2016.zip:2009_Financial_Year.xlsx#EA(1)-Assessment
2009,leduc_county,0201,LEDUC COUNTY,EA,08285,Farmland,93033970,fir_zip_2009_2016.zip:2009_Financial_Year.xlsx#EA(1)-Assessment
2009,leduc_county,0201,LEDUC COUNTY,EA,08290,Non Residential Railway,2529950,fir_zip_2009_2016.zip:2009_Financial_Year.xlsx#EA(1)-Assessment
2009,leduc_county,0201,LEDUC COUNTY,EA,08295,NR Res. Co-generating M&E,,fir_zip_2009_2016.zip:2009_Financial_Year.xlsx#EA(1)-Assessment
2009,leduc_county,0201,LEDUC COUNTY,POPL,POPL,Population,12730,fir_zip_2009_2016.zip:2009_Financial_Year.xlsx#POPL(1)-Population
2009,morinville,0224,MORINVILLE,D,01910,Provincial Government Unconditional Transfers,19922,fir_zip_2009_2016.zip:2009_Financial_Year.xlsx#D(1)-Total
2009,morinville,0224,MORINVILLE,D,01920,Provincial Government Conditional Transfers,1968034,fir_zip_2009_2016.zip:2009_Financial_Year.xlsx#D(1)-Total
2009,morinville,0224,MORINVILLE,EA,08260,GRAND TOTAL,881983582,fir_zip_2009_2016.zip:2009_Financial_Year.xlsx#EA(1)-Assessment
2009,morinville,0224,MORINVILLE,EA,08265,Linear Subtotal,10660960,fir_zip_2009_2016.zip:2009_Financial_Year.xlsx#EA(1)-Assessment
2009,morinville,0224,MORINVILLE,EA,08270,Mach & Equip Subtotal,2167920,fir_zip_2009_2016.zip:2009_Financial_Year.xlsx#EA(1)-Assessment
2009,morinville,0224,MORINVILLE,EA,08275,Non Residential Subtotal,63772587,fir_zip_2009_2016.zip:2009_Financial_Year.xlsx#EA(1)-Assessment
2009,morinville,0224,MORINVILLE,EA,08280,Residential Subtotal,805032935,fir_zip_2009_2016.zip:2009_Financial_Year.xlsx#EA(1)-Assessment
2009,morinville,0224,MORINVILLE,EA,08285,Farmland,276430,fir_zip_2009_2016.zip:2009_Financial_Year.xlsx#EA(1)-Assessment
2009,morinville,0224,MORINVILLE,EA,08290,Non Residential Railway,72750,fir_zip_2009_2016.zip:2009_Financial_Year.xlsx#EA(1)-Assessment
2009,morinville,0224,MORINVILLE,EA,08295,NR Res. Co-generating M&E,,fir_zip_2009_2016.zip:2009_Financial_Year.xlsx#EA(1)-Assessment
2009,morinville,0224,MORINVILLE,POPL,POPL,Population,7636,fir_zip_2009_2016.zip:2009_Financial_Year.xlsx#POPL(1)-Population
2009,okotoks,0238,OKOTOKS,D,01910,Provincial Government Unconditional Transfers,23641,fir_zip_2009_2016.zip:2009_Financial_Year.xlsx#D(1)-Total
2009,okotoks,0238,OKOTOKS,D,01920,Provincial Government Conditional Transfers,8407182,fir_zip_2009_2016.zip:2009_Financial_Year.xlsx#D(1)-Total
2009,okotoks,0238,OKOTOKS,EA,08260,GRAND TOTAL,3512785413,fir_zip_2009_2016.zip:2009_Financial_Year.xlsx#EA(1)-Assessment
2009,okotoks,0238,OKOTOKS,EA,08265,Linear Subtotal,23581390,fir_zip_2009_2016.zip:2009_Financial_Year.xlsx#EA(1)-Assessment
2009,okotoks,0238,OKOTOKS,EA,08270,Mach & Equip Subtotal,146500,fir_zip_2009_2016.zip:2009_Financial_Year.xlsx#EA(1)-Assessment
2009,okotoks,0238,OKOTOKS,EA,08275,Non Residential Subtotal,399557520,fir_zip_2009_2016.zip:2009_Financial_Year.xlsx#EA(1)-Assessment
2009,okotoks,0238,OKOTOKS,EA,08280,Residential Subtotal,3089256603,fir_zip_2009_2016.zip:2009_Financial_Year.xlsx#EA(1)-Assessment
2009,okotoks,0238,OKOTOKS,EA,08285,Farmland,172300,fir_zip_2009_2016.zip:2009_Financial_Year.xlsx#EA(1)-Assessment
2009,okotoks,0238,OKOTOKS,EA,08290,Non Residential Railway,71100,fir_zip_2009_2016.zip:2009_Financial_Year.xlsx#EA(1)-Assessment
2009,okotoks,0238,OKOTOKS,EA,08295,NR Res. Co-generating M&E,,fir_zip_2009_2016.zip:2009_Financial_Year.xlsx#EA(1)-Assessment
2009,okotoks,0238,OKOTOKS,POPL,POPL,Population,21690,fir_zip_2009_2016.zip:2009_Financial_Year.xlsx#POPL(1)-Population
2009,parkland,0245,PARKLAND COUNTY,D,01910,Provincial Government Unconditional Transfers,73461,fir_zip_2009_2016.zip:2009_Financial_Year.xlsx#D(1)-Total
2009,parkland,0245,PARKLAND COUNTY,D,01920,Provincial Government Conditional Transfers,9127034,fir_zip_2009_2016.zip:2009_Financial_Year.xlsx#D(1)-Total
2009,parkland,0245,PARKLAND COUNTY,EA,08260,GRAND TOTAL,6728207245,fir_zip_2009_2016.zip:2009_Financial_Year.xlsx#EA(1)-Assessment
2009,parkland,0245,PARKLAND COUNTY,EA,08265,Linear Subtotal,949385870,fir_zip_2009_2016.zip:2009_Financial_Year.xlsx#EA(1)-Assessment
2009,parkland,0245,PARKLAND COUNTY,EA,08270,Mach & Equip Subtotal,182782180,fir_zip_2009_2016.zip:2009_Financial_Year.xlsx#EA(1)-Assessment
2009,parkland,0245,PARKLAND COUNTY,EA,08275,Non Residential Subtotal,724374924,fir_zip_2009_2016.zip:2009_Financial_Year.xlsx#EA(1)-Assessment
2009,parkland,0245,PARKLAND COUNTY,EA,08280,Residential Subtotal,4814757821,fir_zip_2009_2016.zip:2009_Financial_Year.xlsx#EA(1)-Assessment
2009,parkland,0245,PARKLAND COUNTY,EA,08285,Farmland,44359730,fir_zip_2009_2016.zip:2009_Financial_Year.xlsx#EA(1)-Assessment
2009,parkland,0245,PARKLAND COUNTY,EA,08290,Non Residential Railway,12546720,fir_zip_2009_2016.zip:2009_Financial_Year.xlsx#EA(1)-Assessment
2009,parkland,0245,PARKLAND COUNTY,EA,08295,NR Res. Co-generating M&E,,fir_zip_2009_2016.zip:2009_Financial_Year.xlsx#EA(1)-Assessment
2009,parkland,0245,PARKLAND COUNTY,POPL,POPL,Population,30089,fir_zip_2009_2016.zip:2009_Financial_Year.xlsx#POPL(1)-Population
2009,rocky_view,0269,ROCKY VIEW COUNTY,D,01910,Provincial Government Unconditional Transfers,63494,fir_zip_2009_2016.zip:2009_Financial_Year.xlsx#D(1)-Total
2009,rocky_view,0269,ROCKY VIEW COUNTY,D,01920,Provincial Government Conditional Transfers,21197969,fir_zip_2009_2016.zip:2009_Financial_Year.xlsx#D(1)-Total
2009,rocky_view,0269,ROCKY VIEW COUNTY,EA,08260,GRAND TOTAL,12799585577,fir_zip_2009_2016.zip:2009_Financial_Year.xlsx#EA(1)-Assessment
2009,rocky_view,0269,ROCKY VIEW COUNTY,EA,08265,Linear Subtotal,901795420,fir_zip_2009_2016.zip:2009_Financial_Year.xlsx#EA(1)-Assessment
2009,rocky_view,0269,ROCKY VIEW COUNTY,EA,08270,Mach & Equip Subtotal,536918000,fir_zip_2009_2016.zip:2009_Financial_Year.xlsx#EA(1)-Assessment
2009,rocky_view,0269,ROCKY VIEW COUNTY,EA,08275,Non Residential Subtotal,884482897,fir_zip_2009_2016.zip:2009_Financial_Year.xlsx#EA(1)-Assessment
2009,rocky_view,0269,ROCKY VIEW COUNTY,EA,08280,Residential Subtotal,10308716870,fir_zip_2009_2016.zip:2009_Financial_Year.xlsx#EA(1)-Assessment
2009,rocky_view,0269,ROCKY VIEW COUNTY,EA,08285,Farmland,157487870,fir_zip_2009_2016.zip:2009_Financial_Year.xlsx#EA(1)-Assessment
2009,rocky_view,0269,ROCKY VIEW COUNTY,EA,08290,Non Residential Railway,10184520,fir_zip_2009_2016.zip:2009_Financial_Year.xlsx#EA(1)-Assessment
2009,rocky_view,0269,ROCKY VIEW COUNTY,EA,08295,NR Res. Co-generating M&E,,fir_zip_2009_2016.zip:2009_Financial_Year.xlsx#EA(1)-Assessment
2009,rocky_view,0269,ROCKY VIEW COUNTY,POPL,POPL,Population,34597,fir_zip_2009_2016.zip:2009_Financial_Year.xlsx#POPL(1)-Population
2009,spruce_grove,0291,SPRUCE GROVE,D,01910,Provincial Government Unconditional Transfers,135546,fir_zip_2009_2016.zip:2009_Financial_Year.xlsx#D(1)-Total
2009,spruce_grove,0291,SPRUCE GROVE,D,01920,Provincial Government Conditional Transfers,11402876,fir_zip_2009_2016.zip:2009_Financial_Year.xlsx#D(1)-Total
2009,spruce_grove,0291,SPRUCE GROVE,EA,08260,GRAND TOTAL,3291293532,fir_zip_2009_2016.zip:2009_Financial_Year.xlsx#EA(1)-Assessment
2009,spruce_grove,0291,SPRUCE GROVE,EA,08265,Linear Subtotal,30934290,fir_zip_2009_2016.zip:2009_Financial_Year.xlsx#EA(1)-Assessment
2009,spruce_grove,0291,SPRUCE GROVE,EA,08270,Mach & Equip Subtotal,,fir_zip_2009_2016.zip:2009_Financial_Year.xlsx#EA(1)-Assessment
2009,spruce_grove,0291,SPRUCE GROVE,EA,08275,Non Residential Subtotal,385673505,fir_zip_2009_2016.zip:2009_Financial_Year.xlsx#EA(1)-Assessment
2009,spruce_grove,0291,SPRUCE GROVE,EA,08280,Residential Subtotal,2873258677,fir_zip_2009_2016.zip:2009_Financial_Year.xlsx#EA(1)-Assessment
2009,spruce_grove,0291,SPRUCE GROVE,EA,08285,Farmland,796440,fir_zip_2009_2016.zip:2009_Financial_Year.xlsx#EA(1)-Assessment
2009,spruce_grove,0291,SPRUCE GROVE,EA,08290,Non Residential Railway,630620,fir_zip_2009_2016.zip:2009_Financial_Year.xlsx#EA(1)-Assessment
2009,spruce_grove,0291,SPRUCE GROVE,EA,08295,NR Res. Co-generating M&E,,fir_zip_2009_2016.zip:2009_Financial_Year.xlsx#EA(1)-Assessment
2009,spruce_grove,0291,SPRUCE GROVE,POPL,POPL,Population,23326,fir_zip_2009_2016.zip:2009_Financial_Year.xlsx#POPL(1)-Population
2009,st_albert,0292,ST. ALBERT,D,01910,Provincial Government Unconditional Transfers,671354,fir_zip_2009_2016.zip:2009_Financial_Year.xlsx#D(1)-Total
2009,st_albert,0292,ST. ALBERT,D,01920,Provincial Government Conditional Transfers,25250697,fir_zip_2009_2016.zip:2009_Financial_Year.xlsx#D(1)-Total
2009,st_albert,0292,ST. ALBERT,EA,08260,GRAND TOTAL,10409219258,fir_zip_2009_2016.zip:2009_Financial_Year.xlsx#EA(1)-Assessment
2009,st_albert,0292,ST. ALBERT,EA,08265,Linear Subtotal,83234490,fir_zip_2009_2016.zip:2009_Financial_Year.xlsx#EA(1)-Assessment
2009,st_albert,0292,ST. ALBERT,EA,08270,Mach & Equip Subtotal,15707400,fir_zip_2009_2016.zip:2009_Financial_Year.xlsx#EA(1)-Assessment
2009,st_albert,0292,ST. ALBERT,EA,08275,Non Residential Subtotal,824570374,fir_zip_2009_2016.zip:2009_Financial_Year.xlsx#EA(1)-Assessment
2009,st_albert,0292,ST. ALBERT,EA,08280,Residential Subtotal,9483221024,fir_zip_2009_2016.zip:2009_Financial_Year.xlsx#EA(1)-Assessment
2009,st_albert,0292,ST. ALBERT,EA,08285,Farmland,2350870,fir_zip_2009_2016.zip:2009_Financial_Year.xlsx#EA(1)-Assessment
2009,st_albert,0292,ST. ALBERT,EA,08290,Non Residential Railway,135100,fir_zip_2009_2016.zip:2009_Financial_Year.xlsx#EA(1)-Assessment
2009,st_albert,0292,ST. ALBERT,EA,08295,NR Res. Co-generating M&E,,fir_zip_2009_2016.zip:2009_Financial_Year.xlsx#EA(1)-Assessment
2009,st_albert,0292,ST. ALBERT,POPL,POPL,Population,58501,fir_zip_2009_2016.zip:2009_Financial_Year.xlsx#POPL(1)-Population
2009,stony_plain,0301,STONY PLAIN,D,01910,Provincial Government Unconditional Transfers,0,fir_zip_2009_2016.zip:2009_Financial_Year.xlsx#D(1)-Total
2009,stony_plain,0301,STONY PLAIN,D,01920,Provincial Government Conditional Transfers,9481927,fir_zip_2009_2016.zip:2009_Financial_Year.xlsx#D(1)-Total
2009,stony_plain,0301,STONY PLAIN,EA,08260,GRAND TOTAL,1984169995,fir_zip_2009_2016.zip:2009_Financial_Year.xlsx#EA(1)-Assessment
2009,stony_plain,0301,STONY PLAIN,EA,08265,Linear Subtotal,20933180,fir_zip_2009_2016.zip:2009_Financial_Year.xlsx#EA(1)-Assessment
2009,stony_plain,0301,STONY PLAIN,EA,08270,Mach & Equip Subtotal,697560,fir_zip_2009_2016.zip:2009_Financial_Year.xlsx#EA(1)-Assessment
2009,stony_plain,0301,STONY PLAIN,EA,08275,Non Residential Subtotal,192900529,fir_zip_2009_2016.zip:2009_Financial_Year.xlsx#EA(1)-Assessment
2009,stony_plain,0301,STONY PLAIN,EA,08280,Residential Subtotal,1767049506,fir_zip_2009_2016.zip:2009_Financial_Year.xlsx#EA(1)-Assessment
2009,stony_plain,0301,STONY PLAIN,EA,08285,Farmland,1034370,fir_zip_2009_2016.zip:2009_Financial_Year.xlsx#EA(1)-Assessment
2009,stony_plain,0301,STONY PLAIN,EA,08290,Non Residential Railway,1554850,fir_zip_2009_2016.zip:2009_Financial_Year.xlsx#EA(1)-Assessment
2009,stony_plain,0301,STONY PLAIN,EA,08295,NR Res. Co-generating M&E,,fir_zip_2009_2016.zip:2009_Financial_Year.xlsx#EA(1)-Assessment
2009,stony_plain,0301,STONY PLAIN,POPL,POPL,Population,12363,fir_zip_2009_2016.zip:2009_Financial_Year.xlsx#POPL(1)-Population
2009,strathcona,0302,STRATHCONA COUNTY,D,01910,Provincial Government Unconditional Transfers,634101,fir_zip_2009_2016.zip:2009_Financial_Year.xlsx#D(1)-Total
2009,strathcona,0302,STRATHCONA COUNTY,D,01920,Provincial Government Conditional Transfers,57561944,fir_zip_2009_2016.zip:2009_Financial_Year.xlsx#D(1)-Total
2009,strathcona,0302,STRATHCONA COUNTY,EA,08260,GRAND TOTAL,23799219923,fir_zip_2009_2016.zip:2009_Financial_Year.xlsx#EA(1)-Assessment
2009,strathcona,0302,STRATHCONA COUNTY,EA,08265,Linear Subtotal,584108750,fir_zip_2009_2016.zip:2009_Financial_Year.xlsx#EA(1)-Assessment
2009,strathcona,0302,STRATHCONA COUNTY,EA,08270,Mach & Equip Subtotal,5581794917,fir_zip_2009_2016.zip:2009_Financial_Year.xlsx#EA(1)-Assessment
2009,strathcona,0302,STRATHCONA COUNTY,EA,08275,Non Residential Subtotal,2261381704,fir_zip_2009_2016.zip:2009_Financial_Year.xlsx#EA(1)-Assessment
2009,strathcona,0302,STRATHCONA COUNTY,EA,08280,Residential Subtotal,15329110472,fir_zip_2009_2016.zip:2009_Financial_Year.xlsx#EA(1)-Assessment
2009,strathcona,0302,STRATHCONA COUNTY,EA,08285,Farmland,34345080,fir_zip_2009_2016.zip:2009_Financial_Year.xlsx#EA(1)-Assessment
2009,strathcona,0302,STRATHCONA COUNTY,EA,08290,Non Residential Railway,8479000,fir_zip_2009_2016.zip:2009_Financial_Year.xlsx#EA(1)-Assessment
2009,strathcona,0302,STRATHCONA COUNTY,EA,08295,NR Res. Co-generating M&E,,fir_zip_2009_2016.zip:2009_Financial_Year.xlsx#EA(1)-Assessment
2009,strathcona,0302,STRATHCONA COUNTY,POPL,POPL,Population,87998,fir_zip_2009_2016.zip:2009_Financial_Year.xlsx#POPL(1)-Population
2009,sturgeon,0305,STURGEON COUNTY,D,01910,Provincial Government Unconditional Transfers,49473,fir_zip_2009_2016.zip:2009_Financial_Year.xlsx#D(1)-Total
2009,sturgeon,0305,STURGEON COUNTY,D,01920,Provincial Government Conditional Transfers,6674420,fir_zip_2009_2016.zip:2009_Financial_Year.xlsx#D(1)-Total
2009,sturgeon,0305,STURGEON COUNTY,EA,08260,GRAND TOTAL,4543222737,fir_zip_2009_2016.zip:2009_Financial_Year.xlsx#EA(1)-Assessment
2009,sturgeon,0305,STURGEON COUNTY,EA,08265,Linear Subtotal,385985240,fir_zip_2009_2016.zip:2009_Financial_Year.xlsx#EA(1)-Assessment
2009,sturgeon,0305,STURGEON COUNTY,EA,08270,Mach & Equip Subtotal,698512960,fir_zip_2009_2016.zip:2009_Financial_Year.xlsx#EA(1)-Assessment
2009,sturgeon,0305,STURGEON COUNTY,EA,08275,Non Residential Subtotal,587813383,fir_zip_2009_2016.zip:2009_Financial_Year.xlsx#EA(1)-Assessment
2009,sturgeon,0305,STURGEON COUNTY,EA,08280,Residential Subtotal,2788096013,fir_zip_2009_2016.zip:2009_Financial_Year.xlsx#EA(1)-Assessment
2009,sturgeon,0305,STURGEON COUNTY,EA,08285,Farmland,80049071,fir_zip_2009_2016.zip:2009_Financial_Year.xlsx#EA(1)-Assessment
2009,sturgeon,0305,STURGEON COUNTY,EA,08290,Non Residential Railway,2766070,fir_zip_2009_2016.zip:2009_Financial_Year.xlsx#EA(1)-Assessment
2009,sturgeon,0305,STURGEON COUNTY,EA,08295,NR Res. Co-generating M&E,,fir_zip_2009_2016.zip:2009_Financial_Year.xlsx#EA(1)-Assessment
2009,sturgeon,0305,STURGEON COUNTY,POPL,POPL,Population,19165,fir_zip_2009_2016.zip:2009_Financial_Year.xlsx#POPL(1)-Population
2009,chestermere,0356,CHESTERMERE,D,01910,Provincial Government Unconditional Transfers,0,fir_zip_2009_2016.zip:2009_Financial_Year.xlsx#D(1)-Total
2009,chestermere,0356,CHESTERMERE,D,01920,Provincial Government Conditional Transfers,4198191,fir_zip_2009_2016.zip:2009_Financial_Year.xlsx#D(1)-Total
2009,chestermere,0356,CHESTERMERE,EA,08260,GRAND TOTAL,1947096771,fir_zip_2009_2016.zip:2009_Financial_Year.xlsx#EA(1)-Assessment
2009,chestermere,0356,CHESTERMERE,EA,08265,Linear Subtotal,13131550,fir_zip_2009_2016.zip:2009_Financial_Year.xlsx#EA(1)-Assessment
2009,chestermere,0356,CHESTERMERE,EA,08270,Mach & Equip Subtotal,28100,fir_zip_2009_2016.zip:2009_Financial_Year.xlsx#EA(1)-Assessment
2009,chestermere,0356,CHESTERMERE,EA,08275,Non Residential Subtotal,45807720,fir_zip_2009_2016.zip:2009_Financial_Year.xlsx#EA(1)-Assessment
2009,chestermere,0356,CHESTERMERE,EA,08280,Residential Subtotal,1888020131,fir_zip_2009_2016.zip:2009_Financial_Year.xlsx#EA(1)-Assessment
2009,chestermere,0356,CHESTERMERE,EA,08285,Farmland,109270,fir_zip_2009_2016.zip:2009_Financial_Year.xlsx#EA(1)-Assessment
2009,chestermere,0356,CHESTERMERE,EA,08290,Non Residential Railway,,fir_zip_2009_2016.zip:2009_Financial_Year.xlsx#EA(1)-Assessment
2009,chestermere,0356,CHESTERMERE,EA,08295,NR Res. Co-generating M&E,,fir_zip_2009_2016.zip:2009_Financial_Year.xlsx#EA(1)-Assessment
2009,chestermere,0356,CHESTERMERE,POPL,POPL,Population,13760,fir_zip_2009_2016.zip:2009_Financial_Year.xlsx#POPL(1)-Population
2010,airdrie,0003,AIRDRIE,D,01910,Provincial Government Unconditional Transfers,16907823,fir_zip_2009_2016.zip:2010_Financial_Year.xlsx#D(1)-Total
2010,airdrie,0003,AIRDRIE,D,01920,Provincial Government Conditional Transfers,1202037,fir_zip_2009_2016.zip:2010_Financial_Year.xlsx#D(1)-Total
2010,airdrie,0003,AIRDRIE,EA,08260,GRAND TOTAL,5914264231,fir_zip_2009_2016.zip:2010_Financial_Year.xlsx#EA(1)-Assessment
2010,airdrie,0003,AIRDRIE,EA,08265,Linear Subtotal,49006500,fir_zip_2009_2016.zip:2010_Financial_Year.xlsx#EA(1)-Assessment
2010,airdrie,0003,AIRDRIE,EA,08270,Mach & Equip Subtotal,4429500,fir_zip_2009_2016.zip:2010_Financial_Year.xlsx#EA(1)-Assessment
2010,airdrie,0003,AIRDRIE,EA,08275,Non Residential Subtotal,837662588,fir_zip_2009_2016.zip:2010_Financial_Year.xlsx#EA(1)-Assessment
2010,airdrie,0003,AIRDRIE,EA,08280,Residential Subtotal,5021791743,fir_zip_2009_2016.zip:2010_Financial_Year.xlsx#EA(1)-Assessment
2010,airdrie,0003,AIRDRIE,EA,08285,Farmland,779600,fir_zip_2009_2016.zip:2010_Financial_Year.xlsx#EA(1)-Assessment
2010,airdrie,0003,AIRDRIE,EA,08290,Non Residential Railway,594300,fir_zip_2009_2016.zip:2010_Financial_Year.xlsx#EA(1)-Assessment
2010,airdrie,0003,AIRDRIE,EA,08295,NR Res. Co-generating M&E,,fir_zip_2009_2016.zip:2010_Financial_Year.xlsx#EA(1)-Assessment
2010,airdrie,0003,AIRDRIE,POPL,POPL,Population,39822,fir_zip_2009_2016.zip:2010_Financial_Year.xlsx#POPL(1)-Population
2010,beaumont,0019,BEAUMONT,D,01910,Provincial Government Unconditional Transfers,0,fir_zip_2009_2016.zip:2010_Financial_Year.xlsx#D(1)-Total
2010,beaumont,0019,BEAUMONT,D,01920,Provincial Government Conditional Transfers,2097865,fir_zip_2009_2016.zip:2010_Financial_Year.xlsx#D(1)-Total
2010,beaumont,0019,BEAUMONT,EA,08260,GRAND TOTAL,1818581305,fir_zip_2009_2016.zip:2010_Financial_Year.xlsx#EA(1)-Assessment
2010,beaumont,0019,BEAUMONT,EA,08265,Linear Subtotal,11802240,fir_zip_2009_2016.zip:2010_Financial_Year.xlsx#EA(1)-Assessment
2010,beaumont,0019,BEAUMONT,EA,08270,Mach & Equip Subtotal,47900,fir_zip_2009_2016.zip:2010_Financial_Year.xlsx#EA(1)-Assessment
2010,beaumont,0019,BEAUMONT,EA,08275,Non Residential Subtotal,69245896,fir_zip_2009_2016.zip:2010_Financial_Year.xlsx#EA(1)-Assessment
2010,beaumont,0019,BEAUMONT,EA,08280,Residential Subtotal,1737304669,fir_zip_2009_2016.zip:2010_Financial_Year.xlsx#EA(1)-Assessment
2010,beaumont,0019,BEAUMONT,EA,08285,Farmland,180600,fir_zip_2009_2016.zip:2010_Financial_Year.xlsx#EA(1)-Assessment
2010,beaumont,0019,BEAUMONT,EA,08290,Non Residential Railway,,fir_zip_2009_2016.zip:2010_Financial_Year.xlsx#EA(1)-Assessment
2010,beaumont,0019,BEAUMONT,EA,08295,NR Res. Co-generating M&E,,fir_zip_2009_2016.zip:2010_Financial_Year.xlsx#EA(1)-Assessment
2010,beaumont,0019,BEAUMONT,POPL,POPL,Population,12586,fir_zip_2009_2016.zip:2010_Financial_Year.xlsx#POPL(1)-Population
2010,calgary,0046,CALGARY,D,01910,Provincial Government Unconditional Transfers,1147000,fir_zip_2009_2016.zip:2010_Financial_Year.xlsx#D(1)-Total
2010,calgary,0046,CALGARY,D,01920,Provincial Government Conditional Transfers,575220000,fir_zip_2009_2016.zip:2010_Financial_Year.xlsx#D(1)-Total
2010,calgary,0046,CALGARY,EA,08260,GRAND TOTAL,224797544995,fir_zip_2009_2016.zip:2010_Financial_Year.xlsx#EA(1)-Assessment
2010,calgary,0046,CALGARY,EA,08265,Linear Subtotal,1786267290,fir_zip_2009_2016.zip:2010_Financial_Year.xlsx#EA(1)-Assessment
2010,calgary,0046,CALGARY,EA,08270,Mach & Equip Subtotal,282073120,fir_zip_2009_2016.zip:2010_Financial_Year.xlsx#EA(1)-Assessment
2010,calgary,0046,CALGARY,EA,08275,Non Residential Subtotal,53476560676,fir_zip_2009_2016.zip:2010_Financial_Year.xlsx#EA(1)-Assessment
2010,calgary,0046,CALGARY,EA,08280,Residential Subtotal,169013110813,fir_zip_2009_2016.zip:2010_Financial_Year.xlsx#EA(1)-Assessment
2010,calgary,0046,CALGARY,EA,08285,Farmland,12019563,fir_zip_2009_2016.zip:2010_Financial_Year.xlsx#EA(1)-Assessment
2010,calgary,0046,CALGARY,EA,08290,Non Residential Railway,227513533,fir_zip_2009_2016.zip:2010_Financial_Year.xlsx#EA(1)-Assessment
2010,calgary,0046,CALGARY,EA,08295,NR Res. Co-generating M&E,,fir_zip_2009_2016.zip:2010_Financial_Year.xlsx#EA(1)-Assessment
2010,calgary,0046,CALGARY,POPL,POPL,Population,1071515,fir_zip_2009_2016.zip:2010_Financial_Year.xlsx#POPL(1)-Population
2010,cochrane,0070,COCHRANE,D,01910,Provincial Government Unconditional Transfers,29124,fir_zip_2009_2016.zip:2010_Financial_Year.xlsx#D(1)-Total
2010,cochrane,0070,COCHRANE,D,01920,Provincial Government Conditional Transfers,8910875,fir_zip_2009_2016.zip:2010_Financial_Year.xlsx#D(1)-Total
2010,cochrane,0070,COCHRANE,EA,08260,GRAND TOTAL,3212968349,fir_zip_2009_2016.zip:2010_Financial_Year.xlsx#EA(1)-Assessment
2010,cochrane,0070,COCHRANE,EA,08265,Linear Subtotal,27490440,fir_zip_2009_2016.zip:2010_Financial_Year.xlsx#EA(1)-Assessment
2010,cochrane,0070,COCHRANE,EA,08270,Mach & Equip Subtotal,5641200,fir_zip_2009_2016.zip:2010_Financial_Year.xlsx#EA(1)-Assessment
2010,cochrane,0070,COCHRANE,EA,08275,Non Residential Subtotal,384277393,fir_zip_2009_2016.zip:2010_Financial_Year.xlsx#EA(1)-Assessment
2010,cochrane,0070,COCHRANE,EA,08280,Residential Subtotal,2793821106,fir_zip_2009_2016.zip:2010_Financial_Year.xlsx#EA(1)-Assessment
2010,cochrane,0070,COCHRANE,EA,08285,Farmland,345110,fir_zip_2009_2016.zip:2010_Financial_Year.xlsx#EA(1)-Assessment
2010,cochrane,0070,COCHRANE,EA,08290,Non Residential Railway,1393100,fir_zip_2009_2016.zip:2010_Financial_Year.xlsx#EA(1)-Assessment
2010,cochrane,0070,COCHRANE,EA,08295,NR Res. Co-generating M&E,,fir_zip_2009_2016.zip:2010_Financial_Year.xlsx#EA(1)-Assessment
2010,cochrane,0070,COCHRANE,POPL,POPL,Population,15424,fir_zip_2009_2016.zip:2010_Financial_Year.xlsx#POPL(1)-Population
2010,devon,0086,DEVON,D,01910,Provincial Government Unconditional Transfers,607105,fir_zip_2009_2016.zip:2010_Financial_Year.xlsx#D(1)-Total
2010,devon,0086,DEVON,D,01920,Provincial Government Conditional Transfers,3698581,fir_zip_2009_2016.zip:2010_Financial_Year.xlsx#D(1)-Total
2010,devon,0086,DEVON,EA,08260,GRAND TOTAL,828506577,fir_zip_2009_2016.zip:2010_Financial_Year.xlsx#EA(1)-Assessment
2010,devon,0086,DEVON,EA,08265,Linear Subtotal,15081550,fir_zip_2009_2016.zip:2010_Financial_Year.xlsx#EA(1)-Assessment
2010,devon,0086,DEVON,EA,08270,Mach & Equip Subtotal,547550,fir_zip_2009_2016.zip:2010_Financial_Year.xlsx#EA(1)-Assessment
2010,devon,0086,DEVON,EA,08275,Non Residential Subtotal,80196854,fir_zip_2009_2016.zip:2010_Financial_Year.xlsx#EA(1)-Assessment
2010,devon,0086,DEVON,EA,08280,Residential Subtotal,732457243,fir_zip_2009_2016.zip:2010_Financial_Year.xlsx#EA(1)-Assessment
2010,devon,0086,DEVON,EA,08285,Farmland,223380,fir_zip_2009_2016.zip:2010_Financial_Year.xlsx#EA(1)-Assessment
2010,devon,0086,DEVON,EA,08290,Non Residential Railway,,fir_zip_2009_2016.zip:2010_Financial_Year.xlsx#EA(1)-Assessment
2010,devon,0086,DEVON,EA,08295,NR Res. Co-generating M&E,,fir_zip_2009_2016.zip:2010_Financial_Year.xlsx#EA(1)-Assessment
2010,devon,0086,DEVON,POPL,POPL,Population,6534,fir_zip_2009_2016.zip:2010_Financial_Year.xlsx#POPL(1)-Population
2010,edmonton,0098,EDMONTON,D,01910,Provincial Government Unconditional Transfers,0,fir_zip_2009_2016.zip:2010_Financial_Year.xlsx#D(1)-Total
2010,edmonton,0098,EDMONTON,D,01920,Provincial Government Conditional Transfers,429755000,fir_zip_2009_2016.zip:2010_Financial_Year.xlsx#D(1)-Total
2010,edmonton,0098,EDMONTON,EA,08260,GRAND TOTAL,136208858337,fir_zip_2009_2016.zip:2010_Financial_Year.xlsx#EA(1)-Assessment
2010,edmonton,0098,EDMONTON,EA,08265,Linear Subtotal,1514363180,fir_zip_2009_2016.zip:2010_Financial_Year.xlsx#EA(1)-Assessment
2010,edmonton,0098,EDMONTON,EA,08270,Mach & Equip Subtotal,917190374,fir_zip_2009_2016.zip:2010_Financial_Year.xlsx#EA(1)-Assessment
2010,edmonton,0098,EDMONTON,EA,08275,Non Residential Subtotal,33034158557,fir_zip_2009_2016.zip:2010_Financial_Year.xlsx#EA(1)-Assessment
2010,edmonton,0098,EDMONTON,EA,08280,Residential Subtotal,100697025808,fir_zip_2009_2016.zip:2010_Financial_Year.xlsx#EA(1)-Assessment
2010,edmonton,0098,EDMONTON,EA,08285,Farmland,34124315,fir_zip_2009_2016.zip:2010_Financial_Year.xlsx#EA(1)-Assessment
2010,edmonton,0098,EDMONTON,EA,08290,Non Residential Railway,11794103,fir_zip_2009_2016.zip:2010_Financial_Year.xlsx#EA(1)-Assessment
2010,edmonton,0098,EDMONTON,EA,08295,NR Res. Co-generating M&E,202000,fir_zip_2009_2016.zip:2010_Financial_Year.xlsx#EA(1)-Assessment
2010,edmonton,0098,EDMONTON,POPL,POPL,Population,782439,fir_zip_2009_2016.zip:2010_Financial_Year.xlsx#POPL(1)-Population
2010,foothills,0111,FOOTHILLS COUNTY,D,01910,Provincial Government Unconditional Transfers,0,fir_zip_2009_2016.zip:2010_Financial_Year.xlsx#D(1)-Total
2010,foothills,0111,FOOTHILLS COUNTY,D,01920,Provincial Government Conditional Transfers,8891113,fir_zip_2009_2016.zip:2010_Financial_Year.xlsx#D(1)-Total
2010,foothills,0111,FOOTHILLS COUNTY,EA,08260,GRAND TOTAL,7273112672,fir_zip_2009_2016.zip:2010_Financial_Year.xlsx#EA(1)-Assessment
2010,foothills,0111,FOOTHILLS COUNTY,EA,08265,Linear Subtotal,501918750,fir_zip_2009_2016.zip:2010_Financial_Year.xlsx#EA(1)-Assessment
2010,foothills,0111,FOOTHILLS COUNTY,EA,08270,Mach & Equip Subtotal,238929370,fir_zip_2009_2016.zip:2010_Financial_Year.xlsx#EA(1)-Assessment
2010,foothills,0111,FOOTHILLS COUNTY,EA,08275,Non Residential Subtotal,366147617,fir_zip_2009_2016.zip:2010_Financial_Year.xlsx#EA(1)-Assessment
2010,foothills,0111,FOOTHILLS COUNTY,EA,08280,Residential Subtotal,6023551695,fir_zip_2009_2016.zip:2010_Financial_Year.xlsx#EA(1)-Assessment
2010,foothills,0111,FOOTHILLS COUNTY,EA,08285,Farmland,139752400,fir_zip_2009_2016.zip:2010_Financial_Year.xlsx#EA(1)-Assessment
2010,foothills,0111,FOOTHILLS COUNTY,EA,08290,Non Residential Railway,2812840,fir_zip_2009_2016.zip:2010_Financial_Year.xlsx#EA(1)-Assessment
2010,foothills,0111,FOOTHILLS COUNTY,EA,08295,NR Res. Co-generating M&E,,fir_zip_2009_2016.zip:2010_Financial_Year.xlsx#EA(1)-Assessment
2010,foothills,0111,FOOTHILLS COUNTY,POPL,POPL,Population,19736,fir_zip_2009_2016.zip:2010_Financial_Year.xlsx#POPL(1)-Population
2010,fort_saskatchewan,0117,FORT SASKATCHEWAN,D,01910,Provincial Government Unconditional Transfers,1087499,fir_zip_2009_2016.zip:2010_Financial_Year.xlsx#D(1)-Total
2010,fort_saskatchewan,0117,FORT SASKATCHEWAN,D,01920,Provincial Government Conditional Transfers,11879263,fir_zip_2009_2016.zip:2010_Financial_Year.xlsx#D(1)-Total
2010,fort_saskatchewan,0117,FORT SASKATCHEWAN,EA,08260,GRAND TOTAL,4324063611,fir_zip_2009_2016.zip:2010_Financial_Year.xlsx#EA(1)-Assessment
2010,fort_saskatchewan,0117,FORT SASKATCHEWAN,EA,08265,Linear Subtotal,108343640,fir_zip_2009_2016.zip:2010_Financial_Year.xlsx#EA(1)-Assessment
2010,fort_saskatchewan,0117,FORT SASKATCHEWAN,EA,08270,Mach & Equip Subtotal,1229522260,fir_zip_2009_2016.zip:2010_Financial_Year.xlsx#EA(1)-Assessment
2010,fort_saskatchewan,0117,FORT SASKATCHEWAN,EA,08275,Non Residential Subtotal,672982966,fir_zip_2009_2016.zip:2010_Financial_Year.xlsx#EA(1)-Assessment
2010,fort_saskatchewan,0117,FORT SASKATCHEWAN,EA,08280,Residential Subtotal,2310918545,fir_zip_2009_2016.zip:2010_Financial_Year.xlsx#EA(1)-Assessment
2010,fort_saskatchewan,0117,FORT SASKATCHEWAN,EA,08285,Farmland,1280400,fir_zip_2009_2016.zip:2010_Financial_Year.xlsx#EA(1)-Assessment
2010,fort_saskatchewan,0117,FORT SASKATCHEWAN,EA,08290,Non Residential Railway,1015800,fir_zip_2009_2016.zip:2010_Financial_Year.xlsx#EA(1)-Assessment
2010,fort_saskatchewan,0117,FORT SASKATCHEWAN,EA,08295,NR Res. Co-generating M&E,,fir_zip_2009_2016.zip:2010_Financial_Year.xlsx#EA(1)-Assessment
2010,fort_saskatchewan,0117,FORT SASKATCHEWAN,POPL,POPL,Population,18653,fir_zip_2009_2016.zip:2010_Financial_Year.xlsx#POPL(1)-Population
2010,high_river,0148,HIGH RIVER,D,01910,Provincial Government Unconditional Transfers,1157602,fir_zip_2009_2016.zip:2010_Financial_Year.xlsx#D(1)-Total
2010,high_river,0148,HIGH RIVER,D,01920,Provincial Government Conditional Transfers,7540532,fir_zip_2009_2016.zip:2010_Financial_Year.xlsx#D(1)-Total
2010,high_river,0148,HIGH RIVER,EA,08260,GRAND TOTAL,1921089503,fir_zip_2009_2016.zip:2010_Financial_Year.xlsx#EA(1)-Assessment
2010,high_river,0148,HIGH RIVER,EA,08265,Linear Subtotal,17090870,fir_zip_2009_2016.zip:2010_Financial_Year.xlsx#EA(1)-Assessment
2010,high_river,0148,HIGH RIVER,EA,08270,Mach & Equip Subtotal,,fir_zip_2009_2016.zip:2010_Financial_Year.xlsx#EA(1)-Assessment
2010,high_river,0148,HIGH RIVER,EA,08275,Non Residential Subtotal,234824177,fir_zip_2009_2016.zip:2010_Financial_Year.xlsx#EA(1)-Assessment
2010,high_river,0148,HIGH RIVER,EA,08280,Residential Subtotal,1668818456,fir_zip_2009_2016.zip:2010_Financial_Year.xlsx#EA(1)-Assessment
2010,high_river,0148,HIGH RIVER,EA,08285,Farmland,335000,fir_zip_2009_2016.zip:2010_Financial_Year.xlsx#EA(1)-Assessment
2010,high_river,0148,HIGH RIVER,EA,08290,Non Residential Railway,21000,fir_zip_2009_2016.zip:2010_Financial_Year.xlsx#EA(1)-Assessment
2010,high_river,0148,HIGH RIVER,EA,08295,NR Res. Co-generating M&E,,fir_zip_2009_2016.zip:2010_Financial_Year.xlsx#EA(1)-Assessment
2010,high_river,0148,HIGH RIVER,POPL,POPL,Population,11783,fir_zip_2009_2016.zip:2010_Financial_Year.xlsx#POPL(1)-Population
2010,leduc_city,0200,LEDUC,D,01910,Provincial Government Unconditional Transfers,1091702,fir_zip_2009_2016.zip:2010_Financial_Year.xlsx#D(1)-Total
2010,leduc_city,0200,LEDUC,D,01920,Provincial Government Conditional Transfers,8477708,fir_zip_2009_2016.zip:2010_Financial_Year.xlsx#D(1)-Total
2010,leduc_city,0200,LEDUC,EA,08260,GRAND TOTAL,3513780292,fir_zip_2009_2016.zip:2010_Financial_Year.xlsx#EA(1)-Assessment
2010,leduc_city,0200,LEDUC,EA,08265,Linear Subtotal,33979860,fir_zip_2009_2016.zip:2010_Financial_Year.xlsx#EA(1)-Assessment
2010,leduc_city,0200,LEDUC,EA,08270,Mach & Equip Subtotal,7991180,fir_zip_2009_2016.zip:2010_Financial_Year.xlsx#EA(1)-Assessment
2010,leduc_city,0200,LEDUC,EA,08275,Non Residential Subtotal,853857827,fir_zip_2009_2016.zip:2010_Financial_Year.xlsx#EA(1)-Assessment
2010,leduc_city,0200,LEDUC,EA,08280,Residential Subtotal,2614982215,fir_zip_2009_2016.zip:2010_Financial_Year.xlsx#EA(1)-Assessment
2010,leduc_city,0200,LEDUC,EA,08285,Farmland,2264420,fir_zip_2009_2016.zip:2010_Financial_Year.xlsx#EA(1)-Assessment
2010,leduc_city,0200,LEDUC,EA,08290,Non Residential Railway,704790,fir_zip_2009_2016.zip:2010_Financial_Year.xlsx#EA(1)-Assessment
2010,leduc_city,0200,LEDUC,EA,08295,NR Res. Co-generating M&E,,fir_zip_2009_2016.zip:2010_Financial_Year.xlsx#EA(1)-Assessment
2010,leduc_city,0200,LEDUC,POPL,POPL,Population,23293,fir_zip_2009_2016.zip:2010_Financial_Year.xlsx#POPL(1)-Population
2010,leduc_county,0201,LEDUC COUNTY,D,01910,Provincial Government Unconditional Transfers,7995,fir_zip_2009_2016.zip:2010_Financial_Year.xlsx#D(1)-Total
2010,leduc_county,0201,LEDUC COUNTY,D,01920,Provincial Government Conditional Transfers,8131782,fir_zip_2009_2016.zip:2010_Financial_Year.xlsx#D(1)-Total
2010,leduc_county,0201,LEDUC COUNTY,EA,08260,GRAND TOTAL,5851575859,fir_zip_2009_2016.zip:2010_Financial_Year.xlsx#EA(1)-Assessment
2010,leduc_county,0201,LEDUC COUNTY,EA,08265,Linear Subtotal,1329250800,fir_zip_2009_2016.zip:2010_Financial_Year.xlsx#EA(1)-Assessment
2010,leduc_county,0201,LEDUC COUNTY,EA,08270,Mach & Equip Subtotal,135892620,fir_zip_2009_2016.zip:2010_Financial_Year.xlsx#EA(1)-Assessment
2010,leduc_county,0201,LEDUC COUNTY,EA,08275,Non Residential Subtotal,2372479417,fir_zip_2009_2016.zip:2010_Financial_Year.xlsx#EA(1)-Assessment
2010,leduc_county,0201,LEDUC COUNTY,EA,08280,Residential Subtotal,1918361412,fir_zip_2009_2016.zip:2010_Financial_Year.xlsx#EA(1)-Assessment
2010,leduc_county,0201,LEDUC COUNTY,EA,08285,Farmland,92869480,fir_zip_2009_2016.zip:2010_Financial_Year.xlsx#EA(1)-Assessment
2010,leduc_county,0201,LEDUC COUNTY,EA,08290,Non Residential Railway,2722130,fir_zip_2009_2016.zip:2010_Financial_Year.xlsx#EA(1)-Assessment
2010,leduc_county,0201,LEDUC COUNTY,EA,08295,NR Res. Co-generating M&E,,fir_zip_2009_2016.zip:2010_Financial_Year.xlsx#EA(1)-Assessment
2010,leduc_county,0201,LEDUC COUNTY,POPL,POPL,Population,13260,fir_zip_2009_2016.zip:2010_Financial_Year.xlsx#POPL(1)-Population
2010,morinville,0224,MORINVILLE,D,01910,Provincial Government Unconditional Transfers,0,fir_zip_2009_2016.zip:2010_Financial_Year.xlsx#D(1)-Total
2010,morinville,0224,MORINVILLE,D,01920,Provincial Government Conditional Transfers,11403110,fir_zip_2009_2016.zip:2010_Financial_Year.xlsx#D(1)-Total
2010,morinville,0224,MORINVILLE,EA,08260,GRAND TOTAL,984314456,fir_zip_2009_2016.zip:2010_Financial_Year.xlsx#EA(1)-Assessment
2010,morinville,0224,MORINVILLE,EA,08265,Linear Subtotal,11064760,fir_zip_2009_2016.zip:2010_Financial_Year.xlsx#EA(1)-Assessment
2010,morinville,0224,MORINVILLE,EA,08270,Mach & Equip Subtotal,2144200,fir_zip_2009_2016.zip:2010_Financial_Year.xlsx#EA(1)-Assessment
2010,morinville,0224,MORINVILLE,EA,08275,Non Residential Subtotal,82185604,fir_zip_2009_2016.zip:2010_Financial_Year.xlsx#EA(1)-Assessment
2010,morinville,0224,MORINVILLE,EA,08280,Residential Subtotal,888562472,fir_zip_2009_2016.zip:2010_Financial_Year.xlsx#EA(1)-Assessment
2010,morinville,0224,MORINVILLE,EA,08285,Farmland,276430,fir_zip_2009_2016.zip:2010_Financial_Year.xlsx#EA(1)-Assessment
2010,morinville,0224,MORINVILLE,EA,08290,Non Residential Railway,80990,fir_zip_2009_2016.zip:2010_Financial_Year.xlsx#EA(1)-Assessment
2010,morinville,0224,MORINVILLE,EA,08295,NR Res. Co-generating M&E,,fir_zip_2009_2016.zip:2010_Financial_Year.xlsx#EA(1)-Assessment
2010,morinville,0224,MORINVILLE,POPL,POPL,Population,7636,fir_zip_2009_2016.zip:2010_Financial_Year.xlsx#POPL(1)-Population
2010,okotoks,0238,OKOTOKS,D,01910,Provincial Government Unconditional Transfers,1471651,fir_zip_2009_2016.zip:2010_Financial_Year.xlsx#D(1)-Total
2010,okotoks,0238,OKOTOKS,D,01920,Provincial Government Conditional Transfers,10301149,fir_zip_2009_2016.zip:2010_Financial_Year.xlsx#D(1)-Total
2010,okotoks,0238,OKOTOKS,EA,08260,GRAND TOTAL,3891882948,fir_zip_2009_2016.zip:2010_Financial_Year.xlsx#EA(1)-Assessment
2010,okotoks,0238,OKOTOKS,EA,08265,Linear Subtotal,24079530,fir_zip_2009_2016.zip:2010_Financial_Year.xlsx#EA(1)-Assessment
2010,okotoks,0238,OKOTOKS,EA,08270,Mach & Equip Subtotal,144300,fir_zip_2009_2016.zip:2010_Financial_Year.xlsx#EA(1)-Assessment
2010,okotoks,0238,OKOTOKS,EA,08275,Non Residential Subtotal,472881818,fir_zip_2009_2016.zip:2010_Financial_Year.xlsx#EA(1)-Assessment
2010,okotoks,0238,OKOTOKS,EA,08280,Residential Subtotal,3394380500,fir_zip_2009_2016.zip:2010_Financial_Year.xlsx#EA(1)-Assessment
2010,okotoks,0238,OKOTOKS,EA,08285,Farmland,203100,fir_zip_2009_2016.zip:2010_Financial_Year.xlsx#EA(1)-Assessment
2010,okotoks,0238,OKOTOKS,EA,08290,Non Residential Railway,193700,fir_zip_2009_2016.zip:2010_Financial_Year.xlsx#EA(1)-Assessment
2010,okotoks,0238,OKOTOKS,EA,08295,NR Res. Co-generating M&E,,fir_zip_2009_2016.zip:2010_Financial_Year.xlsx#EA(1)-Assessment
2010,okotoks,0238,OKOTOKS,POPL,POPL,Population,23201,fir_zip_2009_2016.zip:2010_Financial_Year.xlsx#POPL(1)-Population
2010,parkland,0245,PARKLAND COUNTY,D,01910,Provincial Government Unconditional Transfers,0,fir_zip_2009_2016.zip:2010_Financial_Year.xlsx#D(1)-Total
2010,parkland,0245,PARKLAND COUNTY,D,01920,Provincial Government Conditional Transfers,10667950,fir_zip_2009_2016.zip:2010_Financial_Year.xlsx#D(1)-Total
2010,parkland,0245,PARKLAND COUNTY,EA,08260,GRAND TOTAL,6810786465,fir_zip_2009_2016.zip:2010_Financial_Year.xlsx#EA(1)-Assessment
2010,parkland,0245,PARKLAND COUNTY,EA,08265,Linear Subtotal,952839180,fir_zip_2009_2016.zip:2010_Financial_Year.xlsx#EA(1)-Assessment
2010,parkland,0245,PARKLAND COUNTY,EA,08270,Mach & Equip Subtotal,183825640,fir_zip_2009_2016.zip:2010_Financial_Year.xlsx#EA(1)-Assessment
2010,parkland,0245,PARKLAND COUNTY,EA,08275,Non Residential Subtotal,822775146,fir_zip_2009_2016.zip:2010_Financial_Year.xlsx#EA(1)-Assessment
2010,parkland,0245,PARKLAND COUNTY,EA,08280,Residential Subtotal,4792421479,fir_zip_2009_2016.zip:2010_Financial_Year.xlsx#EA(1)-Assessment
2010,parkland,0245,PARKLAND COUNTY,EA,08285,Farmland,44119880,fir_zip_2009_2016.zip:2010_Financial_Year.xlsx#EA(1)-Assessment
2010,parkland,0245,PARKLAND COUNTY,EA,08290,Non Residential Railway,14805140,fir_zip_2009_2016.zip:2010_Financial_Year.xlsx#EA(1)-Assessment
2010,parkland,0245,PARKLAND COUNTY,EA,08295,NR Res. Co-generating M&E,,fir_zip_2009_2016.zip:2010_Financial_Year.xlsx#EA(1)-Assessment
2010,parkland,0245,PARKLAND COUNTY,POPL,POPL,Population,30089,fir_zip_2009_2016.zip:2010_Financial_Year.xlsx#POPL(1)-Population
2010,rocky_view,0269,ROCKY VIEW COUNTY,D,01910,Provincial Government Unconditional Transfers,0,fir_zip_2009_2016.zip:2010_Financial_Year.xlsx#D(1)-Total
2010,rocky_view,0269,ROCKY VIEW COUNTY,D,01920,Provincial Government Conditional Transfers,19507184,fir_zip_2009_2016.zip:2010_Financial_Year.xlsx#D(1)-Total
2010,rocky_view,0269,ROCKY VIEW COUNTY,EA,08260,GRAND TOTAL,13512378840,fir_zip_2009_2016.zip:2010_Financial_Year.xlsx#EA(1)-Assessment
2010,rocky_view,0269,ROCKY VIEW COUNTY,EA,08265,Linear Subtotal,985673530,fir_zip_2009_2016.zip:2010_Financial_Year.xlsx#EA(1)-Assessment
2010,rocky_view,0269,ROCKY VIEW COUNTY,EA,08270,Mach & Equip Subtotal,543818500,fir_zip_2009_2016.zip:2010_Financial_Year.xlsx#EA(1)-Assessment
2010,rocky_view,0269,ROCKY VIEW COUNTY,EA,08275,Non Residential Subtotal,1097833799,fir_zip_2009_2016.zip:2010_Financial_Year.xlsx#EA(1)-Assessment
2010,rocky_view,0269,ROCKY VIEW COUNTY,EA,08280,Residential Subtotal,10726320001,fir_zip_2009_2016.zip:2010_Financial_Year.xlsx#EA(1)-Assessment
2010,rocky_view,0269,ROCKY VIEW COUNTY,EA,08285,Farmland,155661020,fir_zip_2009_2016.zip:2010_Financial_Year.xlsx#EA(1)-Assessment
2010,rocky_view,0269,ROCKY VIEW COUNTY,EA,08290,Non Residential Railway,3071990,fir_zip_2009_2016.zip:2010_Financial_Year.xlsx#EA(1)-Assessment
2010,rocky_view,0269,ROCKY VIEW COUNTY,EA,08295,NR Res. Co-generating M&E,,fir_zip_2009_2016.zip:2010_Financial_Year.xlsx#EA(1)-Assessment
2010,rocky_view,0269,ROCKY VIEW COUNTY,POPL,POPL,Population,34597,fir_zip_2009_2016.zip:2010_Financial_Year.xlsx#POPL(1)-Population
2010,spruce_grove,0291,SPRUCE GROVE,D,01910,Provincial Government Unconditional Transfers,0,fir_zip_2009_2016.zip:2010_Financial_Year.xlsx#D(1)-Total
2010,spruce_grove,0291,SPRUCE GROVE,D,01920,Provincial Government Conditional Transfers,10314411,fir_zip_2009_2016.zip:2010_Financial_Year.xlsx#D(1)-Total
2010,spruce_grove,0291,SPRUCE GROVE,EA,08260,GRAND TOTAL,3492386304,fir_zip_2009_2016.zip:2010_Financial_Year.xlsx#EA(1)-Assessment
2010,spruce_grove,0291,SPRUCE GROVE,EA,08265,Linear Subtotal,31743230,fir_zip_2009_2016.zip:2010_Financial_Year.xlsx#EA(1)-Assessment
2010,spruce_grove,0291,SPRUCE GROVE,EA,08270,Mach & Equip Subtotal,,fir_zip_2009_2016.zip:2010_Financial_Year.xlsx#EA(1)-Assessment
2010,spruce_grove,0291,SPRUCE GROVE,EA,08275,Non Residential Subtotal,474032777,fir_zip_2009_2016.zip:2010_Financial_Year.xlsx#EA(1)-Assessment
2010,spruce_grove,0291,SPRUCE GROVE,EA,08280,Residential Subtotal,2985127497,fir_zip_2009_2016.zip:2010_Financial_Year.xlsx#EA(1)-Assessment
2010,spruce_grove,0291,SPRUCE GROVE,EA,08285,Farmland,780800,fir_zip_2009_2016.zip:2010_Financial_Year.xlsx#EA(1)-Assessment
2010,spruce_grove,0291,SPRUCE GROVE,EA,08290,Non Residential Railway,702000,fir_zip_2009_2016.zip:2010_Financial_Year.xlsx#EA(1)-Assessment
2010,spruce_grove,0291,SPRUCE GROVE,EA,08295,NR Res. Co-generating M&E,,fir_zip_2009_2016.zip:2010_Financial_Year.xlsx#EA(1)-Assessment
2010,spruce_grove,0291,SPRUCE GROVE,POPL,POPL,Population,24646,fir_zip_2009_2016.zip:2010_Financial_Year.xlsx#POPL(1)-Population
2010,st_albert,0292,ST. ALBERT,D,01910,Provincial Government Unconditional Transfers,199593,fir_zip_2009_2016.zip:2010_Financial_Year.xlsx#D(1)-Total
2010,st_albert,0292,ST. ALBERT,D,01920,Provincial Government Conditional Transfers,41246437,fir_zip_2009_2016.zip:2010_Financial_Year.xlsx#D(1)-Total
2010,st_albert,0292,ST. ALBERT,EA,08260,GRAND TOTAL,9665070892,fir_zip_2009_2016.zip:2010_Financial_Year.xlsx#EA(1)-Assessment
2010,st_albert,0292,ST. ALBERT,EA,08265,Linear Subtotal,80571180,fir_zip_2009_2016.zip:2010_Financial_Year.xlsx#EA(1)-Assessment
2010,st_albert,0292,ST. ALBERT,EA,08270,Mach & Equip Subtotal,15833300,fir_zip_2009_2016.zip:2010_Financial_Year.xlsx#EA(1)-Assessment
2010,st_albert,0292,ST. ALBERT,EA,08275,Non Residential Subtotal,951702891,fir_zip_2009_2016.zip:2010_Financial_Year.xlsx#EA(1)-Assessment
2010,st_albert,0292,ST. ALBERT,EA,08280,Residential Subtotal,8614571061,fir_zip_2009_2016.zip:2010_Financial_Year.xlsx#EA(1)-Assessment
2010,st_albert,0292,ST. ALBERT,EA,08285,Farmland,2239660,fir_zip_2009_2016.zip:2010_Financial_Year.xlsx#EA(1)-Assessment
2010,st_albert,0292,ST. ALBERT,EA,08290,Non Residential Railway,152800,fir_zip_2009_2016.zip:2010_Financial_Year.xlsx#EA(1)-Assessment
2010,st_albert,0292,ST. ALBERT,EA,08295,NR Res. Co-generating M&E,,fir_zip_2009_2016.zip:2010_Financial_Year.xlsx#EA(1)-Assessment
2010,st_albert,0292,ST. ALBERT,POPL,POPL,Population,60138,fir_zip_2009_2016.zip:2010_Financial_Year.xlsx#POPL(1)-Population
2010,stony_plain,0301,STONY PLAIN,D,01910,Provincial Government Unconditional Transfers,0,fir_zip_2009_2016.zip:2010_Financial_Year.xlsx#D(1)-Total
2010,stony_plain,0301,STONY PLAIN,D,01920,Provincial Government Conditional Transfers,7152026,fir_zip_2009_2016.zip:2010_Financial_Year.xlsx#D(1)-Total
2010,stony_plain,0301,STONY PLAIN,EA,08260,GRAND TOTAL,2102793096,fir_zip_2009_2016.zip:2010_Financial_Year.xlsx#EA(1)-Assessment
2010,stony_plain,0301,STONY PLAIN,EA,08265,Linear Subtotal,21324690,fir_zip_2009_2016.zip:2010_Financial_Year.xlsx#EA(1)-Assessment
2010,stony_plain,0301,STONY PLAIN,EA,08270,Mach & Equip Subtotal,701490,fir_zip_2009_2016.zip:2010_Financial_Year.xlsx#EA(1)-Assessment
2010,stony_plain,0301,STONY PLAIN,EA,08275,Non Residential Subtotal,208472513,fir_zip_2009_2016.zip:2010_Financial_Year.xlsx#EA(1)-Assessment
2010,stony_plain,0301,STONY PLAIN,EA,08280,Residential Subtotal,1869508013,fir_zip_2009_2016.zip:2010_Financial_Year.xlsx#EA(1)-Assessment
2010,stony_plain,0301,STONY PLAIN,EA,08285,Farmland,1059860,fir_zip_2009_2016.zip:2010_Financial_Year.xlsx#EA(1)-Assessment
2010,stony_plain,0301,STONY PLAIN,EA,08290,Non Residential Railway,1726530,fir_zip_2009_2016.zip:2010_Financial_Year.xlsx#EA(1)-Assessment
2010,stony_plain,0301,STONY PLAIN,EA,08295,NR Res. Co-generating M&E,,fir_zip_2009_2016.zip:2010_Financial_Year.xlsx#EA(1)-Assessment
2010,stony_plain,0301,STONY PLAIN,POPL,POPL,Population,14177,fir_zip_2009_2016.zip:2010_Financial_Year.xlsx#POPL(1)-Population
2010,strathcona,0302,STRATHCONA COUNTY,D,01910,Provincial Government Unconditional Transfers,0,fir_zip_2009_2016.zip:2010_Financial_Year.xlsx#D(1)-Total
2010,strathcona,0302,STRATHCONA COUNTY,D,01920,Provincial Government Conditional Transfers,34465774,fir_zip_2009_2016.zip:2010_Financial_Year.xlsx#D(1)-Total
2010,strathcona,0302,STRATHCONA COUNTY,EA,08260,GRAND TOTAL,24677471408,fir_zip_2009_2016.zip:2010_Financial_Year.xlsx#EA(1)-Assessment
2010,strathcona,0302,STRATHCONA COUNTY,EA,08265,Linear Subtotal,679640160,fir_zip_2009_2016.zip:2010_Financial_Year.xlsx#EA(1)-Assessment
2010,strathcona,0302,STRATHCONA COUNTY,EA,08270,Mach & Equip Subtotal,6799797000,fir_zip_2009_2016.zip:2010_Financial_Year.xlsx#EA(1)-Assessment
2010,strathcona,0302,STRATHCONA COUNTY,EA,08275,Non Residential Subtotal,2729347054,fir_zip_2009_2016.zip:2010_Financial_Year.xlsx#EA(1)-Assessment
2010,strathcona,0302,STRATHCONA COUNTY,EA,08280,Residential Subtotal,14424999674,fir_zip_2009_2016.zip:2010_Financial_Year.xlsx#EA(1)-Assessment
2010,strathcona,0302,STRATHCONA COUNTY,EA,08285,Farmland,34303520,fir_zip_2009_2016.zip:2010_Financial_Year.xlsx#EA(1)-Assessment
2010,strathcona,0302,STRATHCONA COUNTY,EA,08290,Non Residential Railway,9384000,fir_zip_2009_2016.zip:2010_Financial_Year.xlsx#EA(1)-Assessment
2010,strathcona,0302,STRATHCONA COUNTY,EA,08295,NR Res. Co-generating M&E,,fir_zip_2009_2016.zip:2010_Financial_Year.xlsx#EA(1)-Assessment
2010,strathcona,0302,STRATHCONA COUNTY,POPL,POPL,Population,87998,fir_zip_2009_2016.zip:2010_Financial_Year.xlsx#POPL(1)-Population
2010,sturgeon,0305,STURGEON COUNTY,D,01910,Provincial Government Unconditional Transfers,10225858,fir_zip_2009_2016.zip:2010_Financial_Year.xlsx#D(1)-Total
2010,sturgeon,0305,STURGEON COUNTY,D,01920,Provincial Government Conditional Transfers,0,fir_zip_2009_2016.zip:2010_Financial_Year.xlsx#D(1)-Total
2010,sturgeon,0305,STURGEON COUNTY,EA,08260,GRAND TOTAL,4876450908,fir_zip_2009_2016.zip:2010_Financial_Year.xlsx#EA(1)-Assessment
2010,sturgeon,0305,STURGEON COUNTY,EA,08265,Linear Subtotal,423401990,fir_zip_2009_2016.zip:2010_Financial_Year.xlsx#EA(1)-Assessment
2010,sturgeon,0305,STURGEON COUNTY,EA,08270,Mach & Equip Subtotal,729890070,fir_zip_2009_2016.zip:2010_Financial_Year.xlsx#EA(1)-Assessment
2010,sturgeon,0305,STURGEON COUNTY,EA,08275,Non Residential Subtotal,635106173,fir_zip_2009_2016.zip:2010_Financial_Year.xlsx#EA(1)-Assessment
2010,sturgeon,0305,STURGEON COUNTY,EA,08280,Residential Subtotal,3004735005,fir_zip_2009_2016.zip:2010_Financial_Year.xlsx#EA(1)-Assessment
2010,sturgeon,0305,STURGEON COUNTY,EA,08285,Farmland,79815190,fir_zip_2009_2016.zip:2010_Financial_Year.xlsx#EA(1)-Assessment
2010,sturgeon,0305,STURGEON COUNTY,EA,08290,Non Residential Railway,3502480,fir_zip_2009_2016.zip:2010_Financial_Year.xlsx#EA(1)-Assessment
2010,sturgeon,0305,STURGEON COUNTY,EA,08295,NR Res. Co-generating M&E,,fir_zip_2009_2016.zip:2010_Financial_Year.xlsx#EA(1)-Assessment
2010,sturgeon,0305,STURGEON COUNTY,POPL,POPL,Population,19165,fir_zip_2009_2016.zip:2010_Financial_Year.xlsx#POPL(1)-Population
2010,chestermere,0356,CHESTERMERE,D,01910,Provincial Government Unconditional Transfers,0,fir_zip_2009_2016.zip:2010_Financial_Year.xlsx#D(1)-Total
2010,chestermere,0356,CHESTERMERE,D,01920,Provincial Government Conditional Transfers,9223633,fir_zip_2009_2016.zip:2010_Financial_Year.xlsx#D(1)-Total
2010,chestermere,0356,CHESTERMERE,EA,08260,GRAND TOTAL,2321884293,fir_zip_2009_2016.zip:2010_Financial_Year.xlsx#EA(1)-Assessment
2010,chestermere,0356,CHESTERMERE,EA,08265,Linear Subtotal,13061610,fir_zip_2009_2016.zip:2010_Financial_Year.xlsx#EA(1)-Assessment
2010,chestermere,0356,CHESTERMERE,EA,08270,Mach & Equip Subtotal,29970,fir_zip_2009_2016.zip:2010_Financial_Year.xlsx#EA(1)-Assessment
2010,chestermere,0356,CHESTERMERE,EA,08275,Non Residential Subtotal,55241180,fir_zip_2009_2016.zip:2010_Financial_Year.xlsx#EA(1)-Assessment
2010,chestermere,0356,CHESTERMERE,EA,08280,Residential Subtotal,2253471333,fir_zip_2009_2016.zip:2010_Financial_Year.xlsx#EA(1)-Assessment
2010,chestermere,0356,CHESTERMERE,EA,08285,Farmland,80200,fir_zip_2009_2016.zip:2010_Financial_Year.xlsx#EA(1)-Assessment
2010,chestermere,0356,CHESTERMERE,EA,08290,Non Residential Railway,,fir_zip_2009_2016.zip:2010_Financial_Year.xlsx#EA(1)-Assessment
2010,chestermere,0356,CHESTERMERE,EA,08295,NR Res. Co-generating M&E,,fir_zip_2009_2016.zip:2010_Financial_Year.xlsx#EA(1)-Assessment
2010,chestermere,0356,CHESTERMERE,POPL,POPL,Population,14285,fir_zip_2009_2016.zip:2010_Financial_Year.xlsx#POPL(1)-Population
2011,airdrie,0003,AIRDRIE,D,01910,Provincial Government Unconditional Transfers,541205,fir_zip_2009_2016.zip:2011_Financial_Year.xlsx#D(1)-Total
2011,airdrie,0003,AIRDRIE,D,01920,Provincial Government Conditional Transfers,18985118,fir_zip_2009_2016.zip:2011_Financial_Year.xlsx#D(1)-Total
2011,airdrie,0003,AIRDRIE,EA,08260,GRAND TOTAL,5819653852,fir_zip_2009_2016.zip:2011_Financial_Year.xlsx#EA(1)-Assessment
2011,airdrie,0003,AIRDRIE,EA,08265,Linear Subtotal,45506880,fir_zip_2009_2016.zip:2011_Financial_Year.xlsx#EA(1)-Assessment
2011,airdrie,0003,AIRDRIE,EA,08270,Mach & Equip Subtotal,4296600,fir_zip_2009_2016.zip:2011_Financial_Year.xlsx#EA(1)-Assessment
2011,airdrie,0003,AIRDRIE,EA,08275,Non Residential Subtotal,867864671,fir_zip_2009_2016.zip:2011_Financial_Year.xlsx#EA(1)-Assessment
2011,airdrie,0003,AIRDRIE,EA,08280,Residential Subtotal,4900675101,fir_zip_2009_2016.zip:2011_Financial_Year.xlsx#EA(1)-Assessment
2011,airdrie,0003,AIRDRIE,EA,08285,Farmland,761600,fir_zip_2009_2016.zip:2011_Financial_Year.xlsx#EA(1)-Assessment
2011,airdrie,0003,AIRDRIE,EA,08290,Non Residential Railway,549000,fir_zip_2009_2016.zip:2011_Financial_Year.xlsx#EA(1)-Assessment
2011,airdrie,0003,AIRDRIE,EA,08295,NR Res. Co-generating M&E,,fir_zip_2009_2016.zip:2011_Financial_Year.xlsx#EA(1)-Assessment
2011,airdrie,0003,AIRDRIE,POPL,POPL,Population,43155,fir_zip_2009_2016.zip:2011_Financial_Year.xlsx#POPL(1)-Population
2011,beaumont,0019,BEAUMONT,D,01910,Provincial Government Unconditional Transfers,0,fir_zip_2009_2016.zip:2011_Financial_Year.xlsx#D(1)-Total
2011,beaumont,0019,BEAUMONT,D,01920,Provincial Government Conditional Transfers,12207002,fir_zip_2009_2016.zip:2011_Financial_Year.xlsx#D(1)-Total
2011,beaumont,0019,BEAUMONT,EA,08260,GRAND TOTAL,1666201211,fir_zip_2009_2016.zip:2011_Financial_Year.xlsx#EA(1)-Assessment
2011,beaumont,0019,BEAUMONT,EA,08265,Linear Subtotal,11241560,fir_zip_2009_2016.zip:2011_Financial_Year.xlsx#EA(1)-Assessment
2011,beaumont,0019,BEAUMONT,EA,08270,Mach & Equip Subtotal,47900,fir_zip_2009_2016.zip:2011_Financial_Year.xlsx#EA(1)-Assessment
2011,beaumont,0019,BEAUMONT,EA,08275,Non Residential Subtotal,73204546,fir_zip_2009_2016.zip:2011_Financial_Year.xlsx#EA(1)-Assessment
2011,beaumont,0019,BEAUMONT,EA,08280,Residential Subtotal,1581545605,fir_zip_2009_2016.zip:2011_Financial_Year.xlsx#EA(1)-Assessment
2011,beaumont,0019,BEAUMONT,EA,08285,Farmland,161600,fir_zip_2009_2016.zip:2011_Financial_Year.xlsx#EA(1)-Assessment
2011,beaumont,0019,BEAUMONT,EA,08290,Non Residential Railway,,fir_zip_2009_2016.zip:2011_Financial_Year.xlsx#EA(1)-Assessment
2011,beaumont,0019,BEAUMONT,EA,08295,NR Res. Co-generating M&E,,fir_zip_2009_2016.zip:2011_Financial_Year.xlsx#EA(1)-Assessment
2011,beaumont,0019,BEAUMONT,POPL,POPL,Population,13287,fir_zip_2009_2016.zip:2011_Financial_Year.xlsx#POPL(1)-Population
2011,calgary,0046,CALGARY,D,01910,Provincial Government Unconditional Transfers,2023000,fir_zip_2009_2016.zip:2011_Financial_Year.xlsx#D(1)-Total
2011,calgary,0046,CALGARY,D,01920,Provincial Government Conditional Transfers,569487000,fir_zip_2009_2016.zip:2011_Financial_Year.xlsx#D(1)-Total
2011,calgary,0046,CALGARY,EA,08260,GRAND TOTAL,201714563970,fir_zip_2009_2016.zip:2011_Financial_Year.xlsx#EA(1)-Assessment
2011,calgary,0046,CALGARY,EA,08265,Linear Subtotal,1765209930,fir_zip_2009_2016.zip:2011_Financial_Year.xlsx#EA(1)-Assessment
2011,calgary,0046,CALGARY,EA,08270,Mach & Equip Subtotal,295654120,fir_zip_2009_2016.zip:2011_Financial_Year.xlsx#EA(1)-Assessment
2011,calgary,0046,CALGARY,EA,08275,Non Residential Subtotal,48767613618,fir_zip_2009_2016.zip:2011_Financial_Year.xlsx#EA(1)-Assessment
2011,calgary,0046,CALGARY,EA,08280,Residential Subtotal,150694214971,fir_zip_2009_2016.zip:2011_Financial_Year.xlsx#EA(1)-Assessment
2011,calgary,0046,CALGARY,EA,08285,Farmland,11466498,fir_zip_2009_2016.zip:2011_Financial_Year.xlsx#EA(1)-Assessment
2011,calgary,0046,CALGARY,EA,08290,Non Residential Railway,180404833,fir_zip_2009_2016.zip:2011_Financial_Year.xlsx#EA(1)-Assessment
2011,calgary,0046,CALGARY,EA,08295,NR Res. Co-generating M&E,,fir_zip_2009_2016.zip:2011_Financial_Year.xlsx#EA(1)-Assessment
2011,calgary,0046,CALGARY,POPL,POPL,Population,1090936,fir_zip_2009_2016.zip:2011_Financial_Year.xlsx#POPL(1)-Population
2011,cochrane,0070,COCHRANE,D,01910,Provincial Government Unconditional Transfers,0,fir_zip_2009_2016.zip:2011_Financial_Year.xlsx#D(1)-Total
2011,cochrane,0070,COCHRANE,D,01920,Provincial Government Conditional Transfers,8825123,fir_zip_2009_2016.zip:2011_Financial_Year.xlsx#D(1)-Total
2011,cochrane,0070,COCHRANE,EA,08260,GRAND TOTAL,3019638771,fir_zip_2009_2016.zip:2011_Financial_Year.xlsx#EA(1)-Assessment
2011,cochrane,0070,COCHRANE,EA,08265,Linear Subtotal,25825960,fir_zip_2009_2016.zip:2011_Financial_Year.xlsx#EA(1)-Assessment
2011,cochrane,0070,COCHRANE,EA,08270,Mach & Equip Subtotal,5471400,fir_zip_2009_2016.zip:2011_Financial_Year.xlsx#EA(1)-Assessment
2011,cochrane,0070,COCHRANE,EA,08275,Non Residential Subtotal,359772539,fir_zip_2009_2016.zip:2011_Financial_Year.xlsx#EA(1)-Assessment
2011,cochrane,0070,COCHRANE,EA,08280,Residential Subtotal,2626935062,fir_zip_2009_2016.zip:2011_Financial_Year.xlsx#EA(1)-Assessment
2011,cochrane,0070,COCHRANE,EA,08285,Farmland,345210,fir_zip_2009_2016.zip:2011_Financial_Year.xlsx#EA(1)-Assessment
2011,cochrane,0070,COCHRANE,EA,08290,Non Residential Railway,1288600,fir_zip_2009_2016.zip:2011_Financial_Year.xlsx#EA(1)-Assessment
2011,cochrane,0070,COCHRANE,EA,08295,NR Res. Co-generating M&E,,fir_zip_2009_2016.zip:2011_Financial_Year.xlsx#EA(1)-Assessment
2011,cochrane,0070,COCHRANE,POPL,POPL,Population,15424,fir_zip_2009_2016.zip:2011_Financial_Year.xlsx#POPL(1)-Population
2011,devon,0086,DEVON,D,01910,Provincial Government Unconditional Transfers,594897,fir_zip_2009_2016.zip:2011_Financial_Year.xlsx#D(1)-Total
2011,devon,0086,DEVON,D,01920,Provincial Government Conditional Transfers,4521783,fir_zip_2009_2016.zip:2011_Financial_Year.xlsx#D(1)-Total
2011,devon,0086,DEVON,EA,08260,GRAND TOTAL,724978741,fir_zip_2009_2016.zip:2011_Financial_Year.xlsx#EA(1)-Assessment
2011,devon,0086,DEVON,EA,08265,Linear Subtotal,13597710,fir_zip_2009_2016.zip:2011_Financial_Year.xlsx#EA(1)-Assessment
2011,devon,0086,DEVON,EA,08270,Mach & Equip Subtotal,512830,fir_zip_2009_2016.zip:2011_Financial_Year.xlsx#EA(1)-Assessment
2011,devon,0086,DEVON,EA,08275,Non Residential Subtotal,77573544,fir_zip_2009_2016.zip:2011_Financial_Year.xlsx#EA(1)-Assessment
2011,devon,0086,DEVON,EA,08280,Residential Subtotal,633071277,fir_zip_2009_2016.zip:2011_Financial_Year.xlsx#EA(1)-Assessment
2011,devon,0086,DEVON,EA,08285,Farmland,223380,fir_zip_2009_2016.zip:2011_Financial_Year.xlsx#EA(1)-Assessment
2011,devon,0086,DEVON,EA,08290,Non Residential Railway,,fir_zip_2009_2016.zip:2011_Financial_Year.xlsx#EA(1)-Assessment
2011,devon,0086,DEVON,EA,08295,NR Res. Co-generating M&E,,fir_zip_2009_2016.zip:2011_Financial_Year.xlsx#EA(1)-Assessment
2011,devon,0086,DEVON,POPL,POPL,Population,6534,fir_zip_2009_2016.zip:2011_Financial_Year.xlsx#POPL(1)-Population
2011,edmonton,0098,EDMONTON,D,01910,Provincial Government Unconditional Transfers,0,fir_zip_2009_2016.zip:2011_Financial_Year.xlsx#D(1)-Total
2011,edmonton,0098,EDMONTON,D,01920,Provincial Government Conditional Transfers,520927000,fir_zip_2009_2016.zip:2011_Financial_Year.xlsx#D(1)-Total
2011,edmonton,0098,EDMONTON,EA,08260,GRAND TOTAL,122937544535,fir_zip_2009_2016.zip:2011_Financial_Year.xlsx#EA(1)-Assessment
2011,edmonton,0098,EDMONTON,EA,08265,Linear Subtotal,1505847290,fir_zip_2009_2016.zip:2011_Financial_Year.xlsx#EA(1)-Assessment
2011,edmonton,0098,EDMONTON,EA,08270,Mach & Equip Subtotal,961906997,fir_zip_2009_2016.zip:2011_Financial_Year.xlsx#EA(1)-Assessment
2011,edmonton,0098,EDMONTON,EA,08275,Non Residential Subtotal,30809313404,fir_zip_2009_2016.zip:2011_Financial_Year.xlsx#EA(1)-Assessment
2011,edmonton,0098,EDMONTON,EA,08280,Residential Subtotal,89619024130,fir_zip_2009_2016.zip:2011_Financial_Year.xlsx#EA(1)-Assessment
2011,edmonton,0098,EDMONTON,EA,08285,Farmland,30362132,fir_zip_2009_2016.zip:2011_Financial_Year.xlsx#EA(1)-Assessment
2011,edmonton,0098,EDMONTON,EA,08290,Non Residential Railway,10888582,fir_zip_2009_2016.zip:2011_Financial_Year.xlsx#EA(1)-Assessment
2011,edmonton,0098,EDMONTON,EA,08295,NR Res. Co-generating M&E,202000,fir_zip_2009_2016.zip:2011_Financial_Year.xlsx#EA(1)-Assessment
2011,edmonton,0098,EDMONTON,POPL,POPL,Population,782439,fir_zip_2009_2016.zip:2011_Financial_Year.xlsx#POPL(1)-Population
2011,foothills,0111,FOOTHILLS COUNTY,D,01910,Provincial Government Unconditional Transfers,0,fir_zip_2009_2016.zip:2011_Financial_Year.xlsx#D(1)-Total
2011,foothills,0111,FOOTHILLS COUNTY,D,01920,Provincial Government Conditional Transfers,18377221,fir_zip_2009_2016.zip:2011_Financial_Year.xlsx#D(1)-Total
2011,foothills,0111,FOOTHILLS COUNTY,EA,08260,GRAND TOTAL,6684875807,fir_zip_2009_2016.zip:2011_Financial_Year.xlsx#EA(1)-Assessment
2011,foothills,0111,FOOTHILLS COUNTY,EA,08265,Linear Subtotal,465606690,fir_zip_2009_2016.zip:2011_Financial_Year.xlsx#EA(1)-Assessment
2011,foothills,0111,FOOTHILLS COUNTY,EA,08270,Mach & Equip Subtotal,231832380,fir_zip_2009_2016.zip:2011_Financial_Year.xlsx#EA(1)-Assessment
2011,foothills,0111,FOOTHILLS COUNTY,EA,08275,Non Residential Subtotal,377221472,fir_zip_2009_2016.zip:2011_Financial_Year.xlsx#EA(1)-Assessment
2011,foothills,0111,FOOTHILLS COUNTY,EA,08280,Residential Subtotal,5469448465,fir_zip_2009_2016.zip:2011_Financial_Year.xlsx#EA(1)-Assessment
2011,foothills,0111,FOOTHILLS COUNTY,EA,08285,Farmland,139645140,fir_zip_2009_2016.zip:2011_Financial_Year.xlsx#EA(1)-Assessment
2011,foothills,0111,FOOTHILLS COUNTY,EA,08290,Non Residential Railway,1121660,fir_zip_2009_2016.zip:2011_Financial_Year.xlsx#EA(1)-Assessment
2011,foothills,0111,FOOTHILLS COUNTY,EA,08295,NR Res. Co-generating M&E,,fir_zip_2009_2016.zip:2011_Financial_Year.xlsx#EA(1)-Assessment
2011,foothills,0111,FOOTHILLS COUNTY,POPL,POPL,Population,19736,fir_zip_2009_2016.zip:2011_Financial_Year.xlsx#POPL(1)-Population
2011,fort_saskatchewan,0117,FORT SASKATCHEWAN,D,01910,Provincial Government Unconditional Transfers,3702604,fir_zip_2009_2016.zip:2011_Financial_Year.xlsx#D(1)-Total
2011,fort_saskatchewan,0117,FORT SASKATCHEWAN,D,01920,Provincial Government Conditional Transfers,2590504,fir_zip_2009_2016.zip:2011_Financial_Year.xlsx#D(1)-Total
2011,fort_saskatchewan,0117,FORT SASKATCHEWAN,EA,08260,GRAND TOTAL,4188338135,fir_zip_2009_2016.zip:2011_Financial_Year.xlsx#EA(1)-Assessment
2011,fort_saskatchewan,0117,FORT SASKATCHEWAN,EA,08265,Linear Subtotal,100423730,fir_zip_2009_2016.zip:2011_Financial_Year.xlsx#EA(1)-Assessment
2011,fort_saskatchewan,0117,FORT SASKATCHEWAN,EA,08270,Mach & Equip Subtotal,1160808700,fir_zip_2009_2016.zip:2011_Financial_Year.xlsx#EA(1)-Assessment
2011,fort_saskatchewan,0117,FORT SASKATCHEWAN,EA,08275,Non Residential Subtotal,713055888,fir_zip_2009_2016.zip:2011_Financial_Year.xlsx#EA(1)-Assessment
2011,fort_saskatchewan,0117,FORT SASKATCHEWAN,EA,08280,Residential Subtotal,2211907787,fir_zip_2009_2016.zip:2011_Financial_Year.xlsx#EA(1)-Assessment
2011,fort_saskatchewan,0117,FORT SASKATCHEWAN,EA,08285,Farmland,1267500,fir_zip_2009_2016.zip:2011_Financial_Year.xlsx#EA(1)-Assessment
2011,fort_saskatchewan,0117,FORT SASKATCHEWAN,EA,08290,Non Residential Railway,874530,fir_zip_2009_2016.zip:2011_Financial_Year.xlsx#EA(1)-Assessment
2011,fort_saskatchewan,0117,FORT SASKATCHEWAN,EA,08295,NR Res. Co-generating M&E,,fir_zip_2009_2016.zip:2011_Financial_Year.xlsx#EA(1)-Assessment
2011,fort_saskatchewan,0117,FORT SASKATCHEWAN,POPL,POPL,Population,18653,fir_zip_2009_2016.zip:2011_Financial_Year.xlsx#POPL(1)-Population
2011,high_river,0148,HIGH RIVER,D,01910,Provincial Government Unconditional Transfers,1580796,fir_zip_2009_2016.zip:2011_Financial_Year.xlsx#D(1)-Total
2011,high_river,0148,HIGH RIVER,D,01920,Provincial Government Conditional Transfers,2291190,fir_zip_2009_2016.zip:2011_Financial_Year.xlsx#D(1)-Total
2011,high_river,0148,HIGH RIVER,EA,08260,GRAND TOTAL,1792028780,fir_zip_2009_2016.zip:2011_Financial_Year.xlsx#EA(1)-Assessment
2011,high_river,0148,HIGH RIVER,EA,08265,Linear Subtotal,15448900,fir_zip_2009_2016.zip:2011_Financial_Year.xlsx#EA(1)-Assessment
2011,high_river,0148,HIGH RIVER,EA,08270,Mach & Equip Subtotal,,fir_zip_2009_2016.zip:2011_Financial_Year.xlsx#EA(1)-Assessment
2011,high_river,0148,HIGH RIVER,EA,08275,Non Residential Subtotal,240679245,fir_zip_2009_2016.zip:2011_Financial_Year.xlsx#EA(1)-Assessment
2011,high_river,0148,HIGH RIVER,EA,08280,Residential Subtotal,1535544635,fir_zip_2009_2016.zip:2011_Financial_Year.xlsx#EA(1)-Assessment
2011,high_river,0148,HIGH RIVER,EA,08285,Farmland,337000,fir_zip_2009_2016.zip:2011_Financial_Year.xlsx#EA(1)-Assessment
2011,high_river,0148,HIGH RIVER,EA,08290,Non Residential Railway,19000,fir_zip_2009_2016.zip:2011_Financial_Year.xlsx#EA(1)-Assessment
2011,high_river,0148,HIGH RIVER,EA,08295,NR Res. Co-generating M&E,,fir_zip_2009_2016.zip:2011_Financial_Year.xlsx#EA(1)-Assessment
2011,high_river,0148,HIGH RIVER,POPL,POPL,Population,11783,fir_zip_2009_2016.zip:2011_Financial_Year.xlsx#POPL(1)-Population
2011,leduc_city,0200,LEDUC,D,01910,Provincial Government Unconditional Transfers,1169754,fir_zip_2009_2016.zip:2011_Financial_Year.xlsx#D(1)-Total
2011,leduc_city,0200,LEDUC,D,01920,Provincial Government Conditional Transfers,8961232,fir_zip_2009_2016.zip:2011_Financial_Year.xlsx#D(1)-Total
2011,leduc_city,0200,LEDUC,EA,08260,GRAND TOTAL,3566434500,fir_zip_2009_2016.zip:2011_Financial_Year.xlsx#EA(1)-Assessment
2011,leduc_city,0200,LEDUC,EA,08265,Linear Subtotal,30839290,fir_zip_2009_2016.zip:2011_Financial_Year.xlsx#EA(1)-Assessment
2011,leduc_city,0200,LEDUC,EA,08270,Mach & Equip Subtotal,7473350,fir_zip_2009_2016.zip:2011_Financial_Year.xlsx#EA(1)-Assessment
2011,leduc_city,0200,LEDUC,EA,08275,Non Residential Subtotal,924147867,fir_zip_2009_2016.zip:2011_Financial_Year.xlsx#EA(1)-Assessment
2011,leduc_city,0200,LEDUC,EA,08280,Residential Subtotal,2601315723,fir_zip_2009_2016.zip:2011_Financial_Year.xlsx#EA(1)-Assessment
2011,leduc_city,0200,LEDUC,EA,08285,Farmland,2007230,fir_zip_2009_2016.zip:2011_Financial_Year.xlsx#EA(1)-Assessment
2011,leduc_city,0200,LEDUC,EA,08290,Non Residential Railway,651040,fir_zip_2009_2016.zip:2011_Financial_Year.xlsx#EA(1)-Assessment
2011,leduc_city,0200,LEDUC,EA,08295,NR Res. Co-generating M&E,,fir_zip_2009_2016.zip:2011_Financial_Year.xlsx#EA(1)-Assessment
2011,leduc_city,0200,LEDUC,POPL,POPL,Population,24139,fir_zip_2009_2016.zip:2011_Financial_Year.xlsx#POPL(1)-Population
2011,leduc_county,0201,LEDUC COUNTY,D,01910,Provincial Government Unconditional Transfers,60857,fir_zip_2009_2016.zip:2011_Financial_Year.xlsx#D(1)-Total
2011,leduc_county,0201,LEDUC COUNTY,D,01920,Provincial Government Conditional Transfers,7951429,fir_zip_2009_2016.zip:2011_Financial_Year.xlsx#D(1)-Total
2011,leduc_county,0201,LEDUC COUNTY,EA,08260,GRAND TOTAL,5522400791,fir_zip_2009_2016.zip:2011_Financial_Year.xlsx#EA(1)-Assessment
2011,leduc_county,0201,LEDUC COUNTY,EA,08265,Linear Subtotal,1241809030,fir_zip_2009_2016.zip:2011_Financial_Year.xlsx#EA(1)-Assessment
2011,leduc_county,0201,LEDUC COUNTY,EA,08270,Mach & Equip Subtotal,120611540,fir_zip_2009_2016.zip:2011_Financial_Year.xlsx#EA(1)-Assessment
2011,leduc_county,0201,LEDUC COUNTY,EA,08275,Non Residential Subtotal,2173779254,fir_zip_2009_2016.zip:2011_Financial_Year.xlsx#EA(1)-Assessment
2011,leduc_county,0201,LEDUC COUNTY,EA,08280,Residential Subtotal,1890912987,fir_zip_2009_2016.zip:2011_Financial_Year.xlsx#EA(1)-Assessment
2011,leduc_county,0201,LEDUC COUNTY,EA,08285,Farmland,92773470,fir_zip_2009_2016.zip:2011_Financial_Year.xlsx#EA(1)-Assessment
2011,leduc_county,0201,LEDUC COUNTY,EA,08290,Non Residential Railway,2514510,fir_zip_2009_2016.zip:2011_Financial_Year.xlsx#EA(1)-Assessment
2011,leduc_county,0201,LEDUC COUNTY,EA,08295,NR Res. Co-generating M&E,,fir_zip_2009_2016.zip:2011_Financial_Year.xlsx#EA(1)-Assessment
2011,leduc_county,0201,LEDUC COUNTY,POPL,POPL,Population,13260,fir_zip_2009_2016.zip:2011_Financial_Year.xlsx#POPL(1)-Population
2011,morinville,0224,MORINVILLE,D,01910,Provincial Government Unconditional Transfers,0,fir_zip_2009_2016.zip:2011_Financial_Year.xlsx#D(1)-Total
2011,morinville,0224,MORINVILLE,D,01920,Provincial Government Conditional Transfers,5172481,fir_zip_2009_2016.zip:2011_Financial_Year.xlsx#D(1)-Total
2011,morinville,0224,MORINVILLE,EA,08260,GRAND TOTAL,949493814,fir_zip_2009_2016.zip:2011_Financial_Year.xlsx#EA(1)-Assessment
2011,morinville,0224,MORINVILLE,EA,08265,Linear Subtotal,9858420,fir_zip_2009_2016.zip:2011_Financial_Year.xlsx#EA(1)-Assessment
2011,morinville,0224,MORINVILLE,EA,08270,Mach & Equip Subtotal,2052730,fir_zip_2009_2016.zip:2011_Financial_Year.xlsx#EA(1)-Assessment
2011,morinville,0224,MORINVILLE,EA,08275,Non Residential Subtotal,102005908,fir_zip_2009_2016.zip:2011_Financial_Year.xlsx#EA(1)-Assessment
2011,morinville,0224,MORINVILLE,EA,08280,Residential Subtotal,835219176,fir_zip_2009_2016.zip:2011_Financial_Year.xlsx#EA(1)-Assessment
2011,morinville,0224,MORINVILLE,EA,08285,Farmland,282780,fir_zip_2009_2016.zip:2011_Financial_Year.xlsx#EA(1)-Assessment
2011,morinville,0224,MORINVILLE,EA,08290,Non Residential Railway,74800,fir_zip_2009_2016.zip:2011_Financial_Year.xlsx#EA(1)-Assessment
2011,morinville,0224,MORINVILLE,EA,08295,NR Res. Co-generating M&E,,fir_zip_2009_2016.zip:2011_Financial_Year.xlsx#EA(1)-Assessment
2011,morinville,0224,MORINVILLE,POPL,POPL,Population,8504,fir_zip_2009_2016.zip:2011_Financial_Year.xlsx#POPL(1)-Population
2011,okotoks,0238,OKOTOKS,D,01910,Provincial Government Unconditional Transfers,1606686,fir_zip_2009_2016.zip:2011_Financial_Year.xlsx#D(1)-Total
2011,okotoks,0238,OKOTOKS,D,01920,Provincial Government Conditional Transfers,6331235,fir_zip_2009_2016.zip:2011_Financial_Year.xlsx#D(1)-Total
2011,okotoks,0238,OKOTOKS,EA,08260,GRAND TOTAL,3526290387,fir_zip_2009_2016.zip:2011_Financial_Year.xlsx#EA(1)-Assessment
2011,okotoks,0238,OKOTOKS,EA,08265,Linear Subtotal,22299460,fir_zip_2009_2016.zip:2011_Financial_Year.xlsx#EA(1)-Assessment
2011,okotoks,0238,OKOTOKS,EA,08270,Mach & Equip Subtotal,142300,fir_zip_2009_2016.zip:2011_Financial_Year.xlsx#EA(1)-Assessment
2011,okotoks,0238,OKOTOKS,EA,08275,Non Residential Subtotal,431209939,fir_zip_2009_2016.zip:2011_Financial_Year.xlsx#EA(1)-Assessment
2011,okotoks,0238,OKOTOKS,EA,08280,Residential Subtotal,3072247988,fir_zip_2009_2016.zip:2011_Financial_Year.xlsx#EA(1)-Assessment
2011,okotoks,0238,OKOTOKS,EA,08285,Farmland,211700,fir_zip_2009_2016.zip:2011_Financial_Year.xlsx#EA(1)-Assessment
2011,okotoks,0238,OKOTOKS,EA,08290,Non Residential Railway,179000,fir_zip_2009_2016.zip:2011_Financial_Year.xlsx#EA(1)-Assessment
2011,okotoks,0238,OKOTOKS,EA,08295,NR Res. Co-generating M&E,,fir_zip_2009_2016.zip:2011_Financial_Year.xlsx#EA(1)-Assessment
2011,okotoks,0238,OKOTOKS,POPL,POPL,Population,23981,fir_zip_2009_2016.zip:2011_Financial_Year.xlsx#POPL(1)-Population
2011,parkland,0245,PARKLAND COUNTY,D,01910,Provincial Government Unconditional Transfers,0,fir_zip_2009_2016.zip:2011_Financial_Year.xlsx#D(1)-Total
2011,parkland,0245,PARKLAND COUNTY,D,01920,Provincial Government Conditional Transfers,10752253,fir_zip_2009_2016.zip:2011_Financial_Year.xlsx#D(1)-Total
2011,parkland,0245,PARKLAND COUNTY,EA,08260,GRAND TOTAL,6430398145,fir_zip_2009_2016.zip:2011_Financial_Year.xlsx#EA(1)-Assessment
2011,parkland,0245,PARKLAND COUNTY,EA,08265,Linear Subtotal,879214150,fir_zip_2009_2016.zip:2011_Financial_Year.xlsx#EA(1)-Assessment
2011,parkland,0245,PARKLAND COUNTY,EA,08270,Mach & Equip Subtotal,169972900,fir_zip_2009_2016.zip:2011_Financial_Year.xlsx#EA(1)-Assessment
2011,parkland,0245,PARKLAND COUNTY,EA,08275,Non Residential Subtotal,834248661,fir_zip_2009_2016.zip:2011_Financial_Year.xlsx#EA(1)-Assessment
2011,parkland,0245,PARKLAND COUNTY,EA,08280,Residential Subtotal,4488476604,fir_zip_2009_2016.zip:2011_Financial_Year.xlsx#EA(1)-Assessment
2011,parkland,0245,PARKLAND COUNTY,EA,08285,Farmland,44089320,fir_zip_2009_2016.zip:2011_Financial_Year.xlsx#EA(1)-Assessment
2011,parkland,0245,PARKLAND COUNTY,EA,08290,Non Residential Railway,14396510,fir_zip_2009_2016.zip:2011_Financial_Year.xlsx#EA(1)-Assessment
2011,parkland,0245,PARKLAND COUNTY,EA,08295,NR Res. Co-generating M&E,,fir_zip_2009_2016.zip:2011_Financial_Year.xlsx#EA(1)-Assessment
2011,parkland,0245,PARKLAND COUNTY,POPL,POPL,Population,30089,fir_zip_2009_2016.zip:2011_Financial_Year.xlsx#POPL(1)-Population
2011,rocky_view,0269,ROCKY VIEW COUNTY,D,01910,Provincial Government Unconditional Transfers,0,fir_zip_2009_2016.zip:2011_Financial_Year.xlsx#D(1)-Total
2011,rocky_view,0269,ROCKY VIEW COUNTY,D,01920,Provincial Government Conditional Transfers,29056098,fir_zip_2009_2016.zip:2011_Financial_Year.xlsx#D(1)-Total
2011,rocky_view,0269,ROCKY VIEW COUNTY,EA,08260,GRAND TOTAL,13244042555,fir_zip_2009_2016.zip:2011_Financial_Year.xlsx#EA(1)-Assessment
2011,rocky_view,0269,ROCKY VIEW COUNTY,EA,08265,Linear Subtotal,927277210,fir_zip_2009_2016.zip:2011_Financial_Year.xlsx#EA(1)-Assessment
2011,rocky_view,0269,ROCKY VIEW COUNTY,EA,08270,Mach & Equip Subtotal,520169400,fir_zip_2009_2016.zip:2011_Financial_Year.xlsx#EA(1)-Assessment
2011,rocky_view,0269,ROCKY VIEW COUNTY,EA,08275,Non Residential Subtotal,1270606092,fir_zip_2009_2016.zip:2011_Financial_Year.xlsx#EA(1)-Assessment
2011,rocky_view,0269,ROCKY VIEW COUNTY,EA,08280,Residential Subtotal,10358308963,fir_zip_2009_2016.zip:2011_Financial_Year.xlsx#EA(1)-Assessment
2011,rocky_view,0269,ROCKY VIEW COUNTY,EA,08285,Farmland,155535110,fir_zip_2009_2016.zip:2011_Financial_Year.xlsx#EA(1)-Assessment
2011,rocky_view,0269,ROCKY VIEW COUNTY,EA,08290,Non Residential Railway,12145780,fir_zip_2009_2016.zip:2011_Financial_Year.xlsx#EA(1)-Assessment
2011,rocky_view,0269,ROCKY VIEW COUNTY,EA,08295,NR Res. Co-generating M&E,,fir_zip_2009_2016.zip:2011_Financial_Year.xlsx#EA(1)-Assessment
2011,rocky_view,0269,ROCKY VIEW COUNTY,POPL,POPL,Population,34597,fir_zip_2009_2016.zip:2011_Financial_Year.xlsx#POPL(1)-Population
2011,spruce_grove,0291,SPRUCE GROVE,D,01910,Provincial Government Unconditional Transfers,0,fir_zip_2009_2016.zip:2011_Financial_Year.xlsx#D(1)-Total
2011,spruce_grove,0291,SPRUCE GROVE,D,01920,Provincial Government Conditional Transfers,9014573,fir_zip_2009_2016.zip:2011_Financial_Year.xlsx#D(1)-Total
2011,spruce_grove,0291,SPRUCE GROVE,EA,08260,GRAND TOTAL,3388787011,fir_zip_2009_2016.zip:2011_Financial_Year.xlsx#EA(1)-Assessment
2011,spruce_grove,0291,SPRUCE GROVE,EA,08265,Linear Subtotal,28675320,fir_zip_2009_2016.zip:2011_Financial_Year.xlsx#EA(1)-Assessment
2011,spruce_grove,0291,SPRUCE GROVE,EA,08270,Mach & Equip Subtotal,,fir_zip_2009_2016.zip:2011_Financial_Year.xlsx#EA(1)-Assessment
2011,spruce_grove,0291,SPRUCE GROVE,EA,08275,Non Residential Subtotal,465826242,fir_zip_2009_2016.zip:2011_Financial_Year.xlsx#EA(1)-Assessment
2011,spruce_grove,0291,SPRUCE GROVE,EA,08280,Residential Subtotal,2892865949,fir_zip_2009_2016.zip:2011_Financial_Year.xlsx#EA(1)-Assessment
2011,spruce_grove,0291,SPRUCE GROVE,EA,08285,Farmland,771000,fir_zip_2009_2016.zip:2011_Financial_Year.xlsx#EA(1)-Assessment
2011,spruce_grove,0291,SPRUCE GROVE,EA,08290,Non Residential Railway,648500,fir_zip_2009_2016.zip:2011_Financial_Year.xlsx#EA(1)-Assessment
2011,spruce_grove,0291,SPRUCE GROVE,EA,08295,NR Res. Co-generating M&E,,fir_zip_2009_2016.zip:2011_Financial_Year.xlsx#EA(1)-Assessment
2011,spruce_grove,0291,SPRUCE GROVE,POPL,POPL,Population,24646,fir_zip_2009_2016.zip:2011_Financial_Year.xlsx#POPL(1)-Population
2011,st_albert,0292,ST. ALBERT,D,01910,Provincial Government Unconditional Transfers,398852,fir_zip_2009_2016.zip:2011_Financial_Year.xlsx#D(1)-Total
2011,st_albert,0292,ST. ALBERT,D,01920,Provincial Government Conditional Transfers,22364564,fir_zip_2009_2016.zip:2011_Financial_Year.xlsx#D(1)-Total
2011,st_albert,0292,ST. ALBERT,EA,08260,GRAND TOTAL,9025314308,fir_zip_2009_2016.zip:2011_Financial_Year.xlsx#EA(1)-Assessment
2011,st_albert,0292,ST. ALBERT,EA,08265,Linear Subtotal,72292350,fir_zip_2009_2016.zip:2011_Financial_Year.xlsx#EA(1)-Assessment
2011,st_albert,0292,ST. ALBERT,EA,08270,Mach & Equip Subtotal,13672300,fir_zip_2009_2016.zip:2011_Financial_Year.xlsx#EA(1)-Assessment
2011,st_albert,0292,ST. ALBERT,EA,08275,Non Residential Subtotal,916885889,fir_zip_2009_2016.zip:2011_Financial_Year.xlsx#EA(1)-Assessment
2011,st_albert,0292,ST. ALBERT,EA,08280,Residential Subtotal,8020156409,fir_zip_2009_2016.zip:2011_Financial_Year.xlsx#EA(1)-Assessment
2011,st_albert,0292,ST. ALBERT,EA,08285,Farmland,2166260,fir_zip_2009_2016.zip:2011_Financial_Year.xlsx#EA(1)-Assessment
2011,st_albert,0292,ST. ALBERT,EA,08290,Non Residential Railway,141100,fir_zip_2009_2016.zip:2011_Financial_Year.xlsx#EA(1)-Assessment
2011,st_albert,0292,ST. ALBERT,EA,08295,NR Res. Co-generating M&E,,fir_zip_2009_2016.zip:2011_Financial_Year.xlsx#EA(1)-Assessment
2011,st_albert,0292,ST. ALBERT,POPL,POPL,Population,60138,fir_zip_2009_2016.zip:2011_Financial_Year.xlsx#POPL(1)-Population
2011,stony_plain,0301,STONY PLAIN,D,01910,Provincial Government Unconditional Transfers,0,fir_zip_2009_2016.zip:2011_Financial_Year.xlsx#D(1)-Total
2011,stony_plain,0301,STONY PLAIN,D,01920,Provincial Government Conditional Transfers,7814876,fir_zip_2009_2016.zip:2011_Financial_Year.xlsx#D(1)-Total
2011,stony_plain,0301,STONY PLAIN,EA,08260,GRAND TOTAL,1882883491,fir_zip_2009_2016.zip:2011_Financial_Year.xlsx#EA(1)-Assessment
2011,stony_plain,0301,STONY PLAIN,EA,08265,Linear Subtotal,19852930,fir_zip_2009_2016.zip:2011_Financial_Year.xlsx#EA(1)-Assessment
2011,stony_plain,0301,STONY PLAIN,EA,08270,Mach & Equip Subtotal,660280,fir_zip_2009_2016.zip:2011_Financial_Year.xlsx#EA(1)-Assessment
2011,stony_plain,0301,STONY PLAIN,EA,08275,Non Residential Subtotal,211237050,fir_zip_2009_2016.zip:2011_Financial_Year.xlsx#EA(1)-Assessment
2011,stony_plain,0301,STONY PLAIN,EA,08280,Residential Subtotal,1648475651,fir_zip_2009_2016.zip:2011_Financial_Year.xlsx#EA(1)-Assessment
2011,stony_plain,0301,STONY PLAIN,EA,08285,Farmland,1061400,fir_zip_2009_2016.zip:2011_Financial_Year.xlsx#EA(1)-Assessment
2011,stony_plain,0301,STONY PLAIN,EA,08290,Non Residential Railway,1596180,fir_zip_2009_2016.zip:2011_Financial_Year.xlsx#EA(1)-Assessment
2011,stony_plain,0301,STONY PLAIN,EA,08295,NR Res. Co-generating M&E,,fir_zip_2009_2016.zip:2011_Financial_Year.xlsx#EA(1)-Assessment
2011,stony_plain,0301,STONY PLAIN,POPL,POPL,Population,14177,fir_zip_2009_2016.zip:2011_Financial_Year.xlsx#POPL(1)-Population
2011,strathcona,0302,STRATHCONA COUNTY,D,01910,Provincial Government Unconditional Transfers,0,fir_zip_2009_2016.zip:2011_Financial_Year.xlsx#D(1)-Total
2011,strathcona,0302,STRATHCONA COUNTY,D,01920,Provincial Government Conditional Transfers,44754873,fir_zip_2009_2016.zip:2011_Financial_Year.xlsx#D(1)-Total
2011,strathcona,0302,STRATHCONA COUNTY,EA,08260,GRAND TOTAL,23171925132,fir_zip_2009_2016.zip:2011_Financial_Year.xlsx#EA(1)-Assessment
2011,strathcona,0302,STRATHCONA COUNTY,EA,08265,Linear Subtotal,682745340,fir_zip_2009_2016.zip:2011_Financial_Year.xlsx#EA(1)-Assessment
2011,strathcona,0302,STRATHCONA COUNTY,EA,08270,Mach & Equip Subtotal,6563276000,fir_zip_2009_2016.zip:2011_Financial_Year.xlsx#EA(1)-Assessment
2011,strathcona,0302,STRATHCONA COUNTY,EA,08275,Non Residential Subtotal,2634166416,fir_zip_2009_2016.zip:2011_Financial_Year.xlsx#EA(1)-Assessment
2011,strathcona,0302,STRATHCONA COUNTY,EA,08280,Residential Subtotal,13248693576,fir_zip_2009_2016.zip:2011_Financial_Year.xlsx#EA(1)-Assessment
2011,strathcona,0302,STRATHCONA COUNTY,EA,08285,Farmland,34378800,fir_zip_2009_2016.zip:2011_Financial_Year.xlsx#EA(1)-Assessment
2011,strathcona,0302,STRATHCONA COUNTY,EA,08290,Non Residential Railway,8665000,fir_zip_2009_2016.zip:2011_Financial_Year.xlsx#EA(1)-Assessment
2011,strathcona,0302,STRATHCONA COUNTY,EA,08295,NR Res. Co-generating M&E,,fir_zip_2009_2016.zip:2011_Financial_Year.xlsx#EA(1)-Assessment
2011,strathcona,0302,STRATHCONA COUNTY,POPL,POPL,Population,87998,fir_zip_2009_2016.zip:2011_Financial_Year.xlsx#POPL(1)-Population
2011,sturgeon,0305,STURGEON COUNTY,D,01910,Provincial Government Unconditional Transfers,0,fir_zip_2009_2016.zip:2011_Financial_Year.xlsx#D(1)-Total
2011,sturgeon,0305,STURGEON COUNTY,D,01920,Provincial Government Conditional Transfers,10421715,fir_zip_2009_2016.zip:2011_Financial_Year.xlsx#D(1)-Total
2011,sturgeon,0305,STURGEON COUNTY,EA,08260,GRAND TOTAL,4611600375,fir_zip_2009_2016.zip:2011_Financial_Year.xlsx#EA(1)-Assessment
2011,sturgeon,0305,STURGEON COUNTY,EA,08265,Linear Subtotal,395537000,fir_zip_2009_2016.zip:2011_Financial_Year.xlsx#EA(1)-Assessment
2011,sturgeon,0305,STURGEON COUNTY,EA,08270,Mach & Equip Subtotal,702391890,fir_zip_2009_2016.zip:2011_Financial_Year.xlsx#EA(1)-Assessment
2011,sturgeon,0305,STURGEON COUNTY,EA,08275,Non Residential Subtotal,589790263,fir_zip_2009_2016.zip:2011_Financial_Year.xlsx#EA(1)-Assessment
2011,sturgeon,0305,STURGEON COUNTY,EA,08280,Residential Subtotal,2840856322,fir_zip_2009_2016.zip:2011_Financial_Year.xlsx#EA(1)-Assessment
2011,sturgeon,0305,STURGEON COUNTY,EA,08285,Farmland,79769590,fir_zip_2009_2016.zip:2011_Financial_Year.xlsx#EA(1)-Assessment
2011,sturgeon,0305,STURGEON COUNTY,EA,08290,Non Residential Railway,3255310,fir_zip_2009_2016.zip:2011_Financial_Year.xlsx#EA(1)-Assessment
2011,sturgeon,0305,STURGEON COUNTY,EA,08295,NR Res. Co-generating M&E,,fir_zip_2009_2016.zip:2011_Financial_Year.xlsx#EA(1)-Assessment
2011,sturgeon,0305,STURGEON COUNTY,POPL,POPL,Population,19165,fir_zip_2009_2016.zip:2011_Financial_Year.xlsx#POPL(1)-Population
2011,chestermere,0356,CHESTERMERE,D,01910,Provincial Government Unconditional Transfers,0,fir_zip_2009_2016.zip:2011_Financial_Year.xlsx#D(1)-Total
2011,chestermere,0356,CHESTERMERE,D,01920,Provincial Government Conditional Transfers,8112377,fir_zip_2009_2016.zip:2011_Financial_Year.xlsx#D(1)-Total
2011,chestermere,0356,CHESTERMERE,EA,08260,GRAND TOTAL,2223292956,fir_zip_2009_2016.zip:2011_Financial_Year.xlsx#EA(1)-Assessment
2011,chestermere,0356,CHESTERMERE,EA,08265,Linear Subtotal,14750360,fir_zip_2009_2016.zip:2011_Financial_Year.xlsx#EA(1)-Assessment
2011,chestermere,0356,CHESTERMERE,EA,08270,Mach & Equip Subtotal,29110,fir_zip_2009_2016.zip:2011_Financial_Year.xlsx#EA(1)-Assessment
2011,chestermere,0356,CHESTERMERE,EA,08275,Non Residential Subtotal,56796640,fir_zip_2009_2016.zip:2011_Financial_Year.xlsx#EA(1)-Assessment
2011,chestermere,0356,CHESTERMERE,EA,08280,Residential Subtotal,2150405966,fir_zip_2009_2016.zip:2011_Financial_Year.xlsx#EA(1)-Assessment
2011,chestermere,0356,CHESTERMERE,EA,08285,Farmland,1310880,fir_zip_2009_2016.zip:2011_Financial_Year.xlsx#EA(1)-Assessment
2011,chestermere,0356,CHESTERMERE,EA,08290,Non Residential Railway,,fir_zip_2009_2016.zip:2011_Financial_Year.xlsx#EA(1)-Assessment
2011,chestermere,0356,CHESTERMERE,EA,08295,NR Res. Co-generating M&E,,fir_zip_2009_2016.zip:2011_Financial_Year.xlsx#EA(1)-Assessment
2011,chestermere,0356,CHESTERMERE,POPL,POPL,Population,14682,fir_zip_2009_2016.zip:2011_Financial_Year.xlsx#POPL(1)-Population
2012,airdrie,0003,AIRDRIE,D,01910,Provincial Government Unconditional Transfers,577782,fir_zip_2009_2016.zip:2012_Financial_Year.xlsx#D(1)-Total
2012,airdrie,0003,AIRDRIE,D,01920,Provincial Government Conditional Transfers,15603871,fir_zip_2009_2016.zip:2012_Financial_Year.xlsx#D(1)-Total
2012,airdrie,0003,AIRDRIE,EA,08260,GRAND TOTAL,6237407716,fir_zip_2009_2016.zip:2012_Financial_Year.xlsx#EA(1)-Assessment
2012,airdrie,0003,AIRDRIE,EA,08265,Linear Subtotal,49966310,fir_zip_2009_2016.zip:2012_Financial_Year.xlsx#EA(1)-Assessment
2012,airdrie,0003,AIRDRIE,EA,08270,Mach & Equip Subtotal,4167300,fir_zip_2009_2016.zip:2012_Financial_Year.xlsx#EA(1)-Assessment
2012,airdrie,0003,AIRDRIE,EA,08275,Non Residential Subtotal,926904468,fir_zip_2009_2016.zip:2012_Financial_Year.xlsx#EA(1)-Assessment
2012,airdrie,0003,AIRDRIE,EA,08280,Residential Subtotal,5255092338,fir_zip_2009_2016.zip:2012_Financial_Year.xlsx#EA(1)-Assessment
2012,airdrie,0003,AIRDRIE,EA,08285,Farmland,753300,fir_zip_2009_2016.zip:2012_Financial_Year.xlsx#EA(1)-Assessment
2012,airdrie,0003,AIRDRIE,EA,08290,Non Residential Railway,524000,fir_zip_2009_2016.zip:2012_Financial_Year.xlsx#EA(1)-Assessment
2012,airdrie,0003,AIRDRIE,EA,08295,NR Res. Co-generating M&E,,fir_zip_2009_2016.zip:2012_Financial_Year.xlsx#EA(1)-Assessment
2012,airdrie,0003,AIRDRIE,POPL,POPL,Population,45711,fir_zip_2009_2016.zip:2012_Financial_Year.xlsx#POPL(1)-Population
2012,beaumont,0019,BEAUMONT,D,01910,Provincial Government Unconditional Transfers,0,fir_zip_2009_2016.zip:2012_Financial_Year.xlsx#D(1)-Total
2012,beaumont,0019,BEAUMONT,D,01920,Provincial Government Conditional Transfers,10848153,fir_zip_2009_2016.zip:2012_Financial_Year.xlsx#D(1)-Total
2012,beaumont,0019,BEAUMONT,EA,08260,GRAND TOTAL,1902583490,fir_zip_2009_2016.zip:2012_Financial_Year.xlsx#EA(1)-Assessment
2012,beaumont,0019,BEAUMONT,EA,08265,Linear Subtotal,11333840,fir_zip_2009_2016.zip:2012_Financial_Year.xlsx#EA(1)-Assessment
2012,beaumont,0019,BEAUMONT,EA,08270,Mach & Equip Subtotal,46500,fir_zip_2009_2016.zip:2012_Financial_Year.xlsx#EA(1)-Assessment
2012,beaumont,0019,BEAUMONT,EA,08275,Non Residential Subtotal,81714315,fir_zip_2009_2016.zip:2012_Financial_Year.xlsx#EA(1)-Assessment
2012,beaumont,0019,BEAUMONT,EA,08280,Residential Subtotal,1809003435,fir_zip_2009_2016.zip:2012_Financial_Year.xlsx#EA(1)-Assessment
2012,beaumont,0019,BEAUMONT,EA,08285,Farmland,485400,fir_zip_2009_2016.zip:2012_Financial_Year.xlsx#EA(1)-Assessment
2012,beaumont,0019,BEAUMONT,EA,08290,Non Residential Railway,,fir_zip_2009_2016.zip:2012_Financial_Year.xlsx#EA(1)-Assessment
2012,beaumont,0019,BEAUMONT,EA,08295,NR Res. Co-generating M&E,,fir_zip_2009_2016.zip:2012_Financial_Year.xlsx#EA(1)-Assessment
2012,beaumont,0019,BEAUMONT,POPL,POPL,Population,13977,fir_zip_2009_2016.zip:2012_Financial_Year.xlsx#POPL(1)-Population
2012,calgary,0046,CALGARY,D,01910,Provincial Government Unconditional Transfers,2756000,fir_zip_2009_2016.zip:2012_Financial_Year.xlsx#D(1)-Total
2012,calgary,0046,CALGARY,D,01920,Provincial Government Conditional Transfers,493826000,fir_zip_2009_2016.zip:2012_Financial_Year.xlsx#D(1)-Total
2012,calgary,0046,CALGARY,EA,08260,GRAND TOTAL,215169990368,fir_zip_2009_2016.zip:2012_Financial_Year.xlsx#EA(1)-Assessment
2012,calgary,0046,CALGARY,EA,08265,Linear Subtotal,1817718330,fir_zip_2009_2016.zip:2012_Financial_Year.xlsx#EA(1)-Assessment
2012,calgary,0046,CALGARY,EA,08270,Mach & Equip Subtotal,295654120,fir_zip_2009_2016.zip:2012_Financial_Year.xlsx#EA(1)-Assessment
2012,calgary,0046,CALGARY,EA,08275,Non Residential Subtotal,46824279170,fir_zip_2009_2016.zip:2012_Financial_Year.xlsx#EA(1)-Assessment
2012,calgary,0046,CALGARY,EA,08280,Residential Subtotal,166048860283,fir_zip_2009_2016.zip:2012_Financial_Year.xlsx#EA(1)-Assessment
2012,calgary,0046,CALGARY,EA,08285,Farmland,12071482,fir_zip_2009_2016.zip:2012_Financial_Year.xlsx#EA(1)-Assessment
2012,calgary,0046,CALGARY,EA,08290,Non Residential Railway,171406983,fir_zip_2009_2016.zip:2012_Financial_Year.xlsx#EA(1)-Assessment
2012,calgary,0046,CALGARY,EA,08295,NR Res. Co-generating M&E,,fir_zip_2009_2016.zip:2012_Financial_Year.xlsx#EA(1)-Assessment
2012,calgary,0046,CALGARY,POPL,POPL,Population,1120225,fir_zip_2009_2016.zip:2012_Financial_Year.xlsx#POPL(1)-Population
2012,cochrane,0070,COCHRANE,D,01910,Provincial Government Unconditional Transfers,0,fir_zip_2009_2016.zip:2012_Financial_Year.xlsx#D(1)-Total
2012,cochrane,0070,COCHRANE,D,01920,Provincial Government Conditional Transfers,4964719,fir_zip_2009_2016.zip:2012_Financial_Year.xlsx#D(1)-Total
2012,cochrane,0070,COCHRANE,EA,08260,GRAND TOTAL,3179227228,fir_zip_2009_2016.zip:2012_Financial_Year.xlsx#EA(1)-Assessment
2012,cochrane,0070,COCHRANE,EA,08265,Linear Subtotal,26211310,fir_zip_2009_2016.zip:2012_Financial_Year.xlsx#EA(1)-Assessment
2012,cochrane,0070,COCHRANE,EA,08270,Mach & Equip Subtotal,9454500,fir_zip_2009_2016.zip:2012_Financial_Year.xlsx#EA(1)-Assessment
2012,cochrane,0070,COCHRANE,EA,08275,Non Residential Subtotal,375797689,fir_zip_2009_2016.zip:2012_Financial_Year.xlsx#EA(1)-Assessment
2012,cochrane,0070,COCHRANE,EA,08280,Residential Subtotal,2766468819,fir_zip_2009_2016.zip:2012_Financial_Year.xlsx#EA(1)-Assessment
2012,cochrane,0070,COCHRANE,EA,08285,Farmland,357710,fir_zip_2009_2016.zip:2012_Financial_Year.xlsx#EA(1)-Assessment
2012,cochrane,0070,COCHRANE,EA,08290,Non Residential Railway,937200,fir_zip_2009_2016.zip:2012_Financial_Year.xlsx#EA(1)-Assessment
2012,cochrane,0070,COCHRANE,EA,08295,NR Res. Co-generating M&E,,fir_zip_2009_2016.zip:2012_Financial_Year.xlsx#EA(1)-Assessment
2012,cochrane,0070,COCHRANE,POPL,POPL,Population,17580,fir_zip_2009_2016.zip:2012_Financial_Year.xlsx#POPL(1)-Population
2012,devon,0086,DEVON,D,01910,Provincial Government Unconditional Transfers,597025,fir_zip_2009_2016.zip:2012_Financial_Year.xlsx#D(1)-Total
2012,devon,0086,DEVON,D,01920,Provincial Government Conditional Transfers,1626954,fir_zip_2009_2016.zip:2012_Financial_Year.xlsx#D(1)-Total
2012,devon,0086,DEVON,EA,08260,GRAND TOTAL,790516937,fir_zip_2009_2016.zip:2012_Financial_Year.xlsx#EA(1)-Assessment
2012,devon,0086,DEVON,EA,08265,Linear Subtotal,13267120,fir_zip_2009_2016.zip:2012_Financial_Year.xlsx#EA(1)-Assessment
2012,devon,0086,DEVON,EA,08270,Mach & Equip Subtotal,498460,fir_zip_2009_2016.zip:2012_Financial_Year.xlsx#EA(1)-Assessment
2012,devon,0086,DEVON,EA,08275,Non Residential Subtotal,82400544,fir_zip_2009_2016.zip:2012_Financial_Year.xlsx#EA(1)-Assessment
2012,devon,0086,DEVON,EA,08280,Residential Subtotal,694127433,fir_zip_2009_2016.zip:2012_Financial_Year.xlsx#EA(1)-Assessment
2012,devon,0086,DEVON,EA,08285,Farmland,223380,fir_zip_2009_2016.zip:2012_Financial_Year.xlsx#EA(1)-Assessment
2012,devon,0086,DEVON,EA,08290,Non Residential Railway,,fir_zip_2009_2016.zip:2012_Financial_Year.xlsx#EA(1)-Assessment
2012,devon,0086,DEVON,EA,08295,NR Res. Co-generating M&E,,fir_zip_2009_2016.zip:2012_Financial_Year.xlsx#EA(1)-Assessment
2012,devon,0086,DEVON,POPL,POPL,Population,6510,fir_zip_2009_2016.zip:2012_Financial_Year.xlsx#POPL(1)-Population
2012,edmonton,0098,EDMONTON,D,01910,Provincial Government Unconditional Transfers,0,fir_zip_2009_2016.zip:2012_Financial_Year.xlsx#D(1)-Total
2012,edmonton,0098,EDMONTON,D,01920,Provincial Government Conditional Transfers,491845000,fir_zip_2009_2016.zip:2012_Financial_Year.xlsx#D(1)-Total
2012,edmonton,0098,EDMONTON,EA,08260,GRAND TOTAL,133333648046,fir_zip_2009_2016.zip:2012_Financial_Year.xlsx#EA(1)-Assessment
2012,edmonton,0098,EDMONTON,EA,08265,Linear Subtotal,1640553230,fir_zip_2009_2016.zip:2012_Financial_Year.xlsx#EA(1)-Assessment
2012,edmonton,0098,EDMONTON,EA,08270,Mach & Equip Subtotal,913882165,fir_zip_2009_2016.zip:2012_Financial_Year.xlsx#EA(1)-Assessment
2012,edmonton,0098,EDMONTON,EA,08275,Non Residential Subtotal,31900529577,fir_zip_2009_2016.zip:2012_Financial_Year.xlsx#EA(1)-Assessment
2012,edmonton,0098,EDMONTON,EA,08280,Residential Subtotal,98834891063,fir_zip_2009_2016.zip:2012_Financial_Year.xlsx#EA(1)-Assessment
2012,edmonton,0098,EDMONTON,EA,08285,Farmland,33205703,fir_zip_2009_2016.zip:2012_Financial_Year.xlsx#EA(1)-Assessment
2012,edmonton,0098,EDMONTON,EA,08290,Non Residential Railway,10384308,fir_zip_2009_2016.zip:2012_Financial_Year.xlsx#EA(1)-Assessment
2012,edmonton,0098,EDMONTON,EA,08295,NR Res. Co-generating M&E,202000,fir_zip_2009_2016.zip:2012_Financial_Year.xlsx#EA(1)-Assessment
2012,edmonton,0098,EDMONTON,POPL,POPL,Population,817498,fir_zip_2009_2016.zip:2012_Financial_Year.xlsx#POPL(1)-Population
2012,foothills,0111,FOOTHILLS COUNTY,D,01910,Provincial Government Unconditional Transfers,0,fir_zip_2009_2016.zip:2012_Financial_Year.xlsx#D(1)-Total
2012,foothills,0111,FOOTHILLS COUNTY,D,01920,Provincial Government Conditional Transfers,37874274,fir_zip_2009_2016.zip:2012_Financial_Year.xlsx#D(1)-Total
2012,foothills,0111,FOOTHILLS COUNTY,EA,08260,GRAND TOTAL,6875484880,fir_zip_2009_2016.zip:2012_Financial_Year.xlsx#EA(1)-Assessment
2012,foothills,0111,FOOTHILLS COUNTY,EA,08265,Linear Subtotal,452393990,fir_zip_2009_2016.zip:2012_Financial_Year.xlsx#EA(1)-Assessment
2012,foothills,0111,FOOTHILLS COUNTY,EA,08270,Mach & Equip Subtotal,225704410,fir_zip_2009_2016.zip:2012_Financial_Year.xlsx#EA(1)-Assessment
2012,foothills,0111,FOOTHILLS COUNTY,EA,08275,Non Residential Subtotal,409713301,fir_zip_2009_2016.zip:2012_Financial_Year.xlsx#EA(1)-Assessment
2012,foothills,0111,FOOTHILLS COUNTY,EA,08280,Residential Subtotal,5647054735,fir_zip_2009_2016.zip:2012_Financial_Year.xlsx#EA(1)-Assessment
2012,foothills,0111,FOOTHILLS COUNTY,EA,08285,Farmland,139548384,fir_zip_2009_2016.zip:2012_Financial_Year.xlsx#EA(1)-Assessment
2012,foothills,0111,FOOTHILLS COUNTY,EA,08290,Non Residential Railway,1070060,fir_zip_2009_2016.zip:2012_Financial_Year.xlsx#EA(1)-Assessment
2012,foothills,0111,FOOTHILLS COUNTY,EA,08295,NR Res. Co-generating M&E,,fir_zip_2009_2016.zip:2012_Financial_Year.xlsx#EA(1)-Assessment
2012,foothills,0111,FOOTHILLS COUNTY,POPL,POPL,Population,21258,fir_zip_2009_2016.zip:2012_Financial_Year.xlsx#POPL(1)-Population
2012,fort_saskatchewan,0117,FORT SASKATCHEWAN,D,01910,Provincial Government Unconditional Transfers,0,fir_zip_2009_2016.zip:2012_Financial_Year.xlsx#D(1)-Total
2012,fort_saskatchewan,0117,FORT SASKATCHEWAN,D,01920,Provincial Government Conditional Transfers,7554033,fir_zip_2009_2016.zip:2012_Financial_Year.xlsx#D(1)-Total
2012,fort_saskatchewan,0117,FORT SASKATCHEWAN,EA,08260,GRAND TOTAL,4472475111,fir_zip_2009_2016.zip:2012_Financial_Year.xlsx#EA(1)-Assessment
2012,fort_saskatchewan,0117,FORT SASKATCHEWAN,EA,08265,Linear Subtotal,100769860,fir_zip_2009_2016.zip:2012_Financial_Year.xlsx#EA(1)-Assessment
2012,fort_saskatchewan,0117,FORT SASKATCHEWAN,EA,08270,Mach & Equip Subtotal,1143450370,fir_zip_2009_2016.zip:2012_Financial_Year.xlsx#EA(1)-Assessment
2012,fort_saskatchewan,0117,FORT SASKATCHEWAN,EA,08275,Non Residential Subtotal,751629485,fir_zip_2009_2016.zip:2012_Financial_Year.xlsx#EA(1)-Assessment
2012,fort_saskatchewan,0117,FORT SASKATCHEWAN,EA,08280,Residential Subtotal,2467711686,fir_zip_2009_2016.zip:2012_Financial_Year.xlsx#EA(1)-Assessment
2012,fort_saskatchewan,0117,FORT SASKATCHEWAN,EA,08285,Farmland,1195800,fir_zip_2009_2016.zip:2012_Financial_Year.xlsx#EA(1)-Assessment
2012,fort_saskatchewan,0117,FORT SASKATCHEWAN,EA,08290,Non Residential Railway,7717910,fir_zip_2009_2016.zip:2012_Financial_Year.xlsx#EA(1)-Assessment
2012,fort_saskatchewan,0117,FORT SASKATCHEWAN,EA,08295,NR Res. Co-generating M&E,,fir_zip_2009_2016.zip:2012_Financial_Year.xlsx#EA(1)-Assessment
2012,fort_saskatchewan,0117,FORT SASKATCHEWAN,POPL,POPL,Population,20475,fir_zip_2009_2016.zip:2012_Financial_Year.xlsx#POPL(1)-Population
2012,high_river,0148,HIGH RIVER,D,01910,Provincial Government Unconditional Transfers,1949575,fir_zip_2009_2016.zip:2012_Financial_Year.xlsx#D(1)-Total
2012,high_river,0148,HIGH RIVER,D,01920,Provincial Government Conditional Transfers,11266018,fir_zip_2009_2016.zip:2012_Financial_Year.xlsx#D(1)-Total
2012,high_river,0148,HIGH RIVER,EA,08260,GRAND TOTAL,1812265152,fir_zip_2009_2016.zip:2012_Financial_Year.xlsx#EA(1)-Assessment
2012,high_river,0148,HIGH RIVER,EA,08265,Linear Subtotal,15113410,fir_zip_2009_2016.zip:2012_Financial_Year.xlsx#EA(1)-Assessment
2012,high_river,0148,HIGH RIVER,EA,08270,Mach & Equip Subtotal,,fir_zip_2009_2016.zip:2012_Financial_Year.xlsx#EA(1)-Assessment
2012,high_river,0148,HIGH RIVER,EA,08275,Non Residential Subtotal,250975903,fir_zip_2009_2016.zip:2012_Financial_Year.xlsx#EA(1)-Assessment
2012,high_river,0148,HIGH RIVER,EA,08280,Residential Subtotal,1545767839,fir_zip_2009_2016.zip:2012_Financial_Year.xlsx#EA(1)-Assessment
2012,high_river,0148,HIGH RIVER,EA,08285,Farmland,390000,fir_zip_2009_2016.zip:2012_Financial_Year.xlsx#EA(1)-Assessment
2012,high_river,0148,HIGH RIVER,EA,08290,Non Residential Railway,18000,fir_zip_2009_2016.zip:2012_Financial_Year.xlsx#EA(1)-Assessment
2012,high_river,0148,HIGH RIVER,EA,08295,NR Res. Co-generating M&E,,fir_zip_2009_2016.zip:2012_Financial_Year.xlsx#EA(1)-Assessment
2012,high_river,0148,HIGH RIVER,POPL,POPL,Population,12920,fir_zip_2009_2016.zip:2012_Financial_Year.xlsx#POPL(1)-Population
2012,leduc_city,0200,LEDUC,D,01910,Provincial Government Unconditional Transfers,1172583,fir_zip_2009_2016.zip:2012_Financial_Year.xlsx#D(1)-Total
2012,leduc_city,0200,LEDUC,D,01920,Provincial Government Conditional Transfers,10040019,fir_zip_2009_2016.zip:2012_Financial_Year.xlsx#D(1)-Total
2012,leduc_city,0200,LEDUC,EA,08260,GRAND TOTAL,3790643766,fir_zip_2009_2016.zip:2012_Financial_Year.xlsx#EA(1)-Assessment
2012,leduc_city,0200,LEDUC,EA,08265,Linear Subtotal,31168530,fir_zip_2009_2016.zip:2012_Financial_Year.xlsx#EA(1)-Assessment
2012,leduc_city,0200,LEDUC,EA,08270,Mach & Equip Subtotal,7707840,fir_zip_2009_2016.zip:2012_Financial_Year.xlsx#EA(1)-Assessment
2012,leduc_city,0200,LEDUC,EA,08275,Non Residential Subtotal,920945648,fir_zip_2009_2016.zip:2012_Financial_Year.xlsx#EA(1)-Assessment
2012,leduc_city,0200,LEDUC,EA,08280,Residential Subtotal,2828238578,fir_zip_2009_2016.zip:2012_Financial_Year.xlsx#EA(1)-Assessment
2012,leduc_city,0200,LEDUC,EA,08285,Farmland,1962000,fir_zip_2009_2016.zip:2012_Financial_Year.xlsx#EA(1)-Assessment
2012,leduc_city,0200,LEDUC,EA,08290,Non Residential Railway,621170,fir_zip_2009_2016.zip:2012_Financial_Year.xlsx#EA(1)-Assessment
2012,leduc_city,0200,LEDUC,EA,08295,NR Res. Co-generating M&E,,fir_zip_2009_2016.zip:2012_Financial_Year.xlsx#EA(1)-Assessment
2012,leduc_city,0200,LEDUC,POPL,POPL,Population,25482,fir_zip_2009_2016.zip:2012_Financial_Year.xlsx#POPL(1)-Population
2012,leduc_county,0201,LEDUC COUNTY,D,01910,Provincial Government Unconditional Transfers,7352,fir_zip_2009_2016.zip:2012_Financial_Year.xlsx#D(1)-Total
2012,leduc_county,0201,LEDUC COUNTY,D,01920,Provincial Government Conditional Transfers,4997982,fir_zip_2009_2016.zip:2012_Financial_Year.xlsx#D(1)-Total
2012,leduc_county,0201,LEDUC COUNTY,EA,08260,GRAND TOTAL,5812230179,fir_zip_2009_2016.zip:2012_Financial_Year.xlsx#EA(1)-Assessment
2012,leduc_county,0201,LEDUC COUNTY,EA,08265,Linear Subtotal,1242317840,fir_zip_2009_2016.zip:2012_Financial_Year.xlsx#EA(1)-Assessment
2012,leduc_county,0201,LEDUC COUNTY,EA,08270,Mach & Equip Subtotal,120834240,fir_zip_2009_2016.zip:2012_Financial_Year.xlsx#EA(1)-Assessment
2012,leduc_county,0201,LEDUC COUNTY,EA,08275,Non Residential Subtotal,2304255040,fir_zip_2009_2016.zip:2012_Financial_Year.xlsx#EA(1)-Assessment
2012,leduc_county,0201,LEDUC COUNTY,EA,08280,Residential Subtotal,2049575519,fir_zip_2009_2016.zip:2012_Financial_Year.xlsx#EA(1)-Assessment
2012,leduc_county,0201,LEDUC COUNTY,EA,08285,Farmland,92733970,fir_zip_2009_2016.zip:2012_Financial_Year.xlsx#EA(1)-Assessment
2012,leduc_county,0201,LEDUC COUNTY,EA,08290,Non Residential Railway,2513570,fir_zip_2009_2016.zip:2012_Financial_Year.xlsx#EA(1)-Assessment
2012,leduc_county,0201,LEDUC COUNTY,EA,08295,NR Res. Co-generating M&E,,fir_zip_2009_2016.zip:2012_Financial_Year.xlsx#EA(1)-Assessment
2012,leduc_county,0201,LEDUC COUNTY,POPL,POPL,Population,13541,fir_zip_2009_2016.zip:2012_Financial_Year.xlsx#POPL(1)-Population
2012,morinville,0224,MORINVILLE,D,01910,Provincial Government Unconditional Transfers,0,fir_zip_2009_2016.zip:2012_Financial_Year.xlsx#D(1)-Total
2012,morinville,0224,MORINVILLE,D,01920,Provincial Government Conditional Transfers,3825939,fir_zip_2009_2016.zip:2012_Financial_Year.xlsx#D(1)-Total
2012,morinville,0224,MORINVILLE,EA,08260,GRAND TOTAL,1030427200,fir_zip_2009_2016.zip:2012_Financial_Year.xlsx#EA(1)-Assessment
2012,morinville,0224,MORINVILLE,EA,08265,Linear Subtotal,10051530,fir_zip_2009_2016.zip:2012_Financial_Year.xlsx#EA(1)-Assessment
2012,morinville,0224,MORINVILLE,EA,08270,Mach & Equip Subtotal,1994040,fir_zip_2009_2016.zip:2012_Financial_Year.xlsx#EA(1)-Assessment
2012,morinville,0224,MORINVILLE,EA,08275,Non Residential Subtotal,104096427,fir_zip_2009_2016.zip:2012_Financial_Year.xlsx#EA(1)-Assessment
2012,morinville,0224,MORINVILLE,EA,08280,Residential Subtotal,913932123,fir_zip_2009_2016.zip:2012_Financial_Year.xlsx#EA(1)-Assessment
2012,morinville,0224,MORINVILLE,EA,08285,Farmland,281710,fir_zip_2009_2016.zip:2012_Financial_Year.xlsx#EA(1)-Assessment
2012,morinville,0224,MORINVILLE,EA,08290,Non Residential Railway,71370,fir_zip_2009_2016.zip:2012_Financial_Year.xlsx#EA(1)-Assessment
2012,morinville,0224,MORINVILLE,EA,08295,NR Res. Co-generating M&E,,fir_zip_2009_2016.zip:2012_Financial_Year.xlsx#EA(1)-Assessment
2012,morinville,0224,MORINVILLE,POPL,POPL,Population,8569,fir_zip_2009_2016.zip:2012_Financial_Year.xlsx#POPL(1)-Population
2012,okotoks,0238,OKOTOKS,D,01910,Provincial Government Unconditional Transfers,5004576,fir_zip_2009_2016.zip:2012_Financial_Year.xlsx#D(1)-Total
2012,okotoks,0238,OKOTOKS,D,01920,Provincial Government Conditional Transfers,1710976,fir_zip_2009_2016.zip:2012_Financial_Year.xlsx#D(1)-Total
2012,okotoks,0238,OKOTOKS,EA,08260,GRAND TOTAL,3908363533,fir_zip_2009_2016.zip:2012_Financial_Year.xlsx#EA(1)-Assessment
2012,okotoks,0238,OKOTOKS,EA,08265,Linear Subtotal,22947850,fir_zip_2009_2016.zip:2012_Financial_Year.xlsx#EA(1)-Assessment
2012,okotoks,0238,OKOTOKS,EA,08270,Mach & Equip Subtotal,140100,fir_zip_2009_2016.zip:2012_Financial_Year.xlsx#EA(1)-Assessment
2012,okotoks,0238,OKOTOKS,EA,08275,Non Residential Subtotal,506192653,fir_zip_2009_2016.zip:2012_Financial_Year.xlsx#EA(1)-Assessment
2012,okotoks,0238,OKOTOKS,EA,08280,Residential Subtotal,3378707630,fir_zip_2009_2016.zip:2012_Financial_Year.xlsx#EA(1)-Assessment
2012,okotoks,0238,OKOTOKS,EA,08285,Farmland,204500,fir_zip_2009_2016.zip:2012_Financial_Year.xlsx#EA(1)-Assessment
2012,okotoks,0238,OKOTOKS,EA,08290,Non Residential Railway,170800,fir_zip_2009_2016.zip:2012_Financial_Year.xlsx#EA(1)-Assessment
2012,okotoks,0238,OKOTOKS,EA,08295,NR Res. Co-generating M&E,,fir_zip_2009_2016.zip:2012_Financial_Year.xlsx#EA(1)-Assessment
2012,okotoks,0238,OKOTOKS,POPL,POPL,Population,24962,fir_zip_2009_2016.zip:2012_Financial_Year.xlsx#POPL(1)-Population
2012,parkland,0245,PARKLAND COUNTY,D,01910,Provincial Government Unconditional Transfers,0,fir_zip_2009_2016.zip:2012_Financial_Year.xlsx#D(1)-Total
2012,parkland,0245,PARKLAND COUNTY,D,01920,Provincial Government Conditional Transfers,9377517,fir_zip_2009_2016.zip:2012_Financial_Year.xlsx#D(1)-Total
2012,parkland,0245,PARKLAND COUNTY,EA,08260,GRAND TOTAL,7068680973,fir_zip_2009_2016.zip:2012_Financial_Year.xlsx#EA(1)-Assessment
2012,parkland,0245,PARKLAND COUNTY,EA,08265,Linear Subtotal,840257840,fir_zip_2009_2016.zip:2012_Financial_Year.xlsx#EA(1)-Assessment
2012,parkland,0245,PARKLAND COUNTY,EA,08270,Mach & Equip Subtotal,228582760,fir_zip_2009_2016.zip:2012_Financial_Year.xlsx#EA(1)-Assessment
2012,parkland,0245,PARKLAND COUNTY,EA,08275,Non Residential Subtotal,968999026,fir_zip_2009_2016.zip:2012_Financial_Year.xlsx#EA(1)-Assessment
2012,parkland,0245,PARKLAND COUNTY,EA,08280,Residential Subtotal,4973085377,fir_zip_2009_2016.zip:2012_Financial_Year.xlsx#EA(1)-Assessment
2012,parkland,0245,PARKLAND COUNTY,EA,08285,Farmland,43910130,fir_zip_2009_2016.zip:2012_Financial_Year.xlsx#EA(1)-Assessment
2012,parkland,0245,PARKLAND COUNTY,EA,08290,Non Residential Railway,13845840,fir_zip_2009_2016.zip:2012_Financial_Year.xlsx#EA(1)-Assessment
2012,parkland,0245,PARKLAND COUNTY,EA,08295,NR Res. Co-generating M&E,,fir_zip_2009_2016.zip:2012_Financial_Year.xlsx#EA(1)-Assessment
2012,parkland,0245,PARKLAND COUNTY,POPL,POPL,Population,30568,fir_zip_2009_2016.zip:2012_Financial_Year.xlsx#POPL(1)-Population
2012,rocky_view,0269,ROCKY VIEW COUNTY,D,01910,Provincial Government Unconditional Transfers,0,fir_zip_2009_2016.zip:2012_Financial_Year.xlsx#D(1)-Total
2012,rocky_view,0269,ROCKY VIEW COUNTY,D,01920,Provincial Government Conditional Transfers,26401220,fir_zip_2009_2016.zip:2012_Financial_Year.xlsx#D(1)-Total
2012,rocky_view,0269,ROCKY VIEW COUNTY,EA,08260,GRAND TOTAL,13976365215,fir_zip_2009_2016.zip:2012_Financial_Year.xlsx#EA(1)-Assessment
2012,rocky_view,0269,ROCKY VIEW COUNTY,EA,08265,Linear Subtotal,1008818700,fir_zip_2009_2016.zip:2012_Financial_Year.xlsx#EA(1)-Assessment
2012,rocky_view,0269,ROCKY VIEW COUNTY,EA,08270,Mach & Equip Subtotal,511731000,fir_zip_2009_2016.zip:2012_Financial_Year.xlsx#EA(1)-Assessment
2012,rocky_view,0269,ROCKY VIEW COUNTY,EA,08275,Non Residential Subtotal,1436809969,fir_zip_2009_2016.zip:2012_Financial_Year.xlsx#EA(1)-Assessment
2012,rocky_view,0269,ROCKY VIEW COUNTY,EA,08280,Residential Subtotal,10853500806,fir_zip_2009_2016.zip:2012_Financial_Year.xlsx#EA(1)-Assessment
2012,rocky_view,0269,ROCKY VIEW COUNTY,EA,08285,Farmland,156109580,fir_zip_2009_2016.zip:2012_Financial_Year.xlsx#EA(1)-Assessment
2012,rocky_view,0269,ROCKY VIEW COUNTY,EA,08290,Non Residential Railway,9395160,fir_zip_2009_2016.zip:2012_Financial_Year.xlsx#EA(1)-Assessment
2012,rocky_view,0269,ROCKY VIEW COUNTY,EA,08295,NR Res. Co-generating M&E,,fir_zip_2009_2016.zip:2012_Financial_Year.xlsx#EA(1)-Assessment
2012,rocky_view,0269,ROCKY VIEW COUNTY,POPL,POPL,Population,36461,fir_zip_2009_2016.zip:2012_Financial_Year.xlsx#POPL(1)-Population
2012,spruce_grove,0291,SPRUCE GROVE,D,01910,Provincial Government Unconditional Transfers,0,fir_zip_2009_2016.zip:2012_Financial_Year.xlsx#D(1)-Total
2012,spruce_grove,0291,SPRUCE GROVE,D,01920,Provincial Government Conditional Transfers,6447868,fir_zip_2009_2016.zip:2012_Financial_Year.xlsx#D(1)-Total
2012,spruce_grove,0291,SPRUCE GROVE,EA,08260,GRAND TOTAL,3714958415,fir_zip_2009_2016.zip:2012_Financial_Year.xlsx#EA(1)-Assessment
2012,spruce_grove,0291,SPRUCE GROVE,EA,08265,Linear Subtotal,29006710,fir_zip_2009_2016.zip:2012_Financial_Year.xlsx#EA(1)-Assessment
2012,spruce_grove,0291,SPRUCE GROVE,EA,08270,Mach & Equip Subtotal,2180800,fir_zip_2009_2016.zip:2012_Financial_Year.xlsx#EA(1)-Assessment
2012,spruce_grove,0291,SPRUCE GROVE,EA,08275,Non Residential Subtotal,514745596,fir_zip_2009_2016.zip:2012_Financial_Year.xlsx#EA(1)-Assessment
2012,spruce_grove,0291,SPRUCE GROVE,EA,08280,Residential Subtotal,3167692409,fir_zip_2009_2016.zip:2012_Financial_Year.xlsx#EA(1)-Assessment
2012,spruce_grove,0291,SPRUCE GROVE,EA,08285,Farmland,714200,fir_zip_2009_2016.zip:2012_Financial_Year.xlsx#EA(1)-Assessment
2012,spruce_grove,0291,SPRUCE GROVE,EA,08290,Non Residential Railway,618700,fir_zip_2009_2016.zip:2012_Financial_Year.xlsx#EA(1)-Assessment
2012,spruce_grove,0291,SPRUCE GROVE,EA,08295,NR Res. Co-generating M&E,,fir_zip_2009_2016.zip:2012_Financial_Year.xlsx#EA(1)-Assessment
2012,spruce_grove,0291,SPRUCE GROVE,POPL,POPL,Population,26171,fir_zip_2009_2016.zip:2012_Financial_Year.xlsx#POPL(1)-Population
2012,st_albert,0292,ST. ALBERT,D,01910,Provincial Government Unconditional Transfers,322286,fir_zip_2009_2016.zip:2012_Financial_Year.xlsx#D(1)-Total
2012,st_albert,0292,ST. ALBERT,D,01920,Provincial Government Conditional Transfers,25887311,fir_zip_2009_2016.zip:2012_Financial_Year.xlsx#D(1)-Total
2012,st_albert,0292,ST. ALBERT,EA,08260,GRAND TOTAL,9809628959,fir_zip_2009_2016.zip:2012_Financial_Year.xlsx#EA(1)-Assessment
2012,st_albert,0292,ST. ALBERT,EA,08265,Linear Subtotal,72291850,fir_zip_2009_2016.zip:2012_Financial_Year.xlsx#EA(1)-Assessment
2012,st_albert,0292,ST. ALBERT,EA,08270,Mach & Equip Subtotal,14106000,fir_zip_2009_2016.zip:2012_Financial_Year.xlsx#EA(1)-Assessment
2012,st_albert,0292,ST. ALBERT,EA,08275,Non Residential Subtotal,982772166,fir_zip_2009_2016.zip:2012_Financial_Year.xlsx#EA(1)-Assessment
2012,st_albert,0292,ST. ALBERT,EA,08280,Residential Subtotal,8739437243,fir_zip_2009_2016.zip:2012_Financial_Year.xlsx#EA(1)-Assessment
2012,st_albert,0292,ST. ALBERT,EA,08285,Farmland,886800,fir_zip_2009_2016.zip:2012_Financial_Year.xlsx#EA(1)-Assessment
2012,st_albert,0292,ST. ALBERT,EA,08290,Non Residential Railway,134900,fir_zip_2009_2016.zip:2012_Financial_Year.xlsx#EA(1)-Assessment
2012,st_albert,0292,ST. ALBERT,EA,08295,NR Res. Co-generating M&E,,fir_zip_2009_2016.zip:2012_Financial_Year.xlsx#EA(1)-Assessment
2012,st_albert,0292,ST. ALBERT,POPL,POPL,Population,61466,fir_zip_2009_2016.zip:2012_Financial_Year.xlsx#POPL(1)-Population
2012,stony_plain,0301,STONY PLAIN,D,01910,Provincial Government Unconditional Transfers,0,fir_zip_2009_2016.zip:2012_Financial_Year.xlsx#D(1)-Total
2012,stony_plain,0301,STONY PLAIN,D,01920,Provincial Government Conditional Transfers,5990360,fir_zip_2009_2016.zip:2012_Financial_Year.xlsx#D(1)-Total
2012,stony_plain,0301,STONY PLAIN,EA,08260,GRAND TOTAL,2072630268,fir_zip_2009_2016.zip:2012_Financial_Year.xlsx#EA(1)-Assessment
2012,stony_plain,0301,STONY PLAIN,EA,08265,Linear Subtotal,19886320,fir_zip_2009_2016.zip:2012_Financial_Year.xlsx#EA(1)-Assessment
2012,stony_plain,0301,STONY PLAIN,EA,08270,Mach & Equip Subtotal,636820,fir_zip_2009_2016.zip:2012_Financial_Year.xlsx#EA(1)-Assessment
2012,stony_plain,0301,STONY PLAIN,EA,08275,Non Residential Subtotal,248294195,fir_zip_2009_2016.zip:2012_Financial_Year.xlsx#EA(1)-Assessment
2012,stony_plain,0301,STONY PLAIN,EA,08280,Residential Subtotal,1801227823,fir_zip_2009_2016.zip:2012_Financial_Year.xlsx#EA(1)-Assessment
2012,stony_plain,0301,STONY PLAIN,EA,08285,Farmland,1061400,fir_zip_2009_2016.zip:2012_Financial_Year.xlsx#EA(1)-Assessment
2012,stony_plain,0301,STONY PLAIN,EA,08290,Non Residential Railway,1523710,fir_zip_2009_2016.zip:2012_Financial_Year.xlsx#EA(1)-Assessment
2012,stony_plain,0301,STONY PLAIN,EA,08295,NR Res. Co-generating M&E,,fir_zip_2009_2016.zip:2012_Financial_Year.xlsx#EA(1)-Assessment
2012,stony_plain,0301,STONY PLAIN,POPL,POPL,Population,15051,fir_zip_2009_2016.zip:2012_Financial_Year.xlsx#POPL(1)-Population
2012,strathcona,0302,STRATHCONA COUNTY,D,01910,Provincial Government Unconditional Transfers,0,fir_zip_2009_2016.zip:2012_Financial_Year.xlsx#D(1)-Total
2012,strathcona,0302,STRATHCONA COUNTY,D,01920,Provincial Government Conditional Transfers,40859853,fir_zip_2009_2016.zip:2012_Financial_Year.xlsx#D(1)-Total
2012,strathcona,0302,STRATHCONA COUNTY,EA,08260,GRAND TOTAL,24790872561,fir_zip_2009_2016.zip:2012_Financial_Year.xlsx#EA(1)-Assessment
2012,strathcona,0302,STRATHCONA COUNTY,EA,08265,Linear Subtotal,673806290,fir_zip_2009_2016.zip:2012_Financial_Year.xlsx#EA(1)-Assessment
2012,strathcona,0302,STRATHCONA COUNTY,EA,08270,Mach & Equip Subtotal,6459349000,fir_zip_2009_2016.zip:2012_Financial_Year.xlsx#EA(1)-Assessment
2012,strathcona,0302,STRATHCONA COUNTY,EA,08275,Non Residential Subtotal,2899783706,fir_zip_2009_2016.zip:2012_Financial_Year.xlsx#EA(1)-Assessment
2012,strathcona,0302,STRATHCONA COUNTY,EA,08280,Residential Subtotal,14715308605,fir_zip_2009_2016.zip:2012_Financial_Year.xlsx#EA(1)-Assessment
2012,strathcona,0302,STRATHCONA COUNTY,EA,08285,Farmland,34276960,fir_zip_2009_2016.zip:2012_Financial_Year.xlsx#EA(1)-Assessment
2012,strathcona,0302,STRATHCONA COUNTY,EA,08290,Non Residential Railway,8348000,fir_zip_2009_2016.zip:2012_Financial_Year.xlsx#EA(1)-Assessment
2012,strathcona,0302,STRATHCONA COUNTY,EA,08295,NR Res. Co-generating M&E,,fir_zip_2009_2016.zip:2012_Financial_Year.xlsx#EA(1)-Assessment
2012,strathcona,0302,STRATHCONA COUNTY,POPL,POPL,Population,92490,fir_zip_2009_2016.zip:2012_Financial_Year.xlsx#POPL(1)-Population
2012,sturgeon,0305,STURGEON COUNTY,D,01910,Provincial Government Unconditional Transfers,0,fir_zip_2009_2016.zip:2012_Financial_Year.xlsx#D(1)-Total
2012,sturgeon,0305,STURGEON COUNTY,D,01920,Provincial Government Conditional Transfers,7396417,fir_zip_2009_2016.zip:2012_Financial_Year.xlsx#D(1)-Total
2012,sturgeon,0305,STURGEON COUNTY,EA,08260,GRAND TOTAL,4724478857,fir_zip_2009_2016.zip:2012_Financial_Year.xlsx#EA(1)-Assessment
2012,sturgeon,0305,STURGEON COUNTY,EA,08265,Linear Subtotal,392787050,fir_zip_2009_2016.zip:2012_Financial_Year.xlsx#EA(1)-Assessment
2012,sturgeon,0305,STURGEON COUNTY,EA,08270,Mach & Equip Subtotal,760094430,fir_zip_2009_2016.zip:2012_Financial_Year.xlsx#EA(1)-Assessment
2012,sturgeon,0305,STURGEON COUNTY,EA,08275,Non Residential Subtotal,564201160,fir_zip_2009_2016.zip:2012_Financial_Year.xlsx#EA(1)-Assessment
2012,sturgeon,0305,STURGEON COUNTY,EA,08280,Residential Subtotal,2924513767,fir_zip_2009_2016.zip:2012_Financial_Year.xlsx#EA(1)-Assessment
2012,sturgeon,0305,STURGEON COUNTY,EA,08285,Farmland,79761140,fir_zip_2009_2016.zip:2012_Financial_Year.xlsx#EA(1)-Assessment
2012,sturgeon,0305,STURGEON COUNTY,EA,08290,Non Residential Railway,3121310,fir_zip_2009_2016.zip:2012_Financial_Year.xlsx#EA(1)-Assessment
2012,sturgeon,0305,STURGEON COUNTY,EA,08295,NR Res. Co-generating M&E,,fir_zip_2009_2016.zip:2012_Financial_Year.xlsx#EA(1)-Assessment
2012,sturgeon,0305,STURGEON COUNTY,POPL,POPL,Population,19578,fir_zip_2009_2016.zip:2012_Financial_Year.xlsx#POPL(1)-Population
2012,chestermere,0356,CHESTERMERE,D,01910,Provincial Government Unconditional Transfers,0,fir_zip_2009_2016.zip:2012_Financial_Year.xlsx#D(1)-Total
2012,chestermere,0356,CHESTERMERE,D,01920,Provincial Government Conditional Transfers,6798656,fir_zip_2009_2016.zip:2012_Financial_Year.xlsx#D(1)-Total
2012,chestermere,0356,CHESTERMERE,EA,08260,GRAND TOTAL,2455909402,fir_zip_2009_2016.zip:2012_Financial_Year.xlsx#EA(1)-Assessment
2012,chestermere,0356,CHESTERMERE,EA,08265,Linear Subtotal,15481980,fir_zip_2009_2016.zip:2012_Financial_Year.xlsx#EA(1)-Assessment
2012,chestermere,0356,CHESTERMERE,EA,08270,Mach & Equip Subtotal,29480,fir_zip_2009_2016.zip:2012_Financial_Year.xlsx#EA(1)-Assessment
2012,chestermere,0356,CHESTERMERE,EA,08275,Non Residential Subtotal,57339500,fir_zip_2009_2016.zip:2012_Financial_Year.xlsx#EA(1)-Assessment
2012,chestermere,0356,CHESTERMERE,EA,08280,Residential Subtotal,2380828232,fir_zip_2009_2016.zip:2012_Financial_Year.xlsx#EA(1)-Assessment
2012,chestermere,0356,CHESTERMERE,EA,08285,Farmland,1276030,fir_zip_2009_2016.zip:2012_Financial_Year.xlsx#EA(1)-Assessment
2012,chestermere,0356,CHESTERMERE,EA,08290,Non Residential Railway,954180,fir_zip_2009_2016.zip:2012_Financial_Year.xlsx#EA(1)-Assessment
2012,chestermere,0356,CHESTERMERE,EA,08295,NR Res. Co-generating M&E,,fir_zip_2009_2016.zip:2012_Financial_Year.xlsx#EA(1)-Assessment
2012,chestermere,0356,CHESTERMERE,POPL,POPL,Population,15352,fir_zip_2009_2016.zip:2012_Financial_Year.xlsx#POPL(1)-Population
2013,airdrie,0003,AIRDRIE,D,01910,Provincial Government Unconditional Transfers,597964,fir_zip_2009_2016.zip:2013_Financial_Year.xlsx#D(1)-Total
2013,airdrie,0003,AIRDRIE,D,01920,Provincial Government Conditional Transfers,9212124,fir_zip_2009_2016.zip:2013_Financial_Year.xlsx#D(1)-Total
2013,airdrie,0003,AIRDRIE,EA,08260,GRAND TOTAL,6736111949,fir_zip_2009_2016.zip:2013_Financial_Year.xlsx#EA(1)-Assessment
2013,airdrie,0003,AIRDRIE,EA,08265,Linear Subtotal,59127580,fir_zip_2009_2016.zip:2013_Financial_Year.xlsx#EA(1)-Assessment
2013,airdrie,0003,AIRDRIE,EA,08270,Mach & Equip Subtotal,9512560,fir_zip_2009_2016.zip:2013_Financial_Year.xlsx#EA(1)-Assessment
2013,airdrie,0003,AIRDRIE,EA,08275,Non Residential Subtotal,996946965,fir_zip_2009_2016.zip:2013_Financial_Year.xlsx#EA(1)-Assessment
2013,airdrie,0003,AIRDRIE,EA,08280,Residential Subtotal,5643222434,fir_zip_2009_2016.zip:2013_Financial_Year.xlsx#EA(1)-Assessment
2013,airdrie,0003,AIRDRIE,EA,08285,Farmland,26574110,fir_zip_2009_2016.zip:2013_Financial_Year.xlsx#EA(1)-Assessment
2013,airdrie,0003,AIRDRIE,EA,08290,Non Residential Railway,728300,fir_zip_2009_2016.zip:2013_Financial_Year.xlsx#EA(1)-Assessment
2013,airdrie,0003,AIRDRIE,EA,08295,NR Res. Co-generating M&E,,fir_zip_2009_2016.zip:2013_Financial_Year.xlsx#EA(1)-Assessment
2013,airdrie,0003,AIRDRIE,POPL,POPL,Population,49560,fir_zip_2009_2016.zip:2013_Financial_Year.xlsx#POPL(1)-Population
2013,beaumont,0019,BEAUMONT,D,01910,Provincial Government Unconditional Transfers,0,fir_zip_2009_2016.zip:2013_Financial_Year.xlsx#D(1)-Total
2013,beaumont,0019,BEAUMONT,D,01920,Provincial Government Conditional Transfers,7517749,fir_zip_2009_2016.zip:2013_Financial_Year.xlsx#D(1)-Total
2013,beaumont,0019,BEAUMONT,EA,08260,GRAND TOTAL,1971115866,fir_zip_2009_2016.zip:2013_Financial_Year.xlsx#EA(1)-Assessment
2013,beaumont,0019,BEAUMONT,EA,08265,Linear Subtotal,12087900,fir_zip_2009_2016.zip:2013_Financial_Year.xlsx#EA(1)-Assessment
2013,beaumont,0019,BEAUMONT,EA,08270,Mach & Equip Subtotal,47200,fir_zip_2009_2016.zip:2013_Financial_Year.xlsx#EA(1)-Assessment
2013,beaumont,0019,BEAUMONT,EA,08275,Non Residential Subtotal,88139463,fir_zip_2009_2016.zip:2013_Financial_Year.xlsx#EA(1)-Assessment
2013,beaumont,0019,BEAUMONT,EA,08280,Residential Subtotal,1870700303,fir_zip_2009_2016.zip:2013_Financial_Year.xlsx#EA(1)-Assessment
2013,beaumont,0019,BEAUMONT,EA,08285,Farmland,141000,fir_zip_2009_2016.zip:2013_Financial_Year.xlsx#EA(1)-Assessment
2013,beaumont,0019,BEAUMONT,EA,08290,Non Residential Railway,,fir_zip_2009_2016.zip:2013_Financial_Year.xlsx#EA(1)-Assessment
2013,beaumont,0019,BEAUMONT,EA,08295,NR Res. Co-generating M&E,,fir_zip_2009_2016.zip:2013_Financial_Year.xlsx#EA(1)-Assessment
2013,beaumont,0019,BEAUMONT,POPL,POPL,Population,14916,fir_zip_2009_2016.zip:2013_Financial_Year.xlsx#POPL(1)-Population
2013,calgary,0046,CALGARY,D,01910,Provincial Government Unconditional Transfers,2624000,fir_zip_2009_2016.zip:2013_Financial_Year.xlsx#D(1)-Total
2013,calgary,0046,CALGARY,D,01920,Provincial Government Conditional Transfers,400288000,fir_zip_2009_2016.zip:2013_Financial_Year.xlsx#D(1)-Total
2013,calgary,0046,CALGARY,EA,08260,GRAND TOTAL,215201235404,fir_zip_2009_2016.zip:2013_Financial_Year.xlsx#EA(1)-Assessment
2013,calgary,0046,CALGARY,EA,08265,Linear Subtotal,1850511890,fir_zip_2009_2016.zip:2013_Financial_Year.xlsx#EA(1)-Assessment
2013,calgary,0046,CALGARY,EA,08270,Mach & Equip Subtotal,300384180,fir_zip_2009_2016.zip:2013_Financial_Year.xlsx#EA(1)-Assessment
2013,calgary,0046,CALGARY,EA,08275,Non Residential Subtotal,48716641092,fir_zip_2009_2016.zip:2013_Financial_Year.xlsx#EA(1)-Assessment
2013,calgary,0046,CALGARY,EA,08280,Residential Subtotal,164149439499,fir_zip_2009_2016.zip:2013_Financial_Year.xlsx#EA(1)-Assessment
2013,calgary,0046,CALGARY,EA,08285,Farmland,12088660,fir_zip_2009_2016.zip:2013_Financial_Year.xlsx#EA(1)-Assessment
2013,calgary,0046,CALGARY,EA,08290,Non Residential Railway,172170083,fir_zip_2009_2016.zip:2013_Financial_Year.xlsx#EA(1)-Assessment
2013,calgary,0046,CALGARY,EA,08295,NR Res. Co-generating M&E,,fir_zip_2009_2016.zip:2013_Financial_Year.xlsx#EA(1)-Assessment
2013,calgary,0046,CALGARY,POPL,POPL,Population,1149552,fir_zip_2009_2016.zip:2013_Financial_Year.xlsx#POPL(1)-Population
2013,cochrane,0070,COCHRANE,D,01910,Provincial Government Unconditional Transfers,0,fir_zip_2009_2016.zip:2013_Financial_Year.xlsx#D(1)-Total
2013,cochrane,0070,COCHRANE,D,01920,Provincial Government Conditional Transfers,7605610,fir_zip_2009_2016.zip:2013_Financial_Year.xlsx#D(1)-Total
2013,cochrane,0070,COCHRANE,EA,08260,GRAND TOTAL,3436723204,fir_zip_2009_2016.zip:2013_Financial_Year.xlsx#EA(1)-Assessment
2013,cochrane,0070,COCHRANE,EA,08265,Linear Subtotal,27302650,fir_zip_2009_2016.zip:2013_Financial_Year.xlsx#EA(1)-Assessment
2013,cochrane,0070,COCHRANE,EA,08270,Mach & Equip Subtotal,5147100,fir_zip_2009_2016.zip:2013_Financial_Year.xlsx#EA(1)-Assessment
2013,cochrane,0070,COCHRANE,EA,08275,Non Residential Subtotal,399906424,fir_zip_2009_2016.zip:2013_Financial_Year.xlsx#EA(1)-Assessment
2013,cochrane,0070,COCHRANE,EA,08280,Residential Subtotal,3003051620,fir_zip_2009_2016.zip:2013_Financial_Year.xlsx#EA(1)-Assessment
2013,cochrane,0070,COCHRANE,EA,08285,Farmland,335510,fir_zip_2009_2016.zip:2013_Financial_Year.xlsx#EA(1)-Assessment
2013,cochrane,0070,COCHRANE,EA,08290,Non Residential Railway,979900,fir_zip_2009_2016.zip:2013_Financial_Year.xlsx#EA(1)-Assessment
2013,cochrane,0070,COCHRANE,EA,08295,NR Res. Co-generating M&E,,fir_zip_2009_2016.zip:2013_Financial_Year.xlsx#EA(1)-Assessment
2013,cochrane,0070,COCHRANE,POPL,POPL,Population,18750,fir_zip_2009_2016.zip:2013_Financial_Year.xlsx#POPL(1)-Population
2013,devon,0086,DEVON,D,01910,Provincial Government Unconditional Transfers,715167,fir_zip_2009_2016.zip:2013_Financial_Year.xlsx#D(1)-Total
2013,devon,0086,DEVON,D,01920,Provincial Government Conditional Transfers,1242102,fir_zip_2009_2016.zip:2013_Financial_Year.xlsx#D(1)-Total
2013,devon,0086,DEVON,EA,08260,GRAND TOTAL,788398928,fir_zip_2009_2016.zip:2013_Financial_Year.xlsx#EA(1)-Assessment
2013,devon,0086,DEVON,EA,08265,Linear Subtotal,13085180,fir_zip_2009_2016.zip:2013_Financial_Year.xlsx#EA(1)-Assessment
2013,devon,0086,DEVON,EA,08270,Mach & Equip Subtotal,491160,fir_zip_2009_2016.zip:2013_Financial_Year.xlsx#EA(1)-Assessment
2013,devon,0086,DEVON,EA,08275,Non Residential Subtotal,83029667,fir_zip_2009_2016.zip:2013_Financial_Year.xlsx#EA(1)-Assessment
2013,devon,0086,DEVON,EA,08280,Residential Subtotal,691569541,fir_zip_2009_2016.zip:2013_Financial_Year.xlsx#EA(1)-Assessment
2013,devon,0086,DEVON,EA,08285,Farmland,223380,fir_zip_2009_2016.zip:2013_Financial_Year.xlsx#EA(1)-Assessment
2013,devon,0086,DEVON,EA,08290,Non Residential Railway,,fir_zip_2009_2016.zip:2013_Financial_Year.xlsx#EA(1)-Assessment
2013,devon,0086,DEVON,EA,08295,NR Res. Co-generating M&E,,fir_zip_2009_2016.zip:2013_Financial_Year.xlsx#EA(1)-Assessment
2013,devon,0086,DEVON,POPL,POPL,Population,6510,fir_zip_2009_2016.zip:2013_Financial_Year.xlsx#POPL(1)-Population
2013,edmonton,0098,EDMONTON,D,01910,Provincial Government Unconditional Transfers,0,fir_zip_2009_2016.zip:2013_Financial_Year.xlsx#D(1)-Total
2013,edmonton,0098,EDMONTON,D,01920,Provincial Government Conditional Transfers,420576000,fir_zip_2009_2016.zip:2013_Financial_Year.xlsx#D(1)-Total
2013,edmonton,0098,EDMONTON,EA,08260,GRAND TOTAL,135528259964,fir_zip_2009_2016.zip:2013_Financial_Year.xlsx#EA(1)-Assessment
2013,edmonton,0098,EDMONTON,EA,08265,Linear Subtotal,1709807960,fir_zip_2009_2016.zip:2013_Financial_Year.xlsx#EA(1)-Assessment
2013,edmonton,0098,EDMONTON,EA,08270,Mach & Equip Subtotal,961106095,fir_zip_2009_2016.zip:2013_Financial_Year.xlsx#EA(1)-Assessment
2013,edmonton,0098,EDMONTON,EA,08275,Non Residential Subtotal,32736016813,fir_zip_2009_2016.zip:2013_Financial_Year.xlsx#EA(1)-Assessment
2013,edmonton,0098,EDMONTON,EA,08280,Residential Subtotal,100081308780,fir_zip_2009_2016.zip:2013_Financial_Year.xlsx#EA(1)-Assessment
2013,edmonton,0098,EDMONTON,EA,08285,Farmland,29520147,fir_zip_2009_2016.zip:2013_Financial_Year.xlsx#EA(1)-Assessment
2013,edmonton,0098,EDMONTON,EA,08290,Non Residential Railway,10298169,fir_zip_2009_2016.zip:2013_Financial_Year.xlsx#EA(1)-Assessment
2013,edmonton,0098,EDMONTON,EA,08295,NR Res. Co-generating M&E,202000,fir_zip_2009_2016.zip:2013_Financial_Year.xlsx#EA(1)-Assessment
2013,edmonton,0098,EDMONTON,POPL,POPL,Population,817498,fir_zip_2009_2016.zip:2013_Financial_Year.xlsx#POPL(1)-Population
2013,foothills,0111,FOOTHILLS COUNTY,D,01910,Provincial Government Unconditional Transfers,0,fir_zip_2009_2016.zip:2013_Financial_Year.xlsx#D(1)-Total
2013,foothills,0111,FOOTHILLS COUNTY,D,01920,Provincial Government Conditional Transfers,16777855,fir_zip_2009_2016.zip:2013_Financial_Year.xlsx#D(1)-Total
2013,foothills,0111,FOOTHILLS COUNTY,EA,08260,GRAND TOTAL,6876506417,fir_zip_2009_2016.zip:2013_Financial_Year.xlsx#EA(1)-Assessment
2013,foothills,0111,FOOTHILLS COUNTY,EA,08265,Linear Subtotal,462479030,fir_zip_2009_2016.zip:2013_Financial_Year.xlsx#EA(1)-Assessment
2013,foothills,0111,FOOTHILLS COUNTY,EA,08270,Mach & Equip Subtotal,225398600,fir_zip_2009_2016.zip:2013_Financial_Year.xlsx#EA(1)-Assessment
2013,foothills,0111,FOOTHILLS COUNTY,EA,08275,Non Residential Subtotal,406084400,fir_zip_2009_2016.zip:2013_Financial_Year.xlsx#EA(1)-Assessment
2013,foothills,0111,FOOTHILLS COUNTY,EA,08280,Residential Subtotal,5642033347,fir_zip_2009_2016.zip:2013_Financial_Year.xlsx#EA(1)-Assessment
2013,foothills,0111,FOOTHILLS COUNTY,EA,08285,Farmland,139389720,fir_zip_2009_2016.zip:2013_Financial_Year.xlsx#EA(1)-Assessment
2013,foothills,0111,FOOTHILLS COUNTY,EA,08290,Non Residential Railway,1121320,fir_zip_2009_2016.zip:2013_Financial_Year.xlsx#EA(1)-Assessment
2013,foothills,0111,FOOTHILLS COUNTY,EA,08295,NR Res. Co-generating M&E,,fir_zip_2009_2016.zip:2013_Financial_Year.xlsx#EA(1)-Assessment
2013,foothills,0111,FOOTHILLS COUNTY,POPL,POPL,Population,21258,fir_zip_2009_2016.zip:2013_Financial_Year.xlsx#POPL(1)-Population
2013,fort_saskatchewan,0117,FORT SASKATCHEWAN,D,01910,Provincial Government Unconditional Transfers,1372128,fir_zip_2009_2016.zip:2013_Financial_Year.xlsx#D(1)-Total
2013,fort_saskatchewan,0117,FORT SASKATCHEWAN,D,01920,Provincial Government Conditional Transfers,5447844,fir_zip_2009_2016.zip:2013_Financial_Year.xlsx#D(1)-Total
2013,fort_saskatchewan,0117,FORT SASKATCHEWAN,EA,08260,GRAND TOTAL,4631064171,fir_zip_2009_2016.zip:2013_Financial_Year.xlsx#EA(1)-Assessment
2013,fort_saskatchewan,0117,FORT SASKATCHEWAN,EA,08265,Linear Subtotal,100866740,fir_zip_2009_2016.zip:2013_Financial_Year.xlsx#EA(1)-Assessment
2013,fort_saskatchewan,0117,FORT SASKATCHEWAN,EA,08270,Mach & Equip Subtotal,1151576850,fir_zip_2009_2016.zip:2013_Financial_Year.xlsx#EA(1)-Assessment
2013,fort_saskatchewan,0117,FORT SASKATCHEWAN,EA,08275,Non Residential Subtotal,835303992,fir_zip_2009_2016.zip:2013_Financial_Year.xlsx#EA(1)-Assessment
2013,fort_saskatchewan,0117,FORT SASKATCHEWAN,EA,08280,Residential Subtotal,2542018089,fir_zip_2009_2016.zip:2013_Financial_Year.xlsx#EA(1)-Assessment
2013,fort_saskatchewan,0117,FORT SASKATCHEWAN,EA,08285,Farmland,1151700,fir_zip_2009_2016.zip:2013_Financial_Year.xlsx#EA(1)-Assessment
2013,fort_saskatchewan,0117,FORT SASKATCHEWAN,EA,08290,Non Residential Railway,146800,fir_zip_2009_2016.zip:2013_Financial_Year.xlsx#EA(1)-Assessment
2013,fort_saskatchewan,0117,FORT SASKATCHEWAN,EA,08295,NR Res. Co-generating M&E,,fir_zip_2009_2016.zip:2013_Financial_Year.xlsx#EA(1)-Assessment
2013,fort_saskatchewan,0117,FORT SASKATCHEWAN,POPL,POPL,Population,21795,fir_zip_2009_2016.zip:2013_Financial_Year.xlsx#POPL(1)-Population
2013,high_river,0148,HIGH RIVER,D,01910,Provincial Government Unconditional Transfers,40409522,fir_zip_2009_2016.zip:2013_Financial_Year.xlsx#D(1)-Total
2013,high_river,0148,HIGH RIVER,D,01920,Provincial Government Conditional Transfers,4414290,fir_zip_2009_2016.zip:2013_Financial_Year.xlsx#D(1)-Total
2013,high_river,0148,HIGH RIVER,EA,08260,GRAND TOTAL,1834202573,fir_zip_2009_2016.zip:2013_Financial_Year.xlsx#EA(1)-Assessment
2013,high_river,0148,HIGH RIVER,EA,08265,Linear Subtotal,15527940,fir_zip_2009_2016.zip:2013_Financial_Year.xlsx#EA(1)-Assessment
2013,high_river,0148,HIGH RIVER,EA,08270,Mach & Equip Subtotal,,fir_zip_2009_2016.zip:2013_Financial_Year.xlsx#EA(1)-Assessment
2013,high_river,0148,HIGH RIVER,EA,08275,Non Residential Subtotal,285910477,fir_zip_2009_2016.zip:2013_Financial_Year.xlsx#EA(1)-Assessment
2013,high_river,0148,HIGH RIVER,EA,08280,Residential Subtotal,1532431156,fir_zip_2009_2016.zip:2013_Financial_Year.xlsx#EA(1)-Assessment
2013,high_river,0148,HIGH RIVER,EA,08285,Farmland,314000,fir_zip_2009_2016.zip:2013_Financial_Year.xlsx#EA(1)-Assessment
2013,high_river,0148,HIGH RIVER,EA,08290,Non Residential Railway,19000,fir_zip_2009_2016.zip:2013_Financial_Year.xlsx#EA(1)-Assessment
2013,high_river,0148,HIGH RIVER,EA,08295,NR Res. Co-generating M&E,,fir_zip_2009_2016.zip:2013_Financial_Year.xlsx#EA(1)-Assessment
2013,high_river,0148,HIGH RIVER,POPL,POPL,Population,12920,fir_zip_2009_2016.zip:2013_Financial_Year.xlsx#POPL(1)-Population
2013,leduc_city,0200,LEDUC,D,01910,Provincial Government Unconditional Transfers,1227846,fir_zip_2009_2016.zip:2013_Financial_Year.xlsx#D(1)-Total
2013,leduc_city,0200,LEDUC,D,01920,Provincial Government Conditional Transfers,9830783,fir_zip_2009_2016.zip:2013_Financial_Year.xlsx#D(1)-Total
2013,leduc_city,0200,LEDUC,EA,08260,GRAND TOTAL,4039925025,fir_zip_2009_2016.zip:2013_Financial_Year.xlsx#EA(1)-Assessment
2013,leduc_city,0200,LEDUC,EA,08265,Linear Subtotal,32038980,fir_zip_2009_2016.zip:2013_Financial_Year.xlsx#EA(1)-Assessment
2013,leduc_city,0200,LEDUC,EA,08270,Mach & Equip Subtotal,7621890,fir_zip_2009_2016.zip:2013_Financial_Year.xlsx#EA(1)-Assessment
2013,leduc_city,0200,LEDUC,EA,08275,Non Residential Subtotal,1025306634,fir_zip_2009_2016.zip:2013_Financial_Year.xlsx#EA(1)-Assessment
2013,leduc_city,0200,LEDUC,EA,08280,Residential Subtotal,2972316481,fir_zip_2009_2016.zip:2013_Financial_Year.xlsx#EA(1)-Assessment
2013,leduc_city,0200,LEDUC,EA,08285,Farmland,1990000,fir_zip_2009_2016.zip:2013_Financial_Year.xlsx#EA(1)-Assessment
2013,leduc_city,0200,LEDUC,EA,08290,Non Residential Railway,651040,fir_zip_2009_2016.zip:2013_Financial_Year.xlsx#EA(1)-Assessment
2013,leduc_city,0200,LEDUC,EA,08295,NR Res. Co-generating M&E,,fir_zip_2009_2016.zip:2013_Financial_Year.xlsx#EA(1)-Assessment
2013,leduc_city,0200,LEDUC,POPL,POPL,Population,27241,fir_zip_2009_2016.zip:2013_Financial_Year.xlsx#POPL(1)-Population
2013,leduc_county,0201,LEDUC COUNTY,D,01910,Provincial Government Unconditional Transfers,36676,fir_zip_2009_2016.zip:2013_Financial_Year.xlsx#D(1)-Total
2013,leduc_county,0201,LEDUC COUNTY,D,01920,Provincial Government Conditional Transfers,11142700,fir_zip_2009_2016.zip:2013_Financial_Year.xlsx#D(1)-Total
2013,leduc_county,0201,LEDUC COUNTY,EA,08260,GRAND TOTAL,6245166350,fir_zip_2009_2016.zip:2013_Financial_Year.xlsx#EA(1)-Assessment
2013,leduc_county,0201,LEDUC COUNTY,EA,08265,Linear Subtotal,1265818920,fir_zip_2009_2016.zip:2013_Financial_Year.xlsx#EA(1)-Assessment
2013,leduc_county,0201,LEDUC COUNTY,EA,08270,Mach & Equip Subtotal,126596610,fir_zip_2009_2016.zip:2013_Financial_Year.xlsx#EA(1)-Assessment
2013,leduc_county,0201,LEDUC COUNTY,EA,08275,Non Residential Subtotal,2628929077,fir_zip_2009_2016.zip:2013_Financial_Year.xlsx#EA(1)-Assessment
2013,leduc_county,0201,LEDUC COUNTY,EA,08280,Residential Subtotal,2128670683,fir_zip_2009_2016.zip:2013_Financial_Year.xlsx#EA(1)-Assessment
2013,leduc_county,0201,LEDUC COUNTY,EA,08285,Farmland,92516640,fir_zip_2009_2016.zip:2013_Financial_Year.xlsx#EA(1)-Assessment
2013,leduc_county,0201,LEDUC COUNTY,EA,08290,Non Residential Railway,2634420,fir_zip_2009_2016.zip:2013_Financial_Year.xlsx#EA(1)-Assessment
2013,leduc_county,0201,LEDUC COUNTY,EA,08295,NR Res. Co-generating M&E,,fir_zip_2009_2016.zip:2013_Financial_Year.xlsx#EA(1)-Assessment
2013,leduc_county,0201,LEDUC COUNTY,POPL,POPL,Population,13524,fir_zip_2009_2016.zip:2013_Financial_Year.xlsx#POPL(1)-Population
2013,morinville,0224,MORINVILLE,D,01910,Provincial Government Unconditional Transfers,0,fir_zip_2009_2016.zip:2013_Financial_Year.xlsx#D(1)-Total
2013,morinville,0224,MORINVILLE,D,01920,Provincial Government Conditional Transfers,3780667,fir_zip_2009_2016.zip:2013_Financial_Year.xlsx#D(1)-Total
2013,morinville,0224,MORINVILLE,EA,08260,GRAND TOTAL,1055211285,fir_zip_2009_2016.zip:2013_Financial_Year.xlsx#EA(1)-Assessment
2013,morinville,0224,MORINVILLE,EA,08265,Linear Subtotal,10418590,fir_zip_2009_2016.zip:2013_Financial_Year.xlsx#EA(1)-Assessment
2013,morinville,0224,MORINVILLE,EA,08270,Mach & Equip Subtotal,1678890,fir_zip_2009_2016.zip:2013_Financial_Year.xlsx#EA(1)-Assessment
2013,morinville,0224,MORINVILLE,EA,08275,Non Residential Subtotal,107478367,fir_zip_2009_2016.zip:2013_Financial_Year.xlsx#EA(1)-Assessment
2013,morinville,0224,MORINVILLE,EA,08280,Residential Subtotal,935278928,fir_zip_2009_2016.zip:2013_Financial_Year.xlsx#EA(1)-Assessment
2013,morinville,0224,MORINVILLE,EA,08285,Farmland,281710,fir_zip_2009_2016.zip:2013_Financial_Year.xlsx#EA(1)-Assessment
2013,morinville,0224,MORINVILLE,EA,08290,Non Residential Railway,74800,fir_zip_2009_2016.zip:2013_Financial_Year.xlsx#EA(1)-Assessment
2013,morinville,0224,MORINVILLE,EA,08295,NR Res. Co-generating M&E,,fir_zip_2009_2016.zip:2013_Financial_Year.xlsx#EA(1)-Assessment
2013,morinville,0224,MORINVILLE,POPL,POPL,Population,8569,fir_zip_2009_2016.zip:2013_Financial_Year.xlsx#POPL(1)-Population
2013,okotoks,0238,OKOTOKS,D,01910,Provincial Government Unconditional Transfers,6671464,fir_zip_2009_2016.zip:2013_Financial_Year.xlsx#D(1)-Total
2013,okotoks,0238,OKOTOKS,D,01920,Provincial Government Conditional Transfers,3436690,fir_zip_2009_2016.zip:2013_Financial_Year.xlsx#D(1)-Total
2013,okotoks,0238,OKOTOKS,EA,08260,GRAND TOTAL,3933146729,fir_zip_2009_2016.zip:2013_Financial_Year.xlsx#EA(1)-Assessment
2013,okotoks,0238,OKOTOKS,EA,08265,Linear Subtotal,23798450,fir_zip_2009_2016.zip:2013_Financial_Year.xlsx#EA(1)-Assessment
2013,okotoks,0238,OKOTOKS,EA,08270,Mach & Equip Subtotal,139200,fir_zip_2009_2016.zip:2013_Financial_Year.xlsx#EA(1)-Assessment
2013,okotoks,0238,OKOTOKS,EA,08275,Non Residential Subtotal,504017175,fir_zip_2009_2016.zip:2013_Financial_Year.xlsx#EA(1)-Assessment
2013,okotoks,0238,OKOTOKS,EA,08280,Residential Subtotal,3404843304,fir_zip_2009_2016.zip:2013_Financial_Year.xlsx#EA(1)-Assessment
2013,okotoks,0238,OKOTOKS,EA,08285,Farmland,169600,fir_zip_2009_2016.zip:2013_Financial_Year.xlsx#EA(1)-Assessment
2013,okotoks,0238,OKOTOKS,EA,08290,Non Residential Railway,179000,fir_zip_2009_2016.zip:2013_Financial_Year.xlsx#EA(1)-Assessment
2013,okotoks,0238,OKOTOKS,EA,08295,NR Res. Co-generating M&E,,fir_zip_2009_2016.zip:2013_Financial_Year.xlsx#EA(1)-Assessment
2013,okotoks,0238,OKOTOKS,POPL,POPL,Population,26319,fir_zip_2009_2016.zip:2013_Financial_Year.xlsx#POPL(1)-Population
2013,parkland,0245,PARKLAND COUNTY,D,01910,Provincial Government Unconditional Transfers,0,fir_zip_2009_2016.zip:2013_Financial_Year.xlsx#D(1)-Total
2013,parkland,0245,PARKLAND COUNTY,D,01920,Provincial Government Conditional Transfers,11176649,fir_zip_2009_2016.zip:2013_Financial_Year.xlsx#D(1)-Total
2013,parkland,0245,PARKLAND COUNTY,EA,08260,GRAND TOTAL,8326179236,fir_zip_2009_2016.zip:2013_Financial_Year.xlsx#EA(1)-Assessment
2013,parkland,0245,PARKLAND COUNTY,EA,08265,Linear Subtotal,1716140210,fir_zip_2009_2016.zip:2013_Financial_Year.xlsx#EA(1)-Assessment
2013,parkland,0245,PARKLAND COUNTY,EA,08270,Mach & Equip Subtotal,231760090,fir_zip_2009_2016.zip:2013_Financial_Year.xlsx#EA(1)-Assessment
2013,parkland,0245,PARKLAND COUNTY,EA,08275,Non Residential Subtotal,1112494355,fir_zip_2009_2016.zip:2013_Financial_Year.xlsx#EA(1)-Assessment
2013,parkland,0245,PARKLAND COUNTY,EA,08280,Residential Subtotal,5207451471,fir_zip_2009_2016.zip:2013_Financial_Year.xlsx#EA(1)-Assessment
2013,parkland,0245,PARKLAND COUNTY,EA,08285,Farmland,43840420,fir_zip_2009_2016.zip:2013_Financial_Year.xlsx#EA(1)-Assessment
2013,parkland,0245,PARKLAND COUNTY,EA,08290,Non Residential Railway,14492690,fir_zip_2009_2016.zip:2013_Financial_Year.xlsx#EA(1)-Assessment
2013,parkland,0245,PARKLAND COUNTY,EA,08295,NR Res. Co-generating M&E,,fir_zip_2009_2016.zip:2013_Financial_Year.xlsx#EA(1)-Assessment
2013,parkland,0245,PARKLAND COUNTY,POPL,POPL,Population,30568,fir_zip_2009_2016.zip:2013_Financial_Year.xlsx#POPL(1)-Population
2013,rocky_view,0269,ROCKY VIEW COUNTY,D,01910,Provincial Government Unconditional Transfers,0,fir_zip_2009_2016.zip:2013_Financial_Year.xlsx#D(1)-Total
2013,rocky_view,0269,ROCKY VIEW COUNTY,D,01920,Provincial Government Conditional Transfers,24125396,fir_zip_2009_2016.zip:2013_Financial_Year.xlsx#D(1)-Total
2013,rocky_view,0269,ROCKY VIEW COUNTY,EA,08260,GRAND TOTAL,13985246458,fir_zip_2009_2016.zip:2013_Financial_Year.xlsx#EA(1)-Assessment
2013,rocky_view,0269,ROCKY VIEW COUNTY,EA,08265,Linear Subtotal,1038290150,fir_zip_2009_2016.zip:2013_Financial_Year.xlsx#EA(1)-Assessment
2013,rocky_view,0269,ROCKY VIEW COUNTY,EA,08270,Mach & Equip Subtotal,470290000,fir_zip_2009_2016.zip:2013_Financial_Year.xlsx#EA(1)-Assessment
2013,rocky_view,0269,ROCKY VIEW COUNTY,EA,08275,Non Residential Subtotal,1530297999,fir_zip_2009_2016.zip:2013_Financial_Year.xlsx#EA(1)-Assessment
2013,rocky_view,0269,ROCKY VIEW COUNTY,EA,08280,Residential Subtotal,10783271669,fir_zip_2009_2016.zip:2013_Financial_Year.xlsx#EA(1)-Assessment
2013,rocky_view,0269,ROCKY VIEW COUNTY,EA,08285,Farmland,153337160,fir_zip_2009_2016.zip:2013_Financial_Year.xlsx#EA(1)-Assessment
2013,rocky_view,0269,ROCKY VIEW COUNTY,EA,08290,Non Residential Railway,9759480,fir_zip_2009_2016.zip:2013_Financial_Year.xlsx#EA(1)-Assessment
2013,rocky_view,0269,ROCKY VIEW COUNTY,EA,08295,NR Res. Co-generating M&E,,fir_zip_2009_2016.zip:2013_Financial_Year.xlsx#EA(1)-Assessment
2013,rocky_view,0269,ROCKY VIEW COUNTY,POPL,POPL,Population,38055,fir_zip_2009_2016.zip:2013_Financial_Year.xlsx#POPL(1)-Population
2013,spruce_grove,0291,SPRUCE GROVE,D,01910,Provincial Government Unconditional Transfers,0,fir_zip_2009_2016.zip:2013_Financial_Year.xlsx#D(1)-Total
2013,spruce_grove,0291,SPRUCE GROVE,D,01920,Provincial Government Conditional Transfers,7570950,fir_zip_2009_2016.zip:2013_Financial_Year.xlsx#D(1)-Total
2013,spruce_grove,0291,SPRUCE GROVE,EA,08260,GRAND TOTAL,3907275796,fir_zip_2009_2016.zip:2013_Financial_Year.xlsx#EA(1)-Assessment
2013,spruce_grove,0291,SPRUCE GROVE,EA,08265,Linear Subtotal,30369760,fir_zip_2009_2016.zip:2013_Financial_Year.xlsx#EA(1)-Assessment
2013,spruce_grove,0291,SPRUCE GROVE,EA,08270,Mach & Equip Subtotal,2029400,fir_zip_2009_2016.zip:2013_Financial_Year.xlsx#EA(1)-Assessment
2013,spruce_grove,0291,SPRUCE GROVE,EA,08275,Non Residential Subtotal,554010906,fir_zip_2009_2016.zip:2013_Financial_Year.xlsx#EA(1)-Assessment
2013,spruce_grove,0291,SPRUCE GROVE,EA,08280,Residential Subtotal,3319595330,fir_zip_2009_2016.zip:2013_Financial_Year.xlsx#EA(1)-Assessment
2013,spruce_grove,0291,SPRUCE GROVE,EA,08285,Farmland,621900,fir_zip_2009_2016.zip:2013_Financial_Year.xlsx#EA(1)-Assessment
2013,spruce_grove,0291,SPRUCE GROVE,EA,08290,Non Residential Railway,648500,fir_zip_2009_2016.zip:2013_Financial_Year.xlsx#EA(1)-Assessment
2013,spruce_grove,0291,SPRUCE GROVE,EA,08295,NR Res. Co-generating M&E,,fir_zip_2009_2016.zip:2013_Financial_Year.xlsx#EA(1)-Assessment
2013,spruce_grove,0291,SPRUCE GROVE,POPL,POPL,Population,27875,fir_zip_2009_2016.zip:2013_Financial_Year.xlsx#POPL(1)-Population
2013,st_albert,0292,ST. ALBERT,D,01910,Provincial Government Unconditional Transfers,223932,fir_zip_2009_2016.zip:2013_Financial_Year.xlsx#D(1)-Total
2013,st_albert,0292,ST. ALBERT,D,01920,Provincial Government Conditional Transfers,20238061,fir_zip_2009_2016.zip:2013_Financial_Year.xlsx#D(1)-Total
2013,st_albert,0292,ST. ALBERT,EA,08260,GRAND TOTAL,9701969688,fir_zip_2009_2016.zip:2013_Financial_Year.xlsx#EA(1)-Assessment
2013,st_albert,0292,ST. ALBERT,EA,08265,Linear Subtotal,74209820,fir_zip_2009_2016.zip:2013_Financial_Year.xlsx#EA(1)-Assessment
2013,st_albert,0292,ST. ALBERT,EA,08270,Mach & Equip Subtotal,13799500,fir_zip_2009_2016.zip:2013_Financial_Year.xlsx#EA(1)-Assessment
2013,st_albert,0292,ST. ALBERT,EA,08275,Non Residential Subtotal,1052703862,fir_zip_2009_2016.zip:2013_Financial_Year.xlsx#EA(1)-Assessment
2013,st_albert,0292,ST. ALBERT,EA,08280,Residential Subtotal,8560281906,fir_zip_2009_2016.zip:2013_Financial_Year.xlsx#EA(1)-Assessment
2013,st_albert,0292,ST. ALBERT,EA,08285,Farmland,834000,fir_zip_2009_2016.zip:2013_Financial_Year.xlsx#EA(1)-Assessment
2013,st_albert,0292,ST. ALBERT,EA,08290,Non Residential Railway,140600,fir_zip_2009_2016.zip:2013_Financial_Year.xlsx#EA(1)-Assessment
2013,st_albert,0292,ST. ALBERT,EA,08295,NR Res. Co-generating M&E,,fir_zip_2009_2016.zip:2013_Financial_Year.xlsx#EA(1)-Assessment
2013,st_albert,0292,ST. ALBERT,POPL,POPL,Population,61466,fir_zip_2009_2016.zip:2013_Financial_Year.xlsx#POPL(1)-Population
2013,stony_plain,0301,STONY PLAIN,D,01910,Provincial Government Unconditional Transfers,0,fir_zip_2009_2016.zip:2013_Financial_Year.xlsx#D(1)-Total
2013,stony_plain,0301,STONY PLAIN,D,01920,Provincial Government Conditional Transfers,3969270,fir_zip_2009_2016.zip:2013_Financial_Year.xlsx#D(1)-Total
2013,stony_plain,0301,STONY PLAIN,EA,08260,GRAND TOTAL,2152868783,fir_zip_2009_2016.zip:2013_Financial_Year.xlsx#EA(1)-Assessment
2013,stony_plain,0301,STONY PLAIN,EA,08265,Linear Subtotal,20610120,fir_zip_2009_2016.zip:2013_Financial_Year.xlsx#EA(1)-Assessment
2013,stony_plain,0301,STONY PLAIN,EA,08270,Mach & Equip Subtotal,626740,fir_zip_2009_2016.zip:2013_Financial_Year.xlsx#EA(1)-Assessment
2013,stony_plain,0301,STONY PLAIN,EA,08275,Non Residential Subtotal,276085498,fir_zip_2009_2016.zip:2013_Financial_Year.xlsx#EA(1)-Assessment
2013,stony_plain,0301,STONY PLAIN,EA,08280,Residential Subtotal,1852876325,fir_zip_2009_2016.zip:2013_Financial_Year.xlsx#EA(1)-Assessment
2013,stony_plain,0301,STONY PLAIN,EA,08285,Farmland,1062230,fir_zip_2009_2016.zip:2013_Financial_Year.xlsx#EA(1)-Assessment
2013,stony_plain,0301,STONY PLAIN,EA,08290,Non Residential Railway,1607870,fir_zip_2009_2016.zip:2013_Financial_Year.xlsx#EA(1)-Assessment
2013,stony_plain,0301,STONY PLAIN,EA,08295,NR Res. Co-generating M&E,,fir_zip_2009_2016.zip:2013_Financial_Year.xlsx#EA(1)-Assessment
2013,stony_plain,0301,STONY PLAIN,POPL,POPL,Population,15051,fir_zip_2009_2016.zip:2013_Financial_Year.xlsx#POPL(1)-Population
2013,strathcona,0302,STRATHCONA COUNTY,D,01910,Provincial Government Unconditional Transfers,0,fir_zip_2009_2016.zip:2013_Financial_Year.xlsx#D(1)-Total
2013,strathcona,0302,STRATHCONA COUNTY,D,01920,Provincial Government Conditional Transfers,35712234,fir_zip_2009_2016.zip:2013_Financial_Year.xlsx#D(1)-Total
2013,strathcona,0302,STRATHCONA COUNTY,EA,08260,GRAND TOTAL,27778060204,fir_zip_2009_2016.zip:2013_Financial_Year.xlsx#EA(1)-Assessment
2013,strathcona,0302,STRATHCONA COUNTY,EA,08265,Linear Subtotal,687312640,fir_zip_2009_2016.zip:2013_Financial_Year.xlsx#EA(1)-Assessment
2013,strathcona,0302,STRATHCONA COUNTY,EA,08270,Mach & Equip Subtotal,9075905000,fir_zip_2009_2016.zip:2013_Financial_Year.xlsx#EA(1)-Assessment
2013,strathcona,0302,STRATHCONA COUNTY,EA,08275,Non Residential Subtotal,3242762014,fir_zip_2009_2016.zip:2013_Financial_Year.xlsx#EA(1)-Assessment
2013,strathcona,0302,STRATHCONA COUNTY,EA,08280,Residential Subtotal,14729371750,fir_zip_2009_2016.zip:2013_Financial_Year.xlsx#EA(1)-Assessment
2013,strathcona,0302,STRATHCONA COUNTY,EA,08285,Farmland,33917800,fir_zip_2009_2016.zip:2013_Financial_Year.xlsx#EA(1)-Assessment
2013,strathcona,0302,STRATHCONA COUNTY,EA,08290,Non Residential Railway,8791000,fir_zip_2009_2016.zip:2013_Financial_Year.xlsx#EA(1)-Assessment
2013,strathcona,0302,STRATHCONA COUNTY,EA,08295,NR Res. Co-generating M&E,,fir_zip_2009_2016.zip:2013_Financial_Year.xlsx#EA(1)-Assessment
2013,strathcona,0302,STRATHCONA COUNTY,POPL,POPL,Population,92490,fir_zip_2009_2016.zip:2013_Financial_Year.xlsx#POPL(1)-Population
2013,sturgeon,0305,STURGEON COUNTY,D,01910,Provincial Government Unconditional Transfers,9634376,fir_zip_2009_2016.zip:2013_Financial_Year.xlsx#D(1)-Total
2013,sturgeon,0305,STURGEON COUNTY,D,01920,Provincial Government Conditional Transfers,0,fir_zip_2009_2016.zip:2013_Financial_Year.xlsx#D(1)-Total
2013,sturgeon,0305,STURGEON COUNTY,EA,08260,GRAND TOTAL,4954107356,fir_zip_2009_2016.zip:2013_Financial_Year.xlsx#EA(1)-Assessment
2013,sturgeon,0305,STURGEON COUNTY,EA,08265,Linear Subtotal,409364610,fir_zip_2009_2016.zip:2013_Financial_Year.xlsx#EA(1)-Assessment
2013,sturgeon,0305,STURGEON COUNTY,EA,08270,Mach & Equip Subtotal,776874910,fir_zip_2009_2016.zip:2013_Financial_Year.xlsx#EA(1)-Assessment
2013,sturgeon,0305,STURGEON COUNTY,EA,08275,Non Residential Subtotal,591633816,fir_zip_2009_2016.zip:2013_Financial_Year.xlsx#EA(1)-Assessment
2013,sturgeon,0305,STURGEON COUNTY,EA,08280,Residential Subtotal,3093290760,fir_zip_2009_2016.zip:2013_Financial_Year.xlsx#EA(1)-Assessment
2013,sturgeon,0305,STURGEON COUNTY,EA,08285,Farmland,79667130,fir_zip_2009_2016.zip:2013_Financial_Year.xlsx#EA(1)-Assessment
2013,sturgeon,0305,STURGEON COUNTY,EA,08290,Non Residential Railway,3276130,fir_zip_2009_2016.zip:2013_Financial_Year.xlsx#EA(1)-Assessment
2013,sturgeon,0305,STURGEON COUNTY,EA,08295,NR Res. Co-generating M&E,,fir_zip_2009_2016.zip:2013_Financial_Year.xlsx#EA(1)-Assessment
2013,sturgeon,0305,STURGEON COUNTY,POPL,POPL,Population,19578,fir_zip_2009_2016.zip:2013_Financial_Year.xlsx#POPL(1)-Population
2013,chestermere,0356,CHESTERMERE,D,01910,Provincial Government Unconditional Transfers,0,fir_zip_2009_2016.zip:2013_Financial_Year.xlsx#D(1)-Total
2013,chestermere,0356,CHESTERMERE,D,01920,Provincial Government Conditional Transfers,7827907,fir_zip_2009_2016.zip:2013_Financial_Year.xlsx#D(1)-Total
2013,chestermere,0356,CHESTERMERE,EA,08260,GRAND TOTAL,2582306366,fir_zip_2009_2016.zip:2013_Financial_Year.xlsx#EA(1)-Assessment
2013,chestermere,0356,CHESTERMERE,EA,08265,Linear Subtotal,16001850,fir_zip_2009_2016.zip:2013_Financial_Year.xlsx#EA(1)-Assessment
2013,chestermere,0356,CHESTERMERE,EA,08270,Mach & Equip Subtotal,,fir_zip_2009_2016.zip:2013_Financial_Year.xlsx#EA(1)-Assessment
2013,chestermere,0356,CHESTERMERE,EA,08275,Non Residential Subtotal,75230731,fir_zip_2009_2016.zip:2013_Financial_Year.xlsx#EA(1)-Assessment
2013,chestermere,0356,CHESTERMERE,EA,08280,Residential Subtotal,2489878685,fir_zip_2009_2016.zip:2013_Financial_Year.xlsx#EA(1)-Assessment
2013,chestermere,0356,CHESTERMERE,EA,08285,Farmland,1195100,fir_zip_2009_2016.zip:2013_Financial_Year.xlsx#EA(1)-Assessment
2013,chestermere,0356,CHESTERMERE,EA,08290,Non Residential Railway,,fir_zip_2009_2016.zip:2013_Financial_Year.xlsx#EA(1)-Assessment
2013,chestermere,0356,CHESTERMERE,EA,08295,NR Res. Co-generating M&E,,fir_zip_2009_2016.zip:2013_Financial_Year.xlsx#EA(1)-Assessment
2013,chestermere,0356,CHESTERMERE,POPL,POPL,Population,15762,fir_zip_2009_2016.zip:2013_Financial_Year.xlsx#POPL(1)-Population
2014,airdrie,0003,AIRDRIE,D,01910,Provincial Government Unconditional Transfers,4658117,fir_zip_2009_2016.zip:2014_Financial_Year.xlsx#D(1)-Total
2014,airdrie,0003,AIRDRIE,D,01920,Provincial Government Conditional Transfers,365391,fir_zip_2009_2016.zip:2014_Financial_Year.xlsx#D(1)-Total
2014,airdrie,0003,AIRDRIE,EA,08260,GRAND TOTAL,7150823164,fir_zip_2009_2016.zip:2014_Financial_Year.xlsx#EA(1)-Assessment
2014,airdrie,0003,AIRDRIE,EA,08265,Linear Subtotal,60376340,fir_zip_2009_2016.zip:2014_Financial_Year.xlsx#EA(1)-Assessment
2014,airdrie,0003,AIRDRIE,EA,08270,Mach & Equip Subtotal,9302070,fir_zip_2009_2016.zip:2014_Financial_Year.xlsx#EA(1)-Assessment
2014,airdrie,0003,AIRDRIE,EA,08275,Non Residential Subtotal,1103115555,fir_zip_2009_2016.zip:2014_Financial_Year.xlsx#EA(1)-Assessment
2014,airdrie,0003,AIRDRIE,EA,08280,Residential Subtotal,5942518392,fir_zip_2009_2016.zip:2014_Financial_Year.xlsx#EA(1)-Assessment
2014,airdrie,0003,AIRDRIE,EA,08285,Farmland,34695607,fir_zip_2009_2016.zip:2014_Financial_Year.xlsx#EA(1)-Assessment
2014,airdrie,0003,AIRDRIE,EA,08290,Non Residential Railway,815200,fir_zip_2009_2016.zip:2014_Financial_Year.xlsx#EA(1)-Assessment
2014,airdrie,0003,AIRDRIE,EA,08295,NR Res. Co-generating M&E,,fir_zip_2009_2016.zip:2014_Financial_Year.xlsx#EA(1)-Assessment
2014,airdrie,0003,AIRDRIE,POPL,POPL,Population,54891,fir_zip_2009_2016.zip:2014_Financial_Year.xlsx#POPL(1)-Population
2014,beaumont,0019,BEAUMONT,D,01910,Provincial Government Unconditional Transfers,0,fir_zip_2009_2016.zip:2014_Financial_Year.xlsx#D(1)-Total
2014,beaumont,0019,BEAUMONT,D,01920,Provincial Government Conditional Transfers,4940021,fir_zip_2009_2016.zip:2014_Financial_Year.xlsx#D(1)-Total
2014,beaumont,0019,BEAUMONT,EA,08260,GRAND TOTAL,2144638877,fir_zip_2009_2016.zip:2014_Financial_Year.xlsx#EA(1)-Assessment
2014,beaumont,0019,BEAUMONT,EA,08265,Linear Subtotal,14147840,fir_zip_2009_2016.zip:2014_Financial_Year.xlsx#EA(1)-Assessment
2014,beaumont,0019,BEAUMONT,EA,08270,Mach & Equip Subtotal,78700,fir_zip_2009_2016.zip:2014_Financial_Year.xlsx#EA(1)-Assessment
2014,beaumont,0019,BEAUMONT,EA,08275,Non Residential Subtotal,102582798,fir_zip_2009_2016.zip:2014_Financial_Year.xlsx#EA(1)-Assessment
2014,beaumont,0019,BEAUMONT,EA,08280,Residential Subtotal,2027302739,fir_zip_2009_2016.zip:2014_Financial_Year.xlsx#EA(1)-Assessment
2014,beaumont,0019,BEAUMONT,EA,08285,Farmland,526800,fir_zip_2009_2016.zip:2014_Financial_Year.xlsx#EA(1)-Assessment
2014,beaumont,0019,BEAUMONT,EA,08290,Non Residential Railway,,fir_zip_2009_2016.zip:2014_Financial_Year.xlsx#EA(1)-Assessment
2014,beaumont,0019,BEAUMONT,EA,08295,NR Res. Co-generating M&E,,fir_zip_2009_2016.zip:2014_Financial_Year.xlsx#EA(1)-Assessment
2014,beaumont,0019,BEAUMONT,POPL,POPL,Population,15828,fir_zip_2009_2016.zip:2014_Financial_Year.xlsx#POPL(1)-Population
2014,calgary,0046,CALGARY,D,01910,Provincial Government Unconditional Transfers,2067000,fir_zip_2009_2016.zip:2014_Financial_Year.xlsx#D(1)-Total
2014,calgary,0046,CALGARY,D,01920,Provincial Government Conditional Transfers,700927000,fir_zip_2009_2016.zip:2014_Financial_Year.xlsx#D(1)-Total
2014,calgary,0046,CALGARY,EA,08260,GRAND TOTAL,234712243508,fir_zip_2009_2016.zip:2014_Financial_Year.xlsx#EA(1)-Assessment
2014,calgary,0046,CALGARY,EA,08265,Linear Subtotal,1843718660,fir_zip_2009_2016.zip:2014_Financial_Year.xlsx#EA(1)-Assessment
2014,calgary,0046,CALGARY,EA,08270,Mach & Equip Subtotal,309624300,fir_zip_2009_2016.zip:2014_Financial_Year.xlsx#EA(1)-Assessment
2014,calgary,0046,CALGARY,EA,08275,Non Residential Subtotal,59654988160,fir_zip_2009_2016.zip:2014_Financial_Year.xlsx#EA(1)-Assessment
2014,calgary,0046,CALGARY,EA,08280,Residential Subtotal,172708522016,fir_zip_2009_2016.zip:2014_Financial_Year.xlsx#EA(1)-Assessment
2014,calgary,0046,CALGARY,EA,08285,Farmland,10367879,fir_zip_2009_2016.zip:2014_Financial_Year.xlsx#EA(1)-Assessment
2014,calgary,0046,CALGARY,EA,08290,Non Residential Railway,185022493,fir_zip_2009_2016.zip:2014_Financial_Year.xlsx#EA(1)-Assessment
2014,calgary,0046,CALGARY,EA,08295,NR Res. Co-generating M&E,,fir_zip_2009_2016.zip:2014_Financial_Year.xlsx#EA(1)-Assessment
2014,calgary,0046,CALGARY,POPL,POPL,Population,1195194,fir_zip_2009_2016.zip:2014_Financial_Year.xlsx#POPL(1)-Population
2014,cochrane,0070,COCHRANE,D,01910,Provincial Government Unconditional Transfers,0,fir_zip_2009_2016.zip:2014_Financial_Year.xlsx#D(1)-Total
2014,cochrane,0070,COCHRANE,D,01920,Provincial Government Conditional Transfers,8923435,fir_zip_2009_2016.zip:2014_Financial_Year.xlsx#D(1)-Total
2014,cochrane,0070,COCHRANE,EA,08260,GRAND TOTAL,3550629499,fir_zip_2009_2016.zip:2014_Financial_Year.xlsx#EA(1)-Assessment
2014,cochrane,0070,COCHRANE,EA,08265,Linear Subtotal,34217410,fir_zip_2009_2016.zip:2014_Financial_Year.xlsx#EA(1)-Assessment
2014,cochrane,0070,COCHRANE,EA,08270,Mach & Equip Subtotal,4992200,fir_zip_2009_2016.zip:2014_Financial_Year.xlsx#EA(1)-Assessment
2014,cochrane,0070,COCHRANE,EA,08275,Non Residential Subtotal,416547179,fir_zip_2009_2016.zip:2014_Financial_Year.xlsx#EA(1)-Assessment
2014,cochrane,0070,COCHRANE,EA,08280,Residential Subtotal,3093442800,fir_zip_2009_2016.zip:2014_Financial_Year.xlsx#EA(1)-Assessment
2014,cochrane,0070,COCHRANE,EA,08285,Farmland,338810,fir_zip_2009_2016.zip:2014_Financial_Year.xlsx#EA(1)-Assessment
2014,cochrane,0070,COCHRANE,EA,08290,Non Residential Railway,1091100,fir_zip_2009_2016.zip:2014_Financial_Year.xlsx#EA(1)-Assessment
2014,cochrane,0070,COCHRANE,EA,08295,NR Res. Co-generating M&E,,fir_zip_2009_2016.zip:2014_Financial_Year.xlsx#EA(1)-Assessment
2014,cochrane,0070,COCHRANE,POPL,POPL,Population,20708,fir_zip_2009_2016.zip:2014_Financial_Year.xlsx#POPL(1)-Population
2014,devon,0086,DEVON,D,01910,Provincial Government Unconditional Transfers,542745,fir_zip_2009_2016.zip:2014_Financial_Year.xlsx#D(1)-Total
2014,devon,0086,DEVON,D,01920,Provincial Government Conditional Transfers,1895730,fir_zip_2009_2016.zip:2014_Financial_Year.xlsx#D(1)-Total
2014,devon,0086,DEVON,EA,08260,GRAND TOTAL,798252665,fir_zip_2009_2016.zip:2014_Financial_Year.xlsx#EA(1)-Assessment
2014,devon,0086,DEVON,EA,08265,Linear Subtotal,12758040,fir_zip_2009_2016.zip:2014_Financial_Year.xlsx#EA(1)-Assessment
2014,devon,0086,DEVON,EA,08270,Mach & Equip Subtotal,269110,fir_zip_2009_2016.zip:2014_Financial_Year.xlsx#EA(1)-Assessment
2014,devon,0086,DEVON,EA,08275,Non Residential Subtotal,86470070,fir_zip_2009_2016.zip:2014_Financial_Year.xlsx#EA(1)-Assessment
2014,devon,0086,DEVON,EA,08280,Residential Subtotal,698532065,fir_zip_2009_2016.zip:2014_Financial_Year.xlsx#EA(1)-Assessment
2014,devon,0086,DEVON,EA,08285,Farmland,223380,fir_zip_2009_2016.zip:2014_Financial_Year.xlsx#EA(1)-Assessment
2014,devon,0086,DEVON,EA,08290,Non Residential Railway,,fir_zip_2009_2016.zip:2014_Financial_Year.xlsx#EA(1)-Assessment
2014,devon,0086,DEVON,EA,08295,NR Res. Co-generating M&E,,fir_zip_2009_2016.zip:2014_Financial_Year.xlsx#EA(1)-Assessment
2014,devon,0086,DEVON,POPL,POPL,Population,6650,fir_zip_2009_2016.zip:2014_Financial_Year.xlsx#POPL(1)-Population
2014,edmonton,0098,EDMONTON,D,01910,Provincial Government Unconditional Transfers,0,fir_zip_2009_2016.zip:2014_Financial_Year.xlsx#D(1)-Total
2014,edmonton,0098,EDMONTON,D,01920,Provincial Government Conditional Transfers,297496000,fir_zip_2009_2016.zip:2014_Financial_Year.xlsx#D(1)-Total
2014,edmonton,0098,EDMONTON,EA,08260,GRAND TOTAL,144017797165,fir_zip_2009_2016.zip:2014_Financial_Year.xlsx#EA(1)-Assessment
2014,edmonton,0098,EDMONTON,EA,08265,Linear Subtotal,1733534220,fir_zip_2009_2016.zip:2014_Financial_Year.xlsx#EA(1)-Assessment
2014,edmonton,0098,EDMONTON,EA,08270,Mach & Equip Subtotal,964653377,fir_zip_2009_2016.zip:2014_Financial_Year.xlsx#EA(1)-Assessment
2014,edmonton,0098,EDMONTON,EA,08275,Non Residential Subtotal,36124779039,fir_zip_2009_2016.zip:2014_Financial_Year.xlsx#EA(1)-Assessment
2014,edmonton,0098,EDMONTON,EA,08280,Residential Subtotal,105153056940,fir_zip_2009_2016.zip:2014_Financial_Year.xlsx#EA(1)-Assessment
2014,edmonton,0098,EDMONTON,EA,08285,Farmland,31459552,fir_zip_2009_2016.zip:2014_Financial_Year.xlsx#EA(1)-Assessment
2014,edmonton,0098,EDMONTON,EA,08290,Non Residential Railway,10314037,fir_zip_2009_2016.zip:2014_Financial_Year.xlsx#EA(1)-Assessment
2014,edmonton,0098,EDMONTON,EA,08295,NR Res. Co-generating M&E,,fir_zip_2009_2016.zip:2014_Financial_Year.xlsx#EA(1)-Assessment
2014,edmonton,0098,EDMONTON,POPL,POPL,Population,877926,fir_zip_2009_2016.zip:2014_Financial_Year.xlsx#POPL(1)-Population
2014,foothills,0111,FOOTHILLS COUNTY,D,01910,Provincial Government Unconditional Transfers,0,fir_zip_2009_2016.zip:2014_Financial_Year.xlsx#D(1)-Total
2014,foothills,0111,FOOTHILLS COUNTY,D,01920,Provincial Government Conditional Transfers,37233647,fir_zip_2009_2016.zip:2014_Financial_Year.xlsx#D(1)-Total
2014,foothills,0111,FOOTHILLS COUNTY,EA,08260,GRAND TOTAL,7219310236,fir_zip_2009_2016.zip:2014_Financial_Year.xlsx#EA(1)-Assessment
2014,foothills,0111,FOOTHILLS COUNTY,EA,08265,Linear Subtotal,477039300,fir_zip_2009_2016.zip:2014_Financial_Year.xlsx#EA(1)-Assessment
2014,foothills,0111,FOOTHILLS COUNTY,EA,08270,Mach & Equip Subtotal,228057870,fir_zip_2009_2016.zip:2014_Financial_Year.xlsx#EA(1)-Assessment
2014,foothills,0111,FOOTHILLS COUNTY,EA,08275,Non Residential Subtotal,449834702,fir_zip_2009_2016.zip:2014_Financial_Year.xlsx#EA(1)-Assessment
2014,foothills,0111,FOOTHILLS COUNTY,EA,08280,Residential Subtotal,5922006144,fir_zip_2009_2016.zip:2014_Financial_Year.xlsx#EA(1)-Assessment
2014,foothills,0111,FOOTHILLS COUNTY,EA,08285,Farmland,139347990,fir_zip_2009_2016.zip:2014_Financial_Year.xlsx#EA(1)-Assessment
2014,foothills,0111,FOOTHILLS COUNTY,EA,08290,Non Residential Railway,3024230,fir_zip_2009_2016.zip:2014_Financial_Year.xlsx#EA(1)-Assessment
2014,foothills,0111,FOOTHILLS COUNTY,EA,08295,NR Res. Co-generating M&E,,fir_zip_2009_2016.zip:2014_Financial_Year.xlsx#EA(1)-Assessment
2014,foothills,0111,FOOTHILLS COUNTY,POPL,POPL,Population,21258,fir_zip_2009_2016.zip:2014_Financial_Year.xlsx#POPL(1)-Population
2014,fort_saskatchewan,0117,FORT SASKATCHEWAN,D,01910,Provincial Government Unconditional Transfers,1523303,fir_zip_2009_2016.zip:2014_Financial_Year.xlsx#D(1)-Total
2014,fort_saskatchewan,0117,FORT SASKATCHEWAN,D,01920,Provincial Government Conditional Transfers,2432621,fir_zip_2009_2016.zip:2014_Financial_Year.xlsx#D(1)-Total
2014,fort_saskatchewan,0117,FORT SASKATCHEWAN,EA,08260,GRAND TOTAL,4974014100,fir_zip_2009_2016.zip:2014_Financial_Year.xlsx#EA(1)-Assessment
2014,fort_saskatchewan,0117,FORT SASKATCHEWAN,EA,08265,Linear Subtotal,102242690,fir_zip_2009_2016.zip:2014_Financial_Year.xlsx#EA(1)-Assessment
2014,fort_saskatchewan,0117,FORT SASKATCHEWAN,EA,08270,Mach & Equip Subtotal,1187785790,fir_zip_2009_2016.zip:2014_Financial_Year.xlsx#EA(1)-Assessment
2014,fort_saskatchewan,0117,FORT SASKATCHEWAN,EA,08275,Non Residential Subtotal,928288991,fir_zip_2009_2016.zip:2014_Financial_Year.xlsx#EA(1)-Assessment
2014,fort_saskatchewan,0117,FORT SASKATCHEWAN,EA,08280,Residential Subtotal,2754420819,fir_zip_2009_2016.zip:2014_Financial_Year.xlsx#EA(1)-Assessment
2014,fort_saskatchewan,0117,FORT SASKATCHEWAN,EA,08285,Farmland,1111500,fir_zip_2009_2016.zip:2014_Financial_Year.xlsx#EA(1)-Assessment
2014,fort_saskatchewan,0117,FORT SASKATCHEWAN,EA,08290,Non Residential Railway,164310,fir_zip_2009_2016.zip:2014_Financial_Year.xlsx#EA(1)-Assessment
2014,fort_saskatchewan,0117,FORT SASKATCHEWAN,EA,08295,NR Res. Co-generating M&E,,fir_zip_2009_2016.zip:2014_Financial_Year.xlsx#EA(1)-Assessment
2014,fort_saskatchewan,0117,FORT SASKATCHEWAN,POPL,POPL,Population,22808,fir_zip_2009_2016.zip:2014_Financial_Year.xlsx#POPL(1)-Population
2014,high_river,0148,HIGH RIVER,D,01910,Provincial Government Unconditional Transfers,24619269,fir_zip_2009_2016.zip:2014_Financial_Year.xlsx#D(1)-Total
2014,high_river,0148,HIGH RIVER,D,01920,Provincial Government Conditional Transfers,12496165,fir_zip_2009_2016.zip:2014_Financial_Year.xlsx#D(1)-Total
2014,high_river,0148,HIGH RIVER,EA,08260,GRAND TOTAL,1876586757,fir_zip_2009_2016.zip:2014_Financial_Year.xlsx#EA(1)-Assessment
2014,high_river,0148,HIGH RIVER,EA,08265,Linear Subtotal,16337240,fir_zip_2009_2016.zip:2014_Financial_Year.xlsx#EA(1)-Assessment
2014,high_river,0148,HIGH RIVER,EA,08270,Mach & Equip Subtotal,,fir_zip_2009_2016.zip:2014_Financial_Year.xlsx#EA(1)-Assessment
2014,high_river,0148,HIGH RIVER,EA,08275,Non Residential Subtotal,304945945,fir_zip_2009_2016.zip:2014_Financial_Year.xlsx#EA(1)-Assessment
2014,high_river,0148,HIGH RIVER,EA,08280,Residential Subtotal,1554285572,fir_zip_2009_2016.zip:2014_Financial_Year.xlsx#EA(1)-Assessment
2014,high_river,0148,HIGH RIVER,EA,08285,Farmland,999000,fir_zip_2009_2016.zip:2014_Financial_Year.xlsx#EA(1)-Assessment
2014,high_river,0148,HIGH RIVER,EA,08290,Non Residential Railway,19000,fir_zip_2009_2016.zip:2014_Financial_Year.xlsx#EA(1)-Assessment
2014,high_river,0148,HIGH RIVER,EA,08295,NR Res. Co-generating M&E,,fir_zip_2009_2016.zip:2014_Financial_Year.xlsx#EA(1)-Assessment
2014,high_river,0148,HIGH RIVER,POPL,POPL,Population,12920,fir_zip_2009_2016.zip:2014_Financial_Year.xlsx#POPL(1)-Population
2014,leduc_city,0200,LEDUC,D,01910,Provincial Government Unconditional Transfers,1014488,fir_zip_2009_2016.zip:2014_Financial_Year.xlsx#D(1)-Total
2014,leduc_city,0200,LEDUC,D,01920,Provincial Government Conditional Transfers,19291596,fir_zip_2009_2016.zip:2014_Financial_Year.xlsx#D(1)-Total
2014,leduc_city,0200,LEDUC,EA,08260,GRAND TOTAL,4470397308,fir_zip_2009_2016.zip:2014_Financial_Year.xlsx#EA(1)-Assessment
2014,leduc_city,0200,LEDUC,EA,08265,Linear Subtotal,33894010,fir_zip_2009_2016.zip:2014_Financial_Year.xlsx#EA(1)-Assessment
2014,leduc_city,0200,LEDUC,EA,08270,Mach & Equip Subtotal,2462220,fir_zip_2009_2016.zip:2014_Financial_Year.xlsx#EA(1)-Assessment
2014,leduc_city,0200,LEDUC,EA,08275,Non Residential Subtotal,1236612398,fir_zip_2009_2016.zip:2014_Financial_Year.xlsx#EA(1)-Assessment
2014,leduc_city,0200,LEDUC,EA,08280,Residential Subtotal,3194725000,fir_zip_2009_2016.zip:2014_Financial_Year.xlsx#EA(1)-Assessment
2014,leduc_city,0200,LEDUC,EA,08285,Farmland,1975000,fir_zip_2009_2016.zip:2014_Financial_Year.xlsx#EA(1)-Assessment
2014,leduc_city,0200,LEDUC,EA,08290,Non Residential Railway,728680,fir_zip_2009_2016.zip:2014_Financial_Year.xlsx#EA(1)-Assessment
2014,leduc_city,0200,LEDUC,EA,08295,NR Res. Co-generating M&E,,fir_zip_2009_2016.zip:2014_Financial_Year.xlsx#EA(1)-Assessment
2014,leduc_city,0200,LEDUC,POPL,POPL,Population,28583,fir_zip_2009_2016.zip:2014_Financial_Year.xlsx#POPL(1)-Population
2014,leduc_county,0201,LEDUC COUNTY,D,01910,Provincial Government Unconditional Transfers,286974,fir_zip_2009_2016.zip:2014_Financial_Year.xlsx#D(1)-Total
2014,leduc_county,0201,LEDUC COUNTY,D,01920,Provincial Government Conditional Transfers,8935758,fir_zip_2009_2016.zip:2014_Financial_Year.xlsx#D(1)-Total
2014,leduc_county,0201,LEDUC COUNTY,EA,08260,GRAND TOTAL,6685306699,fir_zip_2009_2016.zip:2014_Financial_Year.xlsx#EA(1)-Assessment
2014,leduc_county,0201,LEDUC COUNTY,EA,08265,Linear Subtotal,1252725540,fir_zip_2009_2016.zip:2014_Financial_Year.xlsx#EA(1)-Assessment
2014,leduc_county,0201,LEDUC COUNTY,EA,08270,Mach & Equip Subtotal,133873550,fir_zip_2009_2016.zip:2014_Financial_Year.xlsx#EA(1)-Assessment
2014,leduc_county,0201,LEDUC COUNTY,EA,08275,Non Residential Subtotal,2918039159,fir_zip_2009_2016.zip:2014_Financial_Year.xlsx#EA(1)-Assessment
2014,leduc_county,0201,LEDUC COUNTY,EA,08280,Residential Subtotal,2285466630,fir_zip_2009_2016.zip:2014_Financial_Year.xlsx#EA(1)-Assessment
2014,leduc_county,0201,LEDUC COUNTY,EA,08285,Farmland,92253180,fir_zip_2009_2016.zip:2014_Financial_Year.xlsx#EA(1)-Assessment
2014,leduc_county,0201,LEDUC COUNTY,EA,08290,Non Residential Railway,2948640,fir_zip_2009_2016.zip:2014_Financial_Year.xlsx#EA(1)-Assessment
2014,leduc_county,0201,LEDUC COUNTY,EA,08295,NR Res. Co-generating M&E,,fir_zip_2009_2016.zip:2014_Financial_Year.xlsx#EA(1)-Assessment
2014,leduc_county,0201,LEDUC COUNTY,POPL,POPL,Population,13524,fir_zip_2009_2016.zip:2014_Financial_Year.xlsx#POPL(1)-Population
2014,morinville,0224,MORINVILLE,D,01910,Provincial Government Unconditional Transfers,0,fir_zip_2009_2016.zip:2014_Financial_Year.xlsx#D(1)-Total
2014,morinville,0224,MORINVILLE,D,01920,Provincial Government Conditional Transfers,2203350,fir_zip_2009_2016.zip:2014_Financial_Year.xlsx#D(1)-Total
2014,morinville,0224,MORINVILLE,EA,08260,GRAND TOTAL,1105726893,fir_zip_2009_2016.zip:2014_Financial_Year.xlsx#EA(1)-Assessment
2014,morinville,0224,MORINVILLE,EA,08265,Linear Subtotal,10556390,fir_zip_2009_2016.zip:2014_Financial_Year.xlsx#EA(1)-Assessment
2014,morinville,0224,MORINVILLE,EA,08270,Mach & Equip Subtotal,2416610,fir_zip_2009_2016.zip:2014_Financial_Year.xlsx#EA(1)-Assessment
2014,morinville,0224,MORINVILLE,EA,08275,Non Residential Subtotal,113243286,fir_zip_2009_2016.zip:2014_Financial_Year.xlsx#EA(1)-Assessment
2014,morinville,0224,MORINVILLE,EA,08280,Residential Subtotal,979144147,fir_zip_2009_2016.zip:2014_Financial_Year.xlsx#EA(1)-Assessment
2014,morinville,0224,MORINVILLE,EA,08285,Farmland,282730,fir_zip_2009_2016.zip:2014_Financial_Year.xlsx#EA(1)-Assessment
2014,morinville,0224,MORINVILLE,EA,08290,Non Residential Railway,83730,fir_zip_2009_2016.zip:2014_Financial_Year.xlsx#EA(1)-Assessment
2014,morinville,0224,MORINVILLE,EA,08295,NR Res. Co-generating M&E,,fir_zip_2009_2016.zip:2014_Financial_Year.xlsx#EA(1)-Assessment
2014,morinville,0224,MORINVILLE,POPL,POPL,Population,9402,fir_zip_2009_2016.zip:2014_Financial_Year.xlsx#POPL(1)-Population
2014,okotoks,0238,OKOTOKS,D,01910,Provincial Government Unconditional Transfers,4636739,fir_zip_2009_2016.zip:2014_Financial_Year.xlsx#D(1)-Total
2014,okotoks,0238,OKOTOKS,D,01920,Provincial Government Conditional Transfers,4233566,fir_zip_2009_2016.zip:2014_Financial_Year.xlsx#D(1)-Total
2014,okotoks,0238,OKOTOKS,EA,08260,GRAND TOTAL,4110024576,fir_zip_2009_2016.zip:2014_Financial_Year.xlsx#EA(1)-Assessment
2014,okotoks,0238,OKOTOKS,EA,08265,Linear Subtotal,23981810,fir_zip_2009_2016.zip:2014_Financial_Year.xlsx#EA(1)-Assessment
2014,okotoks,0238,OKOTOKS,EA,08270,Mach & Equip Subtotal,117100,fir_zip_2009_2016.zip:2014_Financial_Year.xlsx#EA(1)-Assessment
2014,okotoks,0238,OKOTOKS,EA,08275,Non Residential Subtotal,546617004,fir_zip_2009_2016.zip:2014_Financial_Year.xlsx#EA(1)-Assessment
2014,okotoks,0238,OKOTOKS,EA,08280,Residential Subtotal,3538940362,fir_zip_2009_2016.zip:2014_Financial_Year.xlsx#EA(1)-Assessment
2014,okotoks,0238,OKOTOKS,EA,08285,Farmland,168000,fir_zip_2009_2016.zip:2014_Financial_Year.xlsx#EA(1)-Assessment
2014,okotoks,0238,OKOTOKS,EA,08290,Non Residential Railway,200300,fir_zip_2009_2016.zip:2014_Financial_Year.xlsx#EA(1)-Assessment
2014,okotoks,0238,OKOTOKS,EA,08295,NR Res. Co-generating M&E,,fir_zip_2009_2016.zip:2014_Financial_Year.xlsx#EA(1)-Assessment
2014,okotoks,0238,OKOTOKS,POPL,POPL,Population,27331,fir_zip_2009_2016.zip:2014_Financial_Year.xlsx#POPL(1)-Population
2014,parkland,0245,PARKLAND COUNTY,D,01910,Provincial Government Unconditional Transfers,163985,fir_zip_2009_2016.zip:2014_Financial_Year.xlsx#D(1)-Total
2014,parkland,0245,PARKLAND COUNTY,D,01920,Provincial Government Conditional Transfers,14462994,fir_zip_2009_2016.zip:2014_Financial_Year.xlsx#D(1)-Total
2014,parkland,0245,PARKLAND COUNTY,EA,08260,GRAND TOTAL,8514192242,fir_zip_2009_2016.zip:2014_Financial_Year.xlsx#EA(1)-Assessment
2014,parkland,0245,PARKLAND COUNTY,EA,08265,Linear Subtotal,1682170980,fir_zip_2009_2016.zip:2014_Financial_Year.xlsx#EA(1)-Assessment
2014,parkland,0245,PARKLAND COUNTY,EA,08270,Mach & Equip Subtotal,237021450,fir_zip_2009_2016.zip:2014_Financial_Year.xlsx#EA(1)-Assessment
2014,parkland,0245,PARKLAND COUNTY,EA,08275,Non Residential Subtotal,1206828741,fir_zip_2009_2016.zip:2014_Financial_Year.xlsx#EA(1)-Assessment
2014,parkland,0245,PARKLAND COUNTY,EA,08280,Residential Subtotal,5328326831,fir_zip_2009_2016.zip:2014_Financial_Year.xlsx#EA(1)-Assessment
2014,parkland,0245,PARKLAND COUNTY,EA,08285,Farmland,43714940,fir_zip_2009_2016.zip:2014_Financial_Year.xlsx#EA(1)-Assessment
2014,parkland,0245,PARKLAND COUNTY,EA,08290,Non Residential Railway,16129300,fir_zip_2009_2016.zip:2014_Financial_Year.xlsx#EA(1)-Assessment
2014,parkland,0245,PARKLAND COUNTY,EA,08295,NR Res. Co-generating M&E,,fir_zip_2009_2016.zip:2014_Financial_Year.xlsx#EA(1)-Assessment
2014,parkland,0245,PARKLAND COUNTY,POPL,POPL,Population,30568,fir_zip_2009_2016.zip:2014_Financial_Year.xlsx#POPL(1)-Population
2014,rocky_view,0269,ROCKY VIEW COUNTY,D,01910,Provincial Government Unconditional Transfers,0,fir_zip_2009_2016.zip:2014_Financial_Year.xlsx#D(1)-Total
2014,rocky_view,0269,ROCKY VIEW COUNTY,D,01920,Provincial Government Conditional Transfers,17430119,fir_zip_2009_2016.zip:2014_Financial_Year.xlsx#D(1)-Total
2014,rocky_view,0269,ROCKY VIEW COUNTY,EA,08260,GRAND TOTAL,14451547477,fir_zip_2009_2016.zip:2014_Financial_Year.xlsx#EA(1)-Assessment
2014,rocky_view,0269,ROCKY VIEW COUNTY,EA,08265,Linear Subtotal,1057843210,fir_zip_2009_2016.zip:2014_Financial_Year.xlsx#EA(1)-Assessment
2014,rocky_view,0269,ROCKY VIEW COUNTY,EA,08270,Mach & Equip Subtotal,480440000,fir_zip_2009_2016.zip:2014_Financial_Year.xlsx#EA(1)-Assessment
2014,rocky_view,0269,ROCKY VIEW COUNTY,EA,08275,Non Residential Subtotal,1771196426,fir_zip_2009_2016.zip:2014_Financial_Year.xlsx#EA(1)-Assessment
2014,rocky_view,0269,ROCKY VIEW COUNTY,EA,08280,Residential Subtotal,10977903901,fir_zip_2009_2016.zip:2014_Financial_Year.xlsx#EA(1)-Assessment
2014,rocky_view,0269,ROCKY VIEW COUNTY,EA,08285,Farmland,153271170,fir_zip_2009_2016.zip:2014_Financial_Year.xlsx#EA(1)-Assessment
2014,rocky_view,0269,ROCKY VIEW COUNTY,EA,08290,Non Residential Railway,10892770,fir_zip_2009_2016.zip:2014_Financial_Year.xlsx#EA(1)-Assessment
2014,rocky_view,0269,ROCKY VIEW COUNTY,EA,08295,NR Res. Co-generating M&E,,fir_zip_2009_2016.zip:2014_Financial_Year.xlsx#EA(1)-Assessment
2014,rocky_view,0269,ROCKY VIEW COUNTY,POPL,POPL,Population,38055,fir_zip_2009_2016.zip:2014_Financial_Year.xlsx#POPL(1)-Population
2014,spruce_grove,0291,SPRUCE GROVE,D,01910,Provincial Government Unconditional Transfers,0,fir_zip_2009_2016.zip:2014_Financial_Year.xlsx#D(1)-Total
2014,spruce_grove,0291,SPRUCE GROVE,D,01920,Provincial Government Conditional Transfers,20091870,fir_zip_2009_2016.zip:2014_Financial_Year.xlsx#D(1)-Total
2014,spruce_grove,0291,SPRUCE GROVE,EA,08260,GRAND TOTAL,4240524704,fir_zip_2009_2016.zip:2014_Financial_Year.xlsx#EA(1)-Assessment
2014,spruce_grove,0291,SPRUCE GROVE,EA,08265,Linear Subtotal,31477620,fir_zip_2009_2016.zip:2014_Financial_Year.xlsx#EA(1)-Assessment
2014,spruce_grove,0291,SPRUCE GROVE,EA,08270,Mach & Equip Subtotal,2084800,fir_zip_2009_2016.zip:2014_Financial_Year.xlsx#EA(1)-Assessment
2014,spruce_grove,0291,SPRUCE GROVE,EA,08275,Non Residential Subtotal,637400850,fir_zip_2009_2016.zip:2014_Financial_Year.xlsx#EA(1)-Assessment
2014,spruce_grove,0291,SPRUCE GROVE,EA,08280,Residential Subtotal,3568252434,fir_zip_2009_2016.zip:2014_Financial_Year.xlsx#EA(1)-Assessment
2014,spruce_grove,0291,SPRUCE GROVE,EA,08285,Farmland,583200,fir_zip_2009_2016.zip:2014_Financial_Year.xlsx#EA(1)-Assessment
2014,spruce_grove,0291,SPRUCE GROVE,EA,08290,Non Residential Railway,725800,fir_zip_2009_2016.zip:2014_Financial_Year.xlsx#EA(1)-Assessment
2014,spruce_grove,0291,SPRUCE GROVE,EA,08295,NR Res. Co-generating M&E,,fir_zip_2009_2016.zip:2014_Financial_Year.xlsx#EA(1)-Assessment
2014,spruce_grove,0291,SPRUCE GROVE,POPL,POPL,Population,29526,fir_zip_2009_2016.zip:2014_Financial_Year.xlsx#POPL(1)-Population
2014,st_albert,0292,ST. ALBERT,D,01910,Provincial Government Unconditional Transfers,177342,fir_zip_2009_2016.zip:2014_Financial_Year.xlsx#D(1)-Total
2014,st_albert,0292,ST. ALBERT,D,01920,Provincial Government Conditional Transfers,17628252,fir_zip_2009_2016.zip:2014_Financial_Year.xlsx#D(1)-Total
2014,st_albert,0292,ST. ALBERT,EA,08260,GRAND TOTAL,10277565750,fir_zip_2009_2016.zip:2014_Financial_Year.xlsx#EA(1)-Assessment
2014,st_albert,0292,ST. ALBERT,EA,08265,Linear Subtotal,74751640,fir_zip_2009_2016.zip:2014_Financial_Year.xlsx#EA(1)-Assessment
2014,st_albert,0292,ST. ALBERT,EA,08270,Mach & Equip Subtotal,13993700,fir_zip_2009_2016.zip:2014_Financial_Year.xlsx#EA(1)-Assessment
2014,st_albert,0292,ST. ALBERT,EA,08275,Non Residential Subtotal,1190677030,fir_zip_2009_2016.zip:2014_Financial_Year.xlsx#EA(1)-Assessment
2014,st_albert,0292,ST. ALBERT,EA,08280,Residential Subtotal,8997197680,fir_zip_2009_2016.zip:2014_Financial_Year.xlsx#EA(1)-Assessment
2014,st_albert,0292,ST. ALBERT,EA,08285,Farmland,786600,fir_zip_2009_2016.zip:2014_Financial_Year.xlsx#EA(1)-Assessment
2014,st_albert,0292,ST. ALBERT,EA,08290,Non Residential Railway,159100,fir_zip_2009_2016.zip:2014_Financial_Year.xlsx#EA(1)-Assessment
2014,st_albert,0292,ST. ALBERT,EA,08295,NR Res. Co-generating M&E,,fir_zip_2009_2016.zip:2014_Financial_Year.xlsx#EA(1)-Assessment
2014,st_albert,0292,ST. ALBERT,POPL,POPL,Population,63255,fir_zip_2009_2016.zip:2014_Financial_Year.xlsx#POPL(1)-Population
2014,stony_plain,0301,STONY PLAIN,D,01910,Provincial Government Unconditional Transfers,0,fir_zip_2009_2016.zip:2014_Financial_Year.xlsx#D(1)-Total
2014,stony_plain,0301,STONY PLAIN,D,01920,Provincial Government Conditional Transfers,4022633,fir_zip_2009_2016.zip:2014_Financial_Year.xlsx#D(1)-Total
2014,stony_plain,0301,STONY PLAIN,EA,08260,GRAND TOTAL,2249871831,fir_zip_2009_2016.zip:2014_Financial_Year.xlsx#EA(1)-Assessment
2014,stony_plain,0301,STONY PLAIN,EA,08265,Linear Subtotal,21010440,fir_zip_2009_2016.zip:2014_Financial_Year.xlsx#EA(1)-Assessment
2014,stony_plain,0301,STONY PLAIN,EA,08270,Mach & Equip Subtotal,629630,fir_zip_2009_2016.zip:2014_Financial_Year.xlsx#EA(1)-Assessment
2014,stony_plain,0301,STONY PLAIN,EA,08275,Non Residential Subtotal,287678029,fir_zip_2009_2016.zip:2014_Financial_Year.xlsx#EA(1)-Assessment
2014,stony_plain,0301,STONY PLAIN,EA,08280,Residential Subtotal,1937428872,fir_zip_2009_2016.zip:2014_Financial_Year.xlsx#EA(1)-Assessment
2014,stony_plain,0301,STONY PLAIN,EA,08285,Farmland,1043740,fir_zip_2009_2016.zip:2014_Financial_Year.xlsx#EA(1)-Assessment
2014,stony_plain,0301,STONY PLAIN,EA,08290,Non Residential Railway,2081120,fir_zip_2009_2016.zip:2014_Financial_Year.xlsx#EA(1)-Assessment
2014,stony_plain,0301,STONY PLAIN,EA,08295,NR Res. Co-generating M&E,,fir_zip_2009_2016.zip:2014_Financial_Year.xlsx#EA(1)-Assessment
2014,stony_plain,0301,STONY PLAIN,POPL,POPL,Population,15051,fir_zip_2009_2016.zip:2014_Financial_Year.xlsx#POPL(1)-Population
2014,strathcona,0302,STRATHCONA COUNTY,D,01910,Provincial Government Unconditional Transfers,0,fir_zip_2009_2016.zip:2014_Financial_Year.xlsx#D(1)-Total
2014,strathcona,0302,STRATHCONA COUNTY,D,01920,Provincial Government Conditional Transfers,31753918,fir_zip_2009_2016.zip:2014_Financial_Year.xlsx#D(1)-Total
2014,strathcona,0302,STRATHCONA COUNTY,EA,08260,GRAND TOTAL,28759886391,fir_zip_2009_2016.zip:2014_Financial_Year.xlsx#EA(1)-Assessment
2014,strathcona,0302,STRATHCONA COUNTY,EA,08265,Linear Subtotal,692936550,fir_zip_2009_2016.zip:2014_Financial_Year.xlsx#EA(1)-Assessment
2014,strathcona,0302,STRATHCONA COUNTY,EA,08270,Mach & Equip Subtotal,9318676000,fir_zip_2009_2016.zip:2014_Financial_Year.xlsx#EA(1)-Assessment
2014,strathcona,0302,STRATHCONA COUNTY,EA,08275,Non Residential Subtotal,3631301404,fir_zip_2009_2016.zip:2014_Financial_Year.xlsx#EA(1)-Assessment
2014,strathcona,0302,STRATHCONA COUNTY,EA,08280,Residential Subtotal,15073343787,fir_zip_2009_2016.zip:2014_Financial_Year.xlsx#EA(1)-Assessment
2014,strathcona,0302,STRATHCONA COUNTY,EA,08285,Farmland,33789650,fir_zip_2009_2016.zip:2014_Financial_Year.xlsx#EA(1)-Assessment
2014,strathcona,0302,STRATHCONA COUNTY,EA,08290,Non Residential Railway,9839000,fir_zip_2009_2016.zip:2014_Financial_Year.xlsx#EA(1)-Assessment
2014,strathcona,0302,STRATHCONA COUNTY,EA,08295,NR Res. Co-generating M&E,,fir_zip_2009_2016.zip:2014_Financial_Year.xlsx#EA(1)-Assessment
2014,strathcona,0302,STRATHCONA COUNTY,POPL,POPL,Population,92490,fir_zip_2009_2016.zip:2014_Financial_Year.xlsx#POPL(1)-Population
2014,sturgeon,0305,STURGEON COUNTY,D,01910,Provincial Government Unconditional Transfers,0,fir_zip_2009_2016.zip:2014_Financial_Year.xlsx#D(1)-Total
2014,sturgeon,0305,STURGEON COUNTY,D,01920,Provincial Government Conditional Transfers,8379569,fir_zip_2009_2016.zip:2014_Financial_Year.xlsx#D(1)-Total
2014,sturgeon,0305,STURGEON COUNTY,EA,08260,GRAND TOTAL,5241605079,fir_zip_2009_2016.zip:2014_Financial_Year.xlsx#EA(1)-Assessment
2014,sturgeon,0305,STURGEON COUNTY,EA,08265,Linear Subtotal,431371550,fir_zip_2009_2016.zip:2014_Financial_Year.xlsx#EA(1)-Assessment
2014,sturgeon,0305,STURGEON COUNTY,EA,08270,Mach & Equip Subtotal,800814600,fir_zip_2009_2016.zip:2014_Financial_Year.xlsx#EA(1)-Assessment
2014,sturgeon,0305,STURGEON COUNTY,EA,08275,Non Residential Subtotal,651283992,fir_zip_2009_2016.zip:2014_Financial_Year.xlsx#EA(1)-Assessment
2014,sturgeon,0305,STURGEON COUNTY,EA,08280,Residential Subtotal,3275006027,fir_zip_2009_2016.zip:2014_Financial_Year.xlsx#EA(1)-Assessment
2014,sturgeon,0305,STURGEON COUNTY,EA,08285,Farmland,79433650,fir_zip_2009_2016.zip:2014_Financial_Year.xlsx#EA(1)-Assessment
2014,sturgeon,0305,STURGEON COUNTY,EA,08290,Non Residential Railway,3695260,fir_zip_2009_2016.zip:2014_Financial_Year.xlsx#EA(1)-Assessment
2014,sturgeon,0305,STURGEON COUNTY,EA,08295,NR Res. Co-generating M&E,,fir_zip_2009_2016.zip:2014_Financial_Year.xlsx#EA(1)-Assessment
2014,sturgeon,0305,STURGEON COUNTY,POPL,POPL,Population,19578,fir_zip_2009_2016.zip:2014_Financial_Year.xlsx#POPL(1)-Population
2014,chestermere,0356,CHESTERMERE,D,01910,Provincial Government Unconditional Transfers,0,fir_zip_2009_2016.zip:2014_Financial_Year.xlsx#D(1)-Total
2014,chestermere,0356,CHESTERMERE,D,01920,Provincial Government Conditional Transfers,9438421,fir_zip_2009_2016.zip:2014_Financial_Year.xlsx#D(1)-Total
2014,chestermere,0356,CHESTERMERE,EA,08260,GRAND TOTAL,2784084277,fir_zip_2009_2016.zip:2014_Financial_Year.xlsx#EA(1)-Assessment
2014,chestermere,0356,CHESTERMERE,EA,08265,Linear Subtotal,16440730,fir_zip_2009_2016.zip:2014_Financial_Year.xlsx#EA(1)-Assessment
2014,chestermere,0356,CHESTERMERE,EA,08270,Mach & Equip Subtotal,,fir_zip_2009_2016.zip:2014_Financial_Year.xlsx#EA(1)-Assessment
2014,chestermere,0356,CHESTERMERE,EA,08275,Non Residential Subtotal,90187904,fir_zip_2009_2016.zip:2014_Financial_Year.xlsx#EA(1)-Assessment
2014,chestermere,0356,CHESTERMERE,EA,08280,Residential Subtotal,2676260943,fir_zip_2009_2016.zip:2014_Financial_Year.xlsx#EA(1)-Assessment
2014,chestermere,0356,CHESTERMERE,EA,08285,Farmland,1194700,fir_zip_2009_2016.zip:2014_Financial_Year.xlsx#EA(1)-Assessment
2014,chestermere,0356,CHESTERMERE,EA,08290,Non Residential Railway,,fir_zip_2009_2016.zip:2014_Financial_Year.xlsx#EA(1)-Assessment
2014,chestermere,0356,CHESTERMERE,EA,08295,NR Res. Co-generating M&E,,fir_zip_2009_2016.zip:2014_Financial_Year.xlsx#EA(1)-Assessment
2014,chestermere,0356,CHESTERMERE,POPL,POPL,Population,17203,fir_zip_2009_2016.zip:2014_Financial_Year.xlsx#POPL(1)-Population
2015,airdrie,0003,AIRDRIE,D,01910,Provincial Government Unconditional Transfers,16558549,fir_zip_2009_2016.zip:2015_Financial_Year.xlsx#D(1)-Total
2015,airdrie,0003,AIRDRIE,D,01920,Provincial Government Conditional Transfers,362466,fir_zip_2009_2016.zip:2015_Financial_Year.xlsx#D(1)-Total
2015,airdrie,0003,AIRDRIE,EA,08260,GRAND TOTAL,8159221855,fir_zip_2009_2016.zip:2015_Financial_Year.xlsx#EA(1)-Assessment
2015,airdrie,0003,AIRDRIE,EA,08265,Linear Subtotal,64685710,fir_zip_2009_2016.zip:2015_Financial_Year.xlsx#EA(1)-Assessment
2015,airdrie,0003,AIRDRIE,EA,08270,Mach & Equip Subtotal,8964960,fir_zip_2009_2016.zip:2015_Financial_Year.xlsx#EA(1)-Assessment
2015,airdrie,0003,AIRDRIE,EA,08275,Non Residential Subtotal,1212544236,fir_zip_2009_2016.zip:2015_Financial_Year.xlsx#EA(1)-Assessment
2015,airdrie,0003,AIRDRIE,EA,08280,Residential Subtotal,6835034759,fir_zip_2009_2016.zip:2015_Financial_Year.xlsx#EA(1)-Assessment
2015,airdrie,0003,AIRDRIE,EA,08285,Farmland,36348390,fir_zip_2009_2016.zip:2015_Financial_Year.xlsx#EA(1)-Assessment
2015,airdrie,0003,AIRDRIE,EA,08290,Non Residential Railway,1643800,fir_zip_2009_2016.zip:2015_Financial_Year.xlsx#EA(1)-Assessment
2015,airdrie,0003,AIRDRIE,EA,08295,NR Res. Co-generating M&E,,fir_zip_2009_2016.zip:2015_Financial_Year.xlsx#EA(1)-Assessment
2015,airdrie,0003,AIRDRIE,POPL,POPL,Population,58690,fir_zip_2009_2016.zip:2015_Financial_Year.xlsx#POPL(1)-Population
2015,beaumont,0019,BEAUMONT,D,01910,Provincial Government Unconditional Transfers,0,fir_zip_2009_2016.zip:2015_Financial_Year.xlsx#D(1)-Total
2015,beaumont,0019,BEAUMONT,D,01920,Provincial Government Conditional Transfers,7575547,fir_zip_2009_2016.zip:2015_Financial_Year.xlsx#D(1)-Total
2015,beaumont,0019,BEAUMONT,EA,08260,GRAND TOTAL,2369704953,fir_zip_2009_2016.zip:2015_Financial_Year.xlsx#EA(1)-Assessment
2015,beaumont,0019,BEAUMONT,EA,08265,Linear Subtotal,15129290,fir_zip_2009_2016.zip:2015_Financial_Year.xlsx#EA(1)-Assessment
2015,beaumont,0019,BEAUMONT,EA,08270,Mach & Equip Subtotal,79900,fir_zip_2009_2016.zip:2015_Financial_Year.xlsx#EA(1)-Assessment
2015,beaumont,0019,BEAUMONT,EA,08275,Non Residential Subtotal,122071875,fir_zip_2009_2016.zip:2015_Financial_Year.xlsx#EA(1)-Assessment
2015,beaumont,0019,BEAUMONT,EA,08280,Residential Subtotal,2232348788,fir_zip_2009_2016.zip:2015_Financial_Year.xlsx#EA(1)-Assessment
2015,beaumont,0019,BEAUMONT,EA,08285,Farmland,75100,fir_zip_2009_2016.zip:2015_Financial_Year.xlsx#EA(1)-Assessment
2015,beaumont,0019,BEAUMONT,EA,08290,Non Residential Railway,,fir_zip_2009_2016.zip:2015_Financial_Year.xlsx#EA(1)-Assessment
2015,beaumont,0019,BEAUMONT,EA,08295,NR Res. Co-generating M&E,,fir_zip_2009_2016.zip:2015_Financial_Year.xlsx#EA(1)-Assessment
2015,beaumont,0019,BEAUMONT,POPL,POPL,Population,16768,fir_zip_2009_2016.zip:2015_Financial_Year.xlsx#POPL(1)-Population
2015,calgary,0046,CALGARY,D,01910,Provincial Government Unconditional Transfers,1723000,fir_zip_2009_2016.zip:2015_Financial_Year.xlsx#D(1)-Total
2015,calgary,0046,CALGARY,D,01920,Provincial Government Conditional Transfers,761610000,fir_zip_2009_2016.zip:2015_Financial_Year.xlsx#D(1)-Total
2015,calgary,0046,CALGARY,EA,08260,GRAND TOTAL,254552991603,fir_zip_2009_2016.zip:2015_Financial_Year.xlsx#EA(1)-Assessment
2015,calgary,0046,CALGARY,EA,08265,Linear Subtotal,1877447890,fir_zip_2009_2016.zip:2015_Financial_Year.xlsx#EA(1)-Assessment
2015,calgary,0046,CALGARY,EA,08270,Mach & Equip Subtotal,314244300,fir_zip_2009_2016.zip:2015_Financial_Year.xlsx#EA(1)-Assessment
2015,calgary,0046,CALGARY,EA,08275,Non Residential Subtotal,66586938455,fir_zip_2009_2016.zip:2015_Financial_Year.xlsx#EA(1)-Assessment
2015,calgary,0046,CALGARY,EA,08280,Residential Subtotal,185576801982,fir_zip_2009_2016.zip:2015_Financial_Year.xlsx#EA(1)-Assessment
2015,calgary,0046,CALGARY,EA,08285,Farmland,10703303,fir_zip_2009_2016.zip:2015_Financial_Year.xlsx#EA(1)-Assessment
2015,calgary,0046,CALGARY,EA,08290,Non Residential Railway,186855673,fir_zip_2009_2016.zip:2015_Financial_Year.xlsx#EA(1)-Assessment
2015,calgary,0046,CALGARY,EA,08295,NR Res. Co-generating M&E,,fir_zip_2009_2016.zip:2015_Financial_Year.xlsx#EA(1)-Assessment
2015,calgary,0046,CALGARY,POPL,POPL,Population,1230915,fir_zip_2009_2016.zip:2015_Financial_Year.xlsx#POPL(1)-Population
2015,cochrane,0070,COCHRANE,D,01910,Provincial Government Unconditional Transfers,0,fir_zip_2009_2016.zip:2015_Financial_Year.xlsx#D(1)-Total
2015,cochrane,0070,COCHRANE,D,01920,Provincial Government Conditional Transfers,13095103,fir_zip_2009_2016.zip:2015_Financial_Year.xlsx#D(1)-Total
2015,cochrane,0070,COCHRANE,EA,08260,GRAND TOTAL,3970033520,fir_zip_2009_2016.zip:2015_Financial_Year.xlsx#EA(1)-Assessment
2015,cochrane,0070,COCHRANE,EA,08265,Linear Subtotal,36423110,fir_zip_2009_2016.zip:2015_Financial_Year.xlsx#EA(1)-Assessment
2015,cochrane,0070,COCHRANE,EA,08270,Mach & Equip Subtotal,4842400,fir_zip_2009_2016.zip:2015_Financial_Year.xlsx#EA(1)-Assessment
2015,cochrane,0070,COCHRANE,EA,08275,Non Residential Subtotal,452908036,fir_zip_2009_2016.zip:2015_Financial_Year.xlsx#EA(1)-Assessment
2015,cochrane,0070,COCHRANE,EA,08280,Residential Subtotal,3474080264,fir_zip_2009_2016.zip:2015_Financial_Year.xlsx#EA(1)-Assessment
2015,cochrane,0070,COCHRANE,EA,08285,Farmland,331710,fir_zip_2009_2016.zip:2015_Financial_Year.xlsx#EA(1)-Assessment
2015,cochrane,0070,COCHRANE,EA,08290,Non Residential Railway,1448000,fir_zip_2009_2016.zip:2015_Financial_Year.xlsx#EA(1)-Assessment
2015,cochrane,0070,COCHRANE,EA,08295,NR Res. Co-generating M&E,,fir_zip_2009_2016.zip:2015_Financial_Year.xlsx#EA(1)-Assessment
2015,cochrane,0070,COCHRANE,POPL,POPL,Population,23084,fir_zip_2009_2016.zip:2015_Financial_Year.xlsx#POPL(1)-Population
2015,devon,0086,DEVON,D,01910,Provincial Government Unconditional Transfers,553406,fir_zip_2009_2016.zip:2015_Financial_Year.xlsx#D(1)-Total
2015,devon,0086,DEVON,D,01920,Provincial Government Conditional Transfers,2697946,fir_zip_2009_2016.zip:2015_Financial_Year.xlsx#D(1)-Total
2015,devon,0086,DEVON,EA,08260,GRAND TOTAL,837269422,fir_zip_2009_2016.zip:2015_Financial_Year.xlsx#EA(1)-Assessment
2015,devon,0086,DEVON,EA,08265,Linear Subtotal,12471590,fir_zip_2009_2016.zip:2015_Financial_Year.xlsx#EA(1)-Assessment
2015,devon,0086,DEVON,EA,08270,Mach & Equip Subtotal,254380,fir_zip_2009_2016.zip:2015_Financial_Year.xlsx#EA(1)-Assessment
2015,devon,0086,DEVON,EA,08275,Non Residential Subtotal,95442888,fir_zip_2009_2016.zip:2015_Financial_Year.xlsx#EA(1)-Assessment
2015,devon,0086,DEVON,EA,08280,Residential Subtotal,728877184,fir_zip_2009_2016.zip:2015_Financial_Year.xlsx#EA(1)-Assessment
2015,devon,0086,DEVON,EA,08285,Farmland,223380,fir_zip_2009_2016.zip:2015_Financial_Year.xlsx#EA(1)-Assessment
2015,devon,0086,DEVON,EA,08290,Non Residential Railway,,fir_zip_2009_2016.zip:2015_Financial_Year.xlsx#EA(1)-Assessment
2015,devon,0086,DEVON,EA,08295,NR Res. Co-generating M&E,,fir_zip_2009_2016.zip:2015_Financial_Year.xlsx#EA(1)-Assessment
2015,devon,0086,DEVON,POPL,POPL,Population,6650,fir_zip_2009_2016.zip:2015_Financial_Year.xlsx#POPL(1)-Population
2015,edmonton,0098,EDMONTON,D,01910,Provincial Government Unconditional Transfers,0,fir_zip_2009_2016.zip:2015_Financial_Year.xlsx#D(1)-Total
2015,edmonton,0098,EDMONTON,D,01920,Provincial Government Conditional Transfers,255306000,fir_zip_2009_2016.zip:2015_Financial_Year.xlsx#D(1)-Total
2015,edmonton,0098,EDMONTON,EA,08260,GRAND TOTAL,152723763851,fir_zip_2009_2016.zip:2015_Financial_Year.xlsx#EA(1)-Assessment
2015,edmonton,0098,EDMONTON,EA,08265,Linear Subtotal,1779572460,fir_zip_2009_2016.zip:2015_Financial_Year.xlsx#EA(1)-Assessment
2015,edmonton,0098,EDMONTON,EA,08270,Mach & Equip Subtotal,930994127,fir_zip_2009_2016.zip:2015_Financial_Year.xlsx#EA(1)-Assessment
2015,edmonton,0098,EDMONTON,EA,08275,Non Residential Subtotal,39306845107,fir_zip_2009_2016.zip:2015_Financial_Year.xlsx#EA(1)-Assessment
2015,edmonton,0098,EDMONTON,EA,08280,Residential Subtotal,110666236098,fir_zip_2009_2016.zip:2015_Financial_Year.xlsx#EA(1)-Assessment
2015,edmonton,0098,EDMONTON,EA,08285,Farmland,28496657,fir_zip_2009_2016.zip:2015_Financial_Year.xlsx#EA(1)-Assessment
2015,edmonton,0098,EDMONTON,EA,08290,Non Residential Railway,11619402,fir_zip_2009_2016.zip:2015_Financial_Year.xlsx#EA(1)-Assessment
2015,edmonton,0098,EDMONTON,EA,08295,NR Res. Co-generating M&E,,fir_zip_2009_2016.zip:2015_Financial_Year.xlsx#EA(1)-Assessment
2015,edmonton,0098,EDMONTON,POPL,POPL,Population,877926,fir_zip_2009_2016.zip:2015_Financial_Year.xlsx#POPL(1)-Population
2015,foothills,0111,FOOTHILLS COUNTY,D,01910,Provincial Government Unconditional Transfers,0,fir_zip_2009_2016.zip:2015_Financial_Year.xlsx#D(1)-Total
2015,foothills,0111,FOOTHILLS COUNTY,D,01920,Provincial Government Conditional Transfers,13332312,fir_zip_2009_2016.zip:2015_Financial_Year.xlsx#D(1)-Total
2015,foothills,0111,FOOTHILLS COUNTY,EA,08260,GRAND TOTAL,7378823262,fir_zip_2009_2016.zip:2015_Financial_Year.xlsx#EA(1)-Assessment
2015,foothills,0111,FOOTHILLS COUNTY,EA,08265,Linear Subtotal,481340730,fir_zip_2009_2016.zip:2015_Financial_Year.xlsx#EA(1)-Assessment
2015,foothills,0111,FOOTHILLS COUNTY,EA,08270,Mach & Equip Subtotal,212600900,fir_zip_2009_2016.zip:2015_Financial_Year.xlsx#EA(1)-Assessment
2015,foothills,0111,FOOTHILLS COUNTY,EA,08275,Non Residential Subtotal,463315465,fir_zip_2009_2016.zip:2015_Financial_Year.xlsx#EA(1)-Assessment
2015,foothills,0111,FOOTHILLS COUNTY,EA,08280,Residential Subtotal,6079209717,fir_zip_2009_2016.zip:2015_Financial_Year.xlsx#EA(1)-Assessment
2015,foothills,0111,FOOTHILLS COUNTY,EA,08285,Farmland,139307620,fir_zip_2009_2016.zip:2015_Financial_Year.xlsx#EA(1)-Assessment
2015,foothills,0111,FOOTHILLS COUNTY,EA,08290,Non Residential Railway,3048830,fir_zip_2009_2016.zip:2015_Financial_Year.xlsx#EA(1)-Assessment
2015,foothills,0111,FOOTHILLS COUNTY,EA,08295,NR Res. Co-generating M&E,,fir_zip_2009_2016.zip:2015_Financial_Year.xlsx#EA(1)-Assessment
2015,foothills,0111,FOOTHILLS COUNTY,POPL,POPL,Population,21258,fir_zip_2009_2016.zip:2015_Financial_Year.xlsx#POPL(1)-Population
2015,fort_saskatchewan,0117,FORT SASKATCHEWAN,D,01910,Provincial Government Unconditional Transfers,1526188,fir_zip_2009_2016.zip:2015_Financial_Year.xlsx#D(1)-Total
2015,fort_saskatchewan,0117,FORT SASKATCHEWAN,D,01920,Provincial Government Conditional Transfers,3880037,fir_zip_2009_2016.zip:2015_Financial_Year.xlsx#D(1)-Total
2015,fort_saskatchewan,0117,FORT SASKATCHEWAN,EA,08260,GRAND TOTAL,5312666008,fir_zip_2009_2016.zip:2015_Financial_Year.xlsx#EA(1)-Assessment
2015,fort_saskatchewan,0117,FORT SASKATCHEWAN,EA,08265,Linear Subtotal,103784380,fir_zip_2009_2016.zip:2015_Financial_Year.xlsx#EA(1)-Assessment
2015,fort_saskatchewan,0117,FORT SASKATCHEWAN,EA,08270,Mach & Equip Subtotal,1214542340,fir_zip_2009_2016.zip:2015_Financial_Year.xlsx#EA(1)-Assessment
2015,fort_saskatchewan,0117,FORT SASKATCHEWAN,EA,08275,Non Residential Subtotal,997804815,fir_zip_2009_2016.zip:2015_Financial_Year.xlsx#EA(1)-Assessment
2015,fort_saskatchewan,0117,FORT SASKATCHEWAN,EA,08280,Residential Subtotal,2995242213,fir_zip_2009_2016.zip:2015_Financial_Year.xlsx#EA(1)-Assessment
2015,fort_saskatchewan,0117,FORT SASKATCHEWAN,EA,08285,Farmland,1126600,fir_zip_2009_2016.zip:2015_Financial_Year.xlsx#EA(1)-Assessment
2015,fort_saskatchewan,0117,FORT SASKATCHEWAN,EA,08290,Non Residential Railway,165660,fir_zip_2009_2016.zip:2015_Financial_Year.xlsx#EA(1)-Assessment
2015,fort_saskatchewan,0117,FORT SASKATCHEWAN,EA,08295,NR Res. Co-generating M&E,,fir_zip_2009_2016.zip:2015_Financial_Year.xlsx#EA(1)-Assessment
2015,fort_saskatchewan,0117,FORT SASKATCHEWAN,POPL,POPL,Population,24040,fir_zip_2009_2016.zip:2015_Financial_Year.xlsx#POPL(1)-Population
2015,high_river,0148,HIGH RIVER,D,01910,Provincial Government Unconditional Transfers,18769535,fir_zip_2009_2016.zip:2015_Financial_Year.xlsx#D(1)-Total
2015,high_river,0148,HIGH RIVER,D,01920,Provincial Government Conditional Transfers,17485798,fir_zip_2009_2016.zip:2015_Financial_Year.xlsx#D(1)-Total
2015,high_river,0148,HIGH RIVER,EA,08260,GRAND TOTAL,1756086220,fir_zip_2009_2016.zip:2015_Financial_Year.xlsx#EA(1)-Assessment
2015,high_river,0148,HIGH RIVER,EA,08265,Linear Subtotal,16856250,fir_zip_2009_2016.zip:2015_Financial_Year.xlsx#EA(1)-Assessment
2015,high_river,0148,HIGH RIVER,EA,08270,Mach & Equip Subtotal,,fir_zip_2009_2016.zip:2015_Financial_Year.xlsx#EA(1)-Assessment
2015,high_river,0148,HIGH RIVER,EA,08275,Non Residential Subtotal,258483000,fir_zip_2009_2016.zip:2015_Financial_Year.xlsx#EA(1)-Assessment
2015,high_river,0148,HIGH RIVER,EA,08280,Residential Subtotal,1479778970,fir_zip_2009_2016.zip:2015_Financial_Year.xlsx#EA(1)-Assessment
2015,high_river,0148,HIGH RIVER,EA,08285,Farmland,949000,fir_zip_2009_2016.zip:2015_Financial_Year.xlsx#EA(1)-Assessment
2015,high_river,0148,HIGH RIVER,EA,08290,Non Residential Railway,19000,fir_zip_2009_2016.zip:2015_Financial_Year.xlsx#EA(1)-Assessment
2015,high_river,0148,HIGH RIVER,EA,08295,NR Res. Co-generating M&E,,fir_zip_2009_2016.zip:2015_Financial_Year.xlsx#EA(1)-Assessment
2015,high_river,0148,HIGH RIVER,POPL,POPL,Population,12920,fir_zip_2009_2016.zip:2015_Financial_Year.xlsx#POPL(1)-Population
2015,leduc_city,0200,LEDUC,D,01910,Provincial Government Unconditional Transfers,1194903,fir_zip_2009_2016.zip:2015_Financial_Year.xlsx#D(1)-Total
2015,leduc_city,0200,LEDUC,D,01920,Provincial Government Conditional Transfers,13175780,fir_zip_2009_2016.zip:2015_Financial_Year.xlsx#D(1)-Total
2015,leduc_city,0200,LEDUC,EA,08260,GRAND TOTAL,4978329261,fir_zip_2009_2016.zip:2015_Financial_Year.xlsx#EA(1)-Assessment
2015,leduc_city,0200,LEDUC,EA,08265,Linear Subtotal,48160760,fir_zip_2009_2016.zip:2015_Financial_Year.xlsx#EA(1)-Assessment
2015,leduc_city,0200,LEDUC,EA,08270,Mach & Equip Subtotal,2451000,fir_zip_2009_2016.zip:2015_Financial_Year.xlsx#EA(1)-Assessment
2015,leduc_city,0200,LEDUC,EA,08275,Non Residential Subtotal,1485423438,fir_zip_2009_2016.zip:2015_Financial_Year.xlsx#EA(1)-Assessment
2015,leduc_city,0200,LEDUC,EA,08280,Residential Subtotal,3439028553,fir_zip_2009_2016.zip:2015_Financial_Year.xlsx#EA(1)-Assessment
2015,leduc_city,0200,LEDUC,EA,08285,Farmland,2268800,fir_zip_2009_2016.zip:2015_Financial_Year.xlsx#EA(1)-Assessment
2015,leduc_city,0200,LEDUC,EA,08290,Non Residential Railway,996710,fir_zip_2009_2016.zip:2015_Financial_Year.xlsx#EA(1)-Assessment
2015,leduc_city,0200,LEDUC,EA,08295,NR Res. Co-generating M&E,,fir_zip_2009_2016.zip:2015_Financial_Year.xlsx#EA(1)-Assessment
2015,leduc_city,0200,LEDUC,POPL,POPL,Population,29304,fir_zip_2009_2016.zip:2015_Financial_Year.xlsx#POPL(1)-Population
2015,leduc_county,0201,LEDUC COUNTY,D,01910,Provincial Government Unconditional Transfers,69243,fir_zip_2009_2016.zip:2015_Financial_Year.xlsx#D(1)-Total
2015,leduc_county,0201,LEDUC COUNTY,D,01920,Provincial Government Conditional Transfers,10007623,fir_zip_2009_2016.zip:2015_Financial_Year.xlsx#D(1)-Total
2015,leduc_county,0201,LEDUC COUNTY,EA,08260,GRAND TOTAL,7300357750,fir_zip_2009_2016.zip:2015_Financial_Year.xlsx#EA(1)-Assessment
2015,leduc_county,0201,LEDUC COUNTY,EA,08265,Linear Subtotal,1274049300,fir_zip_2009_2016.zip:2015_Financial_Year.xlsx#EA(1)-Assessment
2015,leduc_county,0201,LEDUC COUNTY,EA,08270,Mach & Equip Subtotal,138026630,fir_zip_2009_2016.zip:2015_Financial_Year.xlsx#EA(1)-Assessment
2015,leduc_county,0201,LEDUC COUNTY,EA,08275,Non Residential Subtotal,3355904177,fir_zip_2009_2016.zip:2015_Financial_Year.xlsx#EA(1)-Assessment
2015,leduc_county,0201,LEDUC COUNTY,EA,08280,Residential Subtotal,2437634303,fir_zip_2009_2016.zip:2015_Financial_Year.xlsx#EA(1)-Assessment
2015,leduc_county,0201,LEDUC COUNTY,EA,08285,Farmland,91770540,fir_zip_2009_2016.zip:2015_Financial_Year.xlsx#EA(1)-Assessment
2015,leduc_county,0201,LEDUC COUNTY,EA,08290,Non Residential Railway,2972800,fir_zip_2009_2016.zip:2015_Financial_Year.xlsx#EA(1)-Assessment
2015,leduc_county,0201,LEDUC COUNTY,EA,08295,NR Res. Co-generating M&E,,fir_zip_2009_2016.zip:2015_Financial_Year.xlsx#EA(1)-Assessment
2015,leduc_county,0201,LEDUC COUNTY,POPL,POPL,Population,13524,fir_zip_2009_2016.zip:2015_Financial_Year.xlsx#POPL(1)-Population
2015,morinville,0224,MORINVILLE,D,01910,Provincial Government Unconditional Transfers,0,fir_zip_2009_2016.zip:2015_Financial_Year.xlsx#D(1)-Total
2015,morinville,0224,MORINVILLE,D,01920,Provincial Government Conditional Transfers,3846762,fir_zip_2009_2016.zip:2015_Financial_Year.xlsx#D(1)-Total
2015,morinville,0224,MORINVILLE,EA,08260,GRAND TOTAL,1173610679,fir_zip_2009_2016.zip:2015_Financial_Year.xlsx#EA(1)-Assessment
2015,morinville,0224,MORINVILLE,EA,08265,Linear Subtotal,11084220,fir_zip_2009_2016.zip:2015_Financial_Year.xlsx#EA(1)-Assessment
2015,morinville,0224,MORINVILLE,EA,08270,Mach & Equip Subtotal,2395020,fir_zip_2009_2016.zip:2015_Financial_Year.xlsx#EA(1)-Assessment
2015,morinville,0224,MORINVILLE,EA,08275,Non Residential Subtotal,128620676,fir_zip_2009_2016.zip:2015_Financial_Year.xlsx#EA(1)-Assessment
2015,morinville,0224,MORINVILLE,EA,08280,Residential Subtotal,1031143793,fir_zip_2009_2016.zip:2015_Financial_Year.xlsx#EA(1)-Assessment
2015,morinville,0224,MORINVILLE,EA,08285,Farmland,282550,fir_zip_2009_2016.zip:2015_Financial_Year.xlsx#EA(1)-Assessment
2015,morinville,0224,MORINVILLE,EA,08290,Non Residential Railway,84420,fir_zip_2009_2016.zip:2015_Financial_Year.xlsx#EA(1)-Assessment
2015,morinville,0224,MORINVILLE,EA,08295,NR Res. Co-generating M&E,,fir_zip_2009_2016.zip:2015_Financial_Year.xlsx#EA(1)-Assessment
2015,morinville,0224,MORINVILLE,POPL,POPL,Population,9402,fir_zip_2009_2016.zip:2015_Financial_Year.xlsx#POPL(1)-Population
2015,okotoks,0238,OKOTOKS,D,01910,Provincial Government Unconditional Transfers,7228418,fir_zip_2009_2016.zip:2015_Financial_Year.xlsx#D(1)-Total
2015,okotoks,0238,OKOTOKS,D,01920,Provincial Government Conditional Transfers,3505344,fir_zip_2009_2016.zip:2015_Financial_Year.xlsx#D(1)-Total
2015,okotoks,0238,OKOTOKS,EA,08260,GRAND TOTAL,4372219642,fir_zip_2009_2016.zip:2015_Financial_Year.xlsx#EA(1)-Assessment
2015,okotoks,0238,OKOTOKS,EA,08265,Linear Subtotal,25341160,fir_zip_2009_2016.zip:2015_Financial_Year.xlsx#EA(1)-Assessment
2015,okotoks,0238,OKOTOKS,EA,08270,Mach & Equip Subtotal,117100,fir_zip_2009_2016.zip:2015_Financial_Year.xlsx#EA(1)-Assessment
2015,okotoks,0238,OKOTOKS,EA,08275,Non Residential Subtotal,616993571,fir_zip_2009_2016.zip:2015_Financial_Year.xlsx#EA(1)-Assessment
2015,okotoks,0238,OKOTOKS,EA,08280,Residential Subtotal,3729401611,fir_zip_2009_2016.zip:2015_Financial_Year.xlsx#EA(1)-Assessment
2015,okotoks,0238,OKOTOKS,EA,08285,Farmland,164200,fir_zip_2009_2016.zip:2015_Financial_Year.xlsx#EA(1)-Assessment
2015,okotoks,0238,OKOTOKS,EA,08290,Non Residential Railway,202000,fir_zip_2009_2016.zip:2015_Financial_Year.xlsx#EA(1)-Assessment
2015,okotoks,0238,OKOTOKS,EA,08295,NR Res. Co-generating M&E,,fir_zip_2009_2016.zip:2015_Financial_Year.xlsx#EA(1)-Assessment
2015,okotoks,0238,OKOTOKS,POPL,POPL,Population,28016,fir_zip_2009_2016.zip:2015_Financial_Year.xlsx#POPL(1)-Population
2015,parkland,0245,PARKLAND COUNTY,D,01910,Provincial Government Unconditional Transfers,0,fir_zip_2009_2016.zip:2015_Financial_Year.xlsx#D(1)-Total
2015,parkland,0245,PARKLAND COUNTY,D,01920,Provincial Government Conditional Transfers,17885436,fir_zip_2009_2016.zip:2015_Financial_Year.xlsx#D(1)-Total
2015,parkland,0245,PARKLAND COUNTY,EA,08260,GRAND TOTAL,8932368449,fir_zip_2009_2016.zip:2015_Financial_Year.xlsx#EA(1)-Assessment
2015,parkland,0245,PARKLAND COUNTY,EA,08265,Linear Subtotal,1719606360,fir_zip_2009_2016.zip:2015_Financial_Year.xlsx#EA(1)-Assessment
2015,parkland,0245,PARKLAND COUNTY,EA,08270,Mach & Equip Subtotal,237316540,fir_zip_2009_2016.zip:2015_Financial_Year.xlsx#EA(1)-Assessment
2015,parkland,0245,PARKLAND COUNTY,EA,08275,Non Residential Subtotal,1433877283,fir_zip_2009_2016.zip:2015_Financial_Year.xlsx#EA(1)-Assessment
2015,parkland,0245,PARKLAND COUNTY,EA,08280,Residential Subtotal,5482475256,fir_zip_2009_2016.zip:2015_Financial_Year.xlsx#EA(1)-Assessment
2015,parkland,0245,PARKLAND COUNTY,EA,08285,Farmland,42887180,fir_zip_2009_2016.zip:2015_Financial_Year.xlsx#EA(1)-Assessment
2015,parkland,0245,PARKLAND COUNTY,EA,08290,Non Residential Railway,16205830,fir_zip_2009_2016.zip:2015_Financial_Year.xlsx#EA(1)-Assessment
2015,parkland,0245,PARKLAND COUNTY,EA,08295,NR Res. Co-generating M&E,,fir_zip_2009_2016.zip:2015_Financial_Year.xlsx#EA(1)-Assessment
2015,parkland,0245,PARKLAND COUNTY,POPL,POPL,Population,30568,fir_zip_2009_2016.zip:2015_Financial_Year.xlsx#POPL(1)-Population
2015,rocky_view,0269,ROCKY VIEW COUNTY,D,01910,Provincial Government Unconditional Transfers,0,fir_zip_2009_2016.zip:2015_Financial_Year.xlsx#D(1)-Total
2015,rocky_view,0269,ROCKY VIEW COUNTY,D,01920,Provincial Government Conditional Transfers,10153183,fir_zip_2009_2016.zip:2015_Financial_Year.xlsx#D(1)-Total
2015,rocky_view,0269,ROCKY VIEW COUNTY,EA,08260,GRAND TOTAL,15169767886,fir_zip_2009_2016.zip:2015_Financial_Year.xlsx#EA(1)-Assessment
2015,rocky_view,0269,ROCKY VIEW COUNTY,EA,08265,Linear Subtotal,1127078880,fir_zip_2009_2016.zip:2015_Financial_Year.xlsx#EA(1)-Assessment
2015,rocky_view,0269,ROCKY VIEW COUNTY,EA,08270,Mach & Equip Subtotal,521053900,fir_zip_2009_2016.zip:2015_Financial_Year.xlsx#EA(1)-Assessment
2015,rocky_view,0269,ROCKY VIEW COUNTY,EA,08275,Non Residential Subtotal,1991147856,fir_zip_2009_2016.zip:2015_Financial_Year.xlsx#EA(1)-Assessment
2015,rocky_view,0269,ROCKY VIEW COUNTY,EA,08280,Residential Subtotal,11366286030,fir_zip_2009_2016.zip:2015_Financial_Year.xlsx#EA(1)-Assessment
2015,rocky_view,0269,ROCKY VIEW COUNTY,EA,08285,Farmland,152984640,fir_zip_2009_2016.zip:2015_Financial_Year.xlsx#EA(1)-Assessment
2015,rocky_view,0269,ROCKY VIEW COUNTY,EA,08290,Non Residential Railway,11216580,fir_zip_2009_2016.zip:2015_Financial_Year.xlsx#EA(1)-Assessment
2015,rocky_view,0269,ROCKY VIEW COUNTY,EA,08295,NR Res. Co-generating M&E,,fir_zip_2009_2016.zip:2015_Financial_Year.xlsx#EA(1)-Assessment
2015,rocky_view,0269,ROCKY VIEW COUNTY,POPL,POPL,Population,38055,fir_zip_2009_2016.zip:2015_Financial_Year.xlsx#POPL(1)-Population
2015,spruce_grove,0291,SPRUCE GROVE,D,01910,Provincial Government Unconditional Transfers,0,fir_zip_2009_2016.zip:2015_Financial_Year.xlsx#D(1)-Total
2015,spruce_grove,0291,SPRUCE GROVE,D,01920,Provincial Government Conditional Transfers,-1760210,fir_zip_2009_2016.zip:2015_Financial_Year.xlsx#D(1)-Total
2015,spruce_grove,0291,SPRUCE GROVE,EA,08260,GRAND TOTAL,4658872869,fir_zip_2009_2016.zip:2015_Financial_Year.xlsx#EA(1)-Assessment
2015,spruce_grove,0291,SPRUCE GROVE,EA,08265,Linear Subtotal,33636350,fir_zip_2009_2016.zip:2015_Financial_Year.xlsx#EA(1)-Assessment
2015,spruce_grove,0291,SPRUCE GROVE,EA,08270,Mach & Equip Subtotal,2105000,fir_zip_2009_2016.zip:2015_Financial_Year.xlsx#EA(1)-Assessment
2015,spruce_grove,0291,SPRUCE GROVE,EA,08275,Non Residential Subtotal,729220516,fir_zip_2009_2016.zip:2015_Financial_Year.xlsx#EA(1)-Assessment
2015,spruce_grove,0291,SPRUCE GROVE,EA,08280,Residential Subtotal,3892600203,fir_zip_2009_2016.zip:2015_Financial_Year.xlsx#EA(1)-Assessment
2015,spruce_grove,0291,SPRUCE GROVE,EA,08285,Farmland,579000,fir_zip_2009_2016.zip:2015_Financial_Year.xlsx#EA(1)-Assessment
2015,spruce_grove,0291,SPRUCE GROVE,EA,08290,Non Residential Railway,731800,fir_zip_2009_2016.zip:2015_Financial_Year.xlsx#EA(1)-Assessment
2015,spruce_grove,0291,SPRUCE GROVE,EA,08295,NR Res. Co-generating M&E,,fir_zip_2009_2016.zip:2015_Financial_Year.xlsx#EA(1)-Assessment
2015,spruce_grove,0291,SPRUCE GROVE,POPL,POPL,Population,32036,fir_zip_2009_2016.zip:2015_Financial_Year.xlsx#POPL(1)-Population
2015,st_albert,0292,ST. ALBERT,D,01910,Provincial Government Unconditional Transfers,146907,fir_zip_2009_2016.zip:2015_Financial_Year.xlsx#D(1)-Total
2015,st_albert,0292,ST. ALBERT,D,01920,Provincial Government Conditional Transfers,17341035,fir_zip_2009_2016.zip:2015_Financial_Year.xlsx#D(1)-Total
2015,st_albert,0292,ST. ALBERT,EA,08260,GRAND TOTAL,10649203037,fir_zip_2009_2016.zip:2015_Financial_Year.xlsx#EA(1)-Assessment
2015,st_albert,0292,ST. ALBERT,EA,08265,Linear Subtotal,77470310,fir_zip_2009_2016.zip:2015_Financial_Year.xlsx#EA(1)-Assessment
2015,st_albert,0292,ST. ALBERT,EA,08270,Mach & Equip Subtotal,29631700,fir_zip_2009_2016.zip:2015_Financial_Year.xlsx#EA(1)-Assessment
2015,st_albert,0292,ST. ALBERT,EA,08275,Non Residential Subtotal,1291941411,fir_zip_2009_2016.zip:2015_Financial_Year.xlsx#EA(1)-Assessment
2015,st_albert,0292,ST. ALBERT,EA,08280,Residential Subtotal,9249271016,fir_zip_2009_2016.zip:2015_Financial_Year.xlsx#EA(1)-Assessment
2015,st_albert,0292,ST. ALBERT,EA,08285,Farmland,725300,fir_zip_2009_2016.zip:2015_Financial_Year.xlsx#EA(1)-Assessment
2015,st_albert,0292,ST. ALBERT,EA,08290,Non Residential Railway,163300,fir_zip_2009_2016.zip:2015_Financial_Year.xlsx#EA(1)-Assessment
2015,st_albert,0292,ST. ALBERT,EA,08295,NR Res. Co-generating M&E,,fir_zip_2009_2016.zip:2015_Financial_Year.xlsx#EA(1)-Assessment
2015,st_albert,0292,ST. ALBERT,POPL,POPL,Population,63255,fir_zip_2009_2016.zip:2015_Financial_Year.xlsx#POPL(1)-Population
2015,stony_plain,0301,STONY PLAIN,D,01910,Provincial Government Unconditional Transfers,0,fir_zip_2009_2016.zip:2015_Financial_Year.xlsx#D(1)-Total
2015,stony_plain,0301,STONY PLAIN,D,01920,Provincial Government Conditional Transfers,4834370,fir_zip_2009_2016.zip:2015_Financial_Year.xlsx#D(1)-Total
2015,stony_plain,0301,STONY PLAIN,EA,08260,GRAND TOTAL,2387688539,fir_zip_2009_2016.zip:2015_Financial_Year.xlsx#EA(1)-Assessment
2015,stony_plain,0301,STONY PLAIN,EA,08265,Linear Subtotal,23141180,fir_zip_2009_2016.zip:2015_Financial_Year.xlsx#EA(1)-Assessment
2015,stony_plain,0301,STONY PLAIN,EA,08270,Mach & Equip Subtotal,624270,fir_zip_2009_2016.zip:2015_Financial_Year.xlsx#EA(1)-Assessment
2015,stony_plain,0301,STONY PLAIN,EA,08275,Non Residential Subtotal,305440318,fir_zip_2009_2016.zip:2015_Financial_Year.xlsx#EA(1)-Assessment
2015,stony_plain,0301,STONY PLAIN,EA,08280,Residential Subtotal,2055338041,fir_zip_2009_2016.zip:2015_Financial_Year.xlsx#EA(1)-Assessment
2015,stony_plain,0301,STONY PLAIN,EA,08285,Farmland,1042060,fir_zip_2009_2016.zip:2015_Financial_Year.xlsx#EA(1)-Assessment
2015,stony_plain,0301,STONY PLAIN,EA,08290,Non Residential Railway,2102670,fir_zip_2009_2016.zip:2015_Financial_Year.xlsx#EA(1)-Assessment
2015,stony_plain,0301,STONY PLAIN,EA,08295,NR Res. Co-generating M&E,,fir_zip_2009_2016.zip:2015_Financial_Year.xlsx#EA(1)-Assessment
2015,stony_plain,0301,STONY PLAIN,POPL,POPL,Population,16127,fir_zip_2009_2016.zip:2015_Financial_Year.xlsx#POPL(1)-Population
2015,strathcona,0302,STRATHCONA COUNTY,D,01910,Provincial Government Unconditional Transfers,0,fir_zip_2009_2016.zip:2015_Financial_Year.xlsx#D(1)-Total
2015,strathcona,0302,STRATHCONA COUNTY,D,01920,Provincial Government Conditional Transfers,48396064,fir_zip_2009_2016.zip:2015_Financial_Year.xlsx#D(1)-Total
2015,strathcona,0302,STRATHCONA COUNTY,EA,08260,GRAND TOTAL,30142775965,fir_zip_2009_2016.zip:2015_Financial_Year.xlsx#EA(1)-Assessment
2015,strathcona,0302,STRATHCONA COUNTY,EA,08265,Linear Subtotal,740619350,fir_zip_2009_2016.zip:2015_Financial_Year.xlsx#EA(1)-Assessment
2015,strathcona,0302,STRATHCONA COUNTY,EA,08270,Mach & Equip Subtotal,9461656000,fir_zip_2009_2016.zip:2015_Financial_Year.xlsx#EA(1)-Assessment
2015,strathcona,0302,STRATHCONA COUNTY,EA,08275,Non Residential Subtotal,4102034757,fir_zip_2009_2016.zip:2015_Financial_Year.xlsx#EA(1)-Assessment
2015,strathcona,0302,STRATHCONA COUNTY,EA,08280,Residential Subtotal,15794964808,fir_zip_2009_2016.zip:2015_Financial_Year.xlsx#EA(1)-Assessment
2015,strathcona,0302,STRATHCONA COUNTY,EA,08285,Farmland,33580050,fir_zip_2009_2016.zip:2015_Financial_Year.xlsx#EA(1)-Assessment
2015,strathcona,0302,STRATHCONA COUNTY,EA,08290,Non Residential Railway,9921000,fir_zip_2009_2016.zip:2015_Financial_Year.xlsx#EA(1)-Assessment
2015,strathcona,0302,STRATHCONA COUNTY,EA,08295,NR Res. Co-generating M&E,,fir_zip_2009_2016.zip:2015_Financial_Year.xlsx#EA(1)-Assessment
2015,strathcona,0302,STRATHCONA COUNTY,POPL,POPL,Population,95597,fir_zip_2009_2016.zip:2015_Financial_Year.xlsx#POPL(1)-Population
2015,sturgeon,0305,STURGEON COUNTY,D,01910,Provincial Government Unconditional Transfers,0,fir_zip_2009_2016.zip:2015_Financial_Year.xlsx#D(1)-Total
2015,sturgeon,0305,STURGEON COUNTY,D,01920,Provincial Government Conditional Transfers,4557285,fir_zip_2009_2016.zip:2015_Financial_Year.xlsx#D(1)-Total
2015,sturgeon,0305,STURGEON COUNTY,EA,08260,GRAND TOTAL,5688002669,fir_zip_2009_2016.zip:2015_Financial_Year.xlsx#EA(1)-Assessment
2015,sturgeon,0305,STURGEON COUNTY,EA,08265,Linear Subtotal,456224690,fir_zip_2009_2016.zip:2015_Financial_Year.xlsx#EA(1)-Assessment
2015,sturgeon,0305,STURGEON COUNTY,EA,08270,Mach & Equip Subtotal,934987900,fir_zip_2009_2016.zip:2015_Financial_Year.xlsx#EA(1)-Assessment
2015,sturgeon,0305,STURGEON COUNTY,EA,08275,Non Residential Subtotal,801967260,fir_zip_2009_2016.zip:2015_Financial_Year.xlsx#EA(1)-Assessment
2015,sturgeon,0305,STURGEON COUNTY,EA,08280,Residential Subtotal,3411050529,fir_zip_2009_2016.zip:2015_Financial_Year.xlsx#EA(1)-Assessment
2015,sturgeon,0305,STURGEON COUNTY,EA,08285,Farmland,79151930,fir_zip_2009_2016.zip:2015_Financial_Year.xlsx#EA(1)-Assessment
2015,sturgeon,0305,STURGEON COUNTY,EA,08290,Non Residential Railway,4620360,fir_zip_2009_2016.zip:2015_Financial_Year.xlsx#EA(1)-Assessment
2015,sturgeon,0305,STURGEON COUNTY,EA,08295,NR Res. Co-generating M&E,,fir_zip_2009_2016.zip:2015_Financial_Year.xlsx#EA(1)-Assessment
2015,sturgeon,0305,STURGEON COUNTY,POPL,POPL,Population,19578,fir_zip_2009_2016.zip:2015_Financial_Year.xlsx#POPL(1)-Population
2015,chestermere,0356,CHESTERMERE,D,01910,Provincial Government Unconditional Transfers,0,fir_zip_2009_2016.zip:2015_Financial_Year.xlsx#D(1)-Total
2015,chestermere,0356,CHESTERMERE,D,01920,Provincial Government Conditional Transfers,5765231,fir_zip_2009_2016.zip:2015_Financial_Year.xlsx#D(1)-Total
2015,chestermere,0356,CHESTERMERE,EA,08260,GRAND TOTAL,2969702823,fir_zip_2009_2016.zip:2015_Financial_Year.xlsx#EA(1)-Assessment
2015,chestermere,0356,CHESTERMERE,EA,08265,Linear Subtotal,17508960,fir_zip_2009_2016.zip:2015_Financial_Year.xlsx#EA(1)-Assessment
2015,chestermere,0356,CHESTERMERE,EA,08270,Mach & Equip Subtotal,274290,fir_zip_2009_2016.zip:2015_Financial_Year.xlsx#EA(1)-Assessment
2015,chestermere,0356,CHESTERMERE,EA,08275,Non Residential Subtotal,110053554,fir_zip_2009_2016.zip:2015_Financial_Year.xlsx#EA(1)-Assessment
2015,chestermere,0356,CHESTERMERE,EA,08280,Residential Subtotal,2840679209,fir_zip_2009_2016.zip:2015_Financial_Year.xlsx#EA(1)-Assessment
2015,chestermere,0356,CHESTERMERE,EA,08285,Farmland,1186810,fir_zip_2009_2016.zip:2015_Financial_Year.xlsx#EA(1)-Assessment
2015,chestermere,0356,CHESTERMERE,EA,08290,Non Residential Railway,,fir_zip_2009_2016.zip:2015_Financial_Year.xlsx#EA(1)-Assessment
2015,chestermere,0356,CHESTERMERE,EA,08295,NR Res. Co-generating M&E,,fir_zip_2009_2016.zip:2015_Financial_Year.xlsx#EA(1)-Assessment
2015,chestermere,0356,CHESTERMERE,POPL,POPL,Population,18496,fir_zip_2009_2016.zip:2015_Financial_Year.xlsx#POPL(1)-Population
2016,airdrie,0003,AIRDRIE,D,01910,Provincial Government Unconditional Transfers,402305,fir_zip_2009_2016.zip:2016_Financial_Year.xlsx#D(1)-Total
2016,airdrie,0003,AIRDRIE,D,01920,Provincial Government Conditional Transfers,11521363,fir_zip_2009_2016.zip:2016_Financial_Year.xlsx#D(1)-Total
2016,airdrie,0003,AIRDRIE,EA,08260,GRAND TOTAL,9654658424,fir_zip_2009_2016.zip:2016_Financial_Year.xlsx#EA(1)-Assessment
2016,airdrie,0003,AIRDRIE,EA,08265,Linear Subtotal,68146230,fir_zip_2009_2016.zip:2016_Financial_Year.xlsx#EA(1)-Assessment
2016,airdrie,0003,AIRDRIE,EA,08270,Mach & Equip Subtotal,7277100,fir_zip_2009_2016.zip:2016_Financial_Year.xlsx#EA(1)-Assessment
2016,airdrie,0003,AIRDRIE,EA,08275,Non Residential Subtotal,1446636526,fir_zip_2009_2016.zip:2016_Financial_Year.xlsx#EA(1)-Assessment
2016,airdrie,0003,AIRDRIE,EA,08280,Residential Subtotal,8085592358,fir_zip_2009_2016.zip:2016_Financial_Year.xlsx#EA(1)-Assessment
2016,airdrie,0003,AIRDRIE,EA,08285,Farmland,45295610,fir_zip_2009_2016.zip:2016_Financial_Year.xlsx#EA(1)-Assessment
2016,airdrie,0003,AIRDRIE,EA,08290,Non Residential Railway,1710600,fir_zip_2009_2016.zip:2016_Financial_Year.xlsx#EA(1)-Assessment
2016,airdrie,0003,AIRDRIE,EA,08295,NR Res. Co-generating M&E,,fir_zip_2009_2016.zip:2016_Financial_Year.xlsx#EA(1)-Assessment
2016,airdrie,0003,AIRDRIE,POPL,POPL,Population,61842,fir_zip_2009_2016.zip:2016_Financial_Year.xlsx#POPL(1)-Population
2016,beaumont,0019,BEAUMONT,D,01910,Provincial Government Unconditional Transfers,0,fir_zip_2009_2016.zip:2016_Financial_Year.xlsx#D(1)-Total
2016,beaumont,0019,BEAUMONT,D,01920,Provincial Government Conditional Transfers,11394821,fir_zip_2009_2016.zip:2016_Financial_Year.xlsx#D(1)-Total
2016,beaumont,0019,BEAUMONT,EA,08260,GRAND TOTAL,2516347370,fir_zip_2009_2016.zip:2016_Financial_Year.xlsx#EA(1)-Assessment
2016,beaumont,0019,BEAUMONT,EA,08265,Linear Subtotal,15733600,fir_zip_2009_2016.zip:2016_Financial_Year.xlsx#EA(1)-Assessment
2016,beaumont,0019,BEAUMONT,EA,08270,Mach & Equip Subtotal,80500,fir_zip_2009_2016.zip:2016_Financial_Year.xlsx#EA(1)-Assessment
2016,beaumont,0019,BEAUMONT,EA,08275,Non Residential Subtotal,127606177,fir_zip_2009_2016.zip:2016_Financial_Year.xlsx#EA(1)-Assessment
2016,beaumont,0019,BEAUMONT,EA,08280,Residential Subtotal,2372848093,fir_zip_2009_2016.zip:2016_Financial_Year.xlsx#EA(1)-Assessment
2016,beaumont,0019,BEAUMONT,EA,08285,Farmland,79000,fir_zip_2009_2016.zip:2016_Financial_Year.xlsx#EA(1)-Assessment
2016,beaumont,0019,BEAUMONT,EA,08290,Non Residential Railway,,fir_zip_2009_2016.zip:2016_Financial_Year.xlsx#EA(1)-Assessment
2016,beaumont,0019,BEAUMONT,EA,08295,NR Res. Co-generating M&E,,fir_zip_2009_2016.zip:2016_Financial_Year.xlsx#EA(1)-Assessment
2016,beaumont,0019,BEAUMONT,POPL,POPL,Population,17720,fir_zip_2009_2016.zip:2016_Financial_Year.xlsx#POPL(1)-Population
2016,calgary,0046,CALGARY,D,01910,Provincial Government Unconditional Transfers,941000,fir_zip_2009_2016.zip:2016_Financial_Year.xlsx#D(1)-Total
2016,calgary,0046,CALGARY,D,01920,Provincial Government Conditional Transfers,746169000,fir_zip_2009_2016.zip:2016_Financial_Year.xlsx#D(1)-Total
2016,calgary,0046,CALGARY,EA,08260,GRAND TOTAL,282866515502,fir_zip_2009_2016.zip:2016_Financial_Year.xlsx#EA(1)-Assessment
2016,calgary,0046,CALGARY,EA,08265,Linear Subtotal,1968166290,fir_zip_2009_2016.zip:2016_Financial_Year.xlsx#EA(1)-Assessment
2016,calgary,0046,CALGARY,EA,08270,Mach & Equip Subtotal,333094300,fir_zip_2009_2016.zip:2016_Financial_Year.xlsx#EA(1)-Assessment
2016,calgary,0046,CALGARY,EA,08275,Non Residential Subtotal,70960654065,fir_zip_2009_2016.zip:2016_Financial_Year.xlsx#EA(1)-Assessment
2016,calgary,0046,CALGARY,EA,08280,Residential Subtotal,209405346458,fir_zip_2009_2016.zip:2016_Financial_Year.xlsx#EA(1)-Assessment
2016,calgary,0046,CALGARY,EA,08285,Farmland,9896516,fir_zip_2009_2016.zip:2016_Financial_Year.xlsx#EA(1)-Assessment
2016,calgary,0046,CALGARY,EA,08290,Non Residential Railway,189357873,fir_zip_2009_2016.zip:2016_Financial_Year.xlsx#EA(1)-Assessment
2016,calgary,0046,CALGARY,EA,08295,NR Res. Co-generating M&E,,fir_zip_2009_2016.zip:2016_Financial_Year.xlsx#EA(1)-Assessment
2016,calgary,0046,CALGARY,POPL,POPL,Population,1235171,fir_zip_2009_2016.zip:2016_Financial_Year.xlsx#POPL(1)-Population
2016,cochrane,0070,COCHRANE,D,01910,Provincial Government Unconditional Transfers,0,fir_zip_2009_2016.zip:2016_Financial_Year.xlsx#D(1)-Total
2016,cochrane,0070,COCHRANE,D,01920,Provincial Government Conditional Transfers,8497576,fir_zip_2009_2016.zip:2016_Financial_Year.xlsx#D(1)-Total
2016,cochrane,0070,COCHRANE,EA,08260,GRAND TOTAL,4641682022,fir_zip_2009_2016.zip:2016_Financial_Year.xlsx#EA(1)-Assessment
2016,cochrane,0070,COCHRANE,EA,08265,Linear Subtotal,38444610,fir_zip_2009_2016.zip:2016_Financial_Year.xlsx#EA(1)-Assessment
2016,cochrane,0070,COCHRANE,EA,08270,Mach & Equip Subtotal,4697100,fir_zip_2009_2016.zip:2016_Financial_Year.xlsx#EA(1)-Assessment
2016,cochrane,0070,COCHRANE,EA,08275,Non Residential Subtotal,479918146,fir_zip_2009_2016.zip:2016_Financial_Year.xlsx#EA(1)-Assessment
2016,cochrane,0070,COCHRANE,EA,08280,Residential Subtotal,4116847856,fir_zip_2009_2016.zip:2016_Financial_Year.xlsx#EA(1)-Assessment
2016,cochrane,0070,COCHRANE,EA,08285,Farmland,268910,fir_zip_2009_2016.zip:2016_Financial_Year.xlsx#EA(1)-Assessment
2016,cochrane,0070,COCHRANE,EA,08290,Non Residential Railway,1505400,fir_zip_2009_2016.zip:2016_Financial_Year.xlsx#EA(1)-Assessment
2016,cochrane,0070,COCHRANE,EA,08295,NR Res. Co-generating M&E,,fir_zip_2009_2016.zip:2016_Financial_Year.xlsx#EA(1)-Assessment
2016,cochrane,0070,COCHRANE,POPL,POPL,Population,25122,fir_zip_2009_2016.zip:2016_Financial_Year.xlsx#POPL(1)-Population
2016,devon,0086,DEVON,D,01910,Provincial Government Unconditional Transfers,599550,fir_zip_2009_2016.zip:2016_Financial_Year.xlsx#D(1)-Total
2016,devon,0086,DEVON,D,01920,Provincial Government Conditional Transfers,1031819,fir_zip_2009_2016.zip:2016_Financial_Year.xlsx#D(1)-Total
2016,devon,0086,DEVON,EA,08260,GRAND TOTAL,860991636,fir_zip_2009_2016.zip:2016_Financial_Year.xlsx#EA(1)-Assessment
2016,devon,0086,DEVON,EA,08265,Linear Subtotal,12053000,fir_zip_2009_2016.zip:2016_Financial_Year.xlsx#EA(1)-Assessment
2016,devon,0086,DEVON,EA,08270,Mach & Equip Subtotal,36750,fir_zip_2009_2016.zip:2016_Financial_Year.xlsx#EA(1)-Assessment
2016,devon,0086,DEVON,EA,08275,Non Residential Subtotal,91358156,fir_zip_2009_2016.zip:2016_Financial_Year.xlsx#EA(1)-Assessment
2016,devon,0086,DEVON,EA,08280,Residential Subtotal,757289530,fir_zip_2009_2016.zip:2016_Financial_Year.xlsx#EA(1)-Assessment
2016,devon,0086,DEVON,EA,08285,Farmland,254200,fir_zip_2009_2016.zip:2016_Financial_Year.xlsx#EA(1)-Assessment
2016,devon,0086,DEVON,EA,08290,Non Residential Railway,,fir_zip_2009_2016.zip:2016_Financial_Year.xlsx#EA(1)-Assessment
2016,devon,0086,DEVON,EA,08295,NR Res. Co-generating M&E,,fir_zip_2009_2016.zip:2016_Financial_Year.xlsx#EA(1)-Assessment
2016,devon,0086,DEVON,POPL,POPL,Population,6650,fir_zip_2009_2016.zip:2016_Financial_Year.xlsx#POPL(1)-Population
2016,edmonton,0098,EDMONTON,D,01910,Provincial Government Unconditional Transfers,0,fir_zip_2009_2016.zip:2016_Financial_Year.xlsx#D(1)-Total
2016,edmonton,0098,EDMONTON,D,01920,Provincial Government Conditional Transfers,278941000,fir_zip_2009_2016.zip:2016_Financial_Year.xlsx#D(1)-Total
2016,edmonton,0098,EDMONTON,EA,08260,GRAND TOTAL,162485095470,fir_zip_2009_2016.zip:2016_Financial_Year.xlsx#EA(1)-Assessment
2016,edmonton,0098,EDMONTON,EA,08265,Linear Subtotal,1849335250,fir_zip_2009_2016.zip:2016_Financial_Year.xlsx#EA(1)-Assessment
2016,edmonton,0098,EDMONTON,EA,08270,Mach & Equip Subtotal,873011232,fir_zip_2009_2016.zip:2016_Financial_Year.xlsx#EA(1)-Assessment
2016,edmonton,0098,EDMONTON,EA,08275,Non Residential Subtotal,39372842764,fir_zip_2009_2016.zip:2016_Financial_Year.xlsx#EA(1)-Assessment
2016,edmonton,0098,EDMONTON,EA,08280,Residential Subtotal,120353331528,fir_zip_2009_2016.zip:2016_Financial_Year.xlsx#EA(1)-Assessment
2016,edmonton,0098,EDMONTON,EA,08285,Farmland,24471829,fir_zip_2009_2016.zip:2016_Financial_Year.xlsx#EA(1)-Assessment
2016,edmonton,0098,EDMONTON,EA,08290,Non Residential Railway,12102867,fir_zip_2009_2016.zip:2016_Financial_Year.xlsx#EA(1)-Assessment
2016,edmonton,0098,EDMONTON,EA,08295,NR Res. Co-generating M&E,,fir_zip_2009_2016.zip:2016_Financial_Year.xlsx#EA(1)-Assessment
2016,edmonton,0098,EDMONTON,POPL,POPL,Population,899447,fir_zip_2009_2016.zip:2016_Financial_Year.xlsx#POPL(1)-Population
2016,foothills,0111,FOOTHILLS COUNTY,D,01910,Provincial Government Unconditional Transfers,1409314,fir_zip_2009_2016.zip:2016_Financial_Year.xlsx#D(1)-Total
2016,foothills,0111,FOOTHILLS COUNTY,D,01920,Provincial Government Conditional Transfers,9875614,fir_zip_2009_2016.zip:2016_Financial_Year.xlsx#D(1)-Total
2016,foothills,0111,FOOTHILLS COUNTY,EA,08260,GRAND TOTAL,7788417642,fir_zip_2009_2016.zip:2016_Financial_Year.xlsx#EA(1)-Assessment
2016,foothills,0111,FOOTHILLS COUNTY,EA,08265,Linear Subtotal,489286190,fir_zip_2009_2016.zip:2016_Financial_Year.xlsx#EA(1)-Assessment
2016,foothills,0111,FOOTHILLS COUNTY,EA,08270,Mach & Equip Subtotal,209585870,fir_zip_2009_2016.zip:2016_Financial_Year.xlsx#EA(1)-Assessment
2016,foothills,0111,FOOTHILLS COUNTY,EA,08275,Non Residential Subtotal,478918368,fir_zip_2009_2016.zip:2016_Financial_Year.xlsx#EA(1)-Assessment
2016,foothills,0111,FOOTHILLS COUNTY,EA,08280,Residential Subtotal,6468260394,fir_zip_2009_2016.zip:2016_Financial_Year.xlsx#EA(1)-Assessment
2016,foothills,0111,FOOTHILLS COUNTY,EA,08285,Farmland,139194310,fir_zip_2009_2016.zip:2016_Financial_Year.xlsx#EA(1)-Assessment
2016,foothills,0111,FOOTHILLS COUNTY,EA,08290,Non Residential Railway,3172510,fir_zip_2009_2016.zip:2016_Financial_Year.xlsx#EA(1)-Assessment
2016,foothills,0111,FOOTHILLS COUNTY,EA,08295,NR Res. Co-generating M&E,,fir_zip_2009_2016.zip:2016_Financial_Year.xlsx#EA(1)-Assessment
2016,foothills,0111,FOOTHILLS COUNTY,POPL,POPL,Population,21258,fir_zip_2009_2016.zip:2016_Financial_Year.xlsx#POPL(1)-Population
2016,fort_saskatchewan,0117,FORT SASKATCHEWAN,D,01910,Provincial Government Unconditional Transfers,783851,fir_zip_2009_2016.zip:2016_Financial_Year.xlsx#D(1)-Total
2016,fort_saskatchewan,0117,FORT SASKATCHEWAN,D,01920,Provincial Government Conditional Transfers,6674539,fir_zip_2009_2016.zip:2016_Financial_Year.xlsx#D(1)-Total
2016,fort_saskatchewan,0117,FORT SASKATCHEWAN,EA,08260,GRAND TOTAL,5702808805,fir_zip_2009_2016.zip:2016_Financial_Year.xlsx#EA(1)-Assessment
2016,fort_saskatchewan,0117,FORT SASKATCHEWAN,EA,08265,Linear Subtotal,103975290,fir_zip_2009_2016.zip:2016_Financial_Year.xlsx#EA(1)-Assessment
2016,fort_saskatchewan,0117,FORT SASKATCHEWAN,EA,08270,Mach & Equip Subtotal,1216342230,fir_zip_2009_2016.zip:2016_Financial_Year.xlsx#EA(1)-Assessment
2016,fort_saskatchewan,0117,FORT SASKATCHEWAN,EA,08275,Non Residential Subtotal,1016663946,fir_zip_2009_2016.zip:2016_Financial_Year.xlsx#EA(1)-Assessment
2016,fort_saskatchewan,0117,FORT SASKATCHEWAN,EA,08280,Residential Subtotal,3364611939,fir_zip_2009_2016.zip:2016_Financial_Year.xlsx#EA(1)-Assessment
2016,fort_saskatchewan,0117,FORT SASKATCHEWAN,EA,08285,Farmland,1043000,fir_zip_2009_2016.zip:2016_Financial_Year.xlsx#EA(1)-Assessment
2016,fort_saskatchewan,0117,FORT SASKATCHEWAN,EA,08290,Non Residential Railway,172400,fir_zip_2009_2016.zip:2016_Financial_Year.xlsx#EA(1)-Assessment
2016,fort_saskatchewan,0117,FORT SASKATCHEWAN,EA,08295,NR Res. Co-generating M&E,,fir_zip_2009_2016.zip:2016_Financial_Year.xlsx#EA(1)-Assessment
2016,fort_saskatchewan,0117,FORT SASKATCHEWAN,POPL,POPL,Population,24569,fir_zip_2009_2016.zip:2016_Financial_Year.xlsx#POPL(1)-Population
2016,high_river,0148,HIGH RIVER,D,01910,Provincial Government Unconditional Transfers,12777192,fir_zip_2009_2016.zip:2016_Financial_Year.xlsx#D(1)-Total
2016,high_river,0148,HIGH RIVER,D,01920,Provincial Government Conditional Transfers,3938570,fir_zip_2009_2016.zip:2016_Financial_Year.xlsx#D(1)-Total
2016,high_river,0148,HIGH RIVER,EA,08260,GRAND TOTAL,1946192836,fir_zip_2009_2016.zip:2016_Financial_Year.xlsx#EA(1)-Assessment
2016,high_river,0148,HIGH RIVER,EA,08265,Linear Subtotal,16973540,fir_zip_2009_2016.zip:2016_Financial_Year.xlsx#EA(1)-Assessment
2016,high_river,0148,HIGH RIVER,EA,08270,Mach & Equip Subtotal,,fir_zip_2009_2016.zip:2016_Financial_Year.xlsx#EA(1)-Assessment
2016,high_river,0148,HIGH RIVER,EA,08275,Non Residential Subtotal,303841180,fir_zip_2009_2016.zip:2016_Financial_Year.xlsx#EA(1)-Assessment
2016,high_river,0148,HIGH RIVER,EA,08280,Residential Subtotal,1624364116,fir_zip_2009_2016.zip:2016_Financial_Year.xlsx#EA(1)-Assessment
2016,high_river,0148,HIGH RIVER,EA,08285,Farmland,995000,fir_zip_2009_2016.zip:2016_Financial_Year.xlsx#EA(1)-Assessment
2016,high_river,0148,HIGH RIVER,EA,08290,Non Residential Railway,19000,fir_zip_2009_2016.zip:2016_Financial_Year.xlsx#EA(1)-Assessment
2016,high_river,0148,HIGH RIVER,EA,08295,NR Res. Co-generating M&E,,fir_zip_2009_2016.zip:2016_Financial_Year.xlsx#EA(1)-Assessment
2016,high_river,0148,HIGH RIVER,POPL,POPL,Population,12920,fir_zip_2009_2016.zip:2016_Financial_Year.xlsx#POPL(1)-Population
2016,leduc_city,0200,LEDUC,D,01910,Provincial Government Unconditional Transfers,1477889,fir_zip_2009_2016.zip:2016_Financial_Year.xlsx#D(1)-Total
2016,leduc_city,0200,LEDUC,D,01920,Provincial Government Conditional Transfers,10964071,fir_zip_2009_2016.zip:2016_Financial_Year.xlsx#D(1)-Total
2016,leduc_city,0200,LEDUC,EA,08260,GRAND TOTAL,5554684365,fir_zip_2009_2016.zip:2016_Financial_Year.xlsx#EA(1)-Assessment
2016,leduc_city,0200,LEDUC,EA,08265,Linear Subtotal,49372100,fir_zip_2009_2016.zip:2016_Financial_Year.xlsx#EA(1)-Assessment
2016,leduc_city,0200,LEDUC,EA,08270,Mach & Equip Subtotal,1814390,fir_zip_2009_2016.zip:2016_Financial_Year.xlsx#EA(1)-Assessment
2016,leduc_city,0200,LEDUC,EA,08275,Non Residential Subtotal,1682006804,fir_zip_2009_2016.zip:2016_Financial_Year.xlsx#EA(1)-Assessment
2016,leduc_city,0200,LEDUC,EA,08280,Residential Subtotal,3819561741,fir_zip_2009_2016.zip:2016_Financial_Year.xlsx#EA(1)-Assessment
2016,leduc_city,0200,LEDUC,EA,08285,Farmland,881900,fir_zip_2009_2016.zip:2016_Financial_Year.xlsx#EA(1)-Assessment
2016,leduc_city,0200,LEDUC,EA,08290,Non Residential Railway,1047430,fir_zip_2009_2016.zip:2016_Financial_Year.xlsx#EA(1)-Assessment
2016,leduc_city,0200,LEDUC,EA,08295,NR Res. Co-generating M&E,,fir_zip_2009_2016.zip:2016_Financial_Year.xlsx#EA(1)-Assessment
2016,leduc_city,0200,LEDUC,POPL,POPL,Population,30498,fir_zip_2009_2016.zip:2016_Financial_Year.xlsx#POPL(1)-Population
2016,leduc_county,0201,LEDUC COUNTY,D,01910,Provincial Government Unconditional Transfers,75094,fir_zip_2009_2016.zip:2016_Financial_Year.xlsx#D(1)-Total
2016,leduc_county,0201,LEDUC COUNTY,D,01920,Provincial Government Conditional Transfers,7086542,fir_zip_2009_2016.zip:2016_Financial_Year.xlsx#D(1)-Total
2016,leduc_county,0201,LEDUC COUNTY,EA,08260,GRAND TOTAL,7854081118,fir_zip_2009_2016.zip:2016_Financial_Year.xlsx#EA(1)-Assessment
2016,leduc_county,0201,LEDUC COUNTY,EA,08265,Linear Subtotal,1297922660,fir_zip_2009_2016.zip:2016_Financial_Year.xlsx#EA(1)-Assessment
2016,leduc_county,0201,LEDUC COUNTY,EA,08270,Mach & Equip Subtotal,139696150,fir_zip_2009_2016.zip:2016_Financial_Year.xlsx#EA(1)-Assessment
2016,leduc_county,0201,LEDUC COUNTY,EA,08275,Non Residential Subtotal,3735166516,fir_zip_2009_2016.zip:2016_Financial_Year.xlsx#EA(1)-Assessment
2016,leduc_county,0201,LEDUC COUNTY,EA,08280,Residential Subtotal,2586760572,fir_zip_2009_2016.zip:2016_Financial_Year.xlsx#EA(1)-Assessment
2016,leduc_county,0201,LEDUC COUNTY,EA,08285,Farmland,91441580,fir_zip_2009_2016.zip:2016_Financial_Year.xlsx#EA(1)-Assessment
2016,leduc_county,0201,LEDUC COUNTY,EA,08290,Non Residential Railway,3093640,fir_zip_2009_2016.zip:2016_Financial_Year.xlsx#EA(1)-Assessment
2016,leduc_county,0201,LEDUC COUNTY,EA,08295,NR Res. Co-generating M&E,,fir_zip_2009_2016.zip:2016_Financial_Year.xlsx#EA(1)-Assessment
2016,leduc_county,0201,LEDUC COUNTY,POPL,POPL,Population,13524,fir_zip_2009_2016.zip:2016_Financial_Year.xlsx#POPL(1)-Population
2016,morinville,0224,MORINVILLE,D,01910,Provincial Government Unconditional Transfers,0,fir_zip_2009_2016.zip:2016_Financial_Year.xlsx#D(1)-Total
2016,morinville,0224,MORINVILLE,D,01920,Provincial Government Conditional Transfers,1737393,fir_zip_2009_2016.zip:2016_Financial_Year.xlsx#D(1)-Total
2016,morinville,0224,MORINVILLE,EA,08260,GRAND TOTAL,1215294773,fir_zip_2009_2016.zip:2016_Financial_Year.xlsx#EA(1)-Assessment
2016,morinville,0224,MORINVILLE,EA,08265,Linear Subtotal,11207740,fir_zip_2009_2016.zip:2016_Financial_Year.xlsx#EA(1)-Assessment
2016,morinville,0224,MORINVILLE,EA,08270,Mach & Equip Subtotal,2356150,fir_zip_2009_2016.zip:2016_Financial_Year.xlsx#EA(1)-Assessment
2016,morinville,0224,MORINVILLE,EA,08275,Non Residential Subtotal,119792114,fir_zip_2009_2016.zip:2016_Financial_Year.xlsx#EA(1)-Assessment
2016,morinville,0224,MORINVILLE,EA,08280,Residential Subtotal,1081573009,fir_zip_2009_2016.zip:2016_Financial_Year.xlsx#EA(1)-Assessment
2016,morinville,0224,MORINVILLE,EA,08285,Farmland,277910,fir_zip_2009_2016.zip:2016_Financial_Year.xlsx#EA(1)-Assessment
2016,morinville,0224,MORINVILLE,EA,08290,Non Residential Railway,87850,fir_zip_2009_2016.zip:2016_Financial_Year.xlsx#EA(1)-Assessment
2016,morinville,0224,MORINVILLE,EA,08295,NR Res. Co-generating M&E,,fir_zip_2009_2016.zip:2016_Financial_Year.xlsx#EA(1)-Assessment
2016,morinville,0224,MORINVILLE,POPL,POPL,Population,9893,fir_zip_2009_2016.zip:2016_Financial_Year.xlsx#POPL(1)-Population
2016,okotoks,0238,OKOTOKS,D,01910,Provincial Government Unconditional Transfers,10543521,fir_zip_2009_2016.zip:2016_Financial_Year.xlsx#D(1)-Total
2016,okotoks,0238,OKOTOKS,D,01920,Provincial Government Conditional Transfers,3193318,fir_zip_2009_2016.zip:2016_Financial_Year.xlsx#D(1)-Total
2016,okotoks,0238,OKOTOKS,EA,08260,GRAND TOTAL,4728812066,fir_zip_2009_2016.zip:2016_Financial_Year.xlsx#EA(1)-Assessment
2016,okotoks,0238,OKOTOKS,EA,08265,Linear Subtotal,26076900,fir_zip_2009_2016.zip:2016_Financial_Year.xlsx#EA(1)-Assessment
2016,okotoks,0238,OKOTOKS,EA,08270,Mach & Equip Subtotal,117100,fir_zip_2009_2016.zip:2016_Financial_Year.xlsx#EA(1)-Assessment
2016,okotoks,0238,OKOTOKS,EA,08275,Non Residential Subtotal,638546397,fir_zip_2009_2016.zip:2016_Financial_Year.xlsx#EA(1)-Assessment
2016,okotoks,0238,OKOTOKS,EA,08280,Residential Subtotal,4063710469,fir_zip_2009_2016.zip:2016_Financial_Year.xlsx#EA(1)-Assessment
2016,okotoks,0238,OKOTOKS,EA,08285,Farmland,151000,fir_zip_2009_2016.zip:2016_Financial_Year.xlsx#EA(1)-Assessment
2016,okotoks,0238,OKOTOKS,EA,08290,Non Residential Railway,210200,fir_zip_2009_2016.zip:2016_Financial_Year.xlsx#EA(1)-Assessment
2016,okotoks,0238,OKOTOKS,EA,08295,NR Res. Co-generating M&E,,fir_zip_2009_2016.zip:2016_Financial_Year.xlsx#EA(1)-Assessment
2016,okotoks,0238,OKOTOKS,POPL,POPL,Population,28016,fir_zip_2009_2016.zip:2016_Financial_Year.xlsx#POPL(1)-Population
2016,parkland,0245,PARKLAND COUNTY,D,01910,Provincial Government Unconditional Transfers,0,fir_zip_2009_2016.zip:2016_Financial_Year.xlsx#D(1)-Total
2016,parkland,0245,PARKLAND COUNTY,D,01920,Provincial Government Conditional Transfers,13544659,fir_zip_2009_2016.zip:2016_Financial_Year.xlsx#D(1)-Total
2016,parkland,0245,PARKLAND COUNTY,EA,08260,GRAND TOTAL,9567589745,fir_zip_2009_2016.zip:2016_Financial_Year.xlsx#EA(1)-Assessment
2016,parkland,0245,PARKLAND COUNTY,EA,08265,Linear Subtotal,1737018250,fir_zip_2009_2016.zip:2016_Financial_Year.xlsx#EA(1)-Assessment
2016,parkland,0245,PARKLAND COUNTY,EA,08270,Mach & Equip Subtotal,237537560,fir_zip_2009_2016.zip:2016_Financial_Year.xlsx#EA(1)-Assessment
2016,parkland,0245,PARKLAND COUNTY,EA,08275,Non Residential Subtotal,1717715067,fir_zip_2009_2016.zip:2016_Financial_Year.xlsx#EA(1)-Assessment
2016,parkland,0245,PARKLAND COUNTY,EA,08280,Residential Subtotal,5816558758,fir_zip_2009_2016.zip:2016_Financial_Year.xlsx#EA(1)-Assessment
2016,parkland,0245,PARKLAND COUNTY,EA,08285,Farmland,41920760,fir_zip_2009_2016.zip:2016_Financial_Year.xlsx#EA(1)-Assessment
2016,parkland,0245,PARKLAND COUNTY,EA,08290,Non Residential Railway,16839350,fir_zip_2009_2016.zip:2016_Financial_Year.xlsx#EA(1)-Assessment
2016,parkland,0245,PARKLAND COUNTY,EA,08295,NR Res. Co-generating M&E,,fir_zip_2009_2016.zip:2016_Financial_Year.xlsx#EA(1)-Assessment
2016,parkland,0245,PARKLAND COUNTY,POPL,POPL,Population,30568,fir_zip_2009_2016.zip:2016_Financial_Year.xlsx#POPL(1)-Population
2016,rocky_view,0269,ROCKY VIEW COUNTY,D,01910,Provincial Government Unconditional Transfers,0,fir_zip_2009_2016.zip:2016_Financial_Year.xlsx#D(1)-Total
2016,rocky_view,0269,ROCKY VIEW COUNTY,D,01920,Provincial Government Conditional Transfers,15313542,fir_zip_2009_2016.zip:2016_Financial_Year.xlsx#D(1)-Total
2016,rocky_view,0269,ROCKY VIEW COUNTY,EA,08260,GRAND TOTAL,15871087747,fir_zip_2009_2016.zip:2016_Financial_Year.xlsx#EA(1)-Assessment
2016,rocky_view,0269,ROCKY VIEW COUNTY,EA,08265,Linear Subtotal,1232002460,fir_zip_2009_2016.zip:2016_Financial_Year.xlsx#EA(1)-Assessment
2016,rocky_view,0269,ROCKY VIEW COUNTY,EA,08270,Mach & Equip Subtotal,542404500,fir_zip_2009_2016.zip:2016_Financial_Year.xlsx#EA(1)-Assessment
2016,rocky_view,0269,ROCKY VIEW COUNTY,EA,08275,Non Residential Subtotal,2225445015,fir_zip_2009_2016.zip:2016_Financial_Year.xlsx#EA(1)-Assessment
2016,rocky_view,0269,ROCKY VIEW COUNTY,EA,08280,Residential Subtotal,11700602072,fir_zip_2009_2016.zip:2016_Financial_Year.xlsx#EA(1)-Assessment
2016,rocky_view,0269,ROCKY VIEW COUNTY,EA,08285,Farmland,152835220,fir_zip_2009_2016.zip:2016_Financial_Year.xlsx#EA(1)-Assessment
2016,rocky_view,0269,ROCKY VIEW COUNTY,EA,08290,Non Residential Railway,17798480,fir_zip_2009_2016.zip:2016_Financial_Year.xlsx#EA(1)-Assessment
2016,rocky_view,0269,ROCKY VIEW COUNTY,EA,08295,NR Res. Co-generating M&E,,fir_zip_2009_2016.zip:2016_Financial_Year.xlsx#EA(1)-Assessment
2016,rocky_view,0269,ROCKY VIEW COUNTY,POPL,POPL,Population,38055,fir_zip_2009_2016.zip:2016_Financial_Year.xlsx#POPL(1)-Population
2016,spruce_grove,0291,SPRUCE GROVE,D,01910,Provincial Government Unconditional Transfers,0,fir_zip_2009_2016.zip:2016_Financial_Year.xlsx#D(1)-Total
2016,spruce_grove,0291,SPRUCE GROVE,D,01920,Provincial Government Conditional Transfers,9782317,fir_zip_2009_2016.zip:2016_Financial_Year.xlsx#D(1)-Total
2016,spruce_grove,0291,SPRUCE GROVE,EA,08260,GRAND TOTAL,5248199040,fir_zip_2009_2016.zip:2016_Financial_Year.xlsx#EA(1)-Assessment
2016,spruce_grove,0291,SPRUCE GROVE,EA,08265,Linear Subtotal,35623660,fir_zip_2009_2016.zip:2016_Financial_Year.xlsx#EA(1)-Assessment
2016,spruce_grove,0291,SPRUCE GROVE,EA,08270,Mach & Equip Subtotal,8400500,fir_zip_2009_2016.zip:2016_Financial_Year.xlsx#EA(1)-Assessment
2016,spruce_grove,0291,SPRUCE GROVE,EA,08275,Non Residential Subtotal,875327792,fir_zip_2009_2016.zip:2016_Financial_Year.xlsx#EA(1)-Assessment
2016,spruce_grove,0291,SPRUCE GROVE,EA,08280,Residential Subtotal,4327536688,fir_zip_2009_2016.zip:2016_Financial_Year.xlsx#EA(1)-Assessment
2016,spruce_grove,0291,SPRUCE GROVE,EA,08285,Farmland,548900,fir_zip_2009_2016.zip:2016_Financial_Year.xlsx#EA(1)-Assessment
2016,spruce_grove,0291,SPRUCE GROVE,EA,08290,Non Residential Railway,761500,fir_zip_2009_2016.zip:2016_Financial_Year.xlsx#EA(1)-Assessment
2016,spruce_grove,0291,SPRUCE GROVE,EA,08295,NR Res. Co-generating M&E,,fir_zip_2009_2016.zip:2016_Financial_Year.xlsx#EA(1)-Assessment
2016,spruce_grove,0291,SPRUCE GROVE,POPL,POPL,Population,33640,fir_zip_2009_2016.zip:2016_Financial_Year.xlsx#POPL(1)-Population
2016,st_albert,0292,ST. ALBERT,D,01910,Provincial Government Unconditional Transfers,129140,fir_zip_2009_2016.zip:2016_Financial_Year.xlsx#D(1)-Total
2016,st_albert,0292,ST. ALBERT,D,01920,Provincial Government Conditional Transfers,27011225,fir_zip_2009_2016.zip:2016_Financial_Year.xlsx#D(1)-Total
2016,st_albert,0292,ST. ALBERT,EA,08260,GRAND TOTAL,11537778652,fir_zip_2009_2016.zip:2016_Financial_Year.xlsx#EA(1)-Assessment
2016,st_albert,0292,ST. ALBERT,EA,08265,Linear Subtotal,78401590,fir_zip_2009_2016.zip:2016_Financial_Year.xlsx#EA(1)-Assessment
2016,st_albert,0292,ST. ALBERT,EA,08270,Mach & Equip Subtotal,30656200,fir_zip_2009_2016.zip:2016_Financial_Year.xlsx#EA(1)-Assessment
2016,st_albert,0292,ST. ALBERT,EA,08275,Non Residential Subtotal,1484267360,fir_zip_2009_2016.zip:2016_Financial_Year.xlsx#EA(1)-Assessment
2016,st_albert,0292,ST. ALBERT,EA,08280,Residential Subtotal,9943674002,fir_zip_2009_2016.zip:2016_Financial_Year.xlsx#EA(1)-Assessment
2016,st_albert,0292,ST. ALBERT,EA,08285,Farmland,608300,fir_zip_2009_2016.zip:2016_Financial_Year.xlsx#EA(1)-Assessment
2016,st_albert,0292,ST. ALBERT,EA,08290,Non Residential Railway,171200,fir_zip_2009_2016.zip:2016_Financial_Year.xlsx#EA(1)-Assessment
2016,st_albert,0292,ST. ALBERT,EA,08295,NR Res. Co-generating M&E,,fir_zip_2009_2016.zip:2016_Financial_Year.xlsx#EA(1)-Assessment
2016,st_albert,0292,ST. ALBERT,POPL,POPL,Population,64645,fir_zip_2009_2016.zip:2016_Financial_Year.xlsx#POPL(1)-Population
2016,stony_plain,0301,STONY PLAIN,D,01910,Provincial Government Unconditional Transfers,0,fir_zip_2009_2016.zip:2016_Financial_Year.xlsx#D(1)-Total
2016,stony_plain,0301,STONY PLAIN,D,01920,Provincial Government Conditional Transfers,7443900,fir_zip_2009_2016.zip:2016_Financial_Year.xlsx#D(1)-Total
2016,stony_plain,0301,STONY PLAIN,EA,08260,GRAND TOTAL,2526960537,fir_zip_2009_2016.zip:2016_Financial_Year.xlsx#EA(1)-Assessment
2016,stony_plain,0301,STONY PLAIN,EA,08265,Linear Subtotal,23690050,fir_zip_2009_2016.zip:2016_Financial_Year.xlsx#EA(1)-Assessment
2016,stony_plain,0301,STONY PLAIN,EA,08270,Mach & Equip Subtotal,766330,fir_zip_2009_2016.zip:2016_Financial_Year.xlsx#EA(1)-Assessment
2016,stony_plain,0301,STONY PLAIN,EA,08275,Non Residential Subtotal,329715224,fir_zip_2009_2016.zip:2016_Financial_Year.xlsx#EA(1)-Assessment
2016,stony_plain,0301,STONY PLAIN,EA,08280,Residential Subtotal,2169568893,fir_zip_2009_2016.zip:2016_Financial_Year.xlsx#EA(1)-Assessment
2016,stony_plain,0301,STONY PLAIN,EA,08285,Farmland,1040730,fir_zip_2009_2016.zip:2016_Financial_Year.xlsx#EA(1)-Assessment
2016,stony_plain,0301,STONY PLAIN,EA,08290,Non Residential Railway,2179310,fir_zip_2009_2016.zip:2016_Financial_Year.xlsx#EA(1)-Assessment
2016,stony_plain,0301,STONY PLAIN,EA,08295,NR Res. Co-generating M&E,,fir_zip_2009_2016.zip:2016_Financial_Year.xlsx#EA(1)-Assessment
2016,stony_plain,0301,STONY PLAIN,POPL,POPL,Population,16127,fir_zip_2009_2016.zip:2016_Financial_Year.xlsx#POPL(1)-Population
2016,strathcona,0302,STRATHCONA COUNTY,D,01910,Provincial Government Unconditional Transfers,0,fir_zip_2009_2016.zip:2016_Financial_Year.xlsx#D(1)-Total
2016,strathcona,0302,STRATHCONA COUNTY,D,01920,Provincial Government Conditional Transfers,17790452,fir_zip_2009_2016.zip:2016_Financial_Year.xlsx#D(1)-Total
2016,strathcona,0302,STRATHCONA COUNTY,EA,08260,GRAND TOTAL,31816592083,fir_zip_2009_2016.zip:2016_Financial_Year.xlsx#EA(1)-Assessment
2016,strathcona,0302,STRATHCONA COUNTY,EA,08265,Linear Subtotal,770866900,fir_zip_2009_2016.zip:2016_Financial_Year.xlsx#EA(1)-Assessment
2016,strathcona,0302,STRATHCONA COUNTY,EA,08270,Mach & Equip Subtotal,9486645510,fir_zip_2009_2016.zip:2016_Financial_Year.xlsx#EA(1)-Assessment
2016,strathcona,0302,STRATHCONA COUNTY,EA,08275,Non Residential Subtotal,4802349728,fir_zip_2009_2016.zip:2016_Financial_Year.xlsx#EA(1)-Assessment
2016,strathcona,0302,STRATHCONA COUNTY,EA,08280,Residential Subtotal,16713282215,fir_zip_2009_2016.zip:2016_Financial_Year.xlsx#EA(1)-Assessment
2016,strathcona,0302,STRATHCONA COUNTY,EA,08285,Farmland,33125730,fir_zip_2009_2016.zip:2016_Financial_Year.xlsx#EA(1)-Assessment
2016,strathcona,0302,STRATHCONA COUNTY,EA,08290,Non Residential Railway,10322000,fir_zip_2009_2016.zip:2016_Financial_Year.xlsx#EA(1)-Assessment
2016,strathcona,0302,STRATHCONA COUNTY,EA,08295,NR Res. Co-generating M&E,,fir_zip_2009_2016.zip:2016_Financial_Year.xlsx#EA(1)-Assessment
2016,strathcona,0302,STRATHCONA COUNTY,POPL,POPL,Population,95597,fir_zip_2009_2016.zip:2016_Financial_Year.xlsx#POPL(1)-Population
2016,sturgeon,0305,STURGEON COUNTY,D,01910,Provincial Government Unconditional Transfers,0,fir_zip_2009_2016.zip:2016_Financial_Year.xlsx#D(1)-Total
2016,sturgeon,0305,STURGEON COUNTY,D,01920,Provincial Government Conditional Transfers,5312665,fir_zip_2009_2016.zip:2016_Financial_Year.xlsx#D(1)-Total
2016,sturgeon,0305,STURGEON COUNTY,EA,08260,GRAND TOTAL,6026887891,fir_zip_2009_2016.zip:2016_Financial_Year.xlsx#EA(1)-Assessment
2016,sturgeon,0305,STURGEON COUNTY,EA,08265,Linear Subtotal,562425700,fir_zip_2009_2016.zip:2016_Financial_Year.xlsx#EA(1)-Assessment
2016,sturgeon,0305,STURGEON COUNTY,EA,08270,Mach & Equip Subtotal,950405890,fir_zip_2009_2016.zip:2016_Financial_Year.xlsx#EA(1)-Assessment
2016,sturgeon,0305,STURGEON COUNTY,EA,08275,Non Residential Subtotal,930736394,fir_zip_2009_2016.zip:2016_Financial_Year.xlsx#EA(1)-Assessment
2016,sturgeon,0305,STURGEON COUNTY,EA,08280,Residential Subtotal,3499700747,fir_zip_2009_2016.zip:2016_Financial_Year.xlsx#EA(1)-Assessment
2016,sturgeon,0305,STURGEON COUNTY,EA,08285,Farmland,78835650,fir_zip_2009_2016.zip:2016_Financial_Year.xlsx#EA(1)-Assessment
2016,sturgeon,0305,STURGEON COUNTY,EA,08290,Non Residential Railway,4783510,fir_zip_2009_2016.zip:2016_Financial_Year.xlsx#EA(1)-Assessment
2016,sturgeon,0305,STURGEON COUNTY,EA,08295,NR Res. Co-generating M&E,,fir_zip_2009_2016.zip:2016_Financial_Year.xlsx#EA(1)-Assessment
2016,sturgeon,0305,STURGEON COUNTY,POPL,POPL,Population,19578,fir_zip_2009_2016.zip:2016_Financial_Year.xlsx#POPL(1)-Population
2016,chestermere,0356,CHESTERMERE,D,01910,Provincial Government Unconditional Transfers,0,fir_zip_2009_2016.zip:2016_Financial_Year.xlsx#D(1)-Total
2016,chestermere,0356,CHESTERMERE,D,01920,Provincial Government Conditional Transfers,5293047,fir_zip_2009_2016.zip:2016_Financial_Year.xlsx#D(1)-Total
2016,chestermere,0356,CHESTERMERE,EA,08260,GRAND TOTAL,3344479591,fir_zip_2009_2016.zip:2016_Financial_Year.xlsx#EA(1)-Assessment
2016,chestermere,0356,CHESTERMERE,EA,08265,Linear Subtotal,18597100,fir_zip_2009_2016.zip:2016_Financial_Year.xlsx#EA(1)-Assessment
2016,chestermere,0356,CHESTERMERE,EA,08270,Mach & Equip Subtotal,269610,fir_zip_2009_2016.zip:2016_Financial_Year.xlsx#EA(1)-Assessment
2016,chestermere,0356,CHESTERMERE,EA,08275,Non Residential Subtotal,127508735,fir_zip_2009_2016.zip:2016_Financial_Year.xlsx#EA(1)-Assessment
2016,chestermere,0356,CHESTERMERE,EA,08280,Residential Subtotal,3196918966,fir_zip_2009_2016.zip:2016_Financial_Year.xlsx#EA(1)-Assessment
2016,chestermere,0356,CHESTERMERE,EA,08285,Farmland,1185180,fir_zip_2009_2016.zip:2016_Financial_Year.xlsx#EA(1)-Assessment
2016,chestermere,0356,CHESTERMERE,EA,08290,Non Residential Railway,,fir_zip_2009_2016.zip:2016_Financial_Year.xlsx#EA(1)-Assessment
2016,chestermere,0356,CHESTERMERE,EA,08295,NR Res. Co-generating M&E,,fir_zip_2009_2016.zip:2016_Financial_Year.xlsx#EA(1)-Assessment
2016,chestermere,0356,CHESTERMERE,POPL,POPL,Population,19715,fir_zip_2009_2016.zip:2016_Financial_Year.xlsx#POPL(1)-Population
2017,airdrie,0003,AIRDRIE,D,01910,Provincial Government Unconditional Transfers,430083,fir_year_2017.xlsx#D(1)-Total
2017,airdrie,0003,AIRDRIE,D,01920,Provincial Government Conditional Transfers,8832529,fir_year_2017.xlsx#D(1)-Total
2017,airdrie,0003,AIRDRIE,EA,08260,GRAND TOTAL,10483046858,fir_year_2017.xlsx#EA(1)-Assessment
2017,airdrie,0003,AIRDRIE,EA,08265,Linear Subtotal,68405280,fir_year_2017.xlsx#EA(1)-Assessment
2017,airdrie,0003,AIRDRIE,EA,08270,Mach & Equip Subtotal,6846900,fir_year_2017.xlsx#EA(1)-Assessment
2017,airdrie,0003,AIRDRIE,EA,08275,Non Residential Subtotal,1548067390,fir_year_2017.xlsx#EA(1)-Assessment
2017,airdrie,0003,AIRDRIE,EA,08280,Residential Subtotal,8818750818,fir_year_2017.xlsx#EA(1)-Assessment
2017,airdrie,0003,AIRDRIE,EA,08285,Farmland,39172270,fir_year_2017.xlsx#EA(1)-Assessment
2017,airdrie,0003,AIRDRIE,EA,08290,Non Residential Railway,1804200,fir_year_2017.xlsx#EA(1)-Assessment
2017,airdrie,0003,AIRDRIE,EA,08295,NR Res. Co-generating M&E,,fir_year_2017.xlsx#EA(1)-Assessment
2017,airdrie,0003,AIRDRIE,POPL,POPL,Population,64922,fir_year_2017.xlsx#POPL(1)-Population
2017,beaumont,0019,BEAUMONT,D,01910,Provincial Government Unconditional Transfers,0,fir_year_2017.xlsx#D(1)-Total
2017,beaumont,0019,BEAUMONT,D,01920,Provincial Government Conditional Transfers,5903759,fir_year_2017.xlsx#D(1)-Total
2017,beaumont,0019,BEAUMONT,EA,08260,GRAND TOTAL,2788194024,fir_year_2017.xlsx#EA(1)-Assessment
2017,beaumont,0019,BEAUMONT,EA,08265,Linear Subtotal,16020750,fir_year_2017.xlsx#EA(1)-Assessment
2017,beaumont,0019,BEAUMONT,EA,08270,Mach & Equip Subtotal,81100,fir_year_2017.xlsx#EA(1)-Assessment
2017,beaumont,0019,BEAUMONT,EA,08275,Non Residential Subtotal,144960678,fir_year_2017.xlsx#EA(1)-Assessment
2017,beaumont,0019,BEAUMONT,EA,08280,Residential Subtotal,2627055396,fir_year_2017.xlsx#EA(1)-Assessment
2017,beaumont,0019,BEAUMONT,EA,08285,Farmland,76100,fir_year_2017.xlsx#EA(1)-Assessment
2017,beaumont,0019,BEAUMONT,EA,08290,Non Residential Railway,,fir_year_2017.xlsx#EA(1)-Assessment
2017,beaumont,0019,BEAUMONT,EA,08295,NR Res. Co-generating M&E,,fir_year_2017.xlsx#EA(1)-Assessment
2017,beaumont,0019,BEAUMONT,POPL,POPL,Population,18320,fir_year_2017.xlsx#POPL(1)-Population
2017,calgary,0046,CALGARY,D,01910,Provincial Government Unconditional Transfers,959000,fir_year_2017.xlsx#D(1)-Total
2017,calgary,0046,CALGARY,D,01920,Provincial Government Conditional Transfers,735108000,fir_year_2017.xlsx#D(1)-Total
2017,calgary,0046,CALGARY,EA,08260,GRAND TOTAL,284251016387,fir_year_2017.xlsx#EA(1)-Assessment
2017,calgary,0046,CALGARY,EA,08265,Linear Subtotal,2723925220,fir_year_2017.xlsx#EA(1)-Assessment
2017,calgary,0046,CALGARY,EA,08270,Mach & Equip Subtotal,340005000,fir_year_2017.xlsx#EA(1)-Assessment
2017,calgary,0046,CALGARY,EA,08275,Non Residential Subtotal,69863893061,fir_year_2017.xlsx#EA(1)-Assessment
2017,calgary,0046,CALGARY,EA,08280,Residential Subtotal,211190294091,fir_year_2017.xlsx#EA(1)-Assessment
2017,calgary,0046,CALGARY,EA,08285,Farmland,9162332,fir_year_2017.xlsx#EA(1)-Assessment
2017,calgary,0046,CALGARY,EA,08290,Non Residential Railway,123736683,fir_year_2017.xlsx#EA(1)-Assessment
2017,calgary,0046,CALGARY,EA,08295,NR Res. Co-generating M&E,,fir_year_2017.xlsx#EA(1)-Assessment
2017,calgary,0046,CALGARY,POPL,POPL,Population,1246337,fir_year_2017.xlsx#POPL(1)-Population
2017,cochrane,0070,COCHRANE,D,01910,Provincial Government Unconditional Transfers,0,fir_year_2017.xlsx#D(1)-Total
2017,cochrane,0070,COCHRANE,D,01920,Provincial Government Conditional Transfers,12544876,fir_year_2017.xlsx#D(1)-Total
2017,cochrane,0070,COCHRANE,EA,08260,GRAND TOTAL,5361001547,fir_year_2017.xlsx#EA(1)-Assessment
2017,cochrane,0070,COCHRANE,EA,08265,Linear Subtotal,43014130,fir_year_2017.xlsx#EA(1)-Assessment
2017,cochrane,0070,COCHRANE,EA,08270,Mach & Equip Subtotal,4556100,fir_year_2017.xlsx#EA(1)-Assessment
2017,cochrane,0070,COCHRANE,EA,08275,Non Residential Subtotal,496544178,fir_year_2017.xlsx#EA(1)-Assessment
2017,cochrane,0070,COCHRANE,EA,08280,Residential Subtotal,4814156939,fir_year_2017.xlsx#EA(1)-Assessment
2017,cochrane,0070,COCHRANE,EA,08285,Farmland,243300,fir_year_2017.xlsx#EA(1)-Assessment
2017,cochrane,0070,COCHRANE,EA,08290,Non Residential Railway,2486900,fir_year_2017.xlsx#EA(1)-Assessment
2017,cochrane,0070,COCHRANE,EA,08295,NR Res. Co-generating M&E,,fir_year_2017.xlsx#EA(1)-Assessment
2017,cochrane,0070,COCHRANE,POPL,POPL,Population,26320,fir_year_2017.xlsx#POPL(1)-Population
2017,devon,0086,DEVON,D,01910,Provincial Government Unconditional Transfers,639645,fir_year_2017.xlsx#D(1)-Total
2017,devon,0086,DEVON,D,01920,Provincial Government Conditional Transfers,6244326,fir_year_2017.xlsx#D(1)-Total
2017,devon,0086,DEVON,EA,08260,GRAND TOTAL,901793441,fir_year_2017.xlsx#EA(1)-Assessment
2017,devon,0086,DEVON,EA,08265,Linear Subtotal,12774170,fir_year_2017.xlsx#EA(1)-Assessment
2017,devon,0086,DEVON,EA,08270,Mach & Equip Subtotal,145580,fir_year_2017.xlsx#EA(1)-Assessment
2017,devon,0086,DEVON,EA,08275,Non Residential Subtotal,95922332,fir_year_2017.xlsx#EA(1)-Assessment
2017,devon,0086,DEVON,EA,08280,Residential Subtotal,792568759,fir_year_2017.xlsx#EA(1)-Assessment
2017,devon,0086,DEVON,EA,08285,Farmland,382600,fir_year_2017.xlsx#EA(1)-Assessment
2017,devon,0086,DEVON,EA,08290,Non Residential Railway,,fir_year_2017.xlsx#EA(1)-Assessment
2017,devon,0086,DEVON,EA,08295,NR Res. Co-generating M&E,,fir_year_2017.xlsx#EA(1)-Assessment
2017,devon,0086,DEVON,POPL,POPL,Population,6578,fir_year_2017.xlsx#POPL(1)-Population
2017,edmonton,0098,EDMONTON,D,01910,Provincial Government Unconditional Transfers,0,fir_year_2017.xlsx#D(1)-Total
2017,edmonton,0098,EDMONTON,D,01920,Provincial Government Conditional Transfers,431509000,fir_year_2017.xlsx#D(1)-Total
2017,edmonton,0098,EDMONTON,EA,08260,GRAND TOTAL,172050035874,fir_year_2017.xlsx#EA(1)-Assessment
2017,edmonton,0098,EDMONTON,EA,08265,Linear Subtotal,1837471830,fir_year_2017.xlsx#EA(1)-Assessment
2017,edmonton,0098,EDMONTON,EA,08270,Mach & Equip Subtotal,879143826,fir_year_2017.xlsx#EA(1)-Assessment
2017,edmonton,0098,EDMONTON,EA,08275,Non Residential Subtotal,41913948384,fir_year_2017.xlsx#EA(1)-Assessment
2017,edmonton,0098,EDMONTON,EA,08280,Residential Subtotal,127378361280,fir_year_2017.xlsx#EA(1)-Assessment
2017,edmonton,0098,EDMONTON,EA,08285,Farmland,28251998,fir_year_2017.xlsx#EA(1)-Assessment
2017,edmonton,0098,EDMONTON,EA,08290,Non Residential Railway,12858556,fir_year_2017.xlsx#EA(1)-Assessment
2017,edmonton,0098,EDMONTON,EA,08295,NR Res. Co-generating M&E,,fir_year_2017.xlsx#EA(1)-Assessment
2017,edmonton,0098,EDMONTON,POPL,POPL,Population,932546,fir_year_2017.xlsx#POPL(1)-Population
2017,foothills,0111,FOOTHILLS COUNTY,D,01910,Provincial Government Unconditional Transfers,0,fir_year_2017.xlsx#D(1)-Total
2017,foothills,0111,FOOTHILLS COUNTY,D,01920,Provincial Government Conditional Transfers,10666955,fir_year_2017.xlsx#D(1)-Total
2017,foothills,0111,FOOTHILLS COUNTY,EA,08260,GRAND TOTAL,7951246858,fir_year_2017.xlsx#EA(1)-Assessment
2017,foothills,0111,FOOTHILLS COUNTY,EA,08265,Linear Subtotal,506375400,fir_year_2017.xlsx#EA(1)-Assessment
2017,foothills,0111,FOOTHILLS COUNTY,EA,08270,Mach & Equip Subtotal,202835100,fir_year_2017.xlsx#EA(1)-Assessment
2017,foothills,0111,FOOTHILLS COUNTY,EA,08275,Non Residential Subtotal,500287869,fir_year_2017.xlsx#EA(1)-Assessment
2017,foothills,0111,FOOTHILLS COUNTY,EA,08280,Residential Subtotal,6599249849,fir_year_2017.xlsx#EA(1)-Assessment
2017,foothills,0111,FOOTHILLS COUNTY,EA,08285,Farmland,139128200,fir_year_2017.xlsx#EA(1)-Assessment
2017,foothills,0111,FOOTHILLS COUNTY,EA,08290,Non Residential Railway,3370440,fir_year_2017.xlsx#EA(1)-Assessment
2017,foothills,0111,FOOTHILLS COUNTY,EA,08295,NR Res. Co-generating M&E,,fir_year_2017.xlsx#EA(1)-Assessment
2017,foothills,0111,FOOTHILLS COUNTY,POPL,POPL,Population,22766,fir_year_2017.xlsx#POPL(1)-Population
2017,fort_saskatchewan,0117,FORT SASKATCHEWAN,D,01910,Provincial Government Unconditional Transfers,786000,fir_year_2017.xlsx#D(1)-Total
2017,fort_saskatchewan,0117,FORT SASKATCHEWAN,D,01920,Provincial Government Conditional Transfers,14532000,fir_year_2017.xlsx#D(1)-Total
2017,fort_saskatchewan,0117,FORT SASKATCHEWAN,EA,08260,GRAND TOTAL,6122040842,fir_year_2017.xlsx#EA(1)-Assessment
2017,fort_saskatchewan,0117,FORT SASKATCHEWAN,EA,08265,Linear Subtotal,102958110,fir_year_2017.xlsx#EA(1)-Assessment
2017,fort_saskatchewan,0117,FORT SASKATCHEWAN,EA,08270,Mach & Equip Subtotal,1321052590,fir_year_2017.xlsx#EA(1)-Assessment
2017,fort_saskatchewan,0117,FORT SASKATCHEWAN,EA,08275,Non Residential Subtotal,1119266369,fir_year_2017.xlsx#EA(1)-Assessment
2017,fort_saskatchewan,0117,FORT SASKATCHEWAN,EA,08280,Residential Subtotal,3577669103,fir_year_2017.xlsx#EA(1)-Assessment
2017,fort_saskatchewan,0117,FORT SASKATCHEWAN,EA,08285,Farmland,911500,fir_year_2017.xlsx#EA(1)-Assessment
2017,fort_saskatchewan,0117,FORT SASKATCHEWAN,EA,08290,Non Residential Railway,183170,fir_year_2017.xlsx#EA(1)-Assessment
2017,fort_saskatchewan,0117,FORT SASKATCHEWAN,EA,08295,NR Res. Co-generating M&E,,fir_year_2017.xlsx#EA(1)-Assessment
2017,fort_saskatchewan,0117,FORT SASKATCHEWAN,POPL,POPL,Population,25533,fir_year_2017.xlsx#POPL(1)-Population
2017,high_river,0148,HIGH RIVER,D,01910,Provincial Government Unconditional Transfers,11067942,fir_year_2017.xlsx#D(1)-Total
2017,high_river,0148,HIGH RIVER,D,01920,Provincial Government Conditional Transfers,24139756,fir_year_2017.xlsx#D(1)-Total
2017,high_river,0148,HIGH RIVER,EA,08260,GRAND TOTAL,1962979178,fir_year_2017.xlsx#EA(1)-Assessment
2017,high_river,0148,HIGH RIVER,EA,08265,Linear Subtotal,16740660,fir_year_2017.xlsx#EA(1)-Assessment
2017,high_river,0148,HIGH RIVER,EA,08270,Mach & Equip Subtotal,,fir_year_2017.xlsx#EA(1)-Assessment
2017,high_river,0148,HIGH RIVER,EA,08275,Non Residential Subtotal,298655872,fir_year_2017.xlsx#EA(1)-Assessment
2017,high_river,0148,HIGH RIVER,EA,08280,Residential Subtotal,1646630646,fir_year_2017.xlsx#EA(1)-Assessment
2017,high_river,0148,HIGH RIVER,EA,08285,Farmland,952000,fir_year_2017.xlsx#EA(1)-Assessment
2017,high_river,0148,HIGH RIVER,EA,08290,Non Residential Railway,,fir_year_2017.xlsx#EA(1)-Assessment
2017,high_river,0148,HIGH RIVER,EA,08295,NR Res. Co-generating M&E,,fir_year_2017.xlsx#EA(1)-Assessment
2017,high_river,0148,HIGH RIVER,POPL,POPL,Population,13584,fir_year_2017.xlsx#POPL(1)-Population
2017,leduc_city,0200,LEDUC,D,01910,Provincial Government Unconditional Transfers,1464281,fir_year_2017.xlsx#D(1)-Total
2017,leduc_city,0200,LEDUC,D,01920,Provincial Government Conditional Transfers,9244880,fir_year_2017.xlsx#D(1)-Total
2017,leduc_city,0200,LEDUC,EA,08260,GRAND TOTAL,6198105882,fir_year_2017.xlsx#EA(1)-Assessment
2017,leduc_city,0200,LEDUC,EA,08265,Linear Subtotal,49754160,fir_year_2017.xlsx#EA(1)-Assessment
2017,leduc_city,0200,LEDUC,EA,08270,Mach & Equip Subtotal,4003130,fir_year_2017.xlsx#EA(1)-Assessment
2017,leduc_city,0200,LEDUC,EA,08275,Non Residential Subtotal,2010616351,fir_year_2017.xlsx#EA(1)-Assessment
2017,leduc_city,0200,LEDUC,EA,08280,Residential Subtotal,4131736091,fir_year_2017.xlsx#EA(1)-Assessment
2017,leduc_city,0200,LEDUC,EA,08285,Farmland,887900,fir_year_2017.xlsx#EA(1)-Assessment
2017,leduc_city,0200,LEDUC,EA,08290,Non Residential Railway,1108250,fir_year_2017.xlsx#EA(1)-Assessment
2017,leduc_city,0200,LEDUC,EA,08295,NR Res. Co-generating M&E,,fir_year_2017.xlsx#EA(1)-Assessment
2017,leduc_city,0200,LEDUC,POPL,POPL,Population,31130,fir_year_2017.xlsx#POPL(1)-Population
2017,leduc_county,0201,LEDUC COUNTY,D,01910,Provincial Government Unconditional Transfers,35472,fir_year_2017.xlsx#D(1)-Total
2017,leduc_county,0201,LEDUC COUNTY,D,01920,Provincial Government Conditional Transfers,12529074,fir_year_2017.xlsx#D(1)-Total
2017,leduc_county,0201,LEDUC COUNTY,EA,08260,GRAND TOTAL,8345773333,fir_year_2017.xlsx#EA(1)-Assessment
2017,leduc_county,0201,LEDUC COUNTY,EA,08265,Linear Subtotal,1259206270,fir_year_2017.xlsx#EA(1)-Assessment
2017,leduc_county,0201,LEDUC COUNTY,EA,08270,Mach & Equip Subtotal,140857880,fir_year_2017.xlsx#EA(1)-Assessment
2017,leduc_county,0201,LEDUC COUNTY,EA,08275,Non Residential Subtotal,4133864378,fir_year_2017.xlsx#EA(1)-Assessment
2017,leduc_county,0201,LEDUC COUNTY,EA,08280,Residential Subtotal,2717298465,fir_year_2017.xlsx#EA(1)-Assessment
2017,leduc_county,0201,LEDUC COUNTY,EA,08285,Farmland,91258160,fir_year_2017.xlsx#EA(1)-Assessment
2017,leduc_county,0201,LEDUC COUNTY,EA,08290,Non Residential Railway,3288180,fir_year_2017.xlsx#EA(1)-Assessment
2017,leduc_county,0201,LEDUC COUNTY,EA,08295,NR Res. Co-generating M&E,,fir_year_2017.xlsx#EA(1)-Assessment
2017,leduc_county,0201,LEDUC COUNTY,POPL,POPL,Population,13780,fir_year_2017.xlsx#POPL(1)-Population
2017,morinville,0224,MORINVILLE,D,01910,Provincial Government Unconditional Transfers,0,fir_year_2017.xlsx#D(1)-Total
2017,morinville,0224,MORINVILLE,D,01920,Provincial Government Conditional Transfers,3451366,fir_year_2017.xlsx#D(1)-Total
2017,morinville,0224,MORINVILLE,EA,08260,GRAND TOTAL,1308150574,fir_year_2017.xlsx#EA(1)-Assessment
2017,morinville,0224,MORINVILLE,EA,08265,Linear Subtotal,11314930,fir_year_2017.xlsx#EA(1)-Assessment
2017,morinville,0224,MORINVILLE,EA,08270,Mach & Equip Subtotal,2327420,fir_year_2017.xlsx#EA(1)-Assessment
2017,morinville,0224,MORINVILLE,EA,08275,Non Residential Subtotal,140114923,fir_year_2017.xlsx#EA(1)-Assessment
2017,morinville,0224,MORINVILLE,EA,08280,Residential Subtotal,1154022081,fir_year_2017.xlsx#EA(1)-Assessment
2017,morinville,0224,MORINVILLE,EA,08285,Farmland,277880,fir_year_2017.xlsx#EA(1)-Assessment
2017,morinville,0224,MORINVILLE,EA,08290,Non Residential Railway,93340,fir_year_2017.xlsx#EA(1)-Assessment
2017,morinville,0224,MORINVILLE,EA,08295,NR Res. Co-generating M&E,,fir_year_2017.xlsx#EA(1)-Assessment
2017,morinville,0224,MORINVILLE,POPL,POPL,Population,9893,fir_year_2017.xlsx#POPL(1)-Population
2017,okotoks,0238,OKOTOKS,D,01910,Provincial Government Unconditional Transfers,1834459,fir_year_2017.xlsx#D(1)-Total
2017,okotoks,0238,OKOTOKS,D,01920,Provincial Government Conditional Transfers,12552118,fir_year_2017.xlsx#D(1)-Total
2017,okotoks,0238,OKOTOKS,EA,08260,GRAND TOTAL,5186464503,fir_year_2017.xlsx#EA(1)-Assessment
2017,okotoks,0238,OKOTOKS,EA,08265,Linear Subtotal,25865830,fir_year_2017.xlsx#EA(1)-Assessment
2017,okotoks,0238,OKOTOKS,EA,08270,Mach & Equip Subtotal,117100,fir_year_2017.xlsx#EA(1)-Assessment
2017,okotoks,0238,OKOTOKS,EA,08275,Non Residential Subtotal,667138417,fir_year_2017.xlsx#EA(1)-Assessment
2017,okotoks,0238,OKOTOKS,EA,08280,Residential Subtotal,4491600356,fir_year_2017.xlsx#EA(1)-Assessment
2017,okotoks,0238,OKOTOKS,EA,08285,Farmland,1519500,fir_year_2017.xlsx#EA(1)-Assessment
2017,okotoks,0238,OKOTOKS,EA,08290,Non Residential Railway,223300,fir_year_2017.xlsx#EA(1)-Assessment
2017,okotoks,0238,OKOTOKS,EA,08295,NR Res. Co-generating M&E,,fir_year_2017.xlsx#EA(1)-Assessment
2017,okotoks,0238,OKOTOKS,POPL,POPL,Population,28881,fir_year_2017.xlsx#POPL(1)-Population
2017,parkland,0245,PARKLAND COUNTY,D,01910,Provincial Government Unconditional Transfers,0,fir_year_2017.xlsx#D(1)-Total
2017,parkland,0245,PARKLAND COUNTY,D,01920,Provincial Government Conditional Transfers,16955604,fir_year_2017.xlsx#D(1)-Total
2017,parkland,0245,PARKLAND COUNTY,EA,08260,GRAND TOTAL,10259761272,fir_year_2017.xlsx#EA(1)-Assessment
2017,parkland,0245,PARKLAND COUNTY,EA,08265,Linear Subtotal,1827720100,fir_year_2017.xlsx#EA(1)-Assessment
2017,parkland,0245,PARKLAND COUNTY,EA,08270,Mach & Equip Subtotal,244759220,fir_year_2017.xlsx#EA(1)-Assessment
2017,parkland,0245,PARKLAND COUNTY,EA,08275,Non Residential Subtotal,2048067899,fir_year_2017.xlsx#EA(1)-Assessment
2017,parkland,0245,PARKLAND COUNTY,EA,08280,Residential Subtotal,6078679593,fir_year_2017.xlsx#EA(1)-Assessment
2017,parkland,0245,PARKLAND COUNTY,EA,08285,Farmland,42685050,fir_year_2017.xlsx#EA(1)-Assessment
2017,parkland,0245,PARKLAND COUNTY,EA,08290,Non Residential Railway,17849410,fir_year_2017.xlsx#EA(1)-Assessment
2017,parkland,0245,PARKLAND COUNTY,EA,08295,NR Res. Co-generating M&E,,fir_year_2017.xlsx#EA(1)-Assessment
2017,parkland,0245,PARKLAND COUNTY,POPL,POPL,Population,32097,fir_year_2017.xlsx#POPL(1)-Population
2017,rocky_view,0269,ROCKY VIEW COUNTY,D,01910,Provincial Government Unconditional Transfers,0,fir_year_2017.xlsx#D(1)-Total
2017,rocky_view,0269,ROCKY VIEW COUNTY,D,01920,Provincial Government Conditional Transfers,24854889,fir_year_2017.xlsx#D(1)-Total
2017,rocky_view,0269,ROCKY VIEW COUNTY,EA,08260,GRAND TOTAL,17017784393,fir_year_2017.xlsx#EA(1)-Assessment
2017,rocky_view,0269,ROCKY VIEW COUNTY,EA,08265,Linear Subtotal,1202374260,fir_year_2017.xlsx#EA(1)-Assessment
2017,rocky_view,0269,ROCKY VIEW COUNTY,EA,08270,Mach & Equip Subtotal,528734400,fir_year_2017.xlsx#EA(1)-Assessment
2017,rocky_view,0269,ROCKY VIEW COUNTY,EA,08275,Non Residential Subtotal,2616727416,fir_year_2017.xlsx#EA(1)-Assessment
2017,rocky_view,0269,ROCKY VIEW COUNTY,EA,08280,Residential Subtotal,12498525957,fir_year_2017.xlsx#EA(1)-Assessment
2017,rocky_view,0269,ROCKY VIEW COUNTY,EA,08285,Farmland,152525900,fir_year_2017.xlsx#EA(1)-Assessment
2017,rocky_view,0269,ROCKY VIEW COUNTY,EA,08290,Non Residential Railway,18896460,fir_year_2017.xlsx#EA(1)-Assessment
2017,rocky_view,0269,ROCKY VIEW COUNTY,EA,08295,NR Res. Co-generating M&E,,fir_year_2017.xlsx#EA(1)-Assessment
2017,rocky_view,0269,ROCKY VIEW COUNTY,POPL,POPL,Population,39407,fir_year_2017.xlsx#POPL(1)-Population
2017,spruce_grove,0291,SPRUCE GROVE,D,01910,Provincial Government Unconditional Transfers,0,fir_year_2017.xlsx#D(1)-Total
2017,spruce_grove,0291,SPRUCE GROVE,D,01920,Provincial Government Conditional Transfers,9742280,fir_year_2017.xlsx#D(1)-Total
2017,spruce_grove,0291,SPRUCE GROVE,EA,08260,GRAND TOTAL,5810065876,fir_year_2017.xlsx#EA(1)-Assessment
2017,spruce_grove,0291,SPRUCE GROVE,EA,08265,Linear Subtotal,36109800,fir_year_2017.xlsx#EA(1)-Assessment
2017,spruce_grove,0291,SPRUCE GROVE,EA,08270,Mach & Equip Subtotal,13439500,fir_year_2017.xlsx#EA(1)-Assessment
2017,spruce_grove,0291,SPRUCE GROVE,EA,08275,Non Residential Subtotal,978075184,fir_year_2017.xlsx#EA(1)-Assessment
2017,spruce_grove,0291,SPRUCE GROVE,EA,08280,Residential Subtotal,4781158892,fir_year_2017.xlsx#EA(1)-Assessment
2017,spruce_grove,0291,SPRUCE GROVE,EA,08285,Farmland,473400,fir_year_2017.xlsx#EA(1)-Assessment
2017,spruce_grove,0291,SPRUCE GROVE,EA,08290,Non Residential Railway,809100,fir_year_2017.xlsx#EA(1)-Assessment
2017,spruce_grove,0291,SPRUCE GROVE,EA,08295,NR Res. Co-generating M&E,,fir_year_2017.xlsx#EA(1)-Assessment
2017,spruce_grove,0291,SPRUCE GROVE,POPL,POPL,Population,34881,fir_year_2017.xlsx#POPL(1)-Population
2017,st_albert,0292,ST. ALBERT,D,01910,Provincial Government Unconditional Transfers,4399433,fir_year_2017.xlsx#D(1)-Total
2017,st_albert,0292,ST. ALBERT,D,01920,Provincial Government Conditional Transfers,23188516,fir_year_2017.xlsx#D(1)-Total
2017,st_albert,0292,ST. ALBERT,EA,08260,GRAND TOTAL,11824198155,fir_year_2017.xlsx#EA(1)-Assessment
2017,st_albert,0292,ST. ALBERT,EA,08265,Linear Subtotal,76509840,fir_year_2017.xlsx#EA(1)-Assessment
2017,st_albert,0292,ST. ALBERT,EA,08270,Mach & Equip Subtotal,30481900,fir_year_2017.xlsx#EA(1)-Assessment
2017,st_albert,0292,ST. ALBERT,EA,08275,Non Residential Subtotal,1577636630,fir_year_2017.xlsx#EA(1)-Assessment
2017,st_albert,0292,ST. ALBERT,EA,08280,Residential Subtotal,10138844985,fir_year_2017.xlsx#EA(1)-Assessment
2017,st_albert,0292,ST. ALBERT,EA,08285,Farmland,545900,fir_year_2017.xlsx#EA(1)-Assessment
2017,st_albert,0292,ST. ALBERT,EA,08290,Non Residential Railway,178900,fir_year_2017.xlsx#EA(1)-Assessment
2017,st_albert,0292,ST. ALBERT,EA,08295,NR Res. Co-generating M&E,,fir_year_2017.xlsx#EA(1)-Assessment
2017,st_albert,0292,ST. ALBERT,POPL,POPL,Population,65589,fir_year_2017.xlsx#POPL(1)-Population
2017,stony_plain,0301,STONY PLAIN,D,01910,Provincial Government Unconditional Transfers,0,fir_year_2017.xlsx#D(1)-Total
2017,stony_plain,0301,STONY PLAIN,D,01920,Provincial Government Conditional Transfers,9412273,fir_year_2017.xlsx#D(1)-Total
2017,stony_plain,0301,STONY PLAIN,EA,08260,GRAND TOTAL,2722672231,fir_year_2017.xlsx#EA(1)-Assessment
2017,stony_plain,0301,STONY PLAIN,EA,08265,Linear Subtotal,23170500,fir_year_2017.xlsx#EA(1)-Assessment
2017,stony_plain,0301,STONY PLAIN,EA,08270,Mach & Equip Subtotal,514770,fir_year_2017.xlsx#EA(1)-Assessment
2017,stony_plain,0301,STONY PLAIN,EA,08275,Non Residential Subtotal,368273212,fir_year_2017.xlsx#EA(1)-Assessment
2017,stony_plain,0301,STONY PLAIN,EA,08280,Residential Subtotal,2327408599,fir_year_2017.xlsx#EA(1)-Assessment
2017,stony_plain,0301,STONY PLAIN,EA,08285,Farmland,1008140,fir_year_2017.xlsx#EA(1)-Assessment
2017,stony_plain,0301,STONY PLAIN,EA,08290,Non Residential Railway,2297010,fir_year_2017.xlsx#EA(1)-Assessment
2017,stony_plain,0301,STONY PLAIN,EA,08295,NR Res. Co-generating M&E,,fir_year_2017.xlsx#EA(1)-Assessment
2017,stony_plain,0301,STONY PLAIN,POPL,POPL,Population,17189,fir_year_2017.xlsx#POPL(1)-Population
2017,strathcona,0302,STRATHCONA COUNTY,D,01910,Provincial Government Unconditional Transfers,0,fir_year_2017.xlsx#D(1)-Total
2017,strathcona,0302,STRATHCONA COUNTY,D,01920,Provincial Government Conditional Transfers,28904110,fir_year_2017.xlsx#D(1)-Total
2017,strathcona,0302,STRATHCONA COUNTY,EA,08260,GRAND TOTAL,33239399025,fir_year_2017.xlsx#EA(1)-Assessment
2017,strathcona,0302,STRATHCONA COUNTY,EA,08265,Linear Subtotal,781536600,fir_year_2017.xlsx#EA(1)-Assessment
2017,strathcona,0302,STRATHCONA COUNTY,EA,08270,Mach & Equip Subtotal,9882448840,fir_year_2017.xlsx#EA(1)-Assessment
2017,strathcona,0302,STRATHCONA COUNTY,EA,08275,Non Residential Subtotal,5205864585,fir_year_2017.xlsx#EA(1)-Assessment
2017,strathcona,0302,STRATHCONA COUNTY,EA,08280,Residential Subtotal,17325451110,fir_year_2017.xlsx#EA(1)-Assessment
2017,strathcona,0302,STRATHCONA COUNTY,EA,08285,Farmland,33128890,fir_year_2017.xlsx#EA(1)-Assessment
2017,strathcona,0302,STRATHCONA COUNTY,EA,08290,Non Residential Railway,10969000,fir_year_2017.xlsx#EA(1)-Assessment
2017,strathcona,0302,STRATHCONA COUNTY,EA,08295,NR Res. Co-generating M&E,,fir_year_2017.xlsx#EA(1)-Assessment
2017,strathcona,0302,STRATHCONA COUNTY,POPL,POPL,Population,98044,fir_year_2017.xlsx#POPL(1)-Population
2017,sturgeon,0305,STURGEON COUNTY,D,01910,Provincial Government Unconditional Transfers,0,fir_year_2017.xlsx#D(1)-Total
2017,sturgeon,0305,STURGEON COUNTY,D,01920,Provincial Government Conditional Transfers,13604235,fir_year_2017.xlsx#D(1)-Total
2017,sturgeon,0305,STURGEON COUNTY,EA,08260,GRAND TOTAL,6219038449,fir_year_2017.xlsx#EA(1)-Assessment
2017,sturgeon,0305,STURGEON COUNTY,EA,08265,Linear Subtotal,544632490,fir_year_2017.xlsx#EA(1)-Assessment
2017,sturgeon,0305,STURGEON COUNTY,EA,08270,Mach & Equip Subtotal,982549510,fir_year_2017.xlsx#EA(1)-Assessment
2017,sturgeon,0305,STURGEON COUNTY,EA,08275,Non Residential Subtotal,979358453,fir_year_2017.xlsx#EA(1)-Assessment
2017,sturgeon,0305,STURGEON COUNTY,EA,08280,Residential Subtotal,3600509406,fir_year_2017.xlsx#EA(1)-Assessment
2017,sturgeon,0305,STURGEON COUNTY,EA,08285,Farmland,78780300,fir_year_2017.xlsx#EA(1)-Assessment
2017,sturgeon,0305,STURGEON COUNTY,EA,08290,Non Residential Railway,33208290,fir_year_2017.xlsx#EA(1)-Assessment
2017,sturgeon,0305,STURGEON COUNTY,EA,08295,NR Res. Co-generating M&E,,fir_year_2017.xlsx#EA(1)-Assessment
2017,sturgeon,0305,STURGEON COUNTY,POPL,POPL,Population,20495,fir_year_2017.xlsx#POPL(1)-Population
2017,chestermere,0356,CHESTERMERE,D,01910,Provincial Government Unconditional Transfers,0,fir_year_2017.xlsx#D(1)-Total
2017,chestermere,0356,CHESTERMERE,D,01920,Provincial Government Conditional Transfers,5270661,fir_year_2017.xlsx#D(1)-Total
2017,chestermere,0356,CHESTERMERE,EA,08260,GRAND TOTAL,3670651488,fir_year_2017.xlsx#EA(1)-Assessment
2017,chestermere,0356,CHESTERMERE,EA,08265,Linear Subtotal,19260660,fir_year_2017.xlsx#EA(1)-Assessment
2017,chestermere,0356,CHESTERMERE,EA,08270,Mach & Equip Subtotal,262240,fir_year_2017.xlsx#EA(1)-Assessment
2017,chestermere,0356,CHESTERMERE,EA,08275,Non Residential Subtotal,140485204,fir_year_2017.xlsx#EA(1)-Assessment
2017,chestermere,0356,CHESTERMERE,EA,08280,Residential Subtotal,3509500804,fir_year_2017.xlsx#EA(1)-Assessment
2017,chestermere,0356,CHESTERMERE,EA,08285,Farmland,1142580,fir_year_2017.xlsx#EA(1)-Assessment
2017,chestermere,0356,CHESTERMERE,EA,08290,Non Residential Railway,,fir_year_2017.xlsx#EA(1)-Assessment
2017,chestermere,0356,CHESTERMERE,EA,08295,NR Res. Co-generating M&E,,fir_year_2017.xlsx#EA(1)-Assessment
2017,chestermere,0356,CHESTERMERE,POPL,POPL,Population,20331,fir_year_2017.xlsx#POPL(1)-Population
2018,airdrie,0003,AIRDRIE,D,01910,Provincial Government Unconditional Transfers,418567,fir_year_2018.xlsx#D(1)-Total
2018,airdrie,0003,AIRDRIE,D,01920,Provincial Government Conditional Transfers,11568403,fir_year_2018.xlsx#D(1)-Total
2018,airdrie,0003,AIRDRIE,EA,08260,GRAND TOTAL,10670591528,fir_year_2018.xlsx#EA(1)-Assessment
2018,airdrie,0003,AIRDRIE,EA,08265,Linear Subtotal,68349020,fir_year_2018.xlsx#EA(1)-Assessment
2018,airdrie,0003,AIRDRIE,EA,08270,Mach & Equip Subtotal,7056500,fir_year_2018.xlsx#EA(1)-Assessment
2018,airdrie,0003,AIRDRIE,EA,08275,Non Residential Subtotal,1597968058,fir_year_2018.xlsx#EA(1)-Assessment
2018,airdrie,0003,AIRDRIE,EA,08280,Residential Subtotal,8956567040,fir_year_2018.xlsx#EA(1)-Assessment
2018,airdrie,0003,AIRDRIE,EA,08285,Farmland,38860110,fir_year_2018.xlsx#EA(1)-Assessment
2018,airdrie,0003,AIRDRIE,EA,08290,Non Residential Railway,1790800,fir_year_2018.xlsx#EA(1)-Assessment
2018,airdrie,0003,AIRDRIE,EA,08295,NR Res. Co-generating M&E,,fir_year_2018.xlsx#EA(1)-Assessment
2018,airdrie,0003,AIRDRIE,POPL,POPL,Population,68091,fir_year_2018.xlsx#POPL(1)-Population
2018,beaumont,0019,BEAUMONT,D,01910,Provincial Government Unconditional Transfers,0,fir_year_2018.xlsx#D(1)-Total
2018,beaumont,0019,BEAUMONT,D,01920,Provincial Government Conditional Transfers,3545624,fir_year_2018.xlsx#D(1)-Total
2018,beaumont,0019,BEAUMONT,EA,08260,GRAND TOTAL,2753087737,fir_year_2018.xlsx#EA(1)-Assessment
2018,beaumont,0019,BEAUMONT,EA,08265,Linear Subtotal,16373950,fir_year_2018.xlsx#EA(1)-Assessment
2018,beaumont,0019,BEAUMONT,EA,08270,Mach & Equip Subtotal,154760,fir_year_2018.xlsx#EA(1)-Assessment
2018,beaumont,0019,BEAUMONT,EA,08275,Non Residential Subtotal,151014112,fir_year_2018.xlsx#EA(1)-Assessment
2018,beaumont,0019,BEAUMONT,EA,08280,Residential Subtotal,2584714995,fir_year_2018.xlsx#EA(1)-Assessment
2018,beaumont,0019,BEAUMONT,EA,08285,Farmland,829920,fir_year_2018.xlsx#EA(1)-Assessment
2018,beaumont,0019,BEAUMONT,EA,08290,Non Residential Railway,,fir_year_2018.xlsx#EA(1)-Assessment
2018,beaumont,0019,BEAUMONT,EA,08295,NR Res. Co-generating M&E,,fir_year_2018.xlsx#EA(1)-Assessment
2018,beaumont,0019,BEAUMONT,POPL,POPL,Population,18829,fir_year_2018.xlsx#POPL(1)-Population
2018,calgary,0046,CALGARY,D,01910,Provincial Government Unconditional Transfers,57373000,fir_year_2018.xlsx#D(1)-Total
2018,calgary,0046,CALGARY,D,01920,Provincial Government Conditional Transfers,546377000,fir_year_2018.xlsx#D(1)-Total
2018,calgary,0046,CALGARY,EA,08260,GRAND TOTAL,274595902731,fir_year_2018.xlsx#EA(1)-Assessment
2018,calgary,0046,CALGARY,EA,08265,Linear Subtotal,2657706700,fir_year_2018.xlsx#EA(1)-Assessment
2018,calgary,0046,CALGARY,EA,08270,Mach & Equip Subtotal,350005000,fir_year_2018.xlsx#EA(1)-Assessment
2018,calgary,0046,CALGARY,EA,08275,Non Residential Subtotal,65345005830,fir_year_2018.xlsx#EA(1)-Assessment
2018,calgary,0046,CALGARY,EA,08280,Residential Subtotal,206024603288,fir_year_2018.xlsx#EA(1)-Assessment
2018,calgary,0046,CALGARY,EA,08285,Farmland,9806660,fir_year_2018.xlsx#EA(1)-Assessment
2018,calgary,0046,CALGARY,EA,08290,Non Residential Railway,208775253,fir_year_2018.xlsx#EA(1)-Assessment
2018,calgary,0046,CALGARY,EA,08295,NR Res. Co-generating M&E,,fir_year_2018.xlsx#EA(1)-Assessment
2018,calgary,0046,CALGARY,POPL,POPL,Population,1267344,fir_year_2018.xlsx#POPL(1)-Population
2018,cochrane,0070,COCHRANE,D,01910,Provincial Government Unconditional Transfers,2828681,fir_year_2018.xlsx#D(1)-Total
2018,cochrane,0070,COCHRANE,D,01920,Provincial Government Conditional Transfers,9561565,fir_year_2018.xlsx#D(1)-Total
2018,cochrane,0070,COCHRANE,EA,08260,GRAND TOTAL,5344146233,fir_year_2018.xlsx#EA(1)-Assessment
2018,cochrane,0070,COCHRANE,EA,08265,Linear Subtotal,42537000,fir_year_2018.xlsx#EA(1)-Assessment
2018,cochrane,0070,COCHRANE,EA,08270,Mach & Equip Subtotal,14068200,fir_year_2018.xlsx#EA(1)-Assessment
2018,cochrane,0070,COCHRANE,EA,08275,Non Residential Subtotal,525709509,fir_year_2018.xlsx#EA(1)-Assessment
2018,cochrane,0070,COCHRANE,EA,08280,Residential Subtotal,4759060224,fir_year_2018.xlsx#EA(1)-Assessment
2018,cochrane,0070,COCHRANE,EA,08285,Farmland,243900,fir_year_2018.xlsx#EA(1)-Assessment
2018,cochrane,0070,COCHRANE,EA,08290,Non Residential Railway,2527400,fir_year_2018.xlsx#EA(1)-Assessment
2018,cochrane,0070,COCHRANE,EA,08295,NR Res. Co-generating M&E,,fir_year_2018.xlsx#EA(1)-Assessment
2018,cochrane,0070,COCHRANE,POPL,POPL,Population,27960,fir_year_2018.xlsx#POPL(1)-Population
2018,devon,0086,DEVON,D,01910,Provincial Government Unconditional Transfers,627109,fir_year_2018.xlsx#D(1)-Total
2018,devon,0086,DEVON,D,01920,Provincial Government Conditional Transfers,3677835,fir_year_2018.xlsx#D(1)-Total
2018,devon,0086,DEVON,EA,08260,GRAND TOTAL,891476766,fir_year_2018.xlsx#EA(1)-Assessment
2018,devon,0086,DEVON,EA,08265,Linear Subtotal,11998010,fir_year_2018.xlsx#EA(1)-Assessment
2018,devon,0086,DEVON,EA,08270,Mach & Equip Subtotal,347590,fir_year_2018.xlsx#EA(1)-Assessment
2018,devon,0086,DEVON,EA,08275,Non Residential Subtotal,97703946,fir_year_2018.xlsx#EA(1)-Assessment
2018,devon,0086,DEVON,EA,08280,Residential Subtotal,781046120,fir_year_2018.xlsx#EA(1)-Assessment
2018,devon,0086,DEVON,EA,08285,Farmland,381100,fir_year_2018.xlsx#EA(1)-Assessment
2018,devon,0086,DEVON,EA,08290,Non Residential Railway,,fir_year_2018.xlsx#EA(1)-Assessment
2018,devon,0086,DEVON,EA,08295,NR Res. Co-generating M&E,,fir_year_2018.xlsx#EA(1)-Assessment
2018,devon,0086,DEVON,POPL,POPL,Population,6578,fir_year_2018.xlsx#POPL(1)-Population
2018,edmonton,0098,EDMONTON,D,01910,Provincial Government Unconditional Transfers,0,fir_year_2018.xlsx#D(1)-Total
2018,edmonton,0098,EDMONTON,D,01920,Provincial Government Conditional Transfers,588137000,fir_year_2018.xlsx#D(1)-Total
2018,edmonton,0098,EDMONTON,EA,08260,GRAND TOTAL,169023496148,fir_year_2018.xlsx#EA(1)-Assessment
2018,edmonton,0098,EDMONTON,EA,08265,Linear Subtotal,1784893510,fir_year_2018.xlsx#EA(1)-Assessment
2018,edmonton,0098,EDMONTON,EA,08270,Mach & Equip Subtotal,862254251,fir_year_2018.xlsx#EA(1)-Assessment
2018,edmonton,0098,EDMONTON,EA,08275,Non Residential Subtotal,40279561533,fir_year_2018.xlsx#EA(1)-Assessment
2018,edmonton,0098,EDMONTON,EA,08280,Residential Subtotal,126058831891,fir_year_2018.xlsx#EA(1)-Assessment
2018,edmonton,0098,EDMONTON,EA,08285,Farmland,25190443,fir_year_2018.xlsx#EA(1)-Assessment
2018,edmonton,0098,EDMONTON,EA,08290,Non Residential Railway,12764520,fir_year_2018.xlsx#EA(1)-Assessment
2018,edmonton,0098,EDMONTON,EA,08295,NR Res. Co-generating M&E,,fir_year_2018.xlsx#EA(1)-Assessment
2018,edmonton,0098,EDMONTON,POPL,POPL,Population,932546,fir_year_2018.xlsx#POPL(1)-Population
2018,foothills,0111,FOOTHILLS COUNTY,D,01910,Provincial Government Unconditional Transfers,0,fir_year_2018.xlsx#D(1)-Total
2018,foothills,0111,FOOTHILLS COUNTY,D,01920,Provincial Government Conditional Transfers,14458996,fir_year_2018.xlsx#D(1)-Total
2018,foothills,0111,FOOTHILLS COUNTY,EA,08260,GRAND TOTAL,7861533010,fir_year_2018.xlsx#EA(1)-Assessment
2018,foothills,0111,FOOTHILLS COUNTY,EA,08265,Linear Subtotal,388428420,fir_year_2018.xlsx#EA(1)-Assessment
2018,foothills,0111,FOOTHILLS COUNTY,EA,08270,Mach & Equip Subtotal,155376030,fir_year_2018.xlsx#EA(1)-Assessment
2018,foothills,0111,FOOTHILLS COUNTY,EA,08275,Non Residential Subtotal,511158947,fir_year_2018.xlsx#EA(1)-Assessment
2018,foothills,0111,FOOTHILLS COUNTY,EA,08280,Residential Subtotal,6666048413,fir_year_2018.xlsx#EA(1)-Assessment
2018,foothills,0111,FOOTHILLS COUNTY,EA,08285,Farmland,139144120,fir_year_2018.xlsx#EA(1)-Assessment
2018,foothills,0111,FOOTHILLS COUNTY,EA,08290,Non Residential Railway,1377080,fir_year_2018.xlsx#EA(1)-Assessment
2018,foothills,0111,FOOTHILLS COUNTY,EA,08295,NR Res. Co-generating M&E,,fir_year_2018.xlsx#EA(1)-Assessment
2018,foothills,0111,FOOTHILLS COUNTY,POPL,POPL,Population,22766,fir_year_2018.xlsx#POPL(1)-Population
2018,fort_saskatchewan,0117,FORT SASKATCHEWAN,D,01910,Provincial Government Unconditional Transfers,1812000,fir_year_2018.xlsx#D(1)-Total
2018,fort_saskatchewan,0117,FORT SASKATCHEWAN,D,01920,Provincial Government Conditional Transfers,4509000,fir_year_2018.xlsx#D(1)-Total
2018,fort_saskatchewan,0117,FORT SASKATCHEWAN,EA,08260,GRAND TOTAL,6231227393,fir_year_2018.xlsx#EA(1)-Assessment
2018,fort_saskatchewan,0117,FORT SASKATCHEWAN,EA,08265,Linear Subtotal,99182900,fir_year_2018.xlsx#EA(1)-Assessment
2018,fort_saskatchewan,0117,FORT SASKATCHEWAN,EA,08270,Mach & Equip Subtotal,1472193270,fir_year_2018.xlsx#EA(1)-Assessment
2018,fort_saskatchewan,0117,FORT SASKATCHEWAN,EA,08275,Non Residential Subtotal,1153931188,fir_year_2018.xlsx#EA(1)-Assessment
2018,fort_saskatchewan,0117,FORT SASKATCHEWAN,EA,08280,Residential Subtotal,3504835255,fir_year_2018.xlsx#EA(1)-Assessment
2018,fort_saskatchewan,0117,FORT SASKATCHEWAN,EA,08285,Farmland,904300,fir_year_2018.xlsx#EA(1)-Assessment
2018,fort_saskatchewan,0117,FORT SASKATCHEWAN,EA,08290,Non Residential Railway,180480,fir_year_2018.xlsx#EA(1)-Assessment
2018,fort_saskatchewan,0117,FORT SASKATCHEWAN,EA,08295,NR Res. Co-generating M&E,,fir_year_2018.xlsx#EA(1)-Assessment
2018,fort_saskatchewan,0117,FORT SASKATCHEWAN,POPL,POPL,Population,26328,fir_year_2018.xlsx#POPL(1)-Population
2018,high_river,0148,HIGH RIVER,D,01910,Provincial Government Unconditional Transfers,3188313,fir_year_2018.xlsx#D(1)-Total
2018,high_river,0148,HIGH RIVER,D,01920,Provincial Government Conditional Transfers,26852182,fir_year_2018.xlsx#D(1)-Total
2018,high_river,0148,HIGH RIVER,EA,08260,GRAND TOTAL,1988989530,fir_year_2018.xlsx#EA(1)-Assessment
2018,high_river,0148,HIGH RIVER,EA,08265,Linear Subtotal,16238430,fir_year_2018.xlsx#EA(1)-Assessment
2018,high_river,0148,HIGH RIVER,EA,08270,Mach & Equip Subtotal,,fir_year_2018.xlsx#EA(1)-Assessment
2018,high_river,0148,HIGH RIVER,EA,08275,Non Residential Subtotal,321879590,fir_year_2018.xlsx#EA(1)-Assessment
2018,high_river,0148,HIGH RIVER,EA,08280,Residential Subtotal,1649839833,fir_year_2018.xlsx#EA(1)-Assessment
2018,high_river,0148,HIGH RIVER,EA,08285,Farmland,1031677,fir_year_2018.xlsx#EA(1)-Assessment
2018,high_river,0148,HIGH RIVER,EA,08290,Non Residential Railway,,fir_year_2018.xlsx#EA(1)-Assessment
2018,high_river,0148,HIGH RIVER,EA,08295,NR Res. Co-generating M&E,,fir_year_2018.xlsx#EA(1)-Assessment
2018,high_river,0148,HIGH RIVER,POPL,POPL,Population,13584,fir_year_2018.xlsx#POPL(1)-Population
2018,leduc_city,0200,LEDUC,D,01910,Provincial Government Unconditional Transfers,1414364,fir_year_2018.xlsx#D(1)-Total
2018,leduc_city,0200,LEDUC,D,01920,Provincial Government Conditional Transfers,12846121,fir_year_2018.xlsx#D(1)-Total
2018,leduc_city,0200,LEDUC,EA,08260,GRAND TOTAL,6064874257,fir_year_2018.xlsx#EA(1)-Assessment
2018,leduc_city,0200,LEDUC,EA,08265,Linear Subtotal,52795340,fir_year_2018.xlsx#EA(1)-Assessment
2018,leduc_city,0200,LEDUC,EA,08270,Mach & Equip Subtotal,3949220,fir_year_2018.xlsx#EA(1)-Assessment
2018,leduc_city,0200,LEDUC,EA,08275,Non Residential Subtotal,2103269647,fir_year_2018.xlsx#EA(1)-Assessment
2018,leduc_city,0200,LEDUC,EA,08280,Residential Subtotal,3902846240,fir_year_2018.xlsx#EA(1)-Assessment
2018,leduc_city,0200,LEDUC,EA,08285,Farmland,917700,fir_year_2018.xlsx#EA(1)-Assessment
2018,leduc_city,0200,LEDUC,EA,08290,Non Residential Railway,1096110,fir_year_2018.xlsx#EA(1)-Assessment
2018,leduc_city,0200,LEDUC,EA,08295,NR Res. Co-generating M&E,,fir_year_2018.xlsx#EA(1)-Assessment
2018,leduc_city,0200,LEDUC,POPL,POPL,Population,32448,fir_year_2018.xlsx#POPL(1)-Population
2018,leduc_county,0201,LEDUC COUNTY,D,01910,Provincial Government Unconditional Transfers,105745,fir_year_2018.xlsx#D(1)-Total
2018,leduc_county,0201,LEDUC COUNTY,D,01920,Provincial Government Conditional Transfers,11646002,fir_year_2018.xlsx#D(1)-Total
2018,leduc_county,0201,LEDUC COUNTY,EA,08260,GRAND TOTAL,8311251273,fir_year_2018.xlsx#EA(1)-Assessment
2018,leduc_county,0201,LEDUC COUNTY,EA,08265,Linear Subtotal,1350920070,fir_year_2018.xlsx#EA(1)-Assessment
2018,leduc_county,0201,LEDUC COUNTY,EA,08270,Mach & Equip Subtotal,133304350,fir_year_2018.xlsx#EA(1)-Assessment
2018,leduc_county,0201,LEDUC COUNTY,EA,08275,Non Residential Subtotal,3983387875,fir_year_2018.xlsx#EA(1)-Assessment
2018,leduc_county,0201,LEDUC COUNTY,EA,08280,Residential Subtotal,2750093408,fir_year_2018.xlsx#EA(1)-Assessment
2018,leduc_county,0201,LEDUC COUNTY,EA,08285,Farmland,90305750,fir_year_2018.xlsx#EA(1)-Assessment
2018,leduc_county,0201,LEDUC COUNTY,EA,08290,Non Residential Railway,3239820,fir_year_2018.xlsx#EA(1)-Assessment
2018,leduc_county,0201,LEDUC COUNTY,EA,08295,NR Res. Co-generating M&E,,fir_year_2018.xlsx#EA(1)-Assessment
2018,leduc_county,0201,LEDUC COUNTY,POPL,POPL,Population,13780,fir_year_2018.xlsx#POPL(1)-Population
2018,morinville,0224,MORINVILLE,D,01910,Provincial Government Unconditional Transfers,0,fir_year_2018.xlsx#D(1)-Total
2018,morinville,0224,MORINVILLE,D,01920,Provincial Government Conditional Transfers,11386250,fir_year_2018.xlsx#D(1)-Total
2018,morinville,0224,MORINVILLE,EA,08260,GRAND TOTAL,1298912785,fir_year_2018.xlsx#EA(1)-Assessment
2018,morinville,0224,MORINVILLE,EA,08265,Linear Subtotal,11019800,fir_year_2018.xlsx#EA(1)-Assessment
2018,morinville,0224,MORINVILLE,EA,08270,Mach & Equip Subtotal,2393230,fir_year_2018.xlsx#EA(1)-Assessment
2018,morinville,0224,MORINVILLE,EA,08275,Non Residential Subtotal,141276341,fir_year_2018.xlsx#EA(1)-Assessment
2018,morinville,0224,MORINVILLE,EA,08280,Residential Subtotal,1143849274,fir_year_2018.xlsx#EA(1)-Assessment
2018,morinville,0224,MORINVILLE,EA,08285,Farmland,282170,fir_year_2018.xlsx#EA(1)-Assessment
2018,morinville,0224,MORINVILLE,EA,08290,Non Residential Railway,91970,fir_year_2018.xlsx#EA(1)-Assessment
2018,morinville,0224,MORINVILLE,EA,08295,NR Res. Co-generating M&E,,fir_year_2018.xlsx#EA(1)-Assessment
2018,morinville,0224,MORINVILLE,POPL,POPL,Population,9893,fir_year_2018.xlsx#POPL(1)-Population
2018,okotoks,0238,OKOTOKS,D,01910,Provincial Government Unconditional Transfers,1928134,fir_year_2018.xlsx#D(1)-Total
2018,okotoks,0238,OKOTOKS,D,01920,Provincial Government Conditional Transfers,5682796,fir_year_2018.xlsx#D(1)-Total
2018,okotoks,0238,OKOTOKS,EA,08260,GRAND TOTAL,5027058520,fir_year_2018.xlsx#EA(1)-Assessment
2018,okotoks,0238,OKOTOKS,EA,08265,Linear Subtotal,25655670,fir_year_2018.xlsx#EA(1)-Assessment
2018,okotoks,0238,OKOTOKS,EA,08270,Mach & Equip Subtotal,1068300,fir_year_2018.xlsx#EA(1)-Assessment
2018,okotoks,0238,OKOTOKS,EA,08275,Non Residential Subtotal,676469181,fir_year_2018.xlsx#EA(1)-Assessment
2018,okotoks,0238,OKOTOKS,EA,08280,Residential Subtotal,4322122569,fir_year_2018.xlsx#EA(1)-Assessment
2018,okotoks,0238,OKOTOKS,EA,08285,Farmland,1519500,fir_year_2018.xlsx#EA(1)-Assessment
2018,okotoks,0238,OKOTOKS,EA,08290,Non Residential Railway,223300,fir_year_2018.xlsx#EA(1)-Assessment
2018,okotoks,0238,OKOTOKS,EA,08295,NR Res. Co-generating M&E,,fir_year_2018.xlsx#EA(1)-Assessment
2018,okotoks,0238,OKOTOKS,POPL,POPL,Population,29002,fir_year_2018.xlsx#POPL(1)-Population
2018,parkland,0245,PARKLAND COUNTY,D,01910,Provincial Government Unconditional Transfers,0,fir_year_2018.xlsx#D(1)-Total
2018,parkland,0245,PARKLAND COUNTY,D,01920,Provincial Government Conditional Transfers,15102020,fir_year_2018.xlsx#D(1)-Total
2018,parkland,0245,PARKLAND COUNTY,EA,08260,GRAND TOTAL,10321458626,fir_year_2018.xlsx#EA(1)-Assessment
2018,parkland,0245,PARKLAND COUNTY,EA,08265,Linear Subtotal,1794836970,fir_year_2018.xlsx#EA(1)-Assessment
2018,parkland,0245,PARKLAND COUNTY,EA,08270,Mach & Equip Subtotal,245457290,fir_year_2018.xlsx#EA(1)-Assessment
2018,parkland,0245,PARKLAND COUNTY,EA,08275,Non Residential Subtotal,2115837895,fir_year_2018.xlsx#EA(1)-Assessment
2018,parkland,0245,PARKLAND COUNTY,EA,08280,Residential Subtotal,6105164551,fir_year_2018.xlsx#EA(1)-Assessment
2018,parkland,0245,PARKLAND COUNTY,EA,08285,Farmland,42569140,fir_year_2018.xlsx#EA(1)-Assessment
2018,parkland,0245,PARKLAND COUNTY,EA,08290,Non Residential Railway,17592780,fir_year_2018.xlsx#EA(1)-Assessment
2018,parkland,0245,PARKLAND COUNTY,EA,08295,NR Res. Co-generating M&E,,fir_year_2018.xlsx#EA(1)-Assessment
2018,parkland,0245,PARKLAND COUNTY,POPL,POPL,Population,32097,fir_year_2018.xlsx#POPL(1)-Population
2018,rocky_view,0269,ROCKY VIEW COUNTY,D,01910,Provincial Government Unconditional Transfers,0,fir_year_2018.xlsx#D(1)-Total
2018,rocky_view,0269,ROCKY VIEW COUNTY,D,01920,Provincial Government Conditional Transfers,26167361,fir_year_2018.xlsx#D(1)-Total
2018,rocky_view,0269,ROCKY VIEW COUNTY,EA,08260,GRAND TOTAL,17479224390,fir_year_2018.xlsx#EA(1)-Assessment
2018,rocky_view,0269,ROCKY VIEW COUNTY,EA,08265,Linear Subtotal,1265059570,fir_year_2018.xlsx#EA(1)-Assessment
2018,rocky_view,0269,ROCKY VIEW COUNTY,EA,08270,Mach & Equip Subtotal,526762950,fir_year_2018.xlsx#EA(1)-Assessment
2018,rocky_view,0269,ROCKY VIEW COUNTY,EA,08275,Non Residential Subtotal,2838677461,fir_year_2018.xlsx#EA(1)-Assessment
2018,rocky_view,0269,ROCKY VIEW COUNTY,EA,08280,Residential Subtotal,12677880769,fir_year_2018.xlsx#EA(1)-Assessment
2018,rocky_view,0269,ROCKY VIEW COUNTY,EA,08285,Farmland,152230200,fir_year_2018.xlsx#EA(1)-Assessment
2018,rocky_view,0269,ROCKY VIEW COUNTY,EA,08290,Non Residential Railway,18613440,fir_year_2018.xlsx#EA(1)-Assessment
2018,rocky_view,0269,ROCKY VIEW COUNTY,EA,08295,NR Res. Co-generating M&E,,fir_year_2018.xlsx#EA(1)-Assessment
2018,rocky_view,0269,ROCKY VIEW COUNTY,POPL,POPL,Population,39407,fir_year_2018.xlsx#POPL(1)-Population
2018,spruce_grove,0291,SPRUCE GROVE,D,01910,Provincial Government Unconditional Transfers,0,fir_year_2018.xlsx#D(1)-Total
2018,spruce_grove,0291,SPRUCE GROVE,D,01920,Provincial Government Conditional Transfers,7993720,fir_year_2018.xlsx#D(1)-Total
2018,spruce_grove,0291,SPRUCE GROVE,EA,08260,GRAND TOTAL,5799874149,fir_year_2018.xlsx#EA(1)-Assessment
2018,spruce_grove,0291,SPRUCE GROVE,EA,08265,Linear Subtotal,35796370,fir_year_2018.xlsx#EA(1)-Assessment
2018,spruce_grove,0291,SPRUCE GROVE,EA,08270,Mach & Equip Subtotal,13249600,fir_year_2018.xlsx#EA(1)-Assessment
2018,spruce_grove,0291,SPRUCE GROVE,EA,08275,Non Residential Subtotal,977290501,fir_year_2018.xlsx#EA(1)-Assessment
2018,spruce_grove,0291,SPRUCE GROVE,EA,08280,Residential Subtotal,4772269878,fir_year_2018.xlsx#EA(1)-Assessment
2018,spruce_grove,0291,SPRUCE GROVE,EA,08285,Farmland,470600,fir_year_2018.xlsx#EA(1)-Assessment
2018,spruce_grove,0291,SPRUCE GROVE,EA,08290,Non Residential Railway,797200,fir_year_2018.xlsx#EA(1)-Assessment
2018,spruce_grove,0291,SPRUCE GROVE,EA,08295,NR Res. Co-generating M&E,,fir_year_2018.xlsx#EA(1)-Assessment
2018,spruce_grove,0291,SPRUCE GROVE,POPL,POPL,Population,35766,fir_year_2018.xlsx#POPL(1)-Population
2018,st_albert,0292,ST. ALBERT,D,01910,Provincial Government Unconditional Transfers,4819912,fir_year_2018.xlsx#D(1)-Total
2018,st_albert,0292,ST. ALBERT,D,01920,Provincial Government Conditional Transfers,14958275,fir_year_2018.xlsx#D(1)-Total
2018,st_albert,0292,ST. ALBERT,EA,08260,GRAND TOTAL,11900640380,fir_year_2018.xlsx#EA(1)-Assessment
2018,st_albert,0292,ST. ALBERT,EA,08265,Linear Subtotal,75231340,fir_year_2018.xlsx#EA(1)-Assessment
2018,st_albert,0292,ST. ALBERT,EA,08270,Mach & Equip Subtotal,30083600,fir_year_2018.xlsx#EA(1)-Assessment
2018,st_albert,0292,ST. ALBERT,EA,08275,Non Residential Subtotal,1560209055,fir_year_2018.xlsx#EA(1)-Assessment
2018,st_albert,0292,ST. ALBERT,EA,08280,Residential Subtotal,10234404685,fir_year_2018.xlsx#EA(1)-Assessment
2018,st_albert,0292,ST. ALBERT,EA,08285,Farmland,532400,fir_year_2018.xlsx#EA(1)-Assessment
2018,st_albert,0292,ST. ALBERT,EA,08290,Non Residential Railway,179300,fir_year_2018.xlsx#EA(1)-Assessment
2018,st_albert,0292,ST. ALBERT,EA,08295,NR Res. Co-generating M&E,,fir_year_2018.xlsx#EA(1)-Assessment
2018,st_albert,0292,ST. ALBERT,POPL,POPL,Population,66082,fir_year_2018.xlsx#POPL(1)-Population
2018,stony_plain,0301,STONY PLAIN,D,01910,Provincial Government Unconditional Transfers,0,fir_year_2018.xlsx#D(1)-Total
2018,stony_plain,0301,STONY PLAIN,D,01920,Provincial Government Conditional Transfers,5313435,fir_year_2018.xlsx#D(1)-Total
2018,stony_plain,0301,STONY PLAIN,EA,08260,GRAND TOTAL,2697221750,fir_year_2018.xlsx#EA(1)-Assessment
2018,stony_plain,0301,STONY PLAIN,EA,08265,Linear Subtotal,22615940,fir_year_2018.xlsx#EA(1)-Assessment
2018,stony_plain,0301,STONY PLAIN,EA,08270,Mach & Equip Subtotal,507270,fir_year_2018.xlsx#EA(1)-Assessment
2018,stony_plain,0301,STONY PLAIN,EA,08275,Non Residential Subtotal,375895372,fir_year_2018.xlsx#EA(1)-Assessment
2018,stony_plain,0301,STONY PLAIN,EA,08280,Residential Subtotal,2294928548,fir_year_2018.xlsx#EA(1)-Assessment
2018,stony_plain,0301,STONY PLAIN,EA,08285,Farmland,1008140,fir_year_2018.xlsx#EA(1)-Assessment
2018,stony_plain,0301,STONY PLAIN,EA,08290,Non Residential Railway,2266480,fir_year_2018.xlsx#EA(1)-Assessment
2018,stony_plain,0301,STONY PLAIN,EA,08295,NR Res. Co-generating M&E,,fir_year_2018.xlsx#EA(1)-Assessment
2018,stony_plain,0301,STONY PLAIN,POPL,POPL,Population,17189,fir_year_2018.xlsx#POPL(1)-Population
2018,strathcona,0302,STRATHCONA COUNTY,D,01910,Provincial Government Unconditional Transfers,0,fir_year_2018.xlsx#D(1)-Total
2018,strathcona,0302,STRATHCONA COUNTY,D,01920,Provincial Government Conditional Transfers,29492406,fir_year_2018.xlsx#D(1)-Total
2018,strathcona,0302,STRATHCONA COUNTY,EA,08260,GRAND TOTAL,32873682604,fir_year_2018.xlsx#EA(1)-Assessment
2018,strathcona,0302,STRATHCONA COUNTY,EA,08265,Linear Subtotal,729479850,fir_year_2018.xlsx#EA(1)-Assessment
2018,strathcona,0302,STRATHCONA COUNTY,EA,08270,Mach & Equip Subtotal,9926442840,fir_year_2018.xlsx#EA(1)-Assessment
2018,strathcona,0302,STRATHCONA COUNTY,EA,08275,Non Residential Subtotal,5249086697,fir_year_2018.xlsx#EA(1)-Assessment
2018,strathcona,0302,STRATHCONA COUNTY,EA,08280,Residential Subtotal,16924868917,fir_year_2018.xlsx#EA(1)-Assessment
2018,strathcona,0302,STRATHCONA COUNTY,EA,08285,Farmland,32995300,fir_year_2018.xlsx#EA(1)-Assessment
2018,strathcona,0302,STRATHCONA COUNTY,EA,08290,Non Residential Railway,10809000,fir_year_2018.xlsx#EA(1)-Assessment
2018,strathcona,0302,STRATHCONA COUNTY,EA,08295,NR Res. Co-generating M&E,,fir_year_2018.xlsx#EA(1)-Assessment
2018,strathcona,0302,STRATHCONA COUNTY,POPL,POPL,Population,98381,fir_year_2018.xlsx#POPL(1)-Population
2018,sturgeon,0305,STURGEON COUNTY,D,01910,Provincial Government Unconditional Transfers,0,fir_year_2018.xlsx#D(1)-Total
2018,sturgeon,0305,STURGEON COUNTY,D,01920,Provincial Government Conditional Transfers,6745016,fir_year_2018.xlsx#D(1)-Total
2018,sturgeon,0305,STURGEON COUNTY,EA,08260,GRAND TOTAL,6757473105,fir_year_2018.xlsx#EA(1)-Assessment
2018,sturgeon,0305,STURGEON COUNTY,EA,08265,Linear Subtotal,720813840,fir_year_2018.xlsx#EA(1)-Assessment
2018,sturgeon,0305,STURGEON COUNTY,EA,08270,Mach & Equip Subtotal,1229467770,fir_year_2018.xlsx#EA(1)-Assessment
2018,sturgeon,0305,STURGEON COUNTY,EA,08275,Non Residential Subtotal,1079921064,fir_year_2018.xlsx#EA(1)-Assessment
2018,sturgeon,0305,STURGEON COUNTY,EA,08280,Residential Subtotal,3645799181,fir_year_2018.xlsx#EA(1)-Assessment
2018,sturgeon,0305,STURGEON COUNTY,EA,08285,Farmland,78785560,fir_year_2018.xlsx#EA(1)-Assessment
2018,sturgeon,0305,STURGEON COUNTY,EA,08290,Non Residential Railway,2685690,fir_year_2018.xlsx#EA(1)-Assessment
2018,sturgeon,0305,STURGEON COUNTY,EA,08295,NR Res. Co-generating M&E,,fir_year_2018.xlsx#EA(1)-Assessment
2018,sturgeon,0305,STURGEON COUNTY,POPL,POPL,Population,20495,fir_year_2018.xlsx#POPL(1)-Population
2018,chestermere,0356,CHESTERMERE,D,01910,Provincial Government Unconditional Transfers,0,fir_year_2018.xlsx#D(1)-Total
2018,chestermere,0356,CHESTERMERE,D,01920,Provincial Government Conditional Transfers,6599891,fir_year_2018.xlsx#D(1)-Total
2018,chestermere,0356,CHESTERMERE,EA,08260,GRAND TOTAL,3609491623,fir_year_2018.xlsx#EA(1)-Assessment
2018,chestermere,0356,CHESTERMERE,EA,08265,Linear Subtotal,19402420,fir_year_2018.xlsx#EA(1)-Assessment
2018,chestermere,0356,CHESTERMERE,EA,08270,Mach & Equip Subtotal,362440,fir_year_2018.xlsx#EA(1)-Assessment
2018,chestermere,0356,CHESTERMERE,EA,08275,Non Residential Subtotal,148079980,fir_year_2018.xlsx#EA(1)-Assessment
2018,chestermere,0356,CHESTERMERE,EA,08280,Residential Subtotal,3440488583,fir_year_2018.xlsx#EA(1)-Assessment
2018,chestermere,0356,CHESTERMERE,EA,08285,Farmland,1158200,fir_year_2018.xlsx#EA(1)-Assessment
2018,chestermere,0356,CHESTERMERE,EA,08290,Non Residential Railway,,fir_year_2018.xlsx#EA(1)-Assessment
2018,chestermere,0356,CHESTERMERE,EA,08295,NR Res. Co-generating M&E,,fir_year_2018.xlsx#EA(1)-Assessment
2018,chestermere,0356,CHESTERMERE,POPL,POPL,Population,20732,fir_year_2018.xlsx#POPL(1)-Population
2019,airdrie,0003,AIRDRIE,D,01910,Provincial Government Unconditional Transfers,430963,fir_year_2019.xlsx#D(1)-Total
2019,airdrie,0003,AIRDRIE,D,01920,Provincial Government Conditional Transfers,13969783,fir_year_2019.xlsx#D(1)-Total
2019,airdrie,0003,AIRDRIE,EA,08260,GRAND TOTAL,11118778592,fir_year_2019.xlsx#EA(1)-Assessment
2019,airdrie,0003,AIRDRIE,EA,08265,Linear Subtotal,72247210,fir_year_2019.xlsx#EA(1)-Assessment
2019,airdrie,0003,AIRDRIE,EA,08270,Mach & Equip Subtotal,7048000,fir_year_2019.xlsx#EA(1)-Assessment
2019,airdrie,0003,AIRDRIE,EA,08275,Non Residential Subtotal,1643599122,fir_year_2019.xlsx#EA(1)-Assessment
2019,airdrie,0003,AIRDRIE,EA,08280,Residential Subtotal,9352240800,fir_year_2019.xlsx#EA(1)-Assessment
2019,airdrie,0003,AIRDRIE,EA,08285,Farmland,41812660,fir_year_2019.xlsx#EA(1)-Assessment
2019,airdrie,0003,AIRDRIE,EA,08290,Non Residential Railway,1830800,fir_year_2019.xlsx#EA(1)-Assessment
2019,airdrie,0003,AIRDRIE,EA,08295,NR Res. Co-generating M&E,,fir_year_2019.xlsx#EA(1)-Assessment
2019,airdrie,0003,AIRDRIE,POPL,POPL,Population,70564,fir_year_2019.xlsx#POPL(1)-Population
2019,beaumont,0019,BEAUMONT,D,01910,Provincial Government Unconditional Transfers,0,fir_year_2019.xlsx#D(1)-Total
2019,beaumont,0019,BEAUMONT,D,01920,Provincial Government Conditional Transfers,5640017,fir_year_2019.xlsx#D(1)-Total
2019,beaumont,0019,BEAUMONT,EA,08260,GRAND TOTAL,2904980690,fir_year_2019.xlsx#EA(1)-Assessment
2019,beaumont,0019,BEAUMONT,EA,08265,Linear Subtotal,16641120,fir_year_2019.xlsx#EA(1)-Assessment
2019,beaumont,0019,BEAUMONT,EA,08270,Mach & Equip Subtotal,136700,fir_year_2019.xlsx#EA(1)-Assessment
2019,beaumont,0019,BEAUMONT,EA,08275,Non Residential Subtotal,174179325,fir_year_2019.xlsx#EA(1)-Assessment
2019,beaumont,0019,BEAUMONT,EA,08280,Residential Subtotal,2713210455,fir_year_2019.xlsx#EA(1)-Assessment
2019,beaumont,0019,BEAUMONT,EA,08285,Farmland,813090,fir_year_2019.xlsx#EA(1)-Assessment
2019,beaumont,0019,BEAUMONT,EA,08290,Non Residential Railway,,fir_year_2019.xlsx#EA(1)-Assessment
2019,beaumont,0019,BEAUMONT,EA,08295,NR Res. Co-generating M&E,,fir_year_2019.xlsx#EA(1)-Assessment
2019,beaumont,0019,BEAUMONT,POPL,POPL,Population,19236,fir_year_2019.xlsx#POPL(1)-Population
2019,calgary,0046,CALGARY,D,01910,Provincial Government Unconditional Transfers,55968000,fir_year_2019.xlsx#D(1)-Total
2019,calgary,0046,CALGARY,D,01920,Provincial Government Conditional Transfers,597713000,fir_year_2019.xlsx#D(1)-Total
2019,calgary,0046,CALGARY,EA,08260,GRAND TOTAL,281658085022,fir_year_2019.xlsx#EA(1)-Assessment
2019,calgary,0046,CALGARY,EA,08265,Linear Subtotal,2666080460,fir_year_2019.xlsx#EA(1)-Assessment
2019,calgary,0046,CALGARY,EA,08270,Mach & Equip Subtotal,354854928,fir_year_2019.xlsx#EA(1)-Assessment
2019,calgary,0046,CALGARY,EA,08275,Non Residential Subtotal,62879710605,fir_year_2019.xlsx#EA(1)-Assessment
2019,calgary,0046,CALGARY,EA,08280,Residential Subtotal,215481479119,fir_year_2019.xlsx#EA(1)-Assessment
2019,calgary,0046,CALGARY,EA,08285,Farmland,8731515,fir_year_2019.xlsx#EA(1)-Assessment
2019,calgary,0046,CALGARY,EA,08290,Non Residential Railway,267228395,fir_year_2019.xlsx#EA(1)-Assessment
2019,calgary,0046,CALGARY,EA,08295,NR Res. Co-generating M&E,,fir_year_2019.xlsx#EA(1)-Assessment
2019,calgary,0046,CALGARY,POPL,POPL,Population,1285711,fir_year_2019.xlsx#POPL(1)-Population
2019,cochrane,0070,COCHRANE,D,01910,Provincial Government Unconditional Transfers,2339214,fir_year_2019.xlsx#D(1)-Total
2019,cochrane,0070,COCHRANE,D,01920,Provincial Government Conditional Transfers,6263746,fir_year_2019.xlsx#D(1)-Total
2019,cochrane,0070,COCHRANE,EA,08260,GRAND TOTAL,5502105198,fir_year_2019.xlsx#EA(1)-Assessment
2019,cochrane,0070,COCHRANE,EA,08265,Linear Subtotal,43695180,fir_year_2019.xlsx#EA(1)-Assessment
2019,cochrane,0070,COCHRANE,EA,08270,Mach & Equip Subtotal,13872550,fir_year_2019.xlsx#EA(1)-Assessment
2019,cochrane,0070,COCHRANE,EA,08275,Non Residential Subtotal,539183606,fir_year_2019.xlsx#EA(1)-Assessment
2019,cochrane,0070,COCHRANE,EA,08280,Residential Subtotal,4901953262,fir_year_2019.xlsx#EA(1)-Assessment
2019,cochrane,0070,COCHRANE,EA,08285,Farmland,241800,fir_year_2019.xlsx#EA(1)-Assessment
2019,cochrane,0070,COCHRANE,EA,08290,Non Residential Railway,3158800,fir_year_2019.xlsx#EA(1)-Assessment
2019,cochrane,0070,COCHRANE,EA,08295,NR Res. Co-generating M&E,,fir_year_2019.xlsx#EA(1)-Assessment
2019,cochrane,0070,COCHRANE,POPL,POPL,Population,29277,fir_year_2019.xlsx#POPL(1)-Population
2019,devon,0086,DEVON,D,01910,Provincial Government Unconditional Transfers,727830,fir_year_2019.xlsx#D(1)-Total
2019,devon,0086,DEVON,D,01920,Provincial Government Conditional Transfers,6293758,fir_year_2019.xlsx#D(1)-Total
2019,devon,0086,DEVON,EA,08260,GRAND TOTAL,892870572,fir_year_2019.xlsx#EA(1)-Assessment
2019,devon,0086,DEVON,EA,08265,Linear Subtotal,13386880,fir_year_2019.xlsx#EA(1)-Assessment
2019,devon,0086,DEVON,EA,08270,Mach & Equip Subtotal,352630,fir_year_2019.xlsx#EA(1)-Assessment
2019,devon,0086,DEVON,EA,08275,Non Residential Subtotal,98362153,fir_year_2019.xlsx#EA(1)-Assessment
2019,devon,0086,DEVON,EA,08280,Residential Subtotal,780387809,fir_year_2019.xlsx#EA(1)-Assessment
2019,devon,0086,DEVON,EA,08285,Farmland,381100,fir_year_2019.xlsx#EA(1)-Assessment
2019,devon,0086,DEVON,EA,08290,Non Residential Railway,,fir_year_2019.xlsx#EA(1)-Assessment
2019,devon,0086,DEVON,EA,08295,NR Res. Co-generating M&E,,fir_year_2019.xlsx#EA(1)-Assessment
2019,devon,0086,DEVON,POPL,POPL,Population,6578,fir_year_2019.xlsx#POPL(1)-Population
2019,edmonton,0098,EDMONTON,D,01910,Provincial Government Unconditional Transfers,0,fir_year_2019.xlsx#D(1)-Total
2019,edmonton,0098,EDMONTON,D,01920,Provincial Government Conditional Transfers,489716000,fir_year_2019.xlsx#D(1)-Total
2019,edmonton,0098,EDMONTON,EA,08260,GRAND TOTAL,172078046904,fir_year_2019.xlsx#EA(1)-Assessment
2019,edmonton,0098,EDMONTON,EA,08265,Linear Subtotal,1815396460,fir_year_2019.xlsx#EA(1)-Assessment
2019,edmonton,0098,EDMONTON,EA,08270,Mach & Equip Subtotal,879646569,fir_year_2019.xlsx#EA(1)-Assessment
2019,edmonton,0098,EDMONTON,EA,08275,Non Residential Subtotal,40388087206,fir_year_2019.xlsx#EA(1)-Assessment
2019,edmonton,0098,EDMONTON,EA,08280,Residential Subtotal,128961924754,fir_year_2019.xlsx#EA(1)-Assessment
2019,edmonton,0098,EDMONTON,EA,08285,Farmland,20158020,fir_year_2019.xlsx#EA(1)-Assessment
2019,edmonton,0098,EDMONTON,EA,08290,Non Residential Railway,12833895,fir_year_2019.xlsx#EA(1)-Assessment
2019,edmonton,0098,EDMONTON,EA,08295,NR Res. Co-generating M&E,,fir_year_2019.xlsx#EA(1)-Assessment
2019,edmonton,0098,EDMONTON,POPL,POPL,Population,972223,fir_year_2019.xlsx#POPL(1)-Population
2019,foothills,0111,FOOTHILLS COUNTY,D,01910,Provincial Government Unconditional Transfers,0,fir_year_2019.xlsx#D(1)-Total
2019,foothills,0111,FOOTHILLS COUNTY,D,01920,Provincial Government Conditional Transfers,10506838,fir_year_2019.xlsx#D(1)-Total
2019,foothills,0111,FOOTHILLS COUNTY,EA,08260,GRAND TOTAL,8036273433,fir_year_2019.xlsx#EA(1)-Assessment
2019,foothills,0111,FOOTHILLS COUNTY,EA,08265,Linear Subtotal,367103070,fir_year_2019.xlsx#EA(1)-Assessment
2019,foothills,0111,FOOTHILLS COUNTY,EA,08270,Mach & Equip Subtotal,154266970,fir_year_2019.xlsx#EA(1)-Assessment
2019,foothills,0111,FOOTHILLS COUNTY,EA,08275,Non Residential Subtotal,570372024,fir_year_2019.xlsx#EA(1)-Assessment
2019,foothills,0111,FOOTHILLS COUNTY,EA,08280,Residential Subtotal,6805115709,fir_year_2019.xlsx#EA(1)-Assessment
2019,foothills,0111,FOOTHILLS COUNTY,EA,08285,Farmland,138007970,fir_year_2019.xlsx#EA(1)-Assessment
2019,foothills,0111,FOOTHILLS COUNTY,EA,08290,Non Residential Railway,1407690,fir_year_2019.xlsx#EA(1)-Assessment
2019,foothills,0111,FOOTHILLS COUNTY,EA,08295,NR Res. Co-generating M&E,,fir_year_2019.xlsx#EA(1)-Assessment
2019,foothills,0111,FOOTHILLS COUNTY,POPL,POPL,Population,22766,fir_year_2019.xlsx#POPL(1)-Population
2019,fort_saskatchewan,0117,FORT SASKATCHEWAN,D,01910,Provincial Government Unconditional Transfers,0,fir_year_2019.xlsx#D(1)-Total
2019,fort_saskatchewan,0117,FORT SASKATCHEWAN,D,01920,Provincial Government Conditional Transfers,6852000,fir_year_2019.xlsx#D(1)-Total
2019,fort_saskatchewan,0117,FORT SASKATCHEWAN,EA,08260,GRAND TOTAL,6368331563,fir_year_2019.xlsx#EA(1)-Assessment
2019,fort_saskatchewan,0117,FORT SASKATCHEWAN,EA,08265,Linear Subtotal,100186290,fir_year_2019.xlsx#EA(1)-Assessment
2019,fort_saskatchewan,0117,FORT SASKATCHEWAN,EA,08270,Mach & Equip Subtotal,1503572820,fir_year_2019.xlsx#EA(1)-Assessment
2019,fort_saskatchewan,0117,FORT SASKATCHEWAN,EA,08275,Non Residential Subtotal,1194520825,fir_year_2019.xlsx#EA(1)-Assessment
2019,fort_saskatchewan,0117,FORT SASKATCHEWAN,EA,08280,Residential Subtotal,3568962818,fir_year_2019.xlsx#EA(1)-Assessment
2019,fort_saskatchewan,0117,FORT SASKATCHEWAN,EA,08285,Farmland,904300,fir_year_2019.xlsx#EA(1)-Assessment
2019,fort_saskatchewan,0117,FORT SASKATCHEWAN,EA,08290,Non Residential Railway,184510,fir_year_2019.xlsx#EA(1)-Assessment
2019,fort_saskatchewan,0117,FORT SASKATCHEWAN,EA,08295,NR Res. Co-generating M&E,,fir_year_2019.xlsx#EA(1)-Assessment
2019,fort_saskatchewan,0117,FORT SASKATCHEWAN,POPL,POPL,Population,26942,fir_year_2019.xlsx#POPL(1)-Population
2019,high_river,0148,HIGH RIVER,D,01910,Provincial Government Unconditional Transfers,3367766,fir_year_2019.xlsx#D(1)-Total
2019,high_river,0148,HIGH RIVER,D,01920,Provincial Government Conditional Transfers,16197131,fir_year_2019.xlsx#D(1)-Total
2019,high_river,0148,HIGH RIVER,EA,08260,GRAND TOTAL,2060499538,fir_year_2019.xlsx#EA(1)-Assessment
2019,high_river,0148,HIGH RIVER,EA,08265,Linear Subtotal,16333100,fir_year_2019.xlsx#EA(1)-Assessment
2019,high_river,0148,HIGH RIVER,EA,08270,Mach & Equip Subtotal,,fir_year_2019.xlsx#EA(1)-Assessment
2019,high_river,0148,HIGH RIVER,EA,08275,Non Residential Subtotal,332442470,fir_year_2019.xlsx#EA(1)-Assessment
2019,high_river,0148,HIGH RIVER,EA,08280,Residential Subtotal,1711308968,fir_year_2019.xlsx#EA(1)-Assessment
2019,high_river,0148,HIGH RIVER,EA,08285,Farmland,415000,fir_year_2019.xlsx#EA(1)-Assessment
2019,high_river,0148,HIGH RIVER,EA,08290,Non Residential Railway,,fir_year_2019.xlsx#EA(1)-Assessment
2019,high_river,0148,HIGH RIVER,EA,08295,NR Res. Co-generating M&E,,fir_year_2019.xlsx#EA(1)-Assessment
2019,high_river,0148,HIGH RIVER,POPL,POPL,Population,14052,fir_year_2019.xlsx#POPL(1)-Population
2019,leduc_city,0200,LEDUC,D,01910,Provincial Government Unconditional Transfers,1443614,fir_year_2019.xlsx#D(1)-Total
2019,leduc_city,0200,LEDUC,D,01920,Provincial Government Conditional Transfers,11520966,fir_year_2019.xlsx#D(1)-Total
2019,leduc_city,0200,LEDUC,EA,08260,GRAND TOTAL,6078297657,fir_year_2019.xlsx#EA(1)-Assessment
2019,leduc_city,0200,LEDUC,EA,08265,Linear Subtotal,53504960,fir_year_2019.xlsx#EA(1)-Assessment
2019,leduc_city,0200,LEDUC,EA,08270,Mach & Equip Subtotal,4344120,fir_year_2019.xlsx#EA(1)-Assessment
2019,leduc_city,0200,LEDUC,EA,08275,Non Residential Subtotal,2021847040,fir_year_2019.xlsx#EA(1)-Assessment
2019,leduc_city,0200,LEDUC,EA,08280,Residential Subtotal,3997238407,fir_year_2019.xlsx#EA(1)-Assessment
2019,leduc_city,0200,LEDUC,EA,08285,Farmland,1087600,fir_year_2019.xlsx#EA(1)-Assessment
2019,leduc_city,0200,LEDUC,EA,08290,Non Residential Railway,275530,fir_year_2019.xlsx#EA(1)-Assessment
2019,leduc_city,0200,LEDUC,EA,08295,NR Res. Co-generating M&E,,fir_year_2019.xlsx#EA(1)-Assessment
2019,leduc_city,0200,LEDUC,POPL,POPL,Population,33032,fir_year_2019.xlsx#POPL(1)-Population
2019,leduc_county,0201,LEDUC COUNTY,D,01910,Provincial Government Unconditional Transfers,48660,fir_year_2019.xlsx#D(1)-Total
2019,leduc_county,0201,LEDUC COUNTY,D,01920,Provincial Government Conditional Transfers,6860070,fir_year_2019.xlsx#D(1)-Total
2019,leduc_county,0201,LEDUC COUNTY,EA,08260,GRAND TOTAL,8362526524,fir_year_2019.xlsx#EA(1)-Assessment
2019,leduc_county,0201,LEDUC COUNTY,EA,08265,Linear Subtotal,1306428610,fir_year_2019.xlsx#EA(1)-Assessment
2019,leduc_county,0201,LEDUC COUNTY,EA,08270,Mach & Equip Subtotal,141576930,fir_year_2019.xlsx#EA(1)-Assessment
2019,leduc_county,0201,LEDUC COUNTY,EA,08275,Non Residential Subtotal,4057669969,fir_year_2019.xlsx#EA(1)-Assessment
2019,leduc_county,0201,LEDUC COUNTY,EA,08280,Residential Subtotal,2763302905,fir_year_2019.xlsx#EA(1)-Assessment
2019,leduc_county,0201,LEDUC COUNTY,EA,08285,Farmland,90235740,fir_year_2019.xlsx#EA(1)-Assessment
2019,leduc_county,0201,LEDUC COUNTY,EA,08290,Non Residential Railway,3312370,fir_year_2019.xlsx#EA(1)-Assessment
2019,leduc_county,0201,LEDUC COUNTY,EA,08295,NR Res. Co-generating M&E,,fir_year_2019.xlsx#EA(1)-Assessment
2019,leduc_county,0201,LEDUC COUNTY,POPL,POPL,Population,13780,fir_year_2019.xlsx#POPL(1)-Population
2019,morinville,0224,MORINVILLE,D,01910,Provincial Government Unconditional Transfers,0,fir_year_2019.xlsx#D(1)-Total
2019,morinville,0224,MORINVILLE,D,01920,Provincial Government Conditional Transfers,1162480,fir_year_2019.xlsx#D(1)-Total
2019,morinville,0224,MORINVILLE,EA,08260,GRAND TOTAL,1334491347,fir_year_2019.xlsx#EA(1)-Assessment
2019,morinville,0224,MORINVILLE,EA,08265,Linear Subtotal,11219400,fir_year_2019.xlsx#EA(1)-Assessment
2019,morinville,0224,MORINVILLE,EA,08270,Mach & Equip Subtotal,2370830,fir_year_2019.xlsx#EA(1)-Assessment
2019,morinville,0224,MORINVILLE,EA,08275,Non Residential Subtotal,146731236,fir_year_2019.xlsx#EA(1)-Assessment
2019,morinville,0224,MORINVILLE,EA,08280,Residential Subtotal,1173815451,fir_year_2019.xlsx#EA(1)-Assessment
2019,morinville,0224,MORINVILLE,EA,08285,Farmland,260410,fir_year_2019.xlsx#EA(1)-Assessment
2019,morinville,0224,MORINVILLE,EA,08290,Non Residential Railway,94020,fir_year_2019.xlsx#EA(1)-Assessment
2019,morinville,0224,MORINVILLE,EA,08295,NR Res. Co-generating M&E,,fir_year_2019.xlsx#EA(1)-Assessment
2019,morinville,0224,MORINVILLE,POPL,POPL,Population,9893,fir_year_2019.xlsx#POPL(1)-Population
2019,okotoks,0238,OKOTOKS,D,01910,Provincial Government Unconditional Transfers,2329376,fir_year_2019.xlsx#D(1)-Total
2019,okotoks,0238,OKOTOKS,D,01920,Provincial Government Conditional Transfers,5466245,fir_year_2019.xlsx#D(1)-Total
2019,okotoks,0238,OKOTOKS,EA,08260,GRAND TOTAL,5226159205,fir_year_2019.xlsx#EA(1)-Assessment
2019,okotoks,0238,OKOTOKS,EA,08265,Linear Subtotal,26501910,fir_year_2019.xlsx#EA(1)-Assessment
2019,okotoks,0238,OKOTOKS,EA,08270,Mach & Equip Subtotal,118000,fir_year_2019.xlsx#EA(1)-Assessment
2019,okotoks,0238,OKOTOKS,EA,08275,Non Residential Subtotal,675962662,fir_year_2019.xlsx#EA(1)-Assessment
2019,okotoks,0238,OKOTOKS,EA,08280,Residential Subtotal,4520928963,fir_year_2019.xlsx#EA(1)-Assessment
2019,okotoks,0238,OKOTOKS,EA,08285,Farmland,2424670,fir_year_2019.xlsx#EA(1)-Assessment
2019,okotoks,0238,OKOTOKS,EA,08290,Non Residential Railway,223000,fir_year_2019.xlsx#EA(1)-Assessment
2019,okotoks,0238,OKOTOKS,EA,08295,NR Res. Co-generating M&E,,fir_year_2019.xlsx#EA(1)-Assessment
2019,okotoks,0238,OKOTOKS,POPL,POPL,Population,29002,fir_year_2019.xlsx#POPL(1)-Population
2019,parkland,0245,PARKLAND COUNTY,D,01910,Provincial Government Unconditional Transfers,0,fir_year_2019.xlsx#D(1)-Total
2019,parkland,0245,PARKLAND COUNTY,D,01920,Provincial Government Conditional Transfers,12283075,fir_year_2019.xlsx#D(1)-Total
2019,parkland,0245,PARKLAND COUNTY,EA,08260,GRAND TOTAL,10528433924,fir_year_2019.xlsx#EA(1)-Assessment
2019,parkland,0245,PARKLAND COUNTY,EA,08265,Linear Subtotal,1815916140,fir_year_2019.xlsx#EA(1)-Assessment
2019,parkland,0245,PARKLAND COUNTY,EA,08270,Mach & Equip Subtotal,218256640,fir_year_2019.xlsx#EA(1)-Assessment
2019,parkland,0245,PARKLAND COUNTY,EA,08275,Non Residential Subtotal,2128485102,fir_year_2019.xlsx#EA(1)-Assessment
2019,parkland,0245,PARKLAND COUNTY,EA,08280,Residential Subtotal,6305432482,fir_year_2019.xlsx#EA(1)-Assessment
2019,parkland,0245,PARKLAND COUNTY,EA,08285,Farmland,42363430,fir_year_2019.xlsx#EA(1)-Assessment
2019,parkland,0245,PARKLAND COUNTY,EA,08290,Non Residential Railway,17980130,fir_year_2019.xlsx#EA(1)-Assessment
2019,parkland,0245,PARKLAND COUNTY,EA,08295,NR Res. Co-generating M&E,,fir_year_2019.xlsx#EA(1)-Assessment
2019,parkland,0245,PARKLAND COUNTY,POPL,POPL,Population,32097,fir_year_2019.xlsx#POPL(1)-Population
2019,rocky_view,0269,ROCKY VIEW COUNTY,D,01910,Provincial Government Unconditional Transfers,0,fir_year_2019.xlsx#D(1)-Total
2019,rocky_view,0269,ROCKY VIEW COUNTY,D,01920,Provincial Government Conditional Transfers,17323292,fir_year_2019.xlsx#D(1)-Total
2019,rocky_view,0269,ROCKY VIEW COUNTY,EA,08260,GRAND TOTAL,17998880383,fir_year_2019.xlsx#EA(1)-Assessment
2019,rocky_view,0269,ROCKY VIEW COUNTY,EA,08265,Linear Subtotal,1242853190,fir_year_2019.xlsx#EA(1)-Assessment
2019,rocky_view,0269,ROCKY VIEW COUNTY,EA,08270,Mach & Equip Subtotal,533636920,fir_year_2019.xlsx#EA(1)-Assessment
2019,rocky_view,0269,ROCKY VIEW COUNTY,EA,08275,Non Residential Subtotal,3076828690,fir_year_2019.xlsx#EA(1)-Assessment
2019,rocky_view,0269,ROCKY VIEW COUNTY,EA,08280,Residential Subtotal,12808346343,fir_year_2019.xlsx#EA(1)-Assessment
2019,rocky_view,0269,ROCKY VIEW COUNTY,EA,08285,Farmland,152167230,fir_year_2019.xlsx#EA(1)-Assessment
2019,rocky_view,0269,ROCKY VIEW COUNTY,EA,08290,Non Residential Railway,18758370,fir_year_2019.xlsx#EA(1)-Assessment
2019,rocky_view,0269,ROCKY VIEW COUNTY,EA,08295,NR Res. Co-generating M&E,166289640,fir_year_2019.xlsx#EA(1)-Assessment
2019,rocky_view,0269,ROCKY VIEW COUNTY,POPL,POPL,Population,39407,fir_year_2019.xlsx#POPL(1)-Population
2019,spruce_grove,0291,SPRUCE GROVE,D,01910,Provincial Government Unconditional Transfers,0,fir_year_2019.xlsx#D(1)-Total
2019,spruce_grove,0291,SPRUCE GROVE,D,01920,Provincial Government Conditional Transfers,22217341,fir_year_2019.xlsx#D(1)-Total
2019,spruce_grove,0291,SPRUCE GROVE,EA,08260,GRAND TOTAL,5905193576,fir_year_2019.xlsx#EA(1)-Assessment
2019,spruce_grove,0291,SPRUCE GROVE,EA,08265,Linear Subtotal,36672210,fir_year_2019.xlsx#EA(1)-Assessment
2019,spruce_grove,0291,SPRUCE GROVE,EA,08270,Mach & Equip Subtotal,13213500,fir_year_2019.xlsx#EA(1)-Assessment
2019,spruce_grove,0291,SPRUCE GROVE,EA,08275,Non Residential Subtotal,1007846066,fir_year_2019.xlsx#EA(1)-Assessment
2019,spruce_grove,0291,SPRUCE GROVE,EA,08280,Residential Subtotal,4847128600,fir_year_2019.xlsx#EA(1)-Assessment
2019,spruce_grove,0291,SPRUCE GROVE,EA,08285,Farmland,333200,fir_year_2019.xlsx#EA(1)-Assessment
2019,spruce_grove,0291,SPRUCE GROVE,EA,08290,Non Residential Railway,,fir_year_2019.xlsx#EA(1)-Assessment
2019,spruce_grove,0291,SPRUCE GROVE,EA,08295,NR Res. Co-generating M&E,,fir_year_2019.xlsx#EA(1)-Assessment
2019,spruce_grove,0291,SPRUCE GROVE,POPL,POPL,Population,35766,fir_year_2019.xlsx#POPL(1)-Population
2019,st_albert,0292,ST. ALBERT,D,01910,Provincial Government Unconditional Transfers,4624581,fir_year_2019.xlsx#D(1)-Total
2019,st_albert,0292,ST. ALBERT,D,01920,Provincial Government Conditional Transfers,13363883,fir_year_2019.xlsx#D(1)-Total
2019,st_albert,0292,ST. ALBERT,EA,08260,GRAND TOTAL,12355996661,fir_year_2019.xlsx#EA(1)-Assessment
2019,st_albert,0292,ST. ALBERT,EA,08265,Linear Subtotal,75708740,fir_year_2019.xlsx#EA(1)-Assessment
2019,st_albert,0292,ST. ALBERT,EA,08270,Mach & Equip Subtotal,30093900,fir_year_2019.xlsx#EA(1)-Assessment
2019,st_albert,0292,ST. ALBERT,EA,08275,Non Residential Subtotal,1651960647,fir_year_2019.xlsx#EA(1)-Assessment
2019,st_albert,0292,ST. ALBERT,EA,08280,Residential Subtotal,10597514574,fir_year_2019.xlsx#EA(1)-Assessment
2019,st_albert,0292,ST. ALBERT,EA,08285,Farmland,534700,fir_year_2019.xlsx#EA(1)-Assessment
2019,st_albert,0292,ST. ALBERT,EA,08290,Non Residential Railway,184100,fir_year_2019.xlsx#EA(1)-Assessment
2019,st_albert,0292,ST. ALBERT,EA,08295,NR Res. Co-generating M&E,,fir_year_2019.xlsx#EA(1)-Assessment
2019,st_albert,0292,ST. ALBERT,POPL,POPL,Population,66082,fir_year_2019.xlsx#POPL(1)-Population
2019,stony_plain,0301,STONY PLAIN,D,01910,Provincial Government Unconditional Transfers,0,fir_year_2019.xlsx#D(1)-Total
2019,stony_plain,0301,STONY PLAIN,D,01920,Provincial Government Conditional Transfers,8471357,fir_year_2019.xlsx#D(1)-Total
2019,stony_plain,0301,STONY PLAIN,EA,08260,GRAND TOTAL,2710596029,fir_year_2019.xlsx#EA(1)-Assessment
2019,stony_plain,0301,STONY PLAIN,EA,08265,Linear Subtotal,22984520,fir_year_2019.xlsx#EA(1)-Assessment
2019,stony_plain,0301,STONY PLAIN,EA,08270,Mach & Equip Subtotal,509530,fir_year_2019.xlsx#EA(1)-Assessment
2019,stony_plain,0301,STONY PLAIN,EA,08275,Non Residential Subtotal,396790155,fir_year_2019.xlsx#EA(1)-Assessment
2019,stony_plain,0301,STONY PLAIN,EA,08280,Residential Subtotal,2287020624,fir_year_2019.xlsx#EA(1)-Assessment
2019,stony_plain,0301,STONY PLAIN,EA,08285,Farmland,989720,fir_year_2019.xlsx#EA(1)-Assessment
2019,stony_plain,0301,STONY PLAIN,EA,08290,Non Residential Railway,2301480,fir_year_2019.xlsx#EA(1)-Assessment
2019,stony_plain,0301,STONY PLAIN,EA,08295,NR Res. Co-generating M&E,,fir_year_2019.xlsx#EA(1)-Assessment
2019,stony_plain,0301,STONY PLAIN,POPL,POPL,Population,17842,fir_year_2019.xlsx#POPL(1)-Population
2019,strathcona,0302,STRATHCONA COUNTY,D,01910,Provincial Government Unconditional Transfers,0,fir_year_2019.xlsx#D(1)-Total
2019,strathcona,0302,STRATHCONA COUNTY,D,01920,Provincial Government Conditional Transfers,14694396,fir_year_2019.xlsx#D(1)-Total
2019,strathcona,0302,STRATHCONA COUNTY,EA,08260,GRAND TOTAL,33725374536,fir_year_2019.xlsx#EA(1)-Assessment
2019,strathcona,0302,STRATHCONA COUNTY,EA,08265,Linear Subtotal,759738220,fir_year_2019.xlsx#EA(1)-Assessment
2019,strathcona,0302,STRATHCONA COUNTY,EA,08270,Mach & Equip Subtotal,10188100500,fir_year_2019.xlsx#EA(1)-Assessment
2019,strathcona,0302,STRATHCONA COUNTY,EA,08275,Non Residential Subtotal,5363426202,fir_year_2019.xlsx#EA(1)-Assessment
2019,strathcona,0302,STRATHCONA COUNTY,EA,08280,Residential Subtotal,17369815488,fir_year_2019.xlsx#EA(1)-Assessment
2019,strathcona,0302,STRATHCONA COUNTY,EA,08285,Farmland,32926126,fir_year_2019.xlsx#EA(1)-Assessment
2019,strathcona,0302,STRATHCONA COUNTY,EA,08290,Non Residential Railway,11368000,fir_year_2019.xlsx#EA(1)-Assessment
2019,strathcona,0302,STRATHCONA COUNTY,EA,08295,NR Res. Co-generating M&E,,fir_year_2019.xlsx#EA(1)-Assessment
2019,strathcona,0302,STRATHCONA COUNTY,POPL,POPL,Population,98381,fir_year_2019.xlsx#POPL(1)-Population
2019,sturgeon,0305,STURGEON COUNTY,D,01910,Provincial Government Unconditional Transfers,0,fir_year_2019.xlsx#D(1)-Total
2019,sturgeon,0305,STURGEON COUNTY,D,01920,Provincial Government Conditional Transfers,3938062,fir_year_2019.xlsx#D(1)-Total
2019,sturgeon,0305,STURGEON COUNTY,EA,08260,GRAND TOTAL,7209077535,fir_year_2019.xlsx#EA(1)-Assessment
2019,sturgeon,0305,STURGEON COUNTY,EA,08265,Linear Subtotal,752660390,fir_year_2019.xlsx#EA(1)-Assessment
2019,sturgeon,0305,STURGEON COUNTY,EA,08270,Mach & Equip Subtotal,1377276600,fir_year_2019.xlsx#EA(1)-Assessment
2019,sturgeon,0305,STURGEON COUNTY,EA,08275,Non Residential Subtotal,1171445897,fir_year_2019.xlsx#EA(1)-Assessment
2019,sturgeon,0305,STURGEON COUNTY,EA,08280,Residential Subtotal,3828986518,fir_year_2019.xlsx#EA(1)-Assessment
2019,sturgeon,0305,STURGEON COUNTY,EA,08285,Farmland,78708130,fir_year_2019.xlsx#EA(1)-Assessment
2019,sturgeon,0305,STURGEON COUNTY,EA,08290,Non Residential Railway,,fir_year_2019.xlsx#EA(1)-Assessment
2019,sturgeon,0305,STURGEON COUNTY,EA,08295,NR Res. Co-generating M&E,,fir_year_2019.xlsx#EA(1)-Assessment
2019,sturgeon,0305,STURGEON COUNTY,POPL,POPL,Population,20506,fir_year_2019.xlsx#POPL(1)-Population
2019,chestermere,0356,CHESTERMERE,D,01910,Provincial Government Unconditional Transfers,0,fir_year_2019.xlsx#D(1)-Total
2019,chestermere,0356,CHESTERMERE,D,01920,Provincial Government Conditional Transfers,7603670,fir_year_2019.xlsx#D(1)-Total
2019,chestermere,0356,CHESTERMERE,EA,08260,GRAND TOTAL,3650936429,fir_year_2019.xlsx#EA(1)-Assessment
2019,chestermere,0356,CHESTERMERE,EA,08265,Linear Subtotal,20004850,fir_year_2019.xlsx#EA(1)-Assessment
2019,chestermere,0356,CHESTERMERE,EA,08270,Mach & Equip Subtotal,278410,fir_year_2019.xlsx#EA(1)-Assessment
2019,chestermere,0356,CHESTERMERE,EA,08275,Non Residential Subtotal,152460171,fir_year_2019.xlsx#EA(1)-Assessment
2019,chestermere,0356,CHESTERMERE,EA,08280,Residential Subtotal,3477050898,fir_year_2019.xlsx#EA(1)-Assessment
2019,chestermere,0356,CHESTERMERE,EA,08285,Farmland,1142100,fir_year_2019.xlsx#EA(1)-Assessment
2019,chestermere,0356,CHESTERMERE,EA,08290,Non Residential Railway,,fir_year_2019.xlsx#EA(1)-Assessment
2019,chestermere,0356,CHESTERMERE,EA,08295,NR Res. Co-generating M&E,,fir_year_2019.xlsx#EA(1)-Assessment
2019,chestermere,0356,CHESTERMERE,POPL,POPL,Population,20732,fir_year_2019.xlsx#POPL(1)-Population
2020,airdrie,0003,AIRDRIE,D,01910,Provincial Government Unconditional Transfers,475258,fir_year_2020.xlsx#D(1)-Total
2020,airdrie,0003,AIRDRIE,D,01920,Provincial Government Conditional Transfers,17317024,fir_year_2020.xlsx#D(1)-Total
2020,airdrie,0003,AIRDRIE,EA,08260,GRAND TOTAL,11522969500,fir_year_2020.xlsx#EA(1)-Assessment
2020,airdrie,0003,AIRDRIE,EA,08265,Linear Subtotal,77545930,fir_year_2020.xlsx#EA(1)-Assessment
2020,airdrie,0003,AIRDRIE,EA,08270,Mach & Equip Subtotal,7002300,fir_year_2020.xlsx#EA(1)-Assessment
2020,airdrie,0003,AIRDRIE,EA,08275,Non Residential Subtotal,1663880952,fir_year_2020.xlsx#EA(1)-Assessment
2020,airdrie,0003,AIRDRIE,EA,08280,Residential Subtotal,9771832968,fir_year_2020.xlsx#EA(1)-Assessment
2020,airdrie,0003,AIRDRIE,EA,08285,Farmland,2707350,fir_year_2020.xlsx#EA(1)-Assessment
2020,airdrie,0003,AIRDRIE,EA,08290,Non Residential Railway,,fir_year_2020.xlsx#EA(1)-Assessment
2020,airdrie,0003,AIRDRIE,EA,08295,NR Res. Co-generating M&E,,fir_year_2020.xlsx#EA(1)-Assessment
2020,beaumont,0019,BEAUMONT,D,01910,Provincial Government Unconditional Transfers,0,fir_year_2020.xlsx#D(1)-Total
2020,beaumont,0019,BEAUMONT,D,01920,Provincial Government Conditional Transfers,4539627,fir_year_2020.xlsx#D(1)-Total
2020,beaumont,0019,BEAUMONT,EA,08260,GRAND TOTAL,3008386484,fir_year_2020.xlsx#EA(1)-Assessment
2020,beaumont,0019,BEAUMONT,EA,08265,Linear Subtotal,17552350,fir_year_2020.xlsx#EA(1)-Assessment
2020,beaumont,0019,BEAUMONT,EA,08270,Mach & Equip Subtotal,133300,fir_year_2020.xlsx#EA(1)-Assessment
2020,beaumont,0019,BEAUMONT,EA,08275,Non Residential Subtotal,192072876,fir_year_2020.xlsx#EA(1)-Assessment
2020,beaumont,0019,BEAUMONT,EA,08280,Residential Subtotal,2797818518,fir_year_2020.xlsx#EA(1)-Assessment
2020,beaumont,0019,BEAUMONT,EA,08285,Farmland,809440,fir_year_2020.xlsx#EA(1)-Assessment
2020,beaumont,0019,BEAUMONT,EA,08290,Non Residential Railway,,fir_year_2020.xlsx#EA(1)-Assessment
2020,beaumont,0019,BEAUMONT,EA,08295,NR Res. Co-generating M&E,,fir_year_2020.xlsx#EA(1)-Assessment
2020,calgary,0046,CALGARY,D,01910,Provincial Government Unconditional Transfers,59485000,fir_year_2020.xlsx#D(1)-Total
2020,calgary,0046,CALGARY,D,01920,Provincial Government Conditional Transfers,442949000,fir_year_2020.xlsx#D(1)-Total
2020,calgary,0046,CALGARY,EA,08260,GRAND TOTAL,276288065459,fir_year_2020.xlsx#EA(1)-Assessment
2020,calgary,0046,CALGARY,EA,08265,Linear Subtotal,2775450280,fir_year_2020.xlsx#EA(1)-Assessment
2020,calgary,0046,CALGARY,EA,08270,Mach & Equip Subtotal,354854920,fir_year_2020.xlsx#EA(1)-Assessment
2020,calgary,0046,CALGARY,EA,08275,Non Residential Subtotal,56545721767,fir_year_2020.xlsx#EA(1)-Assessment
2020,calgary,0046,CALGARY,EA,08280,Residential Subtotal,216603182050,fir_year_2020.xlsx#EA(1)-Assessment
2020,calgary,0046,CALGARY,EA,08285,Farmland,8856442,fir_year_2020.xlsx#EA(1)-Assessment
2020,calgary,0046,CALGARY,EA,08290,Non Residential Railway,,fir_year_2020.xlsx#EA(1)-Assessment
2020,calgary,0046,CALGARY,EA,08295,NR Res. Co-generating M&E,,fir_year_2020.xlsx#EA(1)-Assessment
2020,cochrane,0070,COCHRANE,D,01910,Provincial Government Unconditional Transfers,2964538,fir_year_2020.xlsx#D(1)-Total
2020,cochrane,0070,COCHRANE,D,01920,Provincial Government Conditional Transfers,4035144,fir_year_2020.xlsx#D(1)-Total
2020,cochrane,0070,COCHRANE,EA,08260,GRAND TOTAL,5696863299,fir_year_2020.xlsx#EA(1)-Assessment
2020,cochrane,0070,COCHRANE,EA,08265,Linear Subtotal,46869120,fir_year_2020.xlsx#EA(1)-Assessment
2020,cochrane,0070,COCHRANE,EA,08270,Mach & Equip Subtotal,13568400,fir_year_2020.xlsx#EA(1)-Assessment
2020,cochrane,0070,COCHRANE,EA,08275,Non Residential Subtotal,563162340,fir_year_2020.xlsx#EA(1)-Assessment
2020,cochrane,0070,COCHRANE,EA,08280,Residential Subtotal,5073107639,fir_year_2020.xlsx#EA(1)-Assessment
2020,cochrane,0070,COCHRANE,EA,08285,Farmland,155800,fir_year_2020.xlsx#EA(1)-Assessment
2020,cochrane,0070,COCHRANE,EA,08290,Non Residential Railway,,fir_year_2020.xlsx#EA(1)-Assessment
2020,cochrane,0070,COCHRANE,EA,08295,NR Res. Co-generating M&E,,fir_year_2020.xlsx#EA(1)-Assessment
2020,devon,0086,DEVON,D,01910,Provincial Government Unconditional Transfers,1387420,fir_year_2020.xlsx#D(1)-Total
2020,devon,0086,DEVON,D,01920,Provincial Government Conditional Transfers,137208,fir_year_2020.xlsx#D(1)-Total
2020,devon,0086,DEVON,EA,08260,GRAND TOTAL,901501316,fir_year_2020.xlsx#EA(1)-Assessment
2020,devon,0086,DEVON,EA,08265,Linear Subtotal,13393180,fir_year_2020.xlsx#EA(1)-Assessment
2020,devon,0086,DEVON,EA,08270,Mach & Equip Subtotal,304300,fir_year_2020.xlsx#EA(1)-Assessment
2020,devon,0086,DEVON,EA,08275,Non Residential Subtotal,103659993,fir_year_2020.xlsx#EA(1)-Assessment
2020,devon,0086,DEVON,EA,08280,Residential Subtotal,783776643,fir_year_2020.xlsx#EA(1)-Assessment
2020,devon,0086,DEVON,EA,08285,Farmland,367200,fir_year_2020.xlsx#EA(1)-Assessment
2020,devon,0086,DEVON,EA,08290,Non Residential Railway,,fir_year_2020.xlsx#EA(1)-Assessment
2020,devon,0086,DEVON,EA,08295,NR Res. Co-generating M&E,,fir_year_2020.xlsx#EA(1)-Assessment
2020,edmonton,0098,EDMONTON,D,01910,Provincial Government Unconditional Transfers,0,fir_year_2020.xlsx#D(1)-Total
2020,edmonton,0098,EDMONTON,D,01920,Provincial Government Conditional Transfers,586403000,fir_year_2020.xlsx#D(1)-Total
2020,edmonton,0098,EDMONTON,EA,08260,GRAND TOTAL,175199316391,fir_year_2020.xlsx#EA(1)-Assessment
2020,edmonton,0098,EDMONTON,EA,08265,Linear Subtotal,1906296860,fir_year_2020.xlsx#EA(1)-Assessment
2020,edmonton,0098,EDMONTON,EA,08270,Mach & Equip Subtotal,822192616,fir_year_2020.xlsx#EA(1)-Assessment
2020,edmonton,0098,EDMONTON,EA,08275,Non Residential Subtotal,40930706022,fir_year_2020.xlsx#EA(1)-Assessment
2020,edmonton,0098,EDMONTON,EA,08280,Residential Subtotal,131484685201,fir_year_2020.xlsx#EA(1)-Assessment
2020,edmonton,0098,EDMONTON,EA,08285,Farmland,55435692,fir_year_2020.xlsx#EA(1)-Assessment
2020,edmonton,0098,EDMONTON,EA,08290,Non Residential Railway,,fir_year_2020.xlsx#EA(1)-Assessment
2020,edmonton,0098,EDMONTON,EA,08295,NR Res. Co-generating M&E,,fir_year_2020.xlsx#EA(1)-Assessment
2020,foothills,0111,FOOTHILLS COUNTY,D,01910,Provincial Government Unconditional Transfers,0,fir_year_2020.xlsx#D(1)-Total
2020,foothills,0111,FOOTHILLS COUNTY,D,01920,Provincial Government Conditional Transfers,10440731,fir_year_2020.xlsx#D(1)-Total
2020,foothills,0111,FOOTHILLS COUNTY,EA,08260,GRAND TOTAL,8117990645,fir_year_2020.xlsx#EA(1)-Assessment
2020,foothills,0111,FOOTHILLS COUNTY,EA,08265,Linear Subtotal,380785630,fir_year_2020.xlsx#EA(1)-Assessment
2020,foothills,0111,FOOTHILLS COUNTY,EA,08270,Mach & Equip Subtotal,152764100,fir_year_2020.xlsx#EA(1)-Assessment
2020,foothills,0111,FOOTHILLS COUNTY,EA,08275,Non Residential Subtotal,587265744,fir_year_2020.xlsx#EA(1)-Assessment
2020,foothills,0111,FOOTHILLS COUNTY,EA,08280,Residential Subtotal,6859260301,fir_year_2020.xlsx#EA(1)-Assessment
2020,foothills,0111,FOOTHILLS COUNTY,EA,08285,Farmland,137914870,fir_year_2020.xlsx#EA(1)-Assessment
2020,foothills,0111,FOOTHILLS COUNTY,EA,08290,Non Residential Railway,,fir_year_2020.xlsx#EA(1)-Assessment
2020,foothills,0111,FOOTHILLS COUNTY,EA,08295,NR Res. Co-generating M&E,,fir_year_2020.xlsx#EA(1)-Assessment
2020,fort_saskatchewan,0117,FORT SASKATCHEWAN,D,01910,Provincial Government Unconditional Transfers,0,fir_year_2020.xlsx#D(1)-Total
2020,fort_saskatchewan,0117,FORT SASKATCHEWAN,D,01920,Provincial Government Conditional Transfers,13425000,fir_year_2020.xlsx#D(1)-Total
2020,fort_saskatchewan,0117,FORT SASKATCHEWAN,EA,08260,GRAND TOTAL,6443749676,fir_year_2020.xlsx#EA(1)-Assessment
2020,fort_saskatchewan,0117,FORT SASKATCHEWAN,EA,08265,Linear Subtotal,124910470,fir_year_2020.xlsx#EA(1)-Assessment
2020,fort_saskatchewan,0117,FORT SASKATCHEWAN,EA,08270,Mach & Equip Subtotal,1522891300,fir_year_2020.xlsx#EA(1)-Assessment
2020,fort_saskatchewan,0117,FORT SASKATCHEWAN,EA,08275,Non Residential Subtotal,1173045231,fir_year_2020.xlsx#EA(1)-Assessment
2020,fort_saskatchewan,0117,FORT SASKATCHEWAN,EA,08280,Residential Subtotal,3622014275,fir_year_2020.xlsx#EA(1)-Assessment
2020,fort_saskatchewan,0117,FORT SASKATCHEWAN,EA,08285,Farmland,888400,fir_year_2020.xlsx#EA(1)-Assessment
2020,fort_saskatchewan,0117,FORT SASKATCHEWAN,EA,08290,Non Residential Railway,,fir_year_2020.xlsx#EA(1)-Assessment
2020,fort_saskatchewan,0117,FORT SASKATCHEWAN,EA,08295,NR Res. Co-generating M&E,,fir_year_2020.xlsx#EA(1)-Assessment
2020,high_river,0148,HIGH RIVER,D,01910,Provincial Government Unconditional Transfers,3244050,fir_year_2020.xlsx#D(1)-Total
2020,high_river,0148,HIGH RIVER,D,01920,Provincial Government Conditional Transfers,24215679,fir_year_2020.xlsx#D(1)-Total
2020,high_river,0148,HIGH RIVER,EA,08260,GRAND TOTAL,2071010965,fir_year_2020.xlsx#EA(1)-Assessment
2020,high_river,0148,HIGH RIVER,EA,08265,Linear Subtotal,16162470,fir_year_2020.xlsx#EA(1)-Assessment
2020,high_river,0148,HIGH RIVER,EA,08270,Mach & Equip Subtotal,,fir_year_2020.xlsx#EA(1)-Assessment
2020,high_river,0148,HIGH RIVER,EA,08275,Non Residential Subtotal,337972899,fir_year_2020.xlsx#EA(1)-Assessment
2020,high_river,0148,HIGH RIVER,EA,08280,Residential Subtotal,1716461096,fir_year_2020.xlsx#EA(1)-Assessment
2020,high_river,0148,HIGH RIVER,EA,08285,Farmland,414500,fir_year_2020.xlsx#EA(1)-Assessment
2020,high_river,0148,HIGH RIVER,EA,08290,Non Residential Railway,,fir_year_2020.xlsx#EA(1)-Assessment
2020,high_river,0148,HIGH RIVER,EA,08295,NR Res. Co-generating M&E,,fir_year_2020.xlsx#EA(1)-Assessment
2020,leduc_city,0200,LEDUC,D,01910,Provincial Government Unconditional Transfers,4027002,fir_year_2020.xlsx#D(1)-Total
2020,leduc_city,0200,LEDUC,D,01920,Provincial Government Conditional Transfers,15114106,fir_year_2020.xlsx#D(1)-Total
2020,leduc_city,0200,LEDUC,EA,08260,GRAND TOTAL,6168713130,fir_year_2020.xlsx#EA(1)-Assessment
2020,leduc_city,0200,LEDUC,EA,08265,Linear Subtotal,60943950,fir_year_2020.xlsx#EA(1)-Assessment
2020,leduc_city,0200,LEDUC,EA,08270,Mach & Equip Subtotal,4344690,fir_year_2020.xlsx#EA(1)-Assessment
2020,leduc_city,0200,LEDUC,EA,08275,Non Residential Subtotal,2064939860,fir_year_2020.xlsx#EA(1)-Assessment
2020,leduc_city,0200,LEDUC,EA,08280,Residential Subtotal,4037661730,fir_year_2020.xlsx#EA(1)-Assessment
2020,leduc_city,0200,LEDUC,EA,08285,Farmland,822900,fir_year_2020.xlsx#EA(1)-Assessment
2020,leduc_city,0200,LEDUC,EA,08290,Non Residential Railway,,fir_year_2020.xlsx#EA(1)-Assessment
2020,leduc_city,0200,LEDUC,EA,08295,NR Res. Co-generating M&E,,fir_year_2020.xlsx#EA(1)-Assessment
2020,leduc_county,0201,LEDUC COUNTY,D,01910,Provincial Government Unconditional Transfers,13409,fir_year_2020.xlsx#D(1)-Total
2020,leduc_county,0201,LEDUC COUNTY,D,01920,Provincial Government Conditional Transfers,12383676,fir_year_2020.xlsx#D(1)-Total
2020,leduc_county,0201,LEDUC COUNTY,EA,08260,GRAND TOTAL,8423397999,fir_year_2020.xlsx#EA(1)-Assessment
2020,leduc_county,0201,LEDUC COUNTY,EA,08265,Linear Subtotal,1346433370,fir_year_2020.xlsx#EA(1)-Assessment
2020,leduc_county,0201,LEDUC COUNTY,EA,08270,Mach & Equip Subtotal,143784970,fir_year_2020.xlsx#EA(1)-Assessment
2020,leduc_county,0201,LEDUC COUNTY,EA,08275,Non Residential Subtotal,4124683645,fir_year_2020.xlsx#EA(1)-Assessment
2020,leduc_county,0201,LEDUC COUNTY,EA,08280,Residential Subtotal,2723014004,fir_year_2020.xlsx#EA(1)-Assessment
2020,leduc_county,0201,LEDUC COUNTY,EA,08285,Farmland,85482010,fir_year_2020.xlsx#EA(1)-Assessment
2020,leduc_county,0201,LEDUC COUNTY,EA,08290,Non Residential Railway,,fir_year_2020.xlsx#EA(1)-Assessment
2020,leduc_county,0201,LEDUC COUNTY,EA,08295,NR Res. Co-generating M&E,,fir_year_2020.xlsx#EA(1)-Assessment
2020,morinville,0224,MORINVILLE,D,01910,Provincial Government Unconditional Transfers,0,fir_year_2020.xlsx#D(1)-Total
2020,morinville,0224,MORINVILLE,D,01920,Provincial Government Conditional Transfers,1916968,fir_year_2020.xlsx#D(1)-Total
2020,morinville,0224,MORINVILLE,EA,08260,GRAND TOTAL,1336944450,fir_year_2020.xlsx#EA(1)-Assessment
2020,morinville,0224,MORINVILLE,EA,08265,Linear Subtotal,11684980,fir_year_2020.xlsx#EA(1)-Assessment
2020,morinville,0224,MORINVILLE,EA,08270,Mach & Equip Subtotal,2324260,fir_year_2020.xlsx#EA(1)-Assessment
2020,morinville,0224,MORINVILLE,EA,08275,Non Residential Subtotal,172619239,fir_year_2020.xlsx#EA(1)-Assessment
2020,morinville,0224,MORINVILLE,EA,08280,Residential Subtotal,1150049001,fir_year_2020.xlsx#EA(1)-Assessment
2020,morinville,0224,MORINVILLE,EA,08285,Farmland,266970,fir_year_2020.xlsx#EA(1)-Assessment
2020,morinville,0224,MORINVILLE,EA,08290,Non Residential Railway,,fir_year_2020.xlsx#EA(1)-Assessment
2020,morinville,0224,MORINVILLE,EA,08295,NR Res. Co-generating M&E,,fir_year_2020.xlsx#EA(1)-Assessment
2020,okotoks,0238,OKOTOKS,D,01910,Provincial Government Unconditional Transfers,4330650,fir_year_2020.xlsx#D(1)-Total
2020,okotoks,0238,OKOTOKS,D,01920,Provincial Government Conditional Transfers,8829910,fir_year_2020.xlsx#D(1)-Total
2020,okotoks,0238,OKOTOKS,EA,08260,GRAND TOTAL,5303987882,fir_year_2020.xlsx#EA(1)-Assessment
2020,okotoks,0238,OKOTOKS,EA,08265,Linear Subtotal,28347910,fir_year_2020.xlsx#EA(1)-Assessment
2020,okotoks,0238,OKOTOKS,EA,08270,Mach & Equip Subtotal,,fir_year_2020.xlsx#EA(1)-Assessment
2020,okotoks,0238,OKOTOKS,EA,08275,Non Residential Subtotal,700446720,fir_year_2020.xlsx#EA(1)-Assessment
2020,okotoks,0238,OKOTOKS,EA,08280,Residential Subtotal,4574141012,fir_year_2020.xlsx#EA(1)-Assessment
2020,okotoks,0238,OKOTOKS,EA,08285,Farmland,1052240,fir_year_2020.xlsx#EA(1)-Assessment
2020,okotoks,0238,OKOTOKS,EA,08290,Non Residential Railway,,fir_year_2020.xlsx#EA(1)-Assessment
2020,okotoks,0238,OKOTOKS,EA,08295,NR Res. Co-generating M&E,,fir_year_2020.xlsx#EA(1)-Assessment
2020,parkland,0245,PARKLAND COUNTY,D,01910,Provincial Government Unconditional Transfers,0,fir_year_2020.xlsx#D(1)-Total
2020,parkland,0245,PARKLAND COUNTY,D,01920,Provincial Government Conditional Transfers,12598303,fir_year_2020.xlsx#D(1)-Total
2020,parkland,0245,PARKLAND COUNTY,EA,08260,GRAND TOTAL,10742417778,fir_year_2020.xlsx#EA(1)-Assessment
2020,parkland,0245,PARKLAND COUNTY,EA,08265,Linear Subtotal,1820761640,fir_year_2020.xlsx#EA(1)-Assessment
2020,parkland,0245,PARKLAND COUNTY,EA,08270,Mach & Equip Subtotal,241708360,fir_year_2020.xlsx#EA(1)-Assessment
2020,parkland,0245,PARKLAND COUNTY,EA,08275,Non Residential Subtotal,2246105521,fir_year_2020.xlsx#EA(1)-Assessment
2020,parkland,0245,PARKLAND COUNTY,EA,08280,Residential Subtotal,6392447827,fir_year_2020.xlsx#EA(1)-Assessment
2020,parkland,0245,PARKLAND COUNTY,EA,08285,Farmland,41394430,fir_year_2020.xlsx#EA(1)-Assessment
2020,parkland,0245,PARKLAND COUNTY,EA,08290,Non Residential Railway,,fir_year_2020.xlsx#EA(1)-Assessment
2020,parkland,0245,PARKLAND COUNTY,EA,08295,NR Res. Co-generating M&E,,fir_year_2020.xlsx#EA(1)-Assessment
2020,rocky_view,0269,ROCKY VIEW COUNTY,D,01910,Provincial Government Unconditional Transfers,0,fir_year_2020.xlsx#D(1)-Total
2020,rocky_view,0269,ROCKY VIEW COUNTY,D,01920,Provincial Government Conditional Transfers,30503254,fir_year_2020.xlsx#D(1)-Total
2020,rocky_view,0269,ROCKY VIEW COUNTY,EA,08260,GRAND TOTAL,18651290445,fir_year_2020.xlsx#EA(1)-Assessment
2020,rocky_view,0269,ROCKY VIEW COUNTY,EA,08265,Linear Subtotal,1295432560,fir_year_2020.xlsx#EA(1)-Assessment
2020,rocky_view,0269,ROCKY VIEW COUNTY,EA,08270,Mach & Equip Subtotal,526830230,fir_year_2020.xlsx#EA(1)-Assessment
2020,rocky_view,0269,ROCKY VIEW COUNTY,EA,08275,Non Residential Subtotal,3298000611,fir_year_2020.xlsx#EA(1)-Assessment
2020,rocky_view,0269,ROCKY VIEW COUNTY,EA,08280,Residential Subtotal,13220610954,fir_year_2020.xlsx#EA(1)-Assessment
2020,rocky_view,0269,ROCKY VIEW COUNTY,EA,08285,Farmland,152119160,fir_year_2020.xlsx#EA(1)-Assessment
2020,rocky_view,0269,ROCKY VIEW COUNTY,EA,08290,Non Residential Railway,,fir_year_2020.xlsx#EA(1)-Assessment
2020,rocky_view,0269,ROCKY VIEW COUNTY,EA,08295,NR Res. Co-generating M&E,158296930,fir_year_2020.xlsx#EA(1)-Assessment
2020,spruce_grove,0291,SPRUCE GROVE,D,01910,Provincial Government Unconditional Transfers,0,fir_year_2020.xlsx#D(1)-Total
2020,spruce_grove,0291,SPRUCE GROVE,D,01920,Provincial Government Conditional Transfers,12847870,fir_year_2020.xlsx#D(1)-Total
2020,spruce_grove,0291,SPRUCE GROVE,EA,08260,GRAND TOTAL,6014971047,fir_year_2020.xlsx#EA(1)-Assessment
2020,spruce_grove,0291,SPRUCE GROVE,EA,08265,Linear Subtotal,39410140,fir_year_2020.xlsx#EA(1)-Assessment
2020,spruce_grove,0291,SPRUCE GROVE,EA,08270,Mach & Equip Subtotal,13048600,fir_year_2020.xlsx#EA(1)-Assessment
2020,spruce_grove,0291,SPRUCE GROVE,EA,08275,Non Residential Subtotal,1044459725,fir_year_2020.xlsx#EA(1)-Assessment
2020,spruce_grove,0291,SPRUCE GROVE,EA,08280,Residential Subtotal,4917704082,fir_year_2020.xlsx#EA(1)-Assessment
2020,spruce_grove,0291,SPRUCE GROVE,EA,08285,Farmland,348500,fir_year_2020.xlsx#EA(1)-Assessment
2020,spruce_grove,0291,SPRUCE GROVE,EA,08290,Non Residential Railway,,fir_year_2020.xlsx#EA(1)-Assessment
2020,spruce_grove,0291,SPRUCE GROVE,EA,08295,NR Res. Co-generating M&E,,fir_year_2020.xlsx#EA(1)-Assessment
2020,st_albert,0292,ST. ALBERT,D,01910,Provincial Government Unconditional Transfers,11998686,fir_year_2020.xlsx#D(1)-Total
2020,st_albert,0292,ST. ALBERT,D,01920,Provincial Government Conditional Transfers,31781402,fir_year_2020.xlsx#D(1)-Total
2020,st_albert,0292,ST. ALBERT,EA,08260,GRAND TOTAL,12605073265,fir_year_2020.xlsx#EA(1)-Assessment
2020,st_albert,0292,ST. ALBERT,EA,08265,Linear Subtotal,77771540,fir_year_2020.xlsx#EA(1)-Assessment
2020,st_albert,0292,ST. ALBERT,EA,08270,Mach & Equip Subtotal,24550000,fir_year_2020.xlsx#EA(1)-Assessment
2020,st_albert,0292,ST. ALBERT,EA,08275,Non Residential Subtotal,1854683546,fir_year_2020.xlsx#EA(1)-Assessment
2020,st_albert,0292,ST. ALBERT,EA,08280,Residential Subtotal,10647552879,fir_year_2020.xlsx#EA(1)-Assessment
2020,st_albert,0292,ST. ALBERT,EA,08285,Farmland,515300,fir_year_2020.xlsx#EA(1)-Assessment
2020,st_albert,0292,ST. ALBERT,EA,08290,Non Residential Railway,,fir_year_2020.xlsx#EA(1)-Assessment
2020,st_albert,0292,ST. ALBERT,EA,08295,NR Res. Co-generating M&E,,fir_year_2020.xlsx#EA(1)-Assessment
2020,stony_plain,0301,STONY PLAIN,D,01910,Provincial Government Unconditional Transfers,0,fir_year_2020.xlsx#D(1)-Total
2020,stony_plain,0301,STONY PLAIN,D,01920,Provincial Government Conditional Transfers,10415999,fir_year_2020.xlsx#D(1)-Total
2020,stony_plain,0301,STONY PLAIN,EA,08260,GRAND TOTAL,2723281027,fir_year_2020.xlsx#EA(1)-Assessment
2020,stony_plain,0301,STONY PLAIN,EA,08265,Linear Subtotal,27385580,fir_year_2020.xlsx#EA(1)-Assessment
2020,stony_plain,0301,STONY PLAIN,EA,08270,Mach & Equip Subtotal,565950,fir_year_2020.xlsx#EA(1)-Assessment
2020,stony_plain,0301,STONY PLAIN,EA,08275,Non Residential Subtotal,421598041,fir_year_2020.xlsx#EA(1)-Assessment
2020,stony_plain,0301,STONY PLAIN,EA,08280,Residential Subtotal,2272776666,fir_year_2020.xlsx#EA(1)-Assessment
2020,stony_plain,0301,STONY PLAIN,EA,08285,Farmland,954790,fir_year_2020.xlsx#EA(1)-Assessment
2020,stony_plain,0301,STONY PLAIN,EA,08290,Non Residential Railway,,fir_year_2020.xlsx#EA(1)-Assessment
2020,stony_plain,0301,STONY PLAIN,EA,08295,NR Res. Co-generating M&E,,fir_year_2020.xlsx#EA(1)-Assessment
2020,strathcona,0302,STRATHCONA COUNTY,D,01910,Provincial Government Unconditional Transfers,0,fir_year_2020.xlsx#D(1)-Total
2020,strathcona,0302,STRATHCONA COUNTY,D,01920,Provincial Government Conditional Transfers,55722378,fir_year_2020.xlsx#D(1)-Total
2020,strathcona,0302,STRATHCONA COUNTY,EA,08260,GRAND TOTAL,33907963975,fir_year_2020.xlsx#EA(1)-Assessment
2020,strathcona,0302,STRATHCONA COUNTY,EA,08265,Linear Subtotal,839333760,fir_year_2020.xlsx#EA(1)-Assessment
2020,strathcona,0302,STRATHCONA COUNTY,EA,08270,Mach & Equip Subtotal,10130783810,fir_year_2020.xlsx#EA(1)-Assessment
2020,strathcona,0302,STRATHCONA COUNTY,EA,08275,Non Residential Subtotal,5347340060,fir_year_2020.xlsx#EA(1)-Assessment
2020,strathcona,0302,STRATHCONA COUNTY,EA,08280,Residential Subtotal,17557619055,fir_year_2020.xlsx#EA(1)-Assessment
2020,strathcona,0302,STRATHCONA COUNTY,EA,08285,Farmland,32887290,fir_year_2020.xlsx#EA(1)-Assessment
2020,strathcona,0302,STRATHCONA COUNTY,EA,08290,Non Residential Railway,,fir_year_2020.xlsx#EA(1)-Assessment
2020,strathcona,0302,STRATHCONA COUNTY,EA,08295,NR Res. Co-generating M&E,,fir_year_2020.xlsx#EA(1)-Assessment
2020,sturgeon,0305,STURGEON COUNTY,D,01910,Provincial Government Unconditional Transfers,0,fir_year_2020.xlsx#D(1)-Total
2020,sturgeon,0305,STURGEON COUNTY,D,01920,Provincial Government Conditional Transfers,8980191,fir_year_2020.xlsx#D(1)-Total
2020,sturgeon,0305,STURGEON COUNTY,EA,08260,GRAND TOTAL,7360527926,fir_year_2020.xlsx#EA(1)-Assessment
2020,sturgeon,0305,STURGEON COUNTY,EA,08265,Linear Subtotal,784569190,fir_year_2020.xlsx#EA(1)-Assessment
2020,sturgeon,0305,STURGEON COUNTY,EA,08270,Mach & Equip Subtotal,1464094590,fir_year_2020.xlsx#EA(1)-Assessment
2020,sturgeon,0305,STURGEON COUNTY,EA,08275,Non Residential Subtotal,1179870497,fir_year_2020.xlsx#EA(1)-Assessment
2020,sturgeon,0305,STURGEON COUNTY,EA,08280,Residential Subtotal,3853471839,fir_year_2020.xlsx#EA(1)-Assessment
2020,sturgeon,0305,STURGEON COUNTY,EA,08285,Farmland,78521810,fir_year_2020.xlsx#EA(1)-Assessment
2020,sturgeon,0305,STURGEON COUNTY,EA,08290,Non Residential Railway,,fir_year_2020.xlsx#EA(1)-Assessment
2020,sturgeon,0305,STURGEON COUNTY,EA,08295,NR Res. Co-generating M&E,,fir_year_2020.xlsx#EA(1)-Assessment
2020,chestermere,0356,CHESTERMERE,D,01910,Provincial Government Unconditional Transfers,0,fir_year_2020.xlsx#D(1)-Total
2020,chestermere,0356,CHESTERMERE,D,01920,Provincial Government Conditional Transfers,4068657,fir_year_2020.xlsx#D(1)-Total
2020,chestermere,0356,CHESTERMERE,EA,08260,GRAND TOTAL,3720159442,fir_year_2020.xlsx#EA(1)-Assessment
2020,chestermere,0356,CHESTERMERE,EA,08265,Linear Subtotal,33841370,fir_year_2020.xlsx#EA(1)-Assessment
2020,chestermere,0356,CHESTERMERE,EA,08270,Mach & Equip Subtotal,273780,fir_year_2020.xlsx#EA(1)-Assessment
2020,chestermere,0356,CHESTERMERE,EA,08275,Non Residential Subtotal,167303387,fir_year_2020.xlsx#EA(1)-Assessment
2020,chestermere,0356,CHESTERMERE,EA,08280,Residential Subtotal,3517574755,fir_year_2020.xlsx#EA(1)-Assessment
2020,chestermere,0356,CHESTERMERE,EA,08285,Farmland,1166150,fir_year_2020.xlsx#EA(1)-Assessment
2020,chestermere,0356,CHESTERMERE,EA,08290,Non Residential Railway,,fir_year_2020.xlsx#EA(1)-Assessment
2020,chestermere,0356,CHESTERMERE,EA,08295,NR Res. Co-generating M&E,,fir_year_2020.xlsx#EA(1)-Assessment
2021,airdrie,0003,AIRDRIE,D,01910,Provincial Government Unconditional Transfers,489487,fir_year_2021.xlsx#D(1)-Total
2021,airdrie,0003,AIRDRIE,D,01920,Provincial Government Conditional Transfers,25223254,fir_year_2021.xlsx#D(1)-Total
2021,airdrie,0003,AIRDRIE,EA,08260,GRAND TOTAL,11398517895,fir_year_2021.xlsx#EA(1)-Assessment
2021,airdrie,0003,AIRDRIE,EA,08265,Linear Subtotal,78556960,fir_year_2021.xlsx#EA(1)-Assessment
2021,airdrie,0003,AIRDRIE,EA,08270,Mach & Equip Subtotal,7826460,fir_year_2021.xlsx#EA(1)-Assessment
2021,airdrie,0003,AIRDRIE,EA,08275,Non Residential Subtotal,1731613506,fir_year_2021.xlsx#EA(1)-Assessment
2021,airdrie,0003,AIRDRIE,EA,08280,Residential Subtotal,9577785459,fir_year_2021.xlsx#EA(1)-Assessment
2021,airdrie,0003,AIRDRIE,EA,08285,Farmland,2735510,fir_year_2021.xlsx#EA(1)-Assessment
2021,airdrie,0003,AIRDRIE,EA,08290,Non Residential Railway,,fir_year_2021.xlsx#EA(1)-Assessment
2021,airdrie,0003,AIRDRIE,EA,08295,NR Res. Co-generating M&E,,fir_year_2021.xlsx#EA(1)-Assessment
2021,beaumont,0019,BEAUMONT,D,01910,Provincial Government Unconditional Transfers,0,fir_year_2021.xlsx#D(1)-Total
2021,beaumont,0019,BEAUMONT,D,01920,Provincial Government Conditional Transfers,11026171,fir_year_2021.xlsx#D(1)-Total
2021,beaumont,0019,BEAUMONT,EA,08260,GRAND TOTAL,2994580805,fir_year_2021.xlsx#EA(1)-Assessment
2021,beaumont,0019,BEAUMONT,EA,08265,Linear Subtotal,18181920,fir_year_2021.xlsx#EA(1)-Assessment
2021,beaumont,0019,BEAUMONT,EA,08270,Mach & Equip Subtotal,130150,fir_year_2021.xlsx#EA(1)-Assessment
2021,beaumont,0019,BEAUMONT,EA,08275,Non Residential Subtotal,208802816,fir_year_2021.xlsx#EA(1)-Assessment
2021,beaumont,0019,BEAUMONT,EA,08280,Residential Subtotal,2766655579,fir_year_2021.xlsx#EA(1)-Assessment
2021,beaumont,0019,BEAUMONT,EA,08285,Farmland,810340,fir_year_2021.xlsx#EA(1)-Assessment
2021,beaumont,0019,BEAUMONT,EA,08290,Non Residential Railway,,fir_year_2021.xlsx#EA(1)-Assessment
2021,beaumont,0019,BEAUMONT,EA,08295,NR Res. Co-generating M&E,,fir_year_2021.xlsx#EA(1)-Assessment
2021,calgary,0046,CALGARY,D,01910,Provincial Government Unconditional Transfers,55129000,fir_year_2021.xlsx#D(1)-Total
2021,calgary,0046,CALGARY,D,01920,Provincial Government Conditional Transfers,343942000,fir_year_2021.xlsx#D(1)-Total
2021,calgary,0046,CALGARY,EA,08260,GRAND TOTAL,272626019930,fir_year_2021.xlsx#EA(1)-Assessment
2021,calgary,0046,CALGARY,EA,08265,Linear Subtotal,2879538620,fir_year_2021.xlsx#EA(1)-Assessment
2021,calgary,0046,CALGARY,EA,08270,Mach & Equip Subtotal,361944920,fir_year_2021.xlsx#EA(1)-Assessment
2021,calgary,0046,CALGARY,EA,08275,Non Residential Subtotal,58765545047,fir_year_2021.xlsx#EA(1)-Assessment
2021,calgary,0046,CALGARY,EA,08280,Residential Subtotal,210609514058,fir_year_2021.xlsx#EA(1)-Assessment
2021,calgary,0046,CALGARY,EA,08285,Farmland,9477285,fir_year_2021.xlsx#EA(1)-Assessment
2021,calgary,0046,CALGARY,EA,08290,Non Residential Railway,,fir_year_2021.xlsx#EA(1)-Assessment
2021,calgary,0046,CALGARY,EA,08295,NR Res. Co-generating M&E,,fir_year_2021.xlsx#EA(1)-Assessment
2021,cochrane,0070,COCHRANE,D,01910,Provincial Government Unconditional Transfers,3687502,fir_year_2021.xlsx#D(1)-Total
2021,cochrane,0070,COCHRANE,D,01920,Provincial Government Conditional Transfers,7800786,fir_year_2021.xlsx#D(1)-Total
2021,cochrane,0070,COCHRANE,EA,08260,GRAND TOTAL,5768948154,fir_year_2021.xlsx#EA(1)-Assessment
2021,cochrane,0070,COCHRANE,EA,08265,Linear Subtotal,47896450,fir_year_2021.xlsx#EA(1)-Assessment
2021,cochrane,0070,COCHRANE,EA,08270,Mach & Equip Subtotal,13541070,fir_year_2021.xlsx#EA(1)-Assessment
2021,cochrane,0070,COCHRANE,EA,08275,Non Residential Subtotal,590738106,fir_year_2021.xlsx#EA(1)-Assessment
2021,cochrane,0070,COCHRANE,EA,08280,Residential Subtotal,5116607218,fir_year_2021.xlsx#EA(1)-Assessment
2021,cochrane,0070,COCHRANE,EA,08285,Farmland,165310,fir_year_2021.xlsx#EA(1)-Assessment
2021,cochrane,0070,COCHRANE,EA,08290,Non Residential Railway,,fir_year_2021.xlsx#EA(1)-Assessment
2021,cochrane,0070,COCHRANE,EA,08295,NR Res. Co-generating M&E,,fir_year_2021.xlsx#EA(1)-Assessment
2021,devon,0086,DEVON,D,01910,Provincial Government Unconditional Transfers,872808,fir_year_2021.xlsx#D(1)-Total
2021,devon,0086,DEVON,D,01920,Provincial Government Conditional Transfers,1643110,fir_year_2021.xlsx#D(1)-Total
2021,devon,0086,DEVON,EA,08260,GRAND TOTAL,887730373,fir_year_2021.xlsx#EA(1)-Assessment
2021,devon,0086,DEVON,EA,08265,Linear Subtotal,13439760,fir_year_2021.xlsx#EA(1)-Assessment
2021,devon,0086,DEVON,EA,08270,Mach & Equip Subtotal,300990,fir_year_2021.xlsx#EA(1)-Assessment
2021,devon,0086,DEVON,EA,08275,Non Residential Subtotal,107590403,fir_year_2021.xlsx#EA(1)-Assessment
2021,devon,0086,DEVON,EA,08280,Residential Subtotal,766033540,fir_year_2021.xlsx#EA(1)-Assessment
2021,devon,0086,DEVON,EA,08285,Farmland,365680,fir_year_2021.xlsx#EA(1)-Assessment
2021,devon,0086,DEVON,EA,08290,Non Residential Railway,,fir_year_2021.xlsx#EA(1)-Assessment
2021,devon,0086,DEVON,EA,08295,NR Res. Co-generating M&E,,fir_year_2021.xlsx#EA(1)-Assessment
2021,edmonton,0098,EDMONTON,D,01910,Provincial Government Unconditional Transfers,0,fir_year_2021.xlsx#D(1)-Total
2021,edmonton,0098,EDMONTON,D,01920,Provincial Government Conditional Transfers,386181000,fir_year_2021.xlsx#D(1)-Total
2021,edmonton,0098,EDMONTON,EA,08260,GRAND TOTAL,174008696175,fir_year_2021.xlsx#EA(1)-Assessment
2021,edmonton,0098,EDMONTON,EA,08265,Linear Subtotal,1915241330,fir_year_2021.xlsx#EA(1)-Assessment
2021,edmonton,0098,EDMONTON,EA,08270,Mach & Equip Subtotal,870840887,fir_year_2021.xlsx#EA(1)-Assessment
2021,edmonton,0098,EDMONTON,EA,08275,Non Residential Subtotal,40369072531,fir_year_2021.xlsx#EA(1)-Assessment
2021,edmonton,0098,EDMONTON,EA,08280,Residential Subtotal,130776923655,fir_year_2021.xlsx#EA(1)-Assessment
2021,edmonton,0098,EDMONTON,EA,08285,Farmland,76617772,fir_year_2021.xlsx#EA(1)-Assessment
2021,edmonton,0098,EDMONTON,EA,08290,Non Residential Railway,,fir_year_2021.xlsx#EA(1)-Assessment
2021,edmonton,0098,EDMONTON,EA,08295,NR Res. Co-generating M&E,,fir_year_2021.xlsx#EA(1)-Assessment
2021,foothills,0111,FOOTHILLS COUNTY,D,01910,Provincial Government Unconditional Transfers,0,fir_year_2021.xlsx#D(1)-Total
2021,foothills,0111,FOOTHILLS COUNTY,D,01920,Provincial Government Conditional Transfers,10830456,fir_year_2021.xlsx#D(1)-Total
2021,foothills,0111,FOOTHILLS COUNTY,EA,08260,GRAND TOTAL,8064558790,fir_year_2021.xlsx#EA(1)-Assessment
2021,foothills,0111,FOOTHILLS COUNTY,EA,08265,Linear Subtotal,376277690,fir_year_2021.xlsx#EA(1)-Assessment
2021,foothills,0111,FOOTHILLS COUNTY,EA,08270,Mach & Equip Subtotal,149338170,fir_year_2021.xlsx#EA(1)-Assessment
2021,foothills,0111,FOOTHILLS COUNTY,EA,08275,Non Residential Subtotal,557893376,fir_year_2021.xlsx#EA(1)-Assessment
2021,foothills,0111,FOOTHILLS COUNTY,EA,08280,Residential Subtotal,6843240844,fir_year_2021.xlsx#EA(1)-Assessment
2021,foothills,0111,FOOTHILLS COUNTY,EA,08285,Farmland,137808710,fir_year_2021.xlsx#EA(1)-Assessment
2021,foothills,0111,FOOTHILLS COUNTY,EA,08290,Non Residential Railway,,fir_year_2021.xlsx#EA(1)-Assessment
2021,foothills,0111,FOOTHILLS COUNTY,EA,08295,NR Res. Co-generating M&E,,fir_year_2021.xlsx#EA(1)-Assessment
2021,fort_saskatchewan,0117,FORT SASKATCHEWAN,D,01910,Provincial Government Unconditional Transfers,0,fir_year_2021.xlsx#D(1)-Total
2021,fort_saskatchewan,0117,FORT SASKATCHEWAN,D,01920,Provincial Government Conditional Transfers,8569000,fir_year_2021.xlsx#D(1)-Total
2021,fort_saskatchewan,0117,FORT SASKATCHEWAN,EA,08260,GRAND TOTAL,6480943199,fir_year_2021.xlsx#EA(1)-Assessment
2021,fort_saskatchewan,0117,FORT SASKATCHEWAN,EA,08265,Linear Subtotal,134375710,fir_year_2021.xlsx#EA(1)-Assessment
2021,fort_saskatchewan,0117,FORT SASKATCHEWAN,EA,08270,Mach & Equip Subtotal,1573410260,fir_year_2021.xlsx#EA(1)-Assessment
2021,fort_saskatchewan,0117,FORT SASKATCHEWAN,EA,08275,Non Residential Subtotal,1195883242,fir_year_2021.xlsx#EA(1)-Assessment
2021,fort_saskatchewan,0117,FORT SASKATCHEWAN,EA,08280,Residential Subtotal,3575884537,fir_year_2021.xlsx#EA(1)-Assessment
2021,fort_saskatchewan,0117,FORT SASKATCHEWAN,EA,08285,Farmland,1389450,fir_year_2021.xlsx#EA(1)-Assessment
2021,fort_saskatchewan,0117,FORT SASKATCHEWAN,EA,08290,Non Residential Railway,,fir_year_2021.xlsx#EA(1)-Assessment
2021,fort_saskatchewan,0117,FORT SASKATCHEWAN,EA,08295,NR Res. Co-generating M&E,,fir_year_2021.xlsx#EA(1)-Assessment
2021,high_river,0148,HIGH RIVER,D,01910,Provincial Government Unconditional Transfers,2991227,fir_year_2021.xlsx#D(1)-Total
2021,high_river,0148,HIGH RIVER,D,01920,Provincial Government Conditional Transfers,8957529,fir_year_2021.xlsx#D(1)-Total
2021,high_river,0148,HIGH RIVER,EA,08260,GRAND TOTAL,2013640728,fir_year_2021.xlsx#EA(1)-Assessment
2021,high_river,0148,HIGH RIVER,EA,08265,Linear Subtotal,16242740,fir_year_2021.xlsx#EA(1)-Assessment
2021,high_river,0148,HIGH RIVER,EA,08270,Mach & Equip Subtotal,114440,fir_year_2021.xlsx#EA(1)-Assessment
2021,high_river,0148,HIGH RIVER,EA,08275,Non Residential Subtotal,315802250,fir_year_2021.xlsx#EA(1)-Assessment
2021,high_river,0148,HIGH RIVER,EA,08280,Residential Subtotal,1681006798,fir_year_2021.xlsx#EA(1)-Assessment
2021,high_river,0148,HIGH RIVER,EA,08285,Farmland,474500,fir_year_2021.xlsx#EA(1)-Assessment
2021,high_river,0148,HIGH RIVER,EA,08290,Non Residential Railway,,fir_year_2021.xlsx#EA(1)-Assessment
2021,high_river,0148,HIGH RIVER,EA,08295,NR Res. Co-generating M&E,,fir_year_2021.xlsx#EA(1)-Assessment
2021,leduc_city,0200,LEDUC,D,01910,Provincial Government Unconditional Transfers,2268102,fir_year_2021.xlsx#D(1)-Total
2021,leduc_city,0200,LEDUC,D,01920,Provincial Government Conditional Transfers,9500480,fir_year_2021.xlsx#D(1)-Total
2021,leduc_city,0200,LEDUC,EA,08260,GRAND TOTAL,6251576311,fir_year_2021.xlsx#EA(1)-Assessment
2021,leduc_city,0200,LEDUC,EA,08265,Linear Subtotal,60301380,fir_year_2021.xlsx#EA(1)-Assessment
2021,leduc_city,0200,LEDUC,EA,08270,Mach & Equip Subtotal,4913410,fir_year_2021.xlsx#EA(1)-Assessment
2021,leduc_city,0200,LEDUC,EA,08275,Non Residential Subtotal,2119520049,fir_year_2021.xlsx#EA(1)-Assessment
2021,leduc_city,0200,LEDUC,EA,08280,Residential Subtotal,4066039072,fir_year_2021.xlsx#EA(1)-Assessment
2021,leduc_city,0200,LEDUC,EA,08285,Farmland,802400,fir_year_2021.xlsx#EA(1)-Assessment
2021,leduc_city,0200,LEDUC,EA,08290,Non Residential Railway,,fir_year_2021.xlsx#EA(1)-Assessment
2021,leduc_city,0200,LEDUC,EA,08295,NR Res. Co-generating M&E,,fir_year_2021.xlsx#EA(1)-Assessment
2021,leduc_county,0201,LEDUC COUNTY,D,01910,Provincial Government Unconditional Transfers,12811,fir_year_2021.xlsx#D(1)-Total
2021,leduc_county,0201,LEDUC COUNTY,D,01920,Provincial Government Conditional Transfers,12015893,fir_year_2021.xlsx#D(1)-Total
2021,leduc_county,0201,LEDUC COUNTY,EA,08260,GRAND TOTAL,8684641863,fir_year_2021.xlsx#EA(1)-Assessment
2021,leduc_county,0201,LEDUC COUNTY,EA,08265,Linear Subtotal,1335716930,fir_year_2021.xlsx#EA(1)-Assessment
2021,leduc_county,0201,LEDUC COUNTY,EA,08270,Mach & Equip Subtotal,179569150,fir_year_2021.xlsx#EA(1)-Assessment
2021,leduc_county,0201,LEDUC COUNTY,EA,08275,Non Residential Subtotal,4348795532,fir_year_2021.xlsx#EA(1)-Assessment
2021,leduc_county,0201,LEDUC COUNTY,EA,08280,Residential Subtotal,2735177081,fir_year_2021.xlsx#EA(1)-Assessment
2021,leduc_county,0201,LEDUC COUNTY,EA,08285,Farmland,85383170,fir_year_2021.xlsx#EA(1)-Assessment
2021,leduc_county,0201,LEDUC COUNTY,EA,08290,Non Residential Railway,,fir_year_2021.xlsx#EA(1)-Assessment
2021,leduc_county,0201,LEDUC COUNTY,EA,08295,NR Res. Co-generating M&E,,fir_year_2021.xlsx#EA(1)-Assessment
2021,morinville,0224,MORINVILLE,D,01910,Provincial Government Unconditional Transfers,0,fir_year_2021.xlsx#D(1)-Total
2021,morinville,0224,MORINVILLE,D,01920,Provincial Government Conditional Transfers,4184664,fir_year_2021.xlsx#D(1)-Total
2021,morinville,0224,MORINVILLE,EA,08260,GRAND TOTAL,1352574482,fir_year_2021.xlsx#EA(1)-Assessment
2021,morinville,0224,MORINVILLE,EA,08265,Linear Subtotal,11760510,fir_year_2021.xlsx#EA(1)-Assessment
2021,morinville,0224,MORINVILLE,EA,08270,Mach & Equip Subtotal,2124790,fir_year_2021.xlsx#EA(1)-Assessment
2021,morinville,0224,MORINVILLE,EA,08275,Non Residential Subtotal,163662481,fir_year_2021.xlsx#EA(1)-Assessment
2021,morinville,0224,MORINVILLE,EA,08280,Residential Subtotal,1174759731,fir_year_2021.xlsx#EA(1)-Assessment
2021,morinville,0224,MORINVILLE,EA,08285,Farmland,266970,fir_year_2021.xlsx#EA(1)-Assessment
2021,morinville,0224,MORINVILLE,EA,08290,Non Residential Railway,,fir_year_2021.xlsx#EA(1)-Assessment
2021,morinville,0224,MORINVILLE,EA,08295,NR Res. Co-generating M&E,,fir_year_2021.xlsx#EA(1)-Assessment
2021,okotoks,0238,OKOTOKS,D,01910,Provincial Government Unconditional Transfers,318000,fir_year_2021.xlsx#D(1)-Total
2021,okotoks,0238,OKOTOKS,D,01920,Provincial Government Conditional Transfers,21736834,fir_year_2021.xlsx#D(1)-Total
2021,okotoks,0238,OKOTOKS,EA,08260,GRAND TOTAL,5294826598,fir_year_2021.xlsx#EA(1)-Assessment
2021,okotoks,0238,OKOTOKS,EA,08265,Linear Subtotal,29430060,fir_year_2021.xlsx#EA(1)-Assessment
2021,okotoks,0238,OKOTOKS,EA,08270,Mach & Equip Subtotal,,fir_year_2021.xlsx#EA(1)-Assessment
2021,okotoks,0238,OKOTOKS,EA,08275,Non Residential Subtotal,715810291,fir_year_2021.xlsx#EA(1)-Assessment
2021,okotoks,0238,OKOTOKS,EA,08280,Residential Subtotal,4548541497,fir_year_2021.xlsx#EA(1)-Assessment
2021,okotoks,0238,OKOTOKS,EA,08285,Farmland,1044750,fir_year_2021.xlsx#EA(1)-Assessment
2021,okotoks,0238,OKOTOKS,EA,08290,Non Residential Railway,,fir_year_2021.xlsx#EA(1)-Assessment
2021,okotoks,0238,OKOTOKS,EA,08295,NR Res. Co-generating M&E,,fir_year_2021.xlsx#EA(1)-Assessment
2021,parkland,0245,PARKLAND COUNTY,D,01910,Provincial Government Unconditional Transfers,0,fir_year_2021.xlsx#D(1)-Total
2021,parkland,0245,PARKLAND COUNTY,D,01920,Provincial Government Conditional Transfers,24149534,fir_year_2021.xlsx#D(1)-Total
2021,parkland,0245,PARKLAND COUNTY,EA,08260,GRAND TOTAL,11100968799,fir_year_2021.xlsx#EA(1)-Assessment
2021,parkland,0245,PARKLAND COUNTY,EA,08265,Linear Subtotal,1828578060,fir_year_2021.xlsx#EA(1)-Assessment
2021,parkland,0245,PARKLAND COUNTY,EA,08270,Mach & Equip Subtotal,282694810,fir_year_2021.xlsx#EA(1)-Assessment
2021,parkland,0245,PARKLAND COUNTY,EA,08275,Non Residential Subtotal,2476020882,fir_year_2021.xlsx#EA(1)-Assessment
2021,parkland,0245,PARKLAND COUNTY,EA,08280,Residential Subtotal,6472343527,fir_year_2021.xlsx#EA(1)-Assessment
2021,parkland,0245,PARKLAND COUNTY,EA,08285,Farmland,41331520,fir_year_2021.xlsx#EA(1)-Assessment
2021,parkland,0245,PARKLAND COUNTY,EA,08290,Non Residential Railway,,fir_year_2021.xlsx#EA(1)-Assessment
2021,parkland,0245,PARKLAND COUNTY,EA,08295,NR Res. Co-generating M&E,,fir_year_2021.xlsx#EA(1)-Assessment
2021,rocky_view,0269,ROCKY VIEW COUNTY,D,01910,Provincial Government Unconditional Transfers,0,fir_year_2021.xlsx#D(1)-Total
2021,rocky_view,0269,ROCKY VIEW COUNTY,D,01920,Provincial Government Conditional Transfers,34768989,fir_year_2021.xlsx#D(1)-Total
2021,rocky_view,0269,ROCKY VIEW COUNTY,EA,08260,GRAND TOTAL,18748561752,fir_year_2021.xlsx#EA(1)-Assessment
2021,rocky_view,0269,ROCKY VIEW COUNTY,EA,08265,Linear Subtotal,1194847810,fir_year_2021.xlsx#EA(1)-Assessment
2021,rocky_view,0269,ROCKY VIEW COUNTY,EA,08270,Mach & Equip Subtotal,523078330,fir_year_2021.xlsx#EA(1)-Assessment
2021,rocky_view,0269,ROCKY VIEW COUNTY,EA,08275,Non Residential Subtotal,3444653064,fir_year_2021.xlsx#EA(1)-Assessment
2021,rocky_view,0269,ROCKY VIEW COUNTY,EA,08280,Residential Subtotal,13434017078,fir_year_2021.xlsx#EA(1)-Assessment
2021,rocky_view,0269,ROCKY VIEW COUNTY,EA,08285,Farmland,151965470,fir_year_2021.xlsx#EA(1)-Assessment
2021,rocky_view,0269,ROCKY VIEW COUNTY,EA,08290,Non Residential Railway,,fir_year_2021.xlsx#EA(1)-Assessment
2021,rocky_view,0269,ROCKY VIEW COUNTY,EA,08295,NR Res. Co-generating M&E,,fir_year_2021.xlsx#EA(1)-Assessment
2021,spruce_grove,0291,SPRUCE GROVE,D,01910,Provincial Government Unconditional Transfers,0,fir_year_2021.xlsx#D(1)-Total
2021,spruce_grove,0291,SPRUCE GROVE,D,01920,Provincial Government Conditional Transfers,17008205,fir_year_2021.xlsx#D(1)-Total
2021,spruce_grove,0291,SPRUCE GROVE,EA,08260,GRAND TOTAL,6028934184,fir_year_2021.xlsx#EA(1)-Assessment
2021,spruce_grove,0291,SPRUCE GROVE,EA,08265,Linear Subtotal,40225760,fir_year_2021.xlsx#EA(1)-Assessment
2021,spruce_grove,0291,SPRUCE GROVE,EA,08270,Mach & Equip Subtotal,13814970,fir_year_2021.xlsx#EA(1)-Assessment
2021,spruce_grove,0291,SPRUCE GROVE,EA,08275,Non Residential Subtotal,1046554020,fir_year_2021.xlsx#EA(1)-Assessment
2021,spruce_grove,0291,SPRUCE GROVE,EA,08280,Residential Subtotal,4927972934,fir_year_2021.xlsx#EA(1)-Assessment
2021,spruce_grove,0291,SPRUCE GROVE,EA,08285,Farmland,366500,fir_year_2021.xlsx#EA(1)-Assessment
2021,spruce_grove,0291,SPRUCE GROVE,EA,08290,Non Residential Railway,,fir_year_2021.xlsx#EA(1)-Assessment
2021,spruce_grove,0291,SPRUCE GROVE,EA,08295,NR Res. Co-generating M&E,,fir_year_2021.xlsx#EA(1)-Assessment
2021,st_albert,0292,ST. ALBERT,D,01910,Provincial Government Unconditional Transfers,4219821,fir_year_2021.xlsx#D(1)-Total
2021,st_albert,0292,ST. ALBERT,D,01920,Provincial Government Conditional Transfers,39044147,fir_year_2021.xlsx#D(1)-Total
2021,st_albert,0292,ST. ALBERT,EA,08260,GRAND TOTAL,12557676164,fir_year_2021.xlsx#EA(1)-Assessment
2021,st_albert,0292,ST. ALBERT,EA,08265,Linear Subtotal,79836600,fir_year_2021.xlsx#EA(1)-Assessment
2021,st_albert,0292,ST. ALBERT,EA,08270,Mach & Equip Subtotal,24271340,fir_year_2021.xlsx#EA(1)-Assessment
2021,st_albert,0292,ST. ALBERT,EA,08275,Non Residential Subtotal,1922216948,fir_year_2021.xlsx#EA(1)-Assessment
2021,st_albert,0292,ST. ALBERT,EA,08280,Residential Subtotal,10530843076,fir_year_2021.xlsx#EA(1)-Assessment
2021,st_albert,0292,ST. ALBERT,EA,08285,Farmland,508200,fir_year_2021.xlsx#EA(1)-Assessment
2021,st_albert,0292,ST. ALBERT,EA,08290,Non Residential Railway,,fir_year_2021.xlsx#EA(1)-Assessment
2021,st_albert,0292,ST. ALBERT,EA,08295,NR Res. Co-generating M&E,,fir_year_2021.xlsx#EA(1)-Assessment
2021,stony_plain,0301,STONY PLAIN,D,01910,Provincial Government Unconditional Transfers,0,fir_year_2021.xlsx#D(1)-Total
2021,stony_plain,0301,STONY PLAIN,D,01920,Provincial Government Conditional Transfers,9378556,fir_year_2021.xlsx#D(1)-Total
2021,stony_plain,0301,STONY PLAIN,EA,08260,GRAND TOTAL,2722682906,fir_year_2021.xlsx#EA(1)-Assessment
2021,stony_plain,0301,STONY PLAIN,EA,08265,Linear Subtotal,27640890,fir_year_2021.xlsx#EA(1)-Assessment
2021,stony_plain,0301,STONY PLAIN,EA,08270,Mach & Equip Subtotal,549320,fir_year_2021.xlsx#EA(1)-Assessment
2021,stony_plain,0301,STONY PLAIN,EA,08275,Non Residential Subtotal,430085084,fir_year_2021.xlsx#EA(1)-Assessment
2021,stony_plain,0301,STONY PLAIN,EA,08280,Residential Subtotal,2263454852,fir_year_2021.xlsx#EA(1)-Assessment
2021,stony_plain,0301,STONY PLAIN,EA,08285,Farmland,952760,fir_year_2021.xlsx#EA(1)-Assessment
2021,stony_plain,0301,STONY PLAIN,EA,08290,Non Residential Railway,,fir_year_2021.xlsx#EA(1)-Assessment
2021,stony_plain,0301,STONY PLAIN,EA,08295,NR Res. Co-generating M&E,,fir_year_2021.xlsx#EA(1)-Assessment
2021,strathcona,0302,STRATHCONA COUNTY,D,01910,Provincial Government Unconditional Transfers,0,fir_year_2021.xlsx#D(1)-Total
2021,strathcona,0302,STRATHCONA COUNTY,D,01920,Provincial Government Conditional Transfers,46714386,fir_year_2021.xlsx#D(1)-Total
2021,strathcona,0302,STRATHCONA COUNTY,EA,08260,GRAND TOTAL,33598911131,fir_year_2021.xlsx#EA(1)-Assessment
2021,strathcona,0302,STRATHCONA COUNTY,EA,08265,Linear Subtotal,832235640,fir_year_2021.xlsx#EA(1)-Assessment
2021,strathcona,0302,STRATHCONA COUNTY,EA,08270,Mach & Equip Subtotal,9912015550,fir_year_2021.xlsx#EA(1)-Assessment
2021,strathcona,0302,STRATHCONA COUNTY,EA,08275,Non Residential Subtotal,5446443652,fir_year_2021.xlsx#EA(1)-Assessment
2021,strathcona,0302,STRATHCONA COUNTY,EA,08280,Residential Subtotal,17374566379,fir_year_2021.xlsx#EA(1)-Assessment
2021,strathcona,0302,STRATHCONA COUNTY,EA,08285,Farmland,33649910,fir_year_2021.xlsx#EA(1)-Assessment
2021,strathcona,0302,STRATHCONA COUNTY,EA,08290,Non Residential Railway,,fir_year_2021.xlsx#EA(1)-Assessment
2021,strathcona,0302,STRATHCONA COUNTY,EA,08295,NR Res. Co-generating M&E,,fir_year_2021.xlsx#EA(1)-Assessment
2021,sturgeon,0305,STURGEON COUNTY,D,01910,Provincial Government Unconditional Transfers,0,fir_year_2021.xlsx#D(1)-Total
2021,sturgeon,0305,STURGEON COUNTY,D,01920,Provincial Government Conditional Transfers,9922978,fir_year_2021.xlsx#D(1)-Total
2021,sturgeon,0305,STURGEON COUNTY,EA,08260,GRAND TOTAL,7332879571,fir_year_2021.xlsx#EA(1)-Assessment
2021,sturgeon,0305,STURGEON COUNTY,EA,08265,Linear Subtotal,753499720,fir_year_2021.xlsx#EA(1)-Assessment
2021,sturgeon,0305,STURGEON COUNTY,EA,08270,Mach & Equip Subtotal,1562494560,fir_year_2021.xlsx#EA(1)-Assessment
2021,sturgeon,0305,STURGEON COUNTY,EA,08275,Non Residential Subtotal,1209186100,fir_year_2021.xlsx#EA(1)-Assessment
2021,sturgeon,0305,STURGEON COUNTY,EA,08280,Residential Subtotal,3729421251,fir_year_2021.xlsx#EA(1)-Assessment
2021,sturgeon,0305,STURGEON COUNTY,EA,08285,Farmland,78277940,fir_year_2021.xlsx#EA(1)-Assessment
2021,sturgeon,0305,STURGEON COUNTY,EA,08290,Non Residential Railway,,fir_year_2021.xlsx#EA(1)-Assessment
2021,sturgeon,0305,STURGEON COUNTY,EA,08295,NR Res. Co-generating M&E,,fir_year_2021.xlsx#EA(1)-Assessment
2021,chestermere,0356,CHESTERMERE,D,01910,Provincial Government Unconditional Transfers,0,fir_year_2021.xlsx#D(1)-Total
2021,chestermere,0356,CHESTERMERE,D,01920,Provincial Government Conditional Transfers,7698038,fir_year_2021.xlsx#D(1)-Total
2021,chestermere,0356,CHESTERMERE,EA,08260,GRAND TOTAL,3833831802,fir_year_2021.xlsx#EA(1)-Assessment
2021,chestermere,0356,CHESTERMERE,EA,08265,Linear Subtotal,34177080,fir_year_2021.xlsx#EA(1)-Assessment
2021,chestermere,0356,CHESTERMERE,EA,08270,Mach & Equip Subtotal,286710,fir_year_2021.xlsx#EA(1)-Assessment
2021,chestermere,0356,CHESTERMERE,EA,08275,Non Residential Subtotal,164393842,fir_year_2021.xlsx#EA(1)-Assessment
2021,chestermere,0356,CHESTERMERE,EA,08280,Residential Subtotal,3633889920,fir_year_2021.xlsx#EA(1)-Assessment
2021,chestermere,0356,CHESTERMERE,EA,08285,Farmland,1084250,fir_year_2021.xlsx#EA(1)-Assessment
2021,chestermere,0356,CHESTERMERE,EA,08290,Non Residential Railway,,fir_year_2021.xlsx#EA(1)-Assessment
2021,chestermere,0356,CHESTERMERE,EA,08295,NR Res. Co-generating M&E,,fir_year_2021.xlsx#EA(1)-Assessment
2022,airdrie,0003,AIRDRIE,D,01910,Provincial Government Unconditional Transfers,489487,fir_year_2022.xlsx#D(1)-Total
2022,airdrie,0003,AIRDRIE,D,01920,Provincial Government Conditional Transfers,29954035,fir_year_2022.xlsx#D(1)-Total
2022,airdrie,0003,AIRDRIE,EA,08260,GRAND TOTAL,11531771100,fir_year_2022.xlsx#EA(1)-Assessment
2022,airdrie,0003,AIRDRIE,EA,08265,Linear Subtotal,81825180,fir_year_2022.xlsx#EA(1)-Assessment
2022,airdrie,0003,AIRDRIE,EA,08270,Mach & Equip Subtotal,7808070,fir_year_2022.xlsx#EA(1)-Assessment
2022,airdrie,0003,AIRDRIE,EA,08275,Non Residential Subtotal,1729930716,fir_year_2022.xlsx#EA(1)-Assessment
2022,airdrie,0003,AIRDRIE,EA,08280,Residential Subtotal,9709476804,fir_year_2022.xlsx#EA(1)-Assessment
2022,airdrie,0003,AIRDRIE,EA,08285,Farmland,2730330,fir_year_2022.xlsx#EA(1)-Assessment
2022,airdrie,0003,AIRDRIE,EA,08290,Non Residential Railway,,fir_year_2022.xlsx#EA(1)-Assessment
2022,airdrie,0003,AIRDRIE,EA,08295,NR Res. Co-generating M&E,,fir_year_2022.xlsx#EA(1)-Assessment
2022,beaumont,0019,BEAUMONT,D,01910,Provincial Government Unconditional Transfers,0,fir_year_2022.xlsx#D(1)-Total
2022,beaumont,0019,BEAUMONT,D,01920,Provincial Government Conditional Transfers,5269084,fir_year_2022.xlsx#D(1)-Total
2022,beaumont,0019,BEAUMONT,EA,08260,GRAND TOTAL,2998332192,fir_year_2022.xlsx#EA(1)-Assessment
2022,beaumont,0019,BEAUMONT,EA,08265,Linear Subtotal,18913140,fir_year_2022.xlsx#EA(1)-Assessment
2022,beaumont,0019,BEAUMONT,EA,08270,Mach & Equip Subtotal,125790,fir_year_2022.xlsx#EA(1)-Assessment
2022,beaumont,0019,BEAUMONT,EA,08275,Non Residential Subtotal,207896227,fir_year_2022.xlsx#EA(1)-Assessment
2022,beaumont,0019,BEAUMONT,EA,08280,Residential Subtotal,2770593895,fir_year_2022.xlsx#EA(1)-Assessment
2022,beaumont,0019,BEAUMONT,EA,08285,Farmland,803140,fir_year_2022.xlsx#EA(1)-Assessment
2022,beaumont,0019,BEAUMONT,EA,08290,Non Residential Railway,,fir_year_2022.xlsx#EA(1)-Assessment
2022,beaumont,0019,BEAUMONT,EA,08295,NR Res. Co-generating M&E,,fir_year_2022.xlsx#EA(1)-Assessment
2022,calgary,0046,CALGARY,D,01910,Provincial Government Unconditional Transfers,46567000,fir_year_2022.xlsx#D(1)-Total
2022,calgary,0046,CALGARY,D,01920,Provincial Government Conditional Transfers,373074000,fir_year_2022.xlsx#D(1)-Total
2022,calgary,0046,CALGARY,EA,08260,GRAND TOTAL,268750451588,fir_year_2022.xlsx#EA(1)-Assessment
2022,calgary,0046,CALGARY,EA,08265,Linear Subtotal,2952117450,fir_year_2022.xlsx#EA(1)-Assessment
2022,calgary,0046,CALGARY,EA,08270,Mach & Equip Subtotal,365564920,fir_year_2022.xlsx#EA(1)-Assessment
2022,calgary,0046,CALGARY,EA,08275,Non Residential Subtotal,56208755529,fir_year_2022.xlsx#EA(1)-Assessment
2022,calgary,0046,CALGARY,EA,08280,Residential Subtotal,209146528467,fir_year_2022.xlsx#EA(1)-Assessment
2022,calgary,0046,CALGARY,EA,08285,Farmland,77485222,fir_year_2022.xlsx#EA(1)-Assessment
2022,calgary,0046,CALGARY,EA,08290,Non Residential Railway,,fir_year_2022.xlsx#EA(1)-Assessment
2022,calgary,0046,CALGARY,EA,08295,NR Res. Co-generating M&E,,fir_year_2022.xlsx#EA(1)-Assessment
2022,cochrane,0070,COCHRANE,D,01910,Provincial Government Unconditional Transfers,225644,fir_year_2022.xlsx#D(1)-Total
2022,cochrane,0070,COCHRANE,D,01920,Provincial Government Conditional Transfers,10491880,fir_year_2022.xlsx#D(1)-Total
2022,cochrane,0070,COCHRANE,EA,08260,GRAND TOTAL,5775022104,fir_year_2022.xlsx#EA(1)-Assessment
2022,cochrane,0070,COCHRANE,EA,08265,Linear Subtotal,50793810,fir_year_2022.xlsx#EA(1)-Assessment
2022,cochrane,0070,COCHRANE,EA,08270,Mach & Equip Subtotal,13445310,fir_year_2022.xlsx#EA(1)-Assessment
2022,cochrane,0070,COCHRANE,EA,08275,Non Residential Subtotal,599276884,fir_year_2022.xlsx#EA(1)-Assessment
2022,cochrane,0070,COCHRANE,EA,08280,Residential Subtotal,5111340500,fir_year_2022.xlsx#EA(1)-Assessment
2022,cochrane,0070,COCHRANE,EA,08285,Farmland,165600,fir_year_2022.xlsx#EA(1)-Assessment
2022,cochrane,0070,COCHRANE,EA,08290,Non Residential Railway,,fir_year_2022.xlsx#EA(1)-Assessment
2022,cochrane,0070,COCHRANE,EA,08295,NR Res. Co-generating M&E,,fir_year_2022.xlsx#EA(1)-Assessment
2022,devon,0086,DEVON,D,01910,Provincial Government Unconditional Transfers,1087589,fir_year_2022.xlsx#D(1)-Total
2022,devon,0086,DEVON,D,01920,Provincial Government Conditional Transfers,747519,fir_year_2022.xlsx#D(1)-Total
2022,devon,0086,DEVON,EA,08260,GRAND TOTAL,879922984,fir_year_2022.xlsx#EA(1)-Assessment
2022,devon,0086,DEVON,EA,08265,Linear Subtotal,12973000,fir_year_2022.xlsx#EA(1)-Assessment
2022,devon,0086,DEVON,EA,08270,Mach & Equip Subtotal,297160,fir_year_2022.xlsx#EA(1)-Assessment
2022,devon,0086,DEVON,EA,08275,Non Residential Subtotal,109134519,fir_year_2022.xlsx#EA(1)-Assessment
2022,devon,0086,DEVON,EA,08280,Residential Subtotal,757152625,fir_year_2022.xlsx#EA(1)-Assessment
2022,devon,0086,DEVON,EA,08285,Farmland,365680,fir_year_2022.xlsx#EA(1)-Assessment
2022,devon,0086,DEVON,EA,08290,Non Residential Railway,,fir_year_2022.xlsx#EA(1)-Assessment
2022,devon,0086,DEVON,EA,08295,NR Res. Co-generating M&E,,fir_year_2022.xlsx#EA(1)-Assessment
2022,edmonton,0098,EDMONTON,D,01910,Provincial Government Unconditional Transfers,0,fir_year_2022.xlsx#D(1)-Total
2022,edmonton,0098,EDMONTON,D,01920,Provincial Government Conditional Transfers,452847000,fir_year_2022.xlsx#D(1)-Total
2022,edmonton,0098,EDMONTON,EA,08260,GRAND TOTAL,170203427942,fir_year_2022.xlsx#EA(1)-Assessment
2022,edmonton,0098,EDMONTON,EA,08265,Linear Subtotal,1960569070,fir_year_2022.xlsx#EA(1)-Assessment
2022,edmonton,0098,EDMONTON,EA,08270,Mach & Equip Subtotal,863239788,fir_year_2022.xlsx#EA(1)-Assessment
2022,edmonton,0098,EDMONTON,EA,08275,Non Residential Subtotal,37114033073,fir_year_2022.xlsx#EA(1)-Assessment
2022,edmonton,0098,EDMONTON,EA,08280,Residential Subtotal,130191826924,fir_year_2022.xlsx#EA(1)-Assessment
2022,edmonton,0098,EDMONTON,EA,08285,Farmland,73759087,fir_year_2022.xlsx#EA(1)-Assessment
2022,edmonton,0098,EDMONTON,EA,08290,Non Residential Railway,,fir_year_2022.xlsx#EA(1)-Assessment
2022,edmonton,0098,EDMONTON,EA,08295,NR Res. Co-generating M&E,,fir_year_2022.xlsx#EA(1)-Assessment
2022,foothills,0111,FOOTHILLS COUNTY,D,01910,Provincial Government Unconditional Transfers,0,fir_year_2022.xlsx#D(1)-Total
2022,foothills,0111,FOOTHILLS COUNTY,D,01920,Provincial Government Conditional Transfers,7302003,fir_year_2022.xlsx#D(1)-Total
2022,foothills,0111,FOOTHILLS COUNTY,EA,08260,GRAND TOTAL,7920648053,fir_year_2022.xlsx#EA(1)-Assessment
2022,foothills,0111,FOOTHILLS COUNTY,EA,08265,Linear Subtotal,381012570,fir_year_2022.xlsx#EA(1)-Assessment
2022,foothills,0111,FOOTHILLS COUNTY,EA,08270,Mach & Equip Subtotal,191617470,fir_year_2022.xlsx#EA(1)-Assessment
2022,foothills,0111,FOOTHILLS COUNTY,EA,08275,Non Residential Subtotal,546393456,fir_year_2022.xlsx#EA(1)-Assessment
2022,foothills,0111,FOOTHILLS COUNTY,EA,08280,Residential Subtotal,6664029597,fir_year_2022.xlsx#EA(1)-Assessment
2022,foothills,0111,FOOTHILLS COUNTY,EA,08285,Farmland,137594960,fir_year_2022.xlsx#EA(1)-Assessment
2022,foothills,0111,FOOTHILLS COUNTY,EA,08290,Non Residential Railway,,fir_year_2022.xlsx#EA(1)-Assessment
2022,foothills,0111,FOOTHILLS COUNTY,EA,08295,NR Res. Co-generating M&E,,fir_year_2022.xlsx#EA(1)-Assessment
2022,fort_saskatchewan,0117,FORT SASKATCHEWAN,D,01910,Provincial Government Unconditional Transfers,0,fir_year_2022.xlsx#D(1)-Total
2022,fort_saskatchewan,0117,FORT SASKATCHEWAN,D,01920,Provincial Government Conditional Transfers,5355000,fir_year_2022.xlsx#D(1)-Total
2022,fort_saskatchewan,0117,FORT SASKATCHEWAN,EA,08260,GRAND TOTAL,6412810095,fir_year_2022.xlsx#EA(1)-Assessment
2022,fort_saskatchewan,0117,FORT SASKATCHEWAN,EA,08265,Linear Subtotal,134740620,fir_year_2022.xlsx#EA(1)-Assessment
2022,fort_saskatchewan,0117,FORT SASKATCHEWAN,EA,08270,Mach & Equip Subtotal,1582044700,fir_year_2022.xlsx#EA(1)-Assessment
2022,fort_saskatchewan,0117,FORT SASKATCHEWAN,EA,08275,Non Residential Subtotal,1102055050,fir_year_2022.xlsx#EA(1)-Assessment
2022,fort_saskatchewan,0117,FORT SASKATCHEWAN,EA,08280,Residential Subtotal,3588699885,fir_year_2022.xlsx#EA(1)-Assessment
2022,fort_saskatchewan,0117,FORT SASKATCHEWAN,EA,08285,Farmland,5269840,fir_year_2022.xlsx#EA(1)-Assessment
2022,fort_saskatchewan,0117,FORT SASKATCHEWAN,EA,08290,Non Residential Railway,,fir_year_2022.xlsx#EA(1)-Assessment
2022,fort_saskatchewan,0117,FORT SASKATCHEWAN,EA,08295,NR Res. Co-generating M&E,,fir_year_2022.xlsx#EA(1)-Assessment
2022,high_river,0148,HIGH RIVER,D,01910,Provincial Government Unconditional Transfers,2080756,fir_year_2022.xlsx#D(1)-Total
2022,high_river,0148,HIGH RIVER,D,01920,Provincial Government Conditional Transfers,6367374,fir_year_2022.xlsx#D(1)-Total
2022,high_river,0148,HIGH RIVER,EA,08260,GRAND TOTAL,2034400505,fir_year_2022.xlsx#EA(1)-Assessment
2022,high_river,0148,HIGH RIVER,EA,08265,Linear Subtotal,16678150,fir_year_2022.xlsx#EA(1)-Assessment
2022,high_river,0148,HIGH RIVER,EA,08270,Mach & Equip Subtotal,114480,fir_year_2022.xlsx#EA(1)-Assessment
2022,high_river,0148,HIGH RIVER,EA,08275,Non Residential Subtotal,311746501,fir_year_2022.xlsx#EA(1)-Assessment
2022,high_river,0148,HIGH RIVER,EA,08280,Residential Subtotal,1705373774,fir_year_2022.xlsx#EA(1)-Assessment
2022,high_river,0148,HIGH RIVER,EA,08285,Farmland,487600,fir_year_2022.xlsx#EA(1)-Assessment
2022,high_river,0148,HIGH RIVER,EA,08290,Non Residential Railway,,fir_year_2022.xlsx#EA(1)-Assessment
2022,high_river,0148,HIGH RIVER,EA,08295,NR Res. Co-generating M&E,,fir_year_2022.xlsx#EA(1)-Assessment
2022,leduc_city,0200,LEDUC,D,01910,Provincial Government Unconditional Transfers,1466638,fir_year_2022.xlsx#D(1)-Total
2022,leduc_city,0200,LEDUC,D,01920,Provincial Government Conditional Transfers,8563568,fir_year_2022.xlsx#D(1)-Total
2022,leduc_city,0200,LEDUC,EA,08260,GRAND TOTAL,6060270834,fir_year_2022.xlsx#EA(1)-Assessment
2022,leduc_city,0200,LEDUC,EA,08265,Linear Subtotal,61661750,fir_year_2022.xlsx#EA(1)-Assessment
2022,leduc_city,0200,LEDUC,EA,08270,Mach & Equip Subtotal,,fir_year_2022.xlsx#EA(1)-Assessment
2022,leduc_city,0200,LEDUC,EA,08275,Non Residential Subtotal,1949270818,fir_year_2022.xlsx#EA(1)-Assessment
2022,leduc_city,0200,LEDUC,EA,08280,Residential Subtotal,4048475636,fir_year_2022.xlsx#EA(1)-Assessment
2022,leduc_city,0200,LEDUC,EA,08285,Farmland,862630,fir_year_2022.xlsx#EA(1)-Assessment
2022,leduc_city,0200,LEDUC,EA,08290,Non Residential Railway,,fir_year_2022.xlsx#EA(1)-Assessment
2022,leduc_city,0200,LEDUC,EA,08295,NR Res. Co-generating M&E,,fir_year_2022.xlsx#EA(1)-Assessment
2022,leduc_county,0201,LEDUC COUNTY,D,01910,Provincial Government Unconditional Transfers,44380,fir_year_2022.xlsx#D(1)-Total
2022,leduc_county,0201,LEDUC COUNTY,D,01920,Provincial Government Conditional Transfers,6890489,fir_year_2022.xlsx#D(1)-Total
2022,leduc_county,0201,LEDUC COUNTY,EA,08260,GRAND TOTAL,8660115860,fir_year_2022.xlsx#EA(1)-Assessment
2022,leduc_county,0201,LEDUC COUNTY,EA,08265,Linear Subtotal,1329179740,fir_year_2022.xlsx#EA(1)-Assessment
2022,leduc_county,0201,LEDUC COUNTY,EA,08270,Mach & Equip Subtotal,184811400,fir_year_2022.xlsx#EA(1)-Assessment
2022,leduc_county,0201,LEDUC COUNTY,EA,08275,Non Residential Subtotal,4313891936,fir_year_2022.xlsx#EA(1)-Assessment
2022,leduc_county,0201,LEDUC COUNTY,EA,08280,Residential Subtotal,2746783334,fir_year_2022.xlsx#EA(1)-Assessment
2022,leduc_county,0201,LEDUC COUNTY,EA,08285,Farmland,85449450,fir_year_2022.xlsx#EA(1)-Assessment
2022,leduc_county,0201,LEDUC COUNTY,EA,08290,Non Residential Railway,,fir_year_2022.xlsx#EA(1)-Assessment
2022,leduc_county,0201,LEDUC COUNTY,EA,08295,NR Res. Co-generating M&E,,fir_year_2022.xlsx#EA(1)-Assessment
2022,morinville,0224,MORINVILLE,D,01910,Provincial Government Unconditional Transfers,0,fir_year_2022.xlsx#D(1)-Total
2022,morinville,0224,MORINVILLE,D,01920,Provincial Government Conditional Transfers,3256745,fir_year_2022.xlsx#D(1)-Total
2022,morinville,0224,MORINVILLE,EA,08260,GRAND TOTAL,1326213999,fir_year_2022.xlsx#EA(1)-Assessment
2022,morinville,0224,MORINVILLE,EA,08265,Linear Subtotal,11982720,fir_year_2022.xlsx#EA(1)-Assessment
2022,morinville,0224,MORINVILLE,EA,08270,Mach & Equip Subtotal,2083010,fir_year_2022.xlsx#EA(1)-Assessment
2022,morinville,0224,MORINVILLE,EA,08275,Non Residential Subtotal,173357120,fir_year_2022.xlsx#EA(1)-Assessment
2022,morinville,0224,MORINVILLE,EA,08280,Residential Subtotal,1138519879,fir_year_2022.xlsx#EA(1)-Assessment
2022,morinville,0224,MORINVILLE,EA,08285,Farmland,271270,fir_year_2022.xlsx#EA(1)-Assessment
2022,morinville,0224,MORINVILLE,EA,08290,Non Residential Railway,,fir_year_2022.xlsx#EA(1)-Assessment
2022,morinville,0224,MORINVILLE,EA,08295,NR Res. Co-generating M&E,,fir_year_2022.xlsx#EA(1)-Assessment
2022,okotoks,0238,OKOTOKS,D,01910,Provincial Government Unconditional Transfers,0,fir_year_2022.xlsx#D(1)-Total
2022,okotoks,0238,OKOTOKS,D,01920,Provincial Government Conditional Transfers,9112786,fir_year_2022.xlsx#D(1)-Total
2022,okotoks,0238,OKOTOKS,EA,08260,GRAND TOTAL,5206865325,fir_year_2022.xlsx#EA(1)-Assessment
2022,okotoks,0238,OKOTOKS,EA,08265,Linear Subtotal,30286440,fir_year_2022.xlsx#EA(1)-Assessment
2022,okotoks,0238,OKOTOKS,EA,08270,Mach & Equip Subtotal,,fir_year_2022.xlsx#EA(1)-Assessment
2022,okotoks,0238,OKOTOKS,EA,08275,Non Residential Subtotal,708619444,fir_year_2022.xlsx#EA(1)-Assessment
2022,okotoks,0238,OKOTOKS,EA,08280,Residential Subtotal,4466915691,fir_year_2022.xlsx#EA(1)-Assessment
2022,okotoks,0238,OKOTOKS,EA,08285,Farmland,1043750,fir_year_2022.xlsx#EA(1)-Assessment
2022,okotoks,0238,OKOTOKS,EA,08290,Non Residential Railway,,fir_year_2022.xlsx#EA(1)-Assessment
2022,okotoks,0238,OKOTOKS,EA,08295,NR Res. Co-generating M&E,,fir_year_2022.xlsx#EA(1)-Assessment
2022,parkland,0245,PARKLAND COUNTY,D,01910,Provincial Government Unconditional Transfers,0,fir_year_2022.xlsx#D(1)-Total
2022,parkland,0245,PARKLAND COUNTY,D,01920,Provincial Government Conditional Transfers,16465577,fir_year_2022.xlsx#D(1)-Total
2022,parkland,0245,PARKLAND COUNTY,EA,08260,GRAND TOTAL,10958054935,fir_year_2022.xlsx#EA(1)-Assessment
2022,parkland,0245,PARKLAND COUNTY,EA,08265,Linear Subtotal,1782428210,fir_year_2022.xlsx#EA(1)-Assessment
2022,parkland,0245,PARKLAND COUNTY,EA,08270,Mach & Equip Subtotal,331867710,fir_year_2022.xlsx#EA(1)-Assessment
2022,parkland,0245,PARKLAND COUNTY,EA,08275,Non Residential Subtotal,2447638429,fir_year_2022.xlsx#EA(1)-Assessment
2022,parkland,0245,PARKLAND COUNTY,EA,08280,Residential Subtotal,6355212566,fir_year_2022.xlsx#EA(1)-Assessment
2022,parkland,0245,PARKLAND COUNTY,EA,08285,Farmland,40908020,fir_year_2022.xlsx#EA(1)-Assessment
2022,parkland,0245,PARKLAND COUNTY,EA,08290,Non Residential Railway,,fir_year_2022.xlsx#EA(1)-Assessment
2022,parkland,0245,PARKLAND COUNTY,EA,08295,NR Res. Co-generating M&E,,fir_year_2022.xlsx#EA(1)-Assessment
2022,rocky_view,0269,ROCKY VIEW COUNTY,D,01910,Provincial Government Unconditional Transfers,0,fir_year_2022.xlsx#D(1)-Total
2022,rocky_view,0269,ROCKY VIEW COUNTY,D,01920,Provincial Government Conditional Transfers,15443615,fir_year_2022.xlsx#D(1)-Total
2022,rocky_view,0269,ROCKY VIEW COUNTY,EA,08260,GRAND TOTAL,18415437107,fir_year_2022.xlsx#EA(1)-Assessment
2022,rocky_view,0269,ROCKY VIEW COUNTY,EA,08265,Linear Subtotal,1190905020,fir_year_2022.xlsx#EA(1)-Assessment
2022,rocky_view,0269,ROCKY VIEW COUNTY,EA,08270,Mach & Equip Subtotal,558420910,fir_year_2022.xlsx#EA(1)-Assessment
2022,rocky_view,0269,ROCKY VIEW COUNTY,EA,08275,Non Residential Subtotal,3576589554,fir_year_2022.xlsx#EA(1)-Assessment
2022,rocky_view,0269,ROCKY VIEW COUNTY,EA,08280,Residential Subtotal,12937887443,fir_year_2022.xlsx#EA(1)-Assessment
2022,rocky_view,0269,ROCKY VIEW COUNTY,EA,08285,Farmland,151634180,fir_year_2022.xlsx#EA(1)-Assessment
2022,rocky_view,0269,ROCKY VIEW COUNTY,EA,08290,Non Residential Railway,,fir_year_2022.xlsx#EA(1)-Assessment
2022,rocky_view,0269,ROCKY VIEW COUNTY,EA,08295,NR Res. Co-generating M&E,,fir_year_2022.xlsx#EA(1)-Assessment
2022,spruce_grove,0291,SPRUCE GROVE,D,01910,Provincial Government Unconditional Transfers,0,fir_year_2022.xlsx#D(1)-Total
2022,spruce_grove,0291,SPRUCE GROVE,D,01920,Provincial Government Conditional Transfers,13711981,fir_year_2022.xlsx#D(1)-Total
2022,spruce_grove,0291,SPRUCE GROVE,EA,08260,GRAND TOTAL,5881183759,fir_year_2022.xlsx#EA(1)-Assessment
2022,spruce_grove,0291,SPRUCE GROVE,EA,08265,Linear Subtotal,42908800,fir_year_2022.xlsx#EA(1)-Assessment
2022,spruce_grove,0291,SPRUCE GROVE,EA,08270,Mach & Equip Subtotal,15588690,fir_year_2022.xlsx#EA(1)-Assessment
2022,spruce_grove,0291,SPRUCE GROVE,EA,08275,Non Residential Subtotal,1025352055,fir_year_2022.xlsx#EA(1)-Assessment
2022,spruce_grove,0291,SPRUCE GROVE,EA,08280,Residential Subtotal,4796697904,fir_year_2022.xlsx#EA(1)-Assessment
2022,spruce_grove,0291,SPRUCE GROVE,EA,08285,Farmland,636310,fir_year_2022.xlsx#EA(1)-Assessment
2022,spruce_grove,0291,SPRUCE GROVE,EA,08290,Non Residential Railway,,fir_year_2022.xlsx#EA(1)-Assessment
2022,spruce_grove,0291,SPRUCE GROVE,EA,08295,NR Res. Co-generating M&E,,fir_year_2022.xlsx#EA(1)-Assessment
2022,st_albert,0292,ST. ALBERT,D,01910,Provincial Government Unconditional Transfers,5313403,fir_year_2022.xlsx#D(1)-Total
2022,st_albert,0292,ST. ALBERT,D,01920,Provincial Government Conditional Transfers,11391377,fir_year_2022.xlsx#D(1)-Total
2022,st_albert,0292,ST. ALBERT,EA,08260,GRAND TOTAL,12674817219,fir_year_2022.xlsx#EA(1)-Assessment
2022,st_albert,0292,ST. ALBERT,EA,08265,Linear Subtotal,81792810,fir_year_2022.xlsx#EA(1)-Assessment
2022,st_albert,0292,ST. ALBERT,EA,08270,Mach & Equip Subtotal,23457140,fir_year_2022.xlsx#EA(1)-Assessment
2022,st_albert,0292,ST. ALBERT,EA,08275,Non Residential Subtotal,1932339358,fir_year_2022.xlsx#EA(1)-Assessment
2022,st_albert,0292,ST. ALBERT,EA,08280,Residential Subtotal,10636719211,fir_year_2022.xlsx#EA(1)-Assessment
2022,st_albert,0292,ST. ALBERT,EA,08285,Farmland,508700,fir_year_2022.xlsx#EA(1)-Assessment
2022,st_albert,0292,ST. ALBERT,EA,08290,Non Residential Railway,,fir_year_2022.xlsx#EA(1)-Assessment
2022,st_albert,0292,ST. ALBERT,EA,08295,NR Res. Co-generating M&E,,fir_year_2022.xlsx#EA(1)-Assessment
2022,stony_plain,0301,STONY PLAIN,D,01910,Provincial Government Unconditional Transfers,0,fir_year_2022.xlsx#D(1)-Total
2022,stony_plain,0301,STONY PLAIN,D,01920,Provincial Government Conditional Transfers,6508951,fir_year_2022.xlsx#D(1)-Total
2022,stony_plain,0301,STONY PLAIN,EA,08260,GRAND TOTAL,2703229396,fir_year_2022.xlsx#EA(1)-Assessment
2022,stony_plain,0301,STONY PLAIN,EA,08265,Linear Subtotal,28232300,fir_year_2022.xlsx#EA(1)-Assessment
2022,stony_plain,0301,STONY PLAIN,EA,08270,Mach & Equip Subtotal,532930,fir_year_2022.xlsx#EA(1)-Assessment
2022,stony_plain,0301,STONY PLAIN,EA,08275,Non Residential Subtotal,441852373,fir_year_2022.xlsx#EA(1)-Assessment
2022,stony_plain,0301,STONY PLAIN,EA,08280,Residential Subtotal,2231649183,fir_year_2022.xlsx#EA(1)-Assessment
2022,stony_plain,0301,STONY PLAIN,EA,08285,Farmland,962610,fir_year_2022.xlsx#EA(1)-Assessment
2022,stony_plain,0301,STONY PLAIN,EA,08290,Non Residential Railway,,fir_year_2022.xlsx#EA(1)-Assessment
2022,stony_plain,0301,STONY PLAIN,EA,08295,NR Res. Co-generating M&E,,fir_year_2022.xlsx#EA(1)-Assessment
2022,strathcona,0302,STRATHCONA COUNTY,D,01910,Provincial Government Unconditional Transfers,0,fir_year_2022.xlsx#D(1)-Total
2022,strathcona,0302,STRATHCONA COUNTY,D,01920,Provincial Government Conditional Transfers,40480194,fir_year_2022.xlsx#D(1)-Total
2022,strathcona,0302,STRATHCONA COUNTY,EA,08260,GRAND TOTAL,33132410029,fir_year_2022.xlsx#EA(1)-Assessment
2022,strathcona,0302,STRATHCONA COUNTY,EA,08265,Linear Subtotal,821626420,fir_year_2022.xlsx#EA(1)-Assessment
2022,strathcona,0302,STRATHCONA COUNTY,EA,08270,Mach & Equip Subtotal,9767334090,fir_year_2022.xlsx#EA(1)-Assessment
2022,strathcona,0302,STRATHCONA COUNTY,EA,08275,Non Residential Subtotal,5330315538,fir_year_2022.xlsx#EA(1)-Assessment
2022,strathcona,0302,STRATHCONA COUNTY,EA,08280,Residential Subtotal,17175928251,fir_year_2022.xlsx#EA(1)-Assessment
2022,strathcona,0302,STRATHCONA COUNTY,EA,08285,Farmland,37205730,fir_year_2022.xlsx#EA(1)-Assessment
2022,strathcona,0302,STRATHCONA COUNTY,EA,08290,Non Residential Railway,,fir_year_2022.xlsx#EA(1)-Assessment
2022,strathcona,0302,STRATHCONA COUNTY,EA,08295,NR Res. Co-generating M&E,,fir_year_2022.xlsx#EA(1)-Assessment
2022,sturgeon,0305,STURGEON COUNTY,D,01910,Provincial Government Unconditional Transfers,0,fir_year_2022.xlsx#D(1)-Total
2022,sturgeon,0305,STURGEON COUNTY,D,01920,Provincial Government Conditional Transfers,9800805,fir_year_2022.xlsx#D(1)-Total
2022,sturgeon,0305,STURGEON COUNTY,EA,08260,GRAND TOTAL,10596265010,fir_year_2022.xlsx#EA(1)-Assessment
2022,sturgeon,0305,STURGEON COUNTY,EA,08265,Linear Subtotal,745489120,fir_year_2022.xlsx#EA(1)-Assessment
2022,sturgeon,0305,STURGEON COUNTY,EA,08270,Mach & Equip Subtotal,4481469470,fir_year_2022.xlsx#EA(1)-Assessment
2022,sturgeon,0305,STURGEON COUNTY,EA,08275,Non Residential Subtotal,1449165362,fir_year_2022.xlsx#EA(1)-Assessment
2022,sturgeon,0305,STURGEON COUNTY,EA,08280,Residential Subtotal,3841898128,fir_year_2022.xlsx#EA(1)-Assessment
2022,sturgeon,0305,STURGEON COUNTY,EA,08285,Farmland,78242930,fir_year_2022.xlsx#EA(1)-Assessment
2022,sturgeon,0305,STURGEON COUNTY,EA,08290,Non Residential Railway,,fir_year_2022.xlsx#EA(1)-Assessment
2022,sturgeon,0305,STURGEON COUNTY,EA,08295,NR Res. Co-generating M&E,,fir_year_2022.xlsx#EA(1)-Assessment
2022,chestermere,0356,CHESTERMERE,D,01910,Provincial Government Unconditional Transfers,0,fir_year_2022.xlsx#D(1)-Total
2022,chestermere,0356,CHESTERMERE,D,01920,Provincial Government Conditional Transfers,4066526,fir_year_2022.xlsx#D(1)-Total
2022,chestermere,0356,CHESTERMERE,EA,08260,GRAND TOTAL,3862696606,fir_year_2022.xlsx#EA(1)-Assessment
2022,chestermere,0356,CHESTERMERE,EA,08265,Linear Subtotal,35140670,fir_year_2022.xlsx#EA(1)-Assessment
2022,chestermere,0356,CHESTERMERE,EA,08270,Mach & Equip Subtotal,288850,fir_year_2022.xlsx#EA(1)-Assessment
2022,chestermere,0356,CHESTERMERE,EA,08275,Non Residential Subtotal,150269970,fir_year_2022.xlsx#EA(1)-Assessment
2022,chestermere,0356,CHESTERMERE,EA,08280,Residential Subtotal,3675921506,fir_year_2022.xlsx#EA(1)-Assessment
2022,chestermere,0356,CHESTERMERE,EA,08285,Farmland,1075610,fir_year_2022.xlsx#EA(1)-Assessment
2022,chestermere,0356,CHESTERMERE,EA,08290,Non Residential Railway,,fir_year_2022.xlsx#EA(1)-Assessment
2022,chestermere,0356,CHESTERMERE,EA,08295,NR Res. Co-generating M&E,,fir_year_2022.xlsx#EA(1)-Assessment
2023,airdrie,0003,AIRDRIE,D,01912,Provincial Government Operating Transfers,4749315,fir_year_2023.xlsx#D(1)-Total
2023,airdrie,0003,AIRDRIE,D,01922,Provincial Government Capital Transfers,32624054,fir_year_2023.xlsx#D(1)-Total
2023,airdrie,0003,AIRDRIE,EA,08260,GRAND TOTAL,12650351776,fir_year_2023.xlsx#EA(1)-Assessment
2023,airdrie,0003,AIRDRIE,EA,08265,Linear Subtotal,86515740,fir_year_2023.xlsx#EA(1)-Assessment
2023,airdrie,0003,AIRDRIE,EA,08270,Mach & Equip Subtotal,7819580,fir_year_2023.xlsx#EA(1)-Assessment
2023,airdrie,0003,AIRDRIE,EA,08275,Non Residential Subtotal,1781716496,fir_year_2023.xlsx#EA(1)-Assessment
2023,airdrie,0003,AIRDRIE,EA,08280,Residential Subtotal,10771579950,fir_year_2023.xlsx#EA(1)-Assessment
2023,airdrie,0003,AIRDRIE,EA,08285,Farmland,2720010,fir_year_2023.xlsx#EA(1)-Assessment
2023,airdrie,0003,AIRDRIE,EA,08290,Non Residential Railway,,fir_year_2023.xlsx#EA(1)-Assessment
2023,airdrie,0003,AIRDRIE,EA,08295,NR Res. Co-generating M&E,,fir_year_2023.xlsx#EA(1)-Assessment
2023,airdrie,0003,AIRDRIE,POPL,POPL,Population,74100,fir_year_2023.xlsx#POPL(1)-Population
2023,beaumont,0019,BEAUMONT,D,01912,Provincial Government Operating Transfers,1800083,fir_year_2023.xlsx#D(1)-Total
2023,beaumont,0019,BEAUMONT,D,01922,Provincial Government Capital Transfers,1903634,fir_year_2023.xlsx#D(1)-Total
2023,beaumont,0019,BEAUMONT,EA,08260,GRAND TOTAL,3332928609,fir_year_2023.xlsx#EA(1)-Assessment
2023,beaumont,0019,BEAUMONT,EA,08265,Linear Subtotal,19701020,fir_year_2023.xlsx#EA(1)-Assessment
2023,beaumont,0019,BEAUMONT,EA,08270,Mach & Equip Subtotal,327940,fir_year_2023.xlsx#EA(1)-Assessment
2023,beaumont,0019,BEAUMONT,EA,08275,Non Residential Subtotal,217608019,fir_year_2023.xlsx#EA(1)-Assessment
2023,beaumont,0019,BEAUMONT,EA,08280,Residential Subtotal,3094577860,fir_year_2023.xlsx#EA(1)-Assessment
2023,beaumont,0019,BEAUMONT,EA,08285,Farmland,713770,fir_year_2023.xlsx#EA(1)-Assessment
2023,beaumont,0019,BEAUMONT,EA,08290,Non Residential Railway,,fir_year_2023.xlsx#EA(1)-Assessment
2023,beaumont,0019,BEAUMONT,EA,08295,NR Res. Co-generating M&E,,fir_year_2023.xlsx#EA(1)-Assessment
2023,beaumont,0019,BEAUMONT,POPL,POPL,Population,20888,fir_year_2023.xlsx#POPL(1)-Population
2023,calgary,0046,CALGARY,D,01912,Provincial Government Operating Transfers,169513000,fir_year_2023.xlsx#D(1)-Total
2023,calgary,0046,CALGARY,D,01922,Provincial Government Capital Transfers,299568000,fir_year_2023.xlsx#D(1)-Total
2023,calgary,0046,CALGARY,EA,08260,GRAND TOTAL,282596490265,fir_year_2023.xlsx#EA(1)-Assessment
2023,calgary,0046,CALGARY,EA,08265,Linear Subtotal,3004289140,fir_year_2023.xlsx#EA(1)-Assessment
2023,calgary,0046,CALGARY,EA,08270,Mach & Equip Subtotal,374700000,fir_year_2023.xlsx#EA(1)-Assessment
2023,calgary,0046,CALGARY,EA,08275,Non Residential Subtotal,53046599676,fir_year_2023.xlsx#EA(1)-Assessment
2023,calgary,0046,CALGARY,EA,08280,Residential Subtotal,226120641387,fir_year_2023.xlsx#EA(1)-Assessment
2023,calgary,0046,CALGARY,EA,08285,Farmland,50260062,fir_year_2023.xlsx#EA(1)-Assessment
2023,calgary,0046,CALGARY,EA,08290,Non Residential Railway,,fir_year_2023.xlsx#EA(1)-Assessment
2023,calgary,0046,CALGARY,EA,08295,NR Res. Co-generating M&E,,fir_year_2023.xlsx#EA(1)-Assessment
2023,calgary,0046,CALGARY,POPL,POPL,Population,1306784,fir_year_2023.xlsx#POPL(1)-Population
2023,cochrane,0070,COCHRANE,D,01912,Provincial Government Operating Transfers,2347186,fir_year_2023.xlsx#D(1)-Total
2023,cochrane,0070,COCHRANE,D,01922,Provincial Government Capital Transfers,4517690,fir_year_2023.xlsx#D(1)-Total
2023,cochrane,0070,COCHRANE,EA,08260,GRAND TOTAL,6318142661,fir_year_2023.xlsx#EA(1)-Assessment
2023,cochrane,0070,COCHRANE,EA,08265,Linear Subtotal,52172640,fir_year_2023.xlsx#EA(1)-Assessment
2023,cochrane,0070,COCHRANE,EA,08270,Mach & Equip Subtotal,13494920,fir_year_2023.xlsx#EA(1)-Assessment
2023,cochrane,0070,COCHRANE,EA,08275,Non Residential Subtotal,592257365,fir_year_2023.xlsx#EA(1)-Assessment
2023,cochrane,0070,COCHRANE,EA,08280,Residential Subtotal,5660052236,fir_year_2023.xlsx#EA(1)-Assessment
2023,cochrane,0070,COCHRANE,EA,08285,Farmland,165500,fir_year_2023.xlsx#EA(1)-Assessment
2023,cochrane,0070,COCHRANE,EA,08290,Non Residential Railway,,fir_year_2023.xlsx#EA(1)-Assessment
2023,cochrane,0070,COCHRANE,EA,08295,NR Res. Co-generating M&E,,fir_year_2023.xlsx#EA(1)-Assessment
2023,cochrane,0070,COCHRANE,POPL,POPL,Population,32199,fir_year_2023.xlsx#POPL(1)-Population
2023,devon,0086,DEVON,D,01912,Provincial Government Operating Transfers,999575,fir_year_2023.xlsx#D(1)-Total
2023,devon,0086,DEVON,D,01922,Provincial Government Capital Transfers,6999447,fir_year_2023.xlsx#D(1)-Total
2023,devon,0086,DEVON,EA,08260,GRAND TOTAL,921998941,fir_year_2023.xlsx#EA(1)-Assessment
2023,devon,0086,DEVON,EA,08265,Linear Subtotal,12336070,fir_year_2023.xlsx#EA(1)-Assessment
2023,devon,0086,DEVON,EA,08270,Mach & Equip Subtotal,300250,fir_year_2023.xlsx#EA(1)-Assessment
2023,devon,0086,DEVON,EA,08275,Non Residential Subtotal,108638929,fir_year_2023.xlsx#EA(1)-Assessment
2023,devon,0086,DEVON,EA,08280,Residential Subtotal,800360812,fir_year_2023.xlsx#EA(1)-Assessment
2023,devon,0086,DEVON,EA,08285,Farmland,362880,fir_year_2023.xlsx#EA(1)-Assessment
2023,devon,0086,DEVON,EA,08290,Non Residential Railway,,fir_year_2023.xlsx#EA(1)-Assessment
2023,devon,0086,DEVON,EA,08295,NR Res. Co-generating M&E,,fir_year_2023.xlsx#EA(1)-Assessment
2023,devon,0086,DEVON,POPL,POPL,Population,6545,fir_year_2023.xlsx#POPL(1)-Population
2023,edmonton,0098,EDMONTON,D,01912,Provincial Government Operating Transfers,86760000,fir_year_2023.xlsx#D(1)-Total
2023,edmonton,0098,EDMONTON,D,01922,Provincial Government Capital Transfers,431255000,fir_year_2023.xlsx#D(1)-Total
2023,edmonton,0098,EDMONTON,EA,08260,GRAND TOTAL,177377953581,fir_year_2023.xlsx#EA(1)-Assessment
2023,edmonton,0098,EDMONTON,EA,08265,Linear Subtotal,2052132910,fir_year_2023.xlsx#EA(1)-Assessment
2023,edmonton,0098,EDMONTON,EA,08270,Mach & Equip Subtotal,863148888,fir_year_2023.xlsx#EA(1)-Assessment
2023,edmonton,0098,EDMONTON,EA,08275,Non Residential Subtotal,36095212829,fir_year_2023.xlsx#EA(1)-Assessment
2023,edmonton,0098,EDMONTON,EA,08280,Residential Subtotal,138293756663,fir_year_2023.xlsx#EA(1)-Assessment
2023,edmonton,0098,EDMONTON,EA,08285,Farmland,73702291,fir_year_2023.xlsx#EA(1)-Assessment
2023,edmonton,0098,EDMONTON,EA,08290,Non Residential Railway,,fir_year_2023.xlsx#EA(1)-Assessment
2023,edmonton,0098,EDMONTON,EA,08295,NR Res. Co-generating M&E,,fir_year_2023.xlsx#EA(1)-Assessment
2023,edmonton,0098,EDMONTON,POPL,POPL,Population,1010899,fir_year_2023.xlsx#POPL(1)-Population
2023,foothills,0111,FOOTHILLS COUNTY,D,01912,Provincial Government Operating Transfers,1194784,fir_year_2023.xlsx#D(1)-Total
2023,foothills,0111,FOOTHILLS COUNTY,D,01922,Provincial Government Capital Transfers,5855030,fir_year_2023.xlsx#D(1)-Total
2023,foothills,0111,FOOTHILLS COUNTY,EA,08260,GRAND TOTAL,8502819856,fir_year_2023.xlsx#EA(1)-Assessment
2023,foothills,0111,FOOTHILLS COUNTY,EA,08265,Linear Subtotal,388224660,fir_year_2023.xlsx#EA(1)-Assessment
2023,foothills,0111,FOOTHILLS COUNTY,EA,08270,Mach & Equip Subtotal,194554850,fir_year_2023.xlsx#EA(1)-Assessment
2023,foothills,0111,FOOTHILLS COUNTY,EA,08275,Non Residential Subtotal,587884710,fir_year_2023.xlsx#EA(1)-Assessment
2023,foothills,0111,FOOTHILLS COUNTY,EA,08280,Residential Subtotal,7194736606,fir_year_2023.xlsx#EA(1)-Assessment
2023,foothills,0111,FOOTHILLS COUNTY,EA,08285,Farmland,137419030,fir_year_2023.xlsx#EA(1)-Assessment
2023,foothills,0111,FOOTHILLS COUNTY,EA,08290,Non Residential Railway,,fir_year_2023.xlsx#EA(1)-Assessment
2023,foothills,0111,FOOTHILLS COUNTY,EA,08295,NR Res. Co-generating M&E,,fir_year_2023.xlsx#EA(1)-Assessment
2023,foothills,0111,FOOTHILLS COUNTY,POPL,POPL,Population,23199,fir_year_2023.xlsx#POPL(1)-Population
2023,fort_saskatchewan,0117,FORT SASKATCHEWAN,D,01912,Provincial Government Operating Transfers,2151000,fir_year_2023.xlsx#D(1)-Total
2023,fort_saskatchewan,0117,FORT SASKATCHEWAN,D,01922,Provincial Government Capital Transfers,4053000,fir_year_2023.xlsx#D(1)-Total
2023,fort_saskatchewan,0117,FORT SASKATCHEWAN,EA,08260,GRAND TOTAL,6798041596,fir_year_2023.xlsx#EA(1)-Assessment
2023,fort_saskatchewan,0117,FORT SASKATCHEWAN,EA,08265,Linear Subtotal,138282310,fir_year_2023.xlsx#EA(1)-Assessment
2023,fort_saskatchewan,0117,FORT SASKATCHEWAN,EA,08270,Mach & Equip Subtotal,1634875120,fir_year_2023.xlsx#EA(1)-Assessment
2023,fort_saskatchewan,0117,FORT SASKATCHEWAN,EA,08275,Non Residential Subtotal,1162052400,fir_year_2023.xlsx#EA(1)-Assessment
2023,fort_saskatchewan,0117,FORT SASKATCHEWAN,EA,08280,Residential Subtotal,3861456916,fir_year_2023.xlsx#EA(1)-Assessment
2023,fort_saskatchewan,0117,FORT SASKATCHEWAN,EA,08285,Farmland,1374850,fir_year_2023.xlsx#EA(1)-Assessment
2023,fort_saskatchewan,0117,FORT SASKATCHEWAN,EA,08290,Non Residential Railway,,fir_year_2023.xlsx#EA(1)-Assessment
2023,fort_saskatchewan,0117,FORT SASKATCHEWAN,EA,08295,NR Res. Co-generating M&E,,fir_year_2023.xlsx#EA(1)-Assessment
2023,fort_saskatchewan,0117,FORT SASKATCHEWAN,POPL,POPL,Population,28624,fir_year_2023.xlsx#POPL(1)-Population
2023,high_river,0148,HIGH RIVER,D,01912,Provincial Government Operating Transfers,1454706,fir_year_2023.xlsx#D(1)-Total
2023,high_river,0148,HIGH RIVER,D,01922,Provincial Government Capital Transfers,3044144,fir_year_2023.xlsx#D(1)-Total
2023,high_river,0148,HIGH RIVER,EA,08260,GRAND TOTAL,2185086429,fir_year_2023.xlsx#EA(1)-Assessment
2023,high_river,0148,HIGH RIVER,EA,08265,Linear Subtotal,17442820,fir_year_2023.xlsx#EA(1)-Assessment
2023,high_river,0148,HIGH RIVER,EA,08270,Mach & Equip Subtotal,114830,fir_year_2023.xlsx#EA(1)-Assessment
2023,high_river,0148,HIGH RIVER,EA,08275,Non Residential Subtotal,312106536,fir_year_2023.xlsx#EA(1)-Assessment
2023,high_river,0148,HIGH RIVER,EA,08280,Residential Subtotal,1854935143,fir_year_2023.xlsx#EA(1)-Assessment
2023,high_river,0148,HIGH RIVER,EA,08285,Farmland,487100,fir_year_2023.xlsx#EA(1)-Assessment
2023,high_river,0148,HIGH RIVER,EA,08290,Non Residential Railway,,fir_year_2023.xlsx#EA(1)-Assessment
2023,high_river,0148,HIGH RIVER,EA,08295,NR Res. Co-generating M&E,,fir_year_2023.xlsx#EA(1)-Assessment
2023,high_river,0148,HIGH RIVER,POPL,POPL,Population,14324,fir_year_2023.xlsx#POPL(1)-Population
2023,leduc_city,0200,LEDUC,D,01912,Provincial Government Operating Transfers,6378877,fir_year_2023.xlsx#D(1)-Total
2023,leduc_city,0200,LEDUC,D,01922,Provincial Government Capital Transfers,45909956,fir_year_2023.xlsx#D(1)-Total
2023,leduc_city,0200,LEDUC,EA,08260,GRAND TOTAL,6332197005,fir_year_2023.xlsx#EA(1)-Assessment
2023,leduc_city,0200,LEDUC,EA,08265,Linear Subtotal,62596180,fir_year_2023.xlsx#EA(1)-Assessment
2023,leduc_city,0200,LEDUC,EA,08270,Mach & Equip Subtotal,11556910,fir_year_2023.xlsx#EA(1)-Assessment
2023,leduc_city,0200,LEDUC,EA,08275,Non Residential Subtotal,1906414510,fir_year_2023.xlsx#EA(1)-Assessment
2023,leduc_city,0200,LEDUC,EA,08280,Residential Subtotal,4350934605,fir_year_2023.xlsx#EA(1)-Assessment
2023,leduc_city,0200,LEDUC,EA,08285,Farmland,694800,fir_year_2023.xlsx#EA(1)-Assessment
2023,leduc_city,0200,LEDUC,EA,08290,Non Residential Railway,,fir_year_2023.xlsx#EA(1)-Assessment
2023,leduc_city,0200,LEDUC,EA,08295,NR Res. Co-generating M&E,,fir_year_2023.xlsx#EA(1)-Assessment
2023,leduc_city,0200,LEDUC,POPL,POPL,Population,36060,fir_year_2023.xlsx#POPL(1)-Population
2023,leduc_county,0201,LEDUC COUNTY,D,01912,Provincial Government Operating Transfers,3988102,fir_year_2023.xlsx#D(1)-Total
2023,leduc_county,0201,LEDUC COUNTY,D,01922,Provincial Government Capital Transfers,2752626,fir_year_2023.xlsx#D(1)-Total
2023,leduc_county,0201,LEDUC COUNTY,EA,08260,GRAND TOTAL,8763414318,fir_year_2023.xlsx#EA(1)-Assessment
2023,leduc_county,0201,LEDUC COUNTY,EA,08265,Linear Subtotal,1300765060,fir_year_2023.xlsx#EA(1)-Assessment
2023,leduc_county,0201,LEDUC COUNTY,EA,08270,Mach & Equip Subtotal,196370710,fir_year_2023.xlsx#EA(1)-Assessment
2023,leduc_county,0201,LEDUC COUNTY,EA,08275,Non Residential Subtotal,4320283560,fir_year_2023.xlsx#EA(1)-Assessment
2023,leduc_county,0201,LEDUC COUNTY,EA,08280,Residential Subtotal,2860578588,fir_year_2023.xlsx#EA(1)-Assessment
2023,leduc_county,0201,LEDUC COUNTY,EA,08285,Farmland,85416400,fir_year_2023.xlsx#EA(1)-Assessment
2023,leduc_county,0201,LEDUC COUNTY,EA,08290,Non Residential Railway,,fir_year_2023.xlsx#EA(1)-Assessment
2023,leduc_county,0201,LEDUC COUNTY,EA,08295,NR Res. Co-generating M&E,,fir_year_2023.xlsx#EA(1)-Assessment
2023,leduc_county,0201,LEDUC COUNTY,POPL,POPL,Population,14416,fir_year_2023.xlsx#POPL(1)-Population
2023,morinville,0224,MORINVILLE,D,01912,Provincial Government Operating Transfers,864984,fir_year_2023.xlsx#D(1)-Total
2023,morinville,0224,MORINVILLE,D,01922,Provincial Government Capital Transfers,0,fir_year_2023.xlsx#D(1)-Total
2023,morinville,0224,MORINVILLE,EA,08260,GRAND TOTAL,1348888567,fir_year_2023.xlsx#EA(1)-Assessment
2023,morinville,0224,MORINVILLE,EA,08265,Linear Subtotal,11723440,fir_year_2023.xlsx#EA(1)-Assessment
2023,morinville,0224,MORINVILLE,EA,08270,Mach & Equip Subtotal,2030810,fir_year_2023.xlsx#EA(1)-Assessment
2023,morinville,0224,MORINVILLE,EA,08275,Non Residential Subtotal,165620901,fir_year_2023.xlsx#EA(1)-Assessment
2023,morinville,0224,MORINVILLE,EA,08280,Residential Subtotal,1169242146,fir_year_2023.xlsx#EA(1)-Assessment
2023,morinville,0224,MORINVILLE,EA,08285,Farmland,271270,fir_year_2023.xlsx#EA(1)-Assessment
2023,morinville,0224,MORINVILLE,EA,08290,Non Residential Railway,,fir_year_2023.xlsx#EA(1)-Assessment
2023,morinville,0224,MORINVILLE,EA,08295,NR Res. Co-generating M&E,,fir_year_2023.xlsx#EA(1)-Assessment
2023,morinville,0224,MORINVILLE,POPL,POPL,Population,10385,fir_year_2023.xlsx#POPL(1)-Population
2023,okotoks,0238,OKOTOKS,D,01912,Provincial Government Operating Transfers,1936164,fir_year_2023.xlsx#D(1)-Total
2023,okotoks,0238,OKOTOKS,D,01922,Provincial Government Capital Transfers,3050708,fir_year_2023.xlsx#D(1)-Total
2023,okotoks,0238,OKOTOKS,EA,08260,GRAND TOTAL,5532087317,fir_year_2023.xlsx#EA(1)-Assessment
2023,okotoks,0238,OKOTOKS,EA,08265,Linear Subtotal,32210500,fir_year_2023.xlsx#EA(1)-Assessment
2023,okotoks,0238,OKOTOKS,EA,08270,Mach & Equip Subtotal,,fir_year_2023.xlsx#EA(1)-Assessment
2023,okotoks,0238,OKOTOKS,EA,08275,Non Residential Subtotal,723980543,fir_year_2023.xlsx#EA(1)-Assessment
2023,okotoks,0238,OKOTOKS,EA,08280,Residential Subtotal,4774855414,fir_year_2023.xlsx#EA(1)-Assessment
2023,okotoks,0238,OKOTOKS,EA,08285,Farmland,1040860,fir_year_2023.xlsx#EA(1)-Assessment
2023,okotoks,0238,OKOTOKS,EA,08290,Non Residential Railway,,fir_year_2023.xlsx#EA(1)-Assessment
2023,okotoks,0238,OKOTOKS,EA,08295,NR Res. Co-generating M&E,,fir_year_2023.xlsx#EA(1)-Assessment
2023,okotoks,0238,OKOTOKS,POPL,POPL,Population,30405,fir_year_2023.xlsx#POPL(1)-Population
2023,parkland,0245,PARKLAND COUNTY,D,01912,Provincial Government Operating Transfers,8946771,fir_year_2023.xlsx#D(1)-Total
2023,parkland,0245,PARKLAND COUNTY,D,01922,Provincial Government Capital Transfers,13037993,fir_year_2023.xlsx#D(1)-Total
2023,parkland,0245,PARKLAND COUNTY,EA,08260,GRAND TOTAL,11351604392,fir_year_2023.xlsx#EA(1)-Assessment
2023,parkland,0245,PARKLAND COUNTY,EA,08265,Linear Subtotal,1663236220,fir_year_2023.xlsx#EA(1)-Assessment
2023,parkland,0245,PARKLAND COUNTY,EA,08270,Mach & Equip Subtotal,317786660,fir_year_2023.xlsx#EA(1)-Assessment
2023,parkland,0245,PARKLAND COUNTY,EA,08275,Non Residential Subtotal,2697937266,fir_year_2023.xlsx#EA(1)-Assessment
2023,parkland,0245,PARKLAND COUNTY,EA,08280,Residential Subtotal,6631813616,fir_year_2023.xlsx#EA(1)-Assessment
2023,parkland,0245,PARKLAND COUNTY,EA,08285,Farmland,40830630,fir_year_2023.xlsx#EA(1)-Assessment
2023,parkland,0245,PARKLAND COUNTY,EA,08290,Non Residential Railway,,fir_year_2023.xlsx#EA(1)-Assessment
2023,parkland,0245,PARKLAND COUNTY,EA,08295,NR Res. Co-generating M&E,,fir_year_2023.xlsx#EA(1)-Assessment
2023,parkland,0245,PARKLAND COUNTY,POPL,POPL,Population,32205,fir_year_2023.xlsx#POPL(1)-Population
2023,rocky_view,0269,ROCKY VIEW COUNTY,D,01912,Provincial Government Operating Transfers,2056884,fir_year_2023.xlsx#D(1)-Total
2023,rocky_view,0269,ROCKY VIEW COUNTY,D,01922,Provincial Government Capital Transfers,7398104,fir_year_2023.xlsx#D(1)-Total
2023,rocky_view,0269,ROCKY VIEW COUNTY,EA,08260,GRAND TOTAL,19842635347,fir_year_2023.xlsx#EA(1)-Assessment
2023,rocky_view,0269,ROCKY VIEW COUNTY,EA,08265,Linear Subtotal,1186056440,fir_year_2023.xlsx#EA(1)-Assessment
2023,rocky_view,0269,ROCKY VIEW COUNTY,EA,08270,Mach & Equip Subtotal,641726350,fir_year_2023.xlsx#EA(1)-Assessment
2023,rocky_view,0269,ROCKY VIEW COUNTY,EA,08275,Non Residential Subtotal,3903388315,fir_year_2023.xlsx#EA(1)-Assessment
2023,rocky_view,0269,ROCKY VIEW COUNTY,EA,08280,Residential Subtotal,13960035502,fir_year_2023.xlsx#EA(1)-Assessment
2023,rocky_view,0269,ROCKY VIEW COUNTY,EA,08285,Farmland,151428740,fir_year_2023.xlsx#EA(1)-Assessment
2023,rocky_view,0269,ROCKY VIEW COUNTY,EA,08290,Non Residential Railway,,fir_year_2023.xlsx#EA(1)-Assessment
2023,rocky_view,0269,ROCKY VIEW COUNTY,EA,08295,NR Res. Co-generating M&E,,fir_year_2023.xlsx#EA(1)-Assessment
2023,rocky_view,0269,ROCKY VIEW COUNTY,POPL,POPL,Population,41028,fir_year_2023.xlsx#POPL(1)-Population
2023,spruce_grove,0291,SPRUCE GROVE,D,01912,Provincial Government Operating Transfers,2671517,fir_year_2023.xlsx#D(1)-Total
2023,spruce_grove,0291,SPRUCE GROVE,D,01922,Provincial Government Capital Transfers,29593791,fir_year_2023.xlsx#D(1)-Total
2023,spruce_grove,0291,SPRUCE GROVE,EA,08260,GRAND TOTAL,6329645404,fir_year_2023.xlsx#EA(1)-Assessment
2023,spruce_grove,0291,SPRUCE GROVE,EA,08265,Linear Subtotal,44861460,fir_year_2023.xlsx#EA(1)-Assessment
2023,spruce_grove,0291,SPRUCE GROVE,EA,08270,Mach & Equip Subtotal,18059430,fir_year_2023.xlsx#EA(1)-Assessment
2023,spruce_grove,0291,SPRUCE GROVE,EA,08275,Non Residential Subtotal,1037402084,fir_year_2023.xlsx#EA(1)-Assessment
2023,spruce_grove,0291,SPRUCE GROVE,EA,08280,Residential Subtotal,5225742520,fir_year_2023.xlsx#EA(1)-Assessment
2023,spruce_grove,0291,SPRUCE GROVE,EA,08285,Farmland,3579910,fir_year_2023.xlsx#EA(1)-Assessment
2023,spruce_grove,0291,SPRUCE GROVE,EA,08290,Non Residential Railway,,fir_year_2023.xlsx#EA(1)-Assessment
2023,spruce_grove,0291,SPRUCE GROVE,EA,08295,NR Res. Co-generating M&E,,fir_year_2023.xlsx#EA(1)-Assessment
2023,spruce_grove,0291,SPRUCE GROVE,POPL,POPL,Population,38985,fir_year_2023.xlsx#POPL(1)-Population
2023,st_albert,0292,ST. ALBERT,D,01912,Provincial Government Operating Transfers,6444452,fir_year_2023.xlsx#D(1)-Total
2023,st_albert,0292,ST. ALBERT,D,01922,Provincial Government Capital Transfers,18719316,fir_year_2023.xlsx#D(1)-Total
2023,st_albert,0292,ST. ALBERT,EA,08260,GRAND TOTAL,13316327947,fir_year_2023.xlsx#EA(1)-Assessment
2023,st_albert,0292,ST. ALBERT,EA,08265,Linear Subtotal,86840810,fir_year_2023.xlsx#EA(1)-Assessment
2023,st_albert,0292,ST. ALBERT,EA,08270,Mach & Equip Subtotal,24795230,fir_year_2023.xlsx#EA(1)-Assessment
2023,st_albert,0292,ST. ALBERT,EA,08275,Non Residential Subtotal,1949448561,fir_year_2023.xlsx#EA(1)-Assessment
2023,st_albert,0292,ST. ALBERT,EA,08280,Residential Subtotal,11254121346,fir_year_2023.xlsx#EA(1)-Assessment
2023,st_albert,0292,ST. ALBERT,EA,08285,Farmland,1122000,fir_year_2023.xlsx#EA(1)-Assessment
2023,st_albert,0292,ST. ALBERT,EA,08290,Non Residential Railway,,fir_year_2023.xlsx#EA(1)-Assessment
2023,st_albert,0292,ST. ALBERT,EA,08295,NR Res. Co-generating M&E,,fir_year_2023.xlsx#EA(1)-Assessment
2023,st_albert,0292,ST. ALBERT,POPL,POPL,Population,68232,fir_year_2023.xlsx#POPL(1)-Population
2023,stony_plain,0301,STONY PLAIN,D,01912,Provincial Government Operating Transfers,1821496,fir_year_2023.xlsx#D(1)-Total
2023,stony_plain,0301,STONY PLAIN,D,01922,Provincial Government Capital Transfers,2445625,fir_year_2023.xlsx#D(1)-Total
2023,stony_plain,0301,STONY PLAIN,EA,08260,GRAND TOTAL,2780302913,fir_year_2023.xlsx#EA(1)-Assessment
2023,stony_plain,0301,STONY PLAIN,EA,08265,Linear Subtotal,29160610,fir_year_2023.xlsx#EA(1)-Assessment
2023,stony_plain,0301,STONY PLAIN,EA,08270,Mach & Equip Subtotal,639360,fir_year_2023.xlsx#EA(1)-Assessment
2023,stony_plain,0301,STONY PLAIN,EA,08275,Non Residential Subtotal,440230098,fir_year_2023.xlsx#EA(1)-Assessment
2023,stony_plain,0301,STONY PLAIN,EA,08280,Residential Subtotal,2309290485,fir_year_2023.xlsx#EA(1)-Assessment
2023,stony_plain,0301,STONY PLAIN,EA,08285,Farmland,982360,fir_year_2023.xlsx#EA(1)-Assessment
2023,stony_plain,0301,STONY PLAIN,EA,08290,Non Residential Railway,,fir_year_2023.xlsx#EA(1)-Assessment
2023,stony_plain,0301,STONY PLAIN,EA,08295,NR Res. Co-generating M&E,,fir_year_2023.xlsx#EA(1)-Assessment
2023,stony_plain,0301,STONY PLAIN,POPL,POPL,Population,17993,fir_year_2023.xlsx#POPL(1)-Population
2023,strathcona,0302,STRATHCONA COUNTY,D,01912,Provincial Government Operating Transfers,9859706,fir_year_2023.xlsx#D(1)-Total
2023,strathcona,0302,STRATHCONA COUNTY,D,01922,Provincial Government Capital Transfers,41994350,fir_year_2023.xlsx#D(1)-Total
2023,strathcona,0302,STRATHCONA COUNTY,EA,08260,GRAND TOTAL,34017372351,fir_year_2023.xlsx#EA(1)-Assessment
2023,strathcona,0302,STRATHCONA COUNTY,EA,08265,Linear Subtotal,860101320,fir_year_2023.xlsx#EA(1)-Assessment
2023,strathcona,0302,STRATHCONA COUNTY,EA,08270,Mach & Equip Subtotal,9658487440,fir_year_2023.xlsx#EA(1)-Assessment
2023,strathcona,0302,STRATHCONA COUNTY,EA,08275,Non Residential Subtotal,5233372461,fir_year_2023.xlsx#EA(1)-Assessment
2023,strathcona,0302,STRATHCONA COUNTY,EA,08280,Residential Subtotal,18227820947,fir_year_2023.xlsx#EA(1)-Assessment
2023,strathcona,0302,STRATHCONA COUNTY,EA,08285,Farmland,37590183,fir_year_2023.xlsx#EA(1)-Assessment
2023,strathcona,0302,STRATHCONA COUNTY,EA,08290,Non Residential Railway,,fir_year_2023.xlsx#EA(1)-Assessment
2023,strathcona,0302,STRATHCONA COUNTY,EA,08295,NR Res. Co-generating M&E,,fir_year_2023.xlsx#EA(1)-Assessment
2023,strathcona,0302,STRATHCONA COUNTY,POPL,POPL,Population,99225,fir_year_2023.xlsx#POPL(1)-Population
2023,sturgeon,0305,STURGEON COUNTY,D,01912,Provincial Government Operating Transfers,2256435,fir_year_2023.xlsx#D(1)-Total
2023,sturgeon,0305,STURGEON COUNTY,D,01922,Provincial Government Capital Transfers,3144165,fir_year_2023.xlsx#D(1)-Total
2023,sturgeon,0305,STURGEON COUNTY,EA,08260,GRAND TOTAL,10613484482,fir_year_2023.xlsx#EA(1)-Assessment
2023,sturgeon,0305,STURGEON COUNTY,EA,08265,Linear Subtotal,731878460,fir_year_2023.xlsx#EA(1)-Assessment
2023,sturgeon,0305,STURGEON COUNTY,EA,08270,Mach & Equip Subtotal,4346338050,fir_year_2023.xlsx#EA(1)-Assessment
2023,sturgeon,0305,STURGEON COUNTY,EA,08275,Non Residential Subtotal,1549627814,fir_year_2023.xlsx#EA(1)-Assessment
2023,sturgeon,0305,STURGEON COUNTY,EA,08280,Residential Subtotal,3908107568,fir_year_2023.xlsx#EA(1)-Assessment
2023,sturgeon,0305,STURGEON COUNTY,EA,08285,Farmland,77532590,fir_year_2023.xlsx#EA(1)-Assessment
2023,sturgeon,0305,STURGEON COUNTY,EA,08290,Non Residential Railway,,fir_year_2023.xlsx#EA(1)-Assessment
2023,sturgeon,0305,STURGEON COUNTY,EA,08295,NR Res. Co-generating M&E,,fir_year_2023.xlsx#EA(1)-Assessment
2023,sturgeon,0305,STURGEON COUNTY,POPL,POPL,Population,20061,fir_year_2023.xlsx#POPL(1)-Population
2023,chestermere,0356,CHESTERMERE,D,01912,Provincial Government Operating Transfers,1733404,fir_year_2023.xlsx#D(1)-Total
2023,chestermere,0356,CHESTERMERE,D,01922,Provincial Government Capital Transfers,3615631,fir_year_2023.xlsx#D(1)-Total
2023,chestermere,0356,CHESTERMERE,EA,08260,GRAND TOTAL,4279304163,fir_year_2023.xlsx#EA(1)-Assessment
2023,chestermere,0356,CHESTERMERE,EA,08265,Linear Subtotal,36134910,fir_year_2023.xlsx#EA(1)-Assessment
2023,chestermere,0356,CHESTERMERE,EA,08270,Mach & Equip Subtotal,498670,fir_year_2023.xlsx#EA(1)-Assessment
2023,chestermere,0356,CHESTERMERE,EA,08275,Non Residential Subtotal,156131980,fir_year_2023.xlsx#EA(1)-Assessment
2023,chestermere,0356,CHESTERMERE,EA,08280,Residential Subtotal,4085545313,fir_year_2023.xlsx#EA(1)-Assessment
2023,chestermere,0356,CHESTERMERE,EA,08285,Farmland,993290,fir_year_2023.xlsx#EA(1)-Assessment
2023,chestermere,0356,CHESTERMERE,EA,08290,Non Residential Railway,,fir_year_2023.xlsx#EA(1)-Assessment
2023,chestermere,0356,CHESTERMERE,EA,08295,NR Res. Co-generating M&E,,fir_year_2023.xlsx#EA(1)-Assessment
2023,chestermere,0356,CHESTERMERE,POPL,POPL,Population,22163,fir_year_2023.xlsx#POPL(1)-Population
2024,airdrie,0003,AIRDRIE,D,01912,Provincial Government Operating Transfers,4678336,fir_year_2024.xlsx#D(1)-Total
2024,airdrie,0003,AIRDRIE,D,01922,Provincial Government Capital Transfers,20064657,fir_year_2024.xlsx#D(1)-Total
2024,airdrie,0003,AIRDRIE,EA,08260,GRAND TOTAL,14772613011,fir_year_2024.xlsx#EA(1)-Assessment
2024,airdrie,0003,AIRDRIE,EA,08265,Linear Subtotal,89517810,fir_year_2024.xlsx#EA(1)-Assessment
2024,airdrie,0003,AIRDRIE,EA,08270,Mach & Equip Subtotal,10443370,fir_year_2024.xlsx#EA(1)-Assessment
2024,airdrie,0003,AIRDRIE,EA,08275,Non Residential Subtotal,1908307551,fir_year_2024.xlsx#EA(1)-Assessment
2024,airdrie,0003,AIRDRIE,EA,08280,Residential Subtotal,12761682690,fir_year_2024.xlsx#EA(1)-Assessment
2024,airdrie,0003,AIRDRIE,EA,08285,Farmland,2661590,fir_year_2024.xlsx#EA(1)-Assessment
2024,airdrie,0003,AIRDRIE,EA,08290,Non Residential Railway,,fir_year_2024.xlsx#EA(1)-Assessment
2024,airdrie,0003,AIRDRIE,EA,08295,NR Res. Co-generating M&E,,fir_year_2024.xlsx#EA(1)-Assessment
2024,airdrie,0003,AIRDRIE,POPL,POPL,Population,85505,fir_year_2024.xlsx#POPL(1)-Population
2024,beaumont,0019,BEAUMONT,D,01912,Provincial Government Operating Transfers,1796289,fir_year_2024.xlsx#D(1)-Total
2024,beaumont,0019,BEAUMONT,D,01922,Provincial Government Capital Transfers,185636,fir_year_2024.xlsx#D(1)-Total
2024,beaumont,0019,BEAUMONT,EA,08260,GRAND TOTAL,3670438074,fir_year_2024.xlsx#EA(1)-Assessment
2024,beaumont,0019,BEAUMONT,EA,08265,Linear Subtotal,21275850,fir_year_2024.xlsx#EA(1)-Assessment
2024,beaumont,0019,BEAUMONT,EA,08270,Mach & Equip Subtotal,129540,fir_year_2024.xlsx#EA(1)-Assessment
2024,beaumont,0019,BEAUMONT,EA,08275,Non Residential Subtotal,229139221,fir_year_2024.xlsx#EA(1)-Assessment
2024,beaumont,0019,BEAUMONT,EA,08280,Residential Subtotal,3419198093,fir_year_2024.xlsx#EA(1)-Assessment
2024,beaumont,0019,BEAUMONT,EA,08285,Farmland,695370,fir_year_2024.xlsx#EA(1)-Assessment
2024,beaumont,0019,BEAUMONT,EA,08290,Non Residential Railway,,fir_year_2024.xlsx#EA(1)-Assessment
2024,beaumont,0019,BEAUMONT,EA,08295,NR Res. Co-generating M&E,,fir_year_2024.xlsx#EA(1)-Assessment
2024,beaumont,0019,BEAUMONT,POPL,POPL,Population,20888,fir_year_2024.xlsx#POPL(1)-Population
2024,calgary,0046,CALGARY,D,01912,Provincial Government Operating Transfers,169756000,fir_year_2024.xlsx#D(1)-Total
2024,calgary,0046,CALGARY,D,01922,Provincial Government Capital Transfers,463392000,fir_year_2024.xlsx#D(1)-Total
2024,calgary,0046,CALGARY,EA,08260,GRAND TOTAL,318395505853,fir_year_2024.xlsx#EA(1)-Assessment
2024,calgary,0046,CALGARY,EA,08265,Linear Subtotal,3176527400,fir_year_2024.xlsx#EA(1)-Assessment
2024,calgary,0046,CALGARY,EA,08270,Mach & Equip Subtotal,382190000,fir_year_2024.xlsx#EA(1)-Assessment
2024,calgary,0046,CALGARY,EA,08275,Non Residential Subtotal,56011547604,fir_year_2024.xlsx#EA(1)-Assessment
2024,calgary,0046,CALGARY,EA,08280,Residential Subtotal,258771059542,fir_year_2024.xlsx#EA(1)-Assessment
2024,calgary,0046,CALGARY,EA,08285,Farmland,54181307,fir_year_2024.xlsx#EA(1)-Assessment
2024,calgary,0046,CALGARY,EA,08290,Non Residential Railway,,fir_year_2024.xlsx#EA(1)-Assessment
2024,calgary,0046,CALGARY,EA,08295,NR Res. Co-generating M&E,,fir_year_2024.xlsx#EA(1)-Assessment
2024,calgary,0046,CALGARY,POPL,POPL,Population,1306784,fir_year_2024.xlsx#POPL(1)-Population
2024,cochrane,0070,COCHRANE,D,01912,Provincial Government Operating Transfers,2424546,fir_year_2024.xlsx#D(1)-Total
2024,cochrane,0070,COCHRANE,D,01922,Provincial Government Capital Transfers,641663,fir_year_2024.xlsx#D(1)-Total
2024,cochrane,0070,COCHRANE,EA,08260,GRAND TOTAL,7336450545,fir_year_2024.xlsx#EA(1)-Assessment
2024,cochrane,0070,COCHRANE,EA,08265,Linear Subtotal,54561230,fir_year_2024.xlsx#EA(1)-Assessment
2024,cochrane,0070,COCHRANE,EA,08270,Mach & Equip Subtotal,14150380,fir_year_2024.xlsx#EA(1)-Assessment
2024,cochrane,0070,COCHRANE,EA,08275,Non Residential Subtotal,630870331,fir_year_2024.xlsx#EA(1)-Assessment
2024,cochrane,0070,COCHRANE,EA,08280,Residential Subtotal,6636705904,fir_year_2024.xlsx#EA(1)-Assessment
2024,cochrane,0070,COCHRANE,EA,08285,Farmland,162700,fir_year_2024.xlsx#EA(1)-Assessment
2024,cochrane,0070,COCHRANE,EA,08290,Non Residential Railway,,fir_year_2024.xlsx#EA(1)-Assessment
2024,cochrane,0070,COCHRANE,EA,08295,NR Res. Co-generating M&E,,fir_year_2024.xlsx#EA(1)-Assessment
2024,cochrane,0070,COCHRANE,POPL,POPL,Population,37011,fir_year_2024.xlsx#POPL(1)-Population
2024,devon,0086,DEVON,D,01912,Provincial Government Operating Transfers,987326,fir_year_2024.xlsx#D(1)-Total
2024,devon,0086,DEVON,D,01922,Provincial Government Capital Transfers,556229,fir_year_2024.xlsx#D(1)-Total
2024,devon,0086,DEVON,EA,08260,GRAND TOTAL,962197636,fir_year_2024.xlsx#EA(1)-Assessment
2024,devon,0086,DEVON,EA,08265,Linear Subtotal,13527520,fir_year_2024.xlsx#EA(1)-Assessment
2024,devon,0086,DEVON,EA,08270,Mach & Equip Subtotal,312340,fir_year_2024.xlsx#EA(1)-Assessment
2024,devon,0086,DEVON,EA,08275,Non Residential Subtotal,117401484,fir_year_2024.xlsx#EA(1)-Assessment
2024,devon,0086,DEVON,EA,08280,Residential Subtotal,830594512,fir_year_2024.xlsx#EA(1)-Assessment
2024,devon,0086,DEVON,EA,08285,Farmland,361780,fir_year_2024.xlsx#EA(1)-Assessment
2024,devon,0086,DEVON,EA,08290,Non Residential Railway,,fir_year_2024.xlsx#EA(1)-Assessment
2024,devon,0086,DEVON,EA,08295,NR Res. Co-generating M&E,,fir_year_2024.xlsx#EA(1)-Assessment
2024,devon,0086,DEVON,POPL,POPL,Population,6545,fir_year_2024.xlsx#POPL(1)-Population
2024,edmonton,0098,EDMONTON,D,01912,Provincial Government Operating Transfers,105711000,fir_year_2024.xlsx#D(1)-Total
2024,edmonton,0098,EDMONTON,D,01922,Provincial Government Capital Transfers,411098000,fir_year_2024.xlsx#D(1)-Total
2024,edmonton,0098,EDMONTON,EA,08260,GRAND TOTAL,188661356338,fir_year_2024.xlsx#EA(1)-Assessment
2024,edmonton,0098,EDMONTON,EA,08265,Linear Subtotal,2166989070,fir_year_2024.xlsx#EA(1)-Assessment
2024,edmonton,0098,EDMONTON,EA,08270,Mach & Equip Subtotal,870852314,fir_year_2024.xlsx#EA(1)-Assessment
2024,edmonton,0098,EDMONTON,EA,08275,Non Residential Subtotal,38588077457,fir_year_2024.xlsx#EA(1)-Assessment
2024,edmonton,0098,EDMONTON,EA,08280,Residential Subtotal,146967530157,fir_year_2024.xlsx#EA(1)-Assessment
2024,edmonton,0098,EDMONTON,EA,08285,Farmland,67907340,fir_year_2024.xlsx#EA(1)-Assessment
2024,edmonton,0098,EDMONTON,EA,08290,Non Residential Railway,,fir_year_2024.xlsx#EA(1)-Assessment
2024,edmonton,0098,EDMONTON,EA,08295,NR Res. Co-generating M&E,,fir_year_2024.xlsx#EA(1)-Assessment
2024,edmonton,0098,EDMONTON,POPL,POPL,Population,1010899,fir_year_2024.xlsx#POPL(1)-Population
2024,foothills,0111,FOOTHILLS COUNTY,D,01912,Provincial Government Operating Transfers,1441821,fir_year_2024.xlsx#D(1)-Total
2024,foothills,0111,FOOTHILLS COUNTY,D,01922,Provincial Government Capital Transfers,8824031,fir_year_2024.xlsx#D(1)-Total
2024,foothills,0111,FOOTHILLS COUNTY,EA,08260,GRAND TOTAL,9370586730,fir_year_2024.xlsx#EA(1)-Assessment
2024,foothills,0111,FOOTHILLS COUNTY,EA,08265,Linear Subtotal,405729070,fir_year_2024.xlsx#EA(1)-Assessment
2024,foothills,0111,FOOTHILLS COUNTY,EA,08270,Mach & Equip Subtotal,209171390,fir_year_2024.xlsx#EA(1)-Assessment
2024,foothills,0111,FOOTHILLS COUNTY,EA,08275,Non Residential Subtotal,662594663,fir_year_2024.xlsx#EA(1)-Assessment
2024,foothills,0111,FOOTHILLS COUNTY,EA,08280,Residential Subtotal,7955788347,fir_year_2024.xlsx#EA(1)-Assessment
2024,foothills,0111,FOOTHILLS COUNTY,EA,08285,Farmland,137303260,fir_year_2024.xlsx#EA(1)-Assessment
2024,foothills,0111,FOOTHILLS COUNTY,EA,08290,Non Residential Railway,,fir_year_2024.xlsx#EA(1)-Assessment
2024,foothills,0111,FOOTHILLS COUNTY,EA,08295,NR Res. Co-generating M&E,,fir_year_2024.xlsx#EA(1)-Assessment
2024,foothills,0111,FOOTHILLS COUNTY,POPL,POPL,Population,23199,fir_year_2024.xlsx#POPL(1)-Population
2024,fort_saskatchewan,0117,FORT SASKATCHEWAN,D,01912,Provincial Government Operating Transfers,2152000,fir_year_2024.xlsx#D(1)-Total
2024,fort_saskatchewan,0117,FORT SASKATCHEWAN,D,01922,Provincial Government Capital Transfers,6881000,fir_year_2024.xlsx#D(1)-Total
2024,fort_saskatchewan,0117,FORT SASKATCHEWAN,EA,08260,GRAND TOTAL,7397308804,fir_year_2024.xlsx#EA(1)-Assessment
2024,fort_saskatchewan,0117,FORT SASKATCHEWAN,EA,08265,Linear Subtotal,148420900,fir_year_2024.xlsx#EA(1)-Assessment
2024,fort_saskatchewan,0117,FORT SASKATCHEWAN,EA,08270,Mach & Equip Subtotal,1914354610,fir_year_2024.xlsx#EA(1)-Assessment
2024,fort_saskatchewan,0117,FORT SASKATCHEWAN,EA,08275,Non Residential Subtotal,1195780299,fir_year_2024.xlsx#EA(1)-Assessment
2024,fort_saskatchewan,0117,FORT SASKATCHEWAN,EA,08280,Residential Subtotal,4137389345,fir_year_2024.xlsx#EA(1)-Assessment
2024,fort_saskatchewan,0117,FORT SASKATCHEWAN,EA,08285,Farmland,1363650,fir_year_2024.xlsx#EA(1)-Assessment
2024,fort_saskatchewan,0117,FORT SASKATCHEWAN,EA,08290,Non Residential Railway,,fir_year_2024.xlsx#EA(1)-Assessment
2024,fort_saskatchewan,0117,FORT SASKATCHEWAN,EA,08295,NR Res. Co-generating M&E,,fir_year_2024.xlsx#EA(1)-Assessment
2024,fort_saskatchewan,0117,FORT SASKATCHEWAN,POPL,POPL,Population,29857,fir_year_2024.xlsx#POPL(1)-Population
2024,high_river,0148,HIGH RIVER,D,01912,Provincial Government Operating Transfers,1449341,fir_year_2024.xlsx#D(1)-Total
2024,high_river,0148,HIGH RIVER,D,01922,Provincial Government Capital Transfers,13382474,fir_year_2024.xlsx#D(1)-Total
2024,high_river,0148,HIGH RIVER,EA,08260,GRAND TOTAL,2360518255,fir_year_2024.xlsx#EA(1)-Assessment
2024,high_river,0148,HIGH RIVER,EA,08265,Linear Subtotal,18296900,fir_year_2024.xlsx#EA(1)-Assessment
2024,high_river,0148,HIGH RIVER,EA,08270,Mach & Equip Subtotal,121710,fir_year_2024.xlsx#EA(1)-Assessment
2024,high_river,0148,HIGH RIVER,EA,08275,Non Residential Subtotal,316443881,fir_year_2024.xlsx#EA(1)-Assessment
2024,high_river,0148,HIGH RIVER,EA,08280,Residential Subtotal,2025169164,fir_year_2024.xlsx#EA(1)-Assessment
2024,high_river,0148,HIGH RIVER,EA,08285,Farmland,486600,fir_year_2024.xlsx#EA(1)-Assessment
2024,high_river,0148,HIGH RIVER,EA,08290,Non Residential Railway,,fir_year_2024.xlsx#EA(1)-Assessment
2024,high_river,0148,HIGH RIVER,EA,08295,NR Res. Co-generating M&E,,fir_year_2024.xlsx#EA(1)-Assessment
2024,high_river,0148,HIGH RIVER,POPL,POPL,Population,14324,fir_year_2024.xlsx#POPL(1)-Population
2024,leduc_city,0200,LEDUC,D,01912,Provincial Government Operating Transfers,6588892,fir_year_2024.xlsx#D(1)-Total
2024,leduc_city,0200,LEDUC,D,01922,Provincial Government Capital Transfers,54817964,fir_year_2024.xlsx#D(1)-Total
2024,leduc_city,0200,LEDUC,EA,08260,GRAND TOTAL,6933762890,fir_year_2024.xlsx#EA(1)-Assessment
2024,leduc_city,0200,LEDUC,EA,08265,Linear Subtotal,66061610,fir_year_2024.xlsx#EA(1)-Assessment
2024,leduc_city,0200,LEDUC,EA,08270,Mach & Equip Subtotal,88253990,fir_year_2024.xlsx#EA(1)-Assessment
2024,leduc_city,0200,LEDUC,EA,08275,Non Residential Subtotal,2086390327,fir_year_2024.xlsx#EA(1)-Assessment
2024,leduc_city,0200,LEDUC,EA,08280,Residential Subtotal,4692375863,fir_year_2024.xlsx#EA(1)-Assessment
2024,leduc_city,0200,LEDUC,EA,08285,Farmland,681100,fir_year_2024.xlsx#EA(1)-Assessment
2024,leduc_city,0200,LEDUC,EA,08290,Non Residential Railway,,fir_year_2024.xlsx#EA(1)-Assessment
2024,leduc_city,0200,LEDUC,EA,08295,NR Res. Co-generating M&E,,fir_year_2024.xlsx#EA(1)-Assessment
2024,leduc_city,0200,LEDUC,POPL,POPL,Population,36060,fir_year_2024.xlsx#POPL(1)-Population
2024,leduc_county,0201,LEDUC COUNTY,D,01912,Provincial Government Operating Transfers,3319161,fir_year_2024.xlsx#D(1)-Total
2024,leduc_county,0201,LEDUC COUNTY,D,01922,Provincial Government Capital Transfers,5651343,fir_year_2024.xlsx#D(1)-Total
2024,leduc_county,0201,LEDUC COUNTY,EA,08260,GRAND TOTAL,9353877796,fir_year_2024.xlsx#EA(1)-Assessment
2024,leduc_county,0201,LEDUC COUNTY,EA,08265,Linear Subtotal,1355074020,fir_year_2024.xlsx#EA(1)-Assessment
2024,leduc_county,0201,LEDUC COUNTY,EA,08270,Mach & Equip Subtotal,166868360,fir_year_2024.xlsx#EA(1)-Assessment
2024,leduc_county,0201,LEDUC COUNTY,EA,08275,Non Residential Subtotal,4644819383,fir_year_2024.xlsx#EA(1)-Assessment
2024,leduc_county,0201,LEDUC COUNTY,EA,08280,Residential Subtotal,3101955463,fir_year_2024.xlsx#EA(1)-Assessment
2024,leduc_county,0201,LEDUC COUNTY,EA,08285,Farmland,85160570,fir_year_2024.xlsx#EA(1)-Assessment
2024,leduc_county,0201,LEDUC COUNTY,EA,08290,Non Residential Railway,,fir_year_2024.xlsx#EA(1)-Assessment
2024,leduc_county,0201,LEDUC COUNTY,EA,08295,NR Res. Co-generating M&E,,fir_year_2024.xlsx#EA(1)-Assessment
2024,leduc_county,0201,LEDUC COUNTY,POPL,POPL,Population,14416,fir_year_2024.xlsx#POPL(1)-Population
2024,morinville,0224,MORINVILLE,D,01912,Provincial Government Operating Transfers,866364,fir_year_2024.xlsx#D(1)-Total
2024,morinville,0224,MORINVILLE,D,01922,Provincial Government Capital Transfers,1814225,fir_year_2024.xlsx#D(1)-Total
2024,morinville,0224,MORINVILLE,EA,08260,GRAND TOTAL,1396933802,fir_year_2024.xlsx#EA(1)-Assessment
2024,morinville,0224,MORINVILLE,EA,08265,Linear Subtotal,12607830,fir_year_2024.xlsx#EA(1)-Assessment
2024,morinville,0224,MORINVILLE,EA,08270,Mach & Equip Subtotal,2445640,fir_year_2024.xlsx#EA(1)-Assessment
2024,morinville,0224,MORINVILLE,EA,08275,Non Residential Subtotal,172054302,fir_year_2024.xlsx#EA(1)-Assessment
2024,morinville,0224,MORINVILLE,EA,08280,Residential Subtotal,1209554530,fir_year_2024.xlsx#EA(1)-Assessment
2024,morinville,0224,MORINVILLE,EA,08285,Farmland,271500,fir_year_2024.xlsx#EA(1)-Assessment
2024,morinville,0224,MORINVILLE,EA,08290,Non Residential Railway,,fir_year_2024.xlsx#EA(1)-Assessment
2024,morinville,0224,MORINVILLE,EA,08295,NR Res. Co-generating M&E,,fir_year_2024.xlsx#EA(1)-Assessment
2024,morinville,0224,MORINVILLE,POPL,POPL,Population,10385,fir_year_2024.xlsx#POPL(1)-Population
2024,okotoks,0238,OKOTOKS,D,01912,Provincial Government Operating Transfers,2073282,fir_year_2024.xlsx#D(1)-Total
2024,okotoks,0238,OKOTOKS,D,01922,Provincial Government Capital Transfers,11032512,fir_year_2024.xlsx#D(1)-Total
2024,okotoks,0238,OKOTOKS,EA,08260,GRAND TOTAL,6171827735,fir_year_2024.xlsx#EA(1)-Assessment
2024,okotoks,0238,OKOTOKS,EA,08265,Linear Subtotal,33165420,fir_year_2024.xlsx#EA(1)-Assessment
2024,okotoks,0238,OKOTOKS,EA,08270,Mach & Equip Subtotal,,fir_year_2024.xlsx#EA(1)-Assessment
2024,okotoks,0238,OKOTOKS,EA,08275,Non Residential Subtotal,756162048,fir_year_2024.xlsx#EA(1)-Assessment
2024,okotoks,0238,OKOTOKS,EA,08280,Residential Subtotal,5381460147,fir_year_2024.xlsx#EA(1)-Assessment
2024,okotoks,0238,OKOTOKS,EA,08285,Farmland,1040120,fir_year_2024.xlsx#EA(1)-Assessment
2024,okotoks,0238,OKOTOKS,EA,08290,Non Residential Railway,,fir_year_2024.xlsx#EA(1)-Assessment
2024,okotoks,0238,OKOTOKS,EA,08295,NR Res. Co-generating M&E,,fir_year_2024.xlsx#EA(1)-Assessment
2024,okotoks,0238,OKOTOKS,POPL,POPL,Population,30405,fir_year_2024.xlsx#POPL(1)-Population
2024,parkland,0245,PARKLAND COUNTY,D,01912,Provincial Government Operating Transfers,4698158,fir_year_2024.xlsx#D(1)-Total
2024,parkland,0245,PARKLAND COUNTY,D,01922,Provincial Government Capital Transfers,5628042,fir_year_2024.xlsx#D(1)-Total
2024,parkland,0245,PARKLAND COUNTY,EA,08260,GRAND TOTAL,11623085073,fir_year_2024.xlsx#EA(1)-Assessment
2024,parkland,0245,PARKLAND COUNTY,EA,08265,Linear Subtotal,1327129000,fir_year_2024.xlsx#EA(1)-Assessment
2024,parkland,0245,PARKLAND COUNTY,EA,08270,Mach & Equip Subtotal,334910630,fir_year_2024.xlsx#EA(1)-Assessment
2024,parkland,0245,PARKLAND COUNTY,EA,08275,Non Residential Subtotal,2898880725,fir_year_2024.xlsx#EA(1)-Assessment
2024,parkland,0245,PARKLAND COUNTY,EA,08280,Residential Subtotal,7021342258,fir_year_2024.xlsx#EA(1)-Assessment
2024,parkland,0245,PARKLAND COUNTY,EA,08285,Farmland,40822460,fir_year_2024.xlsx#EA(1)-Assessment
2024,parkland,0245,PARKLAND COUNTY,EA,08290,Non Residential Railway,,fir_year_2024.xlsx#EA(1)-Assessment
2024,parkland,0245,PARKLAND COUNTY,EA,08295,NR Res. Co-generating M&E,,fir_year_2024.xlsx#EA(1)-Assessment
2024,parkland,0245,PARKLAND COUNTY,POPL,POPL,Population,32205,fir_year_2024.xlsx#POPL(1)-Population
2024,rocky_view,0269,ROCKY VIEW COUNTY,D,01912,Provincial Government Operating Transfers,2294374,fir_year_2024.xlsx#D(1)-Total
2024,rocky_view,0269,ROCKY VIEW COUNTY,D,01922,Provincial Government Capital Transfers,7601808,fir_year_2024.xlsx#D(1)-Total
2024,rocky_view,0269,ROCKY VIEW COUNTY,EA,08260,GRAND TOTAL,22188154952,fir_year_2024.xlsx#EA(1)-Assessment
2024,rocky_view,0269,ROCKY VIEW COUNTY,EA,08265,Linear Subtotal,1231672150,fir_year_2024.xlsx#EA(1)-Assessment
2024,rocky_view,0269,ROCKY VIEW COUNTY,EA,08270,Mach & Equip Subtotal,674053280,fir_year_2024.xlsx#EA(1)-Assessment
2024,rocky_view,0269,ROCKY VIEW COUNTY,EA,08275,Non Residential Subtotal,5079065148,fir_year_2024.xlsx#EA(1)-Assessment
2024,rocky_view,0269,ROCKY VIEW COUNTY,EA,08280,Residential Subtotal,15052414734,fir_year_2024.xlsx#EA(1)-Assessment
2024,rocky_view,0269,ROCKY VIEW COUNTY,EA,08285,Farmland,150949640,fir_year_2024.xlsx#EA(1)-Assessment
2024,rocky_view,0269,ROCKY VIEW COUNTY,EA,08290,Non Residential Railway,,fir_year_2024.xlsx#EA(1)-Assessment
2024,rocky_view,0269,ROCKY VIEW COUNTY,EA,08295,NR Res. Co-generating M&E,,fir_year_2024.xlsx#EA(1)-Assessment
2024,rocky_view,0269,ROCKY VIEW COUNTY,POPL,POPL,Population,41028,fir_year_2024.xlsx#POPL(1)-Population
2024,spruce_grove,0291,SPRUCE GROVE,D,01912,Provincial Government Operating Transfers,2742662,fir_year_2024.xlsx#D(1)-Total
2024,spruce_grove,0291,SPRUCE GROVE,D,01922,Provincial Government Capital Transfers,9385240,fir_year_2024.xlsx#D(1)-Total
2024,spruce_grove,0291,SPRUCE GROVE,EA,08260,GRAND TOTAL,6900052433,fir_year_2024.xlsx#EA(1)-Assessment
2024,spruce_grove,0291,SPRUCE GROVE,EA,08265,Linear Subtotal,48633270,fir_year_2024.xlsx#EA(1)-Assessment
2024,spruce_grove,0291,SPRUCE GROVE,EA,08270,Mach & Equip Subtotal,19433250,fir_year_2024.xlsx#EA(1)-Assessment
2024,spruce_grove,0291,SPRUCE GROVE,EA,08275,Non Residential Subtotal,1161878691,fir_year_2024.xlsx#EA(1)-Assessment
2024,spruce_grove,0291,SPRUCE GROVE,EA,08280,Residential Subtotal,5666377492,fir_year_2024.xlsx#EA(1)-Assessment
2024,spruce_grove,0291,SPRUCE GROVE,EA,08285,Farmland,3729730,fir_year_2024.xlsx#EA(1)-Assessment
2024,spruce_grove,0291,SPRUCE GROVE,EA,08290,Non Residential Railway,,fir_year_2024.xlsx#EA(1)-Assessment
2024,spruce_grove,0291,SPRUCE GROVE,EA,08295,NR Res. Co-generating M&E,,fir_year_2024.xlsx#EA(1)-Assessment
2024,spruce_grove,0291,SPRUCE GROVE,POPL,POPL,Population,38985,fir_year_2024.xlsx#POPL(1)-Population
2024,st_albert,0292,ST. ALBERT,D,01912,Provincial Government Operating Transfers,6592586,fir_year_2024.xlsx#D(1)-Total
2024,st_albert,0292,ST. ALBERT,D,01922,Provincial Government Capital Transfers,14580397,fir_year_2024.xlsx#D(1)-Total
2024,st_albert,0292,ST. ALBERT,EA,08260,GRAND TOTAL,13983921760,fir_year_2024.xlsx#EA(1)-Assessment
2024,st_albert,0292,ST. ALBERT,EA,08265,Linear Subtotal,91121150,fir_year_2024.xlsx#EA(1)-Assessment
2024,st_albert,0292,ST. ALBERT,EA,08270,Mach & Equip Subtotal,26235430,fir_year_2024.xlsx#EA(1)-Assessment
2024,st_albert,0292,ST. ALBERT,EA,08275,Non Residential Subtotal,1964665602,fir_year_2024.xlsx#EA(1)-Assessment
2024,st_albert,0292,ST. ALBERT,EA,08280,Residential Subtotal,11900834578,fir_year_2024.xlsx#EA(1)-Assessment
2024,st_albert,0292,ST. ALBERT,EA,08285,Farmland,1065000,fir_year_2024.xlsx#EA(1)-Assessment
2024,st_albert,0292,ST. ALBERT,EA,08290,Non Residential Railway,,fir_year_2024.xlsx#EA(1)-Assessment
2024,st_albert,0292,ST. ALBERT,EA,08295,NR Res. Co-generating M&E,,fir_year_2024.xlsx#EA(1)-Assessment
2024,st_albert,0292,ST. ALBERT,POPL,POPL,Population,72316,fir_year_2024.xlsx#POPL(1)-Population
2024,stony_plain,0301,STONY PLAIN,D,01912,Provincial Government Operating Transfers,2299163,fir_year_2024.xlsx#D(1)-Total
2024,stony_plain,0301,STONY PLAIN,D,01922,Provincial Government Capital Transfers,7801276,fir_year_2024.xlsx#D(1)-Total
2024,stony_plain,0301,STONY PLAIN,EA,08260,GRAND TOTAL,3007217510,fir_year_2024.xlsx#EA(1)-Assessment
2024,stony_plain,0301,STONY PLAIN,EA,08265,Linear Subtotal,30810890,fir_year_2024.xlsx#EA(1)-Assessment
2024,stony_plain,0301,STONY PLAIN,EA,08270,Mach & Equip Subtotal,725520,fir_year_2024.xlsx#EA(1)-Assessment
2024,stony_plain,0301,STONY PLAIN,EA,08275,Non Residential Subtotal,485288029,fir_year_2024.xlsx#EA(1)-Assessment
2024,stony_plain,0301,STONY PLAIN,EA,08280,Residential Subtotal,2489412751,fir_year_2024.xlsx#EA(1)-Assessment
2024,stony_plain,0301,STONY PLAIN,EA,08285,Farmland,980320,fir_year_2024.xlsx#EA(1)-Assessment
2024,stony_plain,0301,STONY PLAIN,EA,08290,Non Residential Railway,,fir_year_2024.xlsx#EA(1)-Assessment
2024,stony_plain,0301,STONY PLAIN,EA,08295,NR Res. Co-generating M&E,,fir_year_2024.xlsx#EA(1)-Assessment
2024,stony_plain,0301,STONY PLAIN,POPL,POPL,Population,17993,fir_year_2024.xlsx#POPL(1)-Population
2024,strathcona,0302,STRATHCONA COUNTY,D,01912,Provincial Government Operating Transfers,0,fir_year_2024.xlsx#D(1)-Total
2024,strathcona,0302,STRATHCONA COUNTY,D,01922,Provincial Government Capital Transfers,21042029,fir_year_2024.xlsx#D(1)-Total
2024,strathcona,0302,STRATHCONA COUNTY,EA,08260,GRAND TOTAL,35759660353,fir_year_2024.xlsx#EA(1)-Assessment
2024,strathcona,0302,STRATHCONA COUNTY,EA,08265,Linear Subtotal,965326710,fir_year_2024.xlsx#EA(1)-Assessment
2024,strathcona,0302,STRATHCONA COUNTY,EA,08270,Mach & Equip Subtotal,10057452430,fir_year_2024.xlsx#EA(1)-Assessment
2024,strathcona,0302,STRATHCONA COUNTY,EA,08275,Non Residential Subtotal,5377889715,fir_year_2024.xlsx#EA(1)-Assessment
2024,strathcona,0302,STRATHCONA COUNTY,EA,08280,Residential Subtotal,19325391278,fir_year_2024.xlsx#EA(1)-Assessment
2024,strathcona,0302,STRATHCONA COUNTY,EA,08285,Farmland,33600220,fir_year_2024.xlsx#EA(1)-Assessment
2024,strathcona,0302,STRATHCONA COUNTY,EA,08290,Non Residential Railway,,fir_year_2024.xlsx#EA(1)-Assessment
2024,strathcona,0302,STRATHCONA COUNTY,EA,08295,NR Res. Co-generating M&E,,fir_year_2024.xlsx#EA(1)-Assessment
2024,strathcona,0302,STRATHCONA COUNTY,POPL,POPL,Population,103829,fir_year_2024.xlsx#POPL(1)-Population
2024,sturgeon,0305,STURGEON COUNTY,D,01912,Provincial Government Operating Transfers,6171965,fir_year_2024.xlsx#D(1)-Total
2024,sturgeon,0305,STURGEON COUNTY,D,01922,Provincial Government Capital Transfers,4399106,fir_year_2024.xlsx#D(1)-Total
2024,sturgeon,0305,STURGEON COUNTY,EA,08260,GRAND TOTAL,11323919555,fir_year_2024.xlsx#EA(1)-Assessment
2024,sturgeon,0305,STURGEON COUNTY,EA,08265,Linear Subtotal,759104130,fir_year_2024.xlsx#EA(1)-Assessment
2024,sturgeon,0305,STURGEON COUNTY,EA,08270,Mach & Equip Subtotal,4598648470,fir_year_2024.xlsx#EA(1)-Assessment
2024,sturgeon,0305,STURGEON COUNTY,EA,08275,Non Residential Subtotal,1688054381,fir_year_2024.xlsx#EA(1)-Assessment
2024,sturgeon,0305,STURGEON COUNTY,EA,08280,Residential Subtotal,4200657654,fir_year_2024.xlsx#EA(1)-Assessment
2024,sturgeon,0305,STURGEON COUNTY,EA,08285,Farmland,77454920,fir_year_2024.xlsx#EA(1)-Assessment
2024,sturgeon,0305,STURGEON COUNTY,EA,08290,Non Residential Railway,,fir_year_2024.xlsx#EA(1)-Assessment
2024,sturgeon,0305,STURGEON COUNTY,EA,08295,NR Res. Co-generating M&E,,fir_year_2024.xlsx#EA(1)-Assessment
2024,sturgeon,0305,STURGEON COUNTY,POPL,POPL,Population,20061,fir_year_2024.xlsx#POPL(1)-Population
2024,chestermere,0356,CHESTERMERE,D,01912,Provincial Government Operating Transfers,1644832,fir_year_2024.xlsx#D(1)-Total
2024,chestermere,0356,CHESTERMERE,D,01922,Provincial Government Capital Transfers,8875800,fir_year_2024.xlsx#D(1)-Total
2024,chestermere,0356,CHESTERMERE,EA,08260,GRAND TOTAL,5111283968,fir_year_2024.xlsx#EA(1)-Assessment
2024,chestermere,0356,CHESTERMERE,EA,08265,Linear Subtotal,38766670,fir_year_2024.xlsx#EA(1)-Assessment
2024,chestermere,0356,CHESTERMERE,EA,08270,Mach & Equip Subtotal,600980,fir_year_2024.xlsx#EA(1)-Assessment
2024,chestermere,0356,CHESTERMERE,EA,08275,Non Residential Subtotal,200131379,fir_year_2024.xlsx#EA(1)-Assessment
2024,chestermere,0356,CHESTERMERE,EA,08280,Residential Subtotal,4870791199,fir_year_2024.xlsx#EA(1)-Assessment
2024,chestermere,0356,CHESTERMERE,EA,08285,Farmland,993740,fir_year_2024.xlsx#EA(1)-Assessment
2024,chestermere,0356,CHESTERMERE,EA,08290,Non Residential Railway,,fir_year_2024.xlsx#EA(1)-Assessment
2024,chestermere,0356,CHESTERMERE,EA,08295,NR Res. Co-generating M&E,,fir_year_2024.xlsx#EA(1)-Assessment
2024,chestermere,0356,CHESTERMERE,POPL,POPL,Population,28129,fir_year_2024.xlsx#POPL(1)-Population
2025,airdrie,0003,AIRDRIE,D,01912,Provincial Government Operating Transfers,7395468,fir_year_2025.xlsx#D(1)-Total
2025,airdrie,0003,AIRDRIE,D,01922,Provincial Government Capital Transfers,21074983,fir_year_2025.xlsx#D(1)-Total
2025,airdrie,0003,AIRDRIE,EA,08260,GRAND TOTAL,17235441060,fir_year_2025.xlsx#EA(1)-Assessment
2025,airdrie,0003,AIRDRIE,EA,08265,Linear Subtotal,97178410,fir_year_2025.xlsx#EA(1)-Assessment
2025,airdrie,0003,AIRDRIE,EA,08270,Mach & Equip Subtotal,6045290,fir_year_2025.xlsx#EA(1)-Assessment
2025,airdrie,0003,AIRDRIE,EA,08275,Non Residential Subtotal,2130028439,fir_year_2025.xlsx#EA(1)-Assessment
2025,airdrie,0003,AIRDRIE,EA,08280,Residential Subtotal,14999590591,fir_year_2025.xlsx#EA(1)-Assessment
2025,airdrie,0003,AIRDRIE,EA,08285,Farmland,2598330,fir_year_2025.xlsx#EA(1)-Assessment
2025,airdrie,0003,AIRDRIE,EA,08290,Non Residential Railway,,fir_year_2025.xlsx#EA(1)-Assessment
2025,airdrie,0003,AIRDRIE,EA,08295,NR Res. Co-generating M&E,,fir_year_2025.xlsx#EA(1)-Assessment
2025,airdrie,0003,AIRDRIE,POPL,POPL,Population,90044,fir_year_2025.xlsx#POPL(1)-Population
2025,beaumont,0019,BEAUMONT,D,01912,Provincial Government Operating Transfers,1892750,fir_year_2025.xlsx#D(1)-Total
2025,beaumont,0019,BEAUMONT,D,01922,Provincial Government Capital Transfers,2340562,fir_year_2025.xlsx#D(1)-Total
2025,beaumont,0019,BEAUMONT,EA,08260,GRAND TOTAL,4048361508,fir_year_2025.xlsx#EA(1)-Assessment
2025,beaumont,0019,BEAUMONT,EA,08265,Linear Subtotal,22961000,fir_year_2025.xlsx#EA(1)-Assessment
2025,beaumont,0019,BEAUMONT,EA,08270,Mach & Equip Subtotal,129540,fir_year_2025.xlsx#EA(1)-Assessment
2025,beaumont,0019,BEAUMONT,EA,08275,Non Residential Subtotal,246030106,fir_year_2025.xlsx#EA(1)-Assessment
2025,beaumont,0019,BEAUMONT,EA,08280,Residential Subtotal,3778544612,fir_year_2025.xlsx#EA(1)-Assessment
2025,beaumont,0019,BEAUMONT,EA,08285,Farmland,696250,fir_year_2025.xlsx#EA(1)-Assessment
2025,beaumont,0019,BEAUMONT,EA,08290,Non Residential Railway,,fir_year_2025.xlsx#EA(1)-Assessment
2025,beaumont,0019,BEAUMONT,EA,08295,NR Res. Co-generating M&E,,fir_year_2025.xlsx#EA(1)-Assessment
2025,beaumont,0019,BEAUMONT,POPL,POPL,Population,20888,fir_year_2025.xlsx#POPL(1)-Population
2025,calgary,0046,CALGARY,D,01912,Provincial Government Operating Transfers,175833000,fir_year_2025.xlsx#D(1)-Total
2025,calgary,0046,CALGARY,D,01922,Provincial Government Capital Transfers,487761000,fir_year_2025.xlsx#D(1)-Total
2025,calgary,0046,CALGARY,EA,08260,GRAND TOTAL,353324191134,fir_year_2025.xlsx#EA(1)-Assessment
2025,calgary,0046,CALGARY,EA,08265,Linear Subtotal,4039525100,fir_year_2025.xlsx#EA(1)-Assessment
2025,calgary,0046,CALGARY,EA,08270,Mach & Equip Subtotal,393270000,fir_year_2025.xlsx#EA(1)-Assessment
2025,calgary,0046,CALGARY,EA,08275,Non Residential Subtotal,58588236599,fir_year_2025.xlsx#EA(1)-Assessment
2025,calgary,0046,CALGARY,EA,08280,Residential Subtotal,290263926933,fir_year_2025.xlsx#EA(1)-Assessment
2025,calgary,0046,CALGARY,EA,08285,Farmland,39232502,fir_year_2025.xlsx#EA(1)-Assessment
2025,calgary,0046,CALGARY,EA,08290,Non Residential Railway,,fir_year_2025.xlsx#EA(1)-Assessment
2025,calgary,0046,CALGARY,EA,08295,NR Res. Co-generating M&E,,fir_year_2025.xlsx#EA(1)-Assessment
2025,calgary,0046,CALGARY,POPL,POPL,Population,1306784,fir_year_2025.xlsx#POPL(1)-Population
2025,cochrane,0070,COCHRANE,D,01912,Provincial Government Operating Transfers,2528251,fir_year_2025.xlsx#D(1)-Total
2025,cochrane,0070,COCHRANE,D,01922,Provincial Government Capital Transfers,2895460,fir_year_2025.xlsx#D(1)-Total
2025,cochrane,0070,COCHRANE,EA,08260,GRAND TOTAL,8574938039,fir_year_2025.xlsx#EA(1)-Assessment
2025,cochrane,0070,COCHRANE,EA,08265,Linear Subtotal,57552420,fir_year_2025.xlsx#EA(1)-Assessment
2025,cochrane,0070,COCHRANE,EA,08270,Mach & Equip Subtotal,14336060,fir_year_2025.xlsx#EA(1)-Assessment
2025,cochrane,0070,COCHRANE,EA,08275,Non Residential Subtotal,662622215,fir_year_2025.xlsx#EA(1)-Assessment
2025,cochrane,0070,COCHRANE,EA,08280,Residential Subtotal,7840347844,fir_year_2025.xlsx#EA(1)-Assessment
2025,cochrane,0070,COCHRANE,EA,08285,Farmland,79500,fir_year_2025.xlsx#EA(1)-Assessment
2025,cochrane,0070,COCHRANE,EA,08290,Non Residential Railway,,fir_year_2025.xlsx#EA(1)-Assessment
2025,cochrane,0070,COCHRANE,EA,08295,NR Res. Co-generating M&E,,fir_year_2025.xlsx#EA(1)-Assessment
2025,cochrane,0070,COCHRANE,POPL,POPL,Population,37011,fir_year_2025.xlsx#POPL(1)-Population
2025,devon,0086,DEVON,D,01912,Provincial Government Operating Transfers,1024927,fir_year_2025.xlsx#D(1)-Total
2025,devon,0086,DEVON,D,01922,Provincial Government Capital Transfers,165745,fir_year_2025.xlsx#D(1)-Total
2025,devon,0086,DEVON,EA,08260,GRAND TOTAL,1006688548,fir_year_2025.xlsx#EA(1)-Assessment
2025,devon,0086,DEVON,EA,08265,Linear Subtotal,14461420,fir_year_2025.xlsx#EA(1)-Assessment
2025,devon,0086,DEVON,EA,08270,Mach & Equip Subtotal,377240,fir_year_2025.xlsx#EA(1)-Assessment
2025,devon,0086,DEVON,EA,08275,Non Residential Subtotal,116662698,fir_year_2025.xlsx#EA(1)-Assessment
2025,devon,0086,DEVON,EA,08280,Residential Subtotal,874825410,fir_year_2025.xlsx#EA(1)-Assessment
2025,devon,0086,DEVON,EA,08285,Farmland,361780,fir_year_2025.xlsx#EA(1)-Assessment
2025,devon,0086,DEVON,EA,08290,Non Residential Railway,,fir_year_2025.xlsx#EA(1)-Assessment
2025,devon,0086,DEVON,EA,08295,NR Res. Co-generating M&E,,fir_year_2025.xlsx#EA(1)-Assessment
2025,devon,0086,DEVON,POPL,POPL,Population,6545,fir_year_2025.xlsx#POPL(1)-Population
2025,edmonton,0098,EDMONTON,D,01912,Provincial Government Operating Transfers,91530000,fir_year_2025.xlsx#D(1)-Total
2025,edmonton,0098,EDMONTON,D,01922,Provincial Government Capital Transfers,456989000,fir_year_2025.xlsx#D(1)-Total
2025,edmonton,0098,EDMONTON,EA,08260,GRAND TOTAL,193181744904,fir_year_2025.xlsx#EA(1)-Assessment
2025,edmonton,0098,EDMONTON,EA,08265,Linear Subtotal,2281553250,fir_year_2025.xlsx#EA(1)-Assessment
2025,edmonton,0098,EDMONTON,EA,08270,Mach & Equip Subtotal,909663236,fir_year_2025.xlsx#EA(1)-Assessment
2025,edmonton,0098,EDMONTON,EA,08275,Non Residential Subtotal,38846589545,fir_year_2025.xlsx#EA(1)-Assessment
2025,edmonton,0098,EDMONTON,EA,08280,Residential Subtotal,151076753046,fir_year_2025.xlsx#EA(1)-Assessment
2025,edmonton,0098,EDMONTON,EA,08285,Farmland,67185827,fir_year_2025.xlsx#EA(1)-Assessment
2025,edmonton,0098,EDMONTON,EA,08290,Non Residential Railway,,fir_year_2025.xlsx#EA(1)-Assessment
2025,edmonton,0098,EDMONTON,EA,08295,NR Res. Co-generating M&E,,fir_year_2025.xlsx#EA(1)-Assessment
2025,edmonton,0098,EDMONTON,POPL,POPL,Population,1010899,fir_year_2025.xlsx#POPL(1)-Population
2025,foothills,0111,FOOTHILLS COUNTY,D,01912,Provincial Government Operating Transfers,1410370,fir_year_2025.xlsx#D(1)-Total
2025,foothills,0111,FOOTHILLS COUNTY,D,01922,Provincial Government Capital Transfers,8094979,fir_year_2025.xlsx#D(1)-Total
2025,foothills,0111,FOOTHILLS COUNTY,EA,08260,GRAND TOTAL,10470174350,fir_year_2025.xlsx#EA(1)-Assessment
2025,foothills,0111,FOOTHILLS COUNTY,EA,08265,Linear Subtotal,438491230,fir_year_2025.xlsx#EA(1)-Assessment
2025,foothills,0111,FOOTHILLS COUNTY,EA,08270,Mach & Equip Subtotal,212577470,fir_year_2025.xlsx#EA(1)-Assessment
2025,foothills,0111,FOOTHILLS COUNTY,EA,08275,Non Residential Subtotal,696080319,fir_year_2025.xlsx#EA(1)-Assessment
2025,foothills,0111,FOOTHILLS COUNTY,EA,08280,Residential Subtotal,8985881841,fir_year_2025.xlsx#EA(1)-Assessment
2025,foothills,0111,FOOTHILLS COUNTY,EA,08285,Farmland,137143490,fir_year_2025.xlsx#EA(1)-Assessment
2025,foothills,0111,FOOTHILLS COUNTY,EA,08290,Non Residential Railway,,fir_year_2025.xlsx#EA(1)-Assessment
2025,foothills,0111,FOOTHILLS COUNTY,EA,08295,NR Res. Co-generating M&E,,fir_year_2025.xlsx#EA(1)-Assessment
2025,foothills,0111,FOOTHILLS COUNTY,POPL,POPL,Population,23199,fir_year_2025.xlsx#POPL(1)-Population
2025,fort_saskatchewan,0117,FORT SASKATCHEWAN,D,01912,Provincial Government Operating Transfers,2108000,fir_year_2025.xlsx#D(1)-Total
2025,fort_saskatchewan,0117,FORT SASKATCHEWAN,D,01922,Provincial Government Capital Transfers,2019000,fir_year_2025.xlsx#D(1)-Total
2025,fort_saskatchewan,0117,FORT SASKATCHEWAN,EA,08260,GRAND TOTAL,7807321858,fir_year_2025.xlsx#EA(1)-Assessment
2025,fort_saskatchewan,0117,FORT SASKATCHEWAN,EA,08265,Linear Subtotal,152994020,fir_year_2025.xlsx#EA(1)-Assessment
2025,fort_saskatchewan,0117,FORT SASKATCHEWAN,EA,08270,Mach & Equip Subtotal,1981565590,fir_year_2025.xlsx#EA(1)-Assessment
2025,fort_saskatchewan,0117,FORT SASKATCHEWAN,EA,08275,Non Residential Subtotal,1264209373,fir_year_2025.xlsx#EA(1)-Assessment
2025,fort_saskatchewan,0117,FORT SASKATCHEWAN,EA,08280,Residential Subtotal,4407192325,fir_year_2025.xlsx#EA(1)-Assessment
2025,fort_saskatchewan,0117,FORT SASKATCHEWAN,EA,08285,Farmland,1360550,fir_year_2025.xlsx#EA(1)-Assessment
2025,fort_saskatchewan,0117,FORT SASKATCHEWAN,EA,08290,Non Residential Railway,,fir_year_2025.xlsx#EA(1)-Assessment
2025,fort_saskatchewan,0117,FORT SASKATCHEWAN,EA,08295,NR Res. Co-generating M&E,,fir_year_2025.xlsx#EA(1)-Assessment
2025,fort_saskatchewan,0117,FORT SASKATCHEWAN,POPL,POPL,Population,29857,fir_year_2025.xlsx#POPL(1)-Population
2025,high_river,0148,HIGH RIVER,D,01912,Provincial Government Operating Transfers,1473426,fir_year_2025.xlsx#D(1)-Total
2025,high_river,0148,HIGH RIVER,D,01922,Provincial Government Capital Transfers,8896612,fir_year_2025.xlsx#D(1)-Total
2025,high_river,0148,HIGH RIVER,EA,08260,GRAND TOTAL,2659032901,fir_year_2025.xlsx#EA(1)-Assessment
2025,high_river,0148,HIGH RIVER,EA,08265,Linear Subtotal,19984960,fir_year_2025.xlsx#EA(1)-Assessment
2025,high_river,0148,HIGH RIVER,EA,08270,Mach & Equip Subtotal,124990,fir_year_2025.xlsx#EA(1)-Assessment
2025,high_river,0148,HIGH RIVER,EA,08275,Non Residential Subtotal,336398366,fir_year_2025.xlsx#EA(1)-Assessment
2025,high_river,0148,HIGH RIVER,EA,08280,Residential Subtotal,2302052385,fir_year_2025.xlsx#EA(1)-Assessment
2025,high_river,0148,HIGH RIVER,EA,08285,Farmland,472200,fir_year_2025.xlsx#EA(1)-Assessment
2025,high_river,0148,HIGH RIVER,EA,08290,Non Residential Railway,,fir_year_2025.xlsx#EA(1)-Assessment
2025,high_river,0148,HIGH RIVER,EA,08295,NR Res. Co-generating M&E,,fir_year_2025.xlsx#EA(1)-Assessment
2025,high_river,0148,HIGH RIVER,POPL,POPL,Population,14324,fir_year_2025.xlsx#POPL(1)-Population
2025,leduc_city,0200,LEDUC,D,01912,Provincial Government Operating Transfers,7129620,fir_year_2025.xlsx#D(1)-Total
2025,leduc_city,0200,LEDUC,D,01922,Provincial Government Capital Transfers,25742611,fir_year_2025.xlsx#D(1)-Total
2025,leduc_city,0200,LEDUC,EA,08260,GRAND TOTAL,7581492575,fir_year_2025.xlsx#EA(1)-Assessment
2025,leduc_city,0200,LEDUC,EA,08265,Linear Subtotal,69760420,fir_year_2025.xlsx#EA(1)-Assessment
2025,leduc_city,0200,LEDUC,EA,08270,Mach & Equip Subtotal,88199000,fir_year_2025.xlsx#EA(1)-Assessment
2025,leduc_city,0200,LEDUC,EA,08275,Non Residential Subtotal,2321570234,fir_year_2025.xlsx#EA(1)-Assessment
2025,leduc_city,0200,LEDUC,EA,08280,Residential Subtotal,5099047221,fir_year_2025.xlsx#EA(1)-Assessment
2025,leduc_city,0200,LEDUC,EA,08285,Farmland,2915700,fir_year_2025.xlsx#EA(1)-Assessment
2025,leduc_city,0200,LEDUC,EA,08290,Non Residential Railway,,fir_year_2025.xlsx#EA(1)-Assessment
2025,leduc_city,0200,LEDUC,EA,08295,NR Res. Co-generating M&E,,fir_year_2025.xlsx#EA(1)-Assessment
2025,leduc_city,0200,LEDUC,POPL,POPL,Population,36060,fir_year_2025.xlsx#POPL(1)-Population
2025,leduc_county,0201,LEDUC COUNTY,D,01912,Provincial Government Operating Transfers,3054803,fir_year_2025.xlsx#D(1)-Total
2025,leduc_county,0201,LEDUC COUNTY,D,01922,Provincial Government Capital Transfers,3933217,fir_year_2025.xlsx#D(1)-Total
2025,leduc_county,0201,LEDUC COUNTY,EA,08260,GRAND TOTAL,10062858723,fir_year_2025.xlsx#EA(1)-Assessment
2025,leduc_county,0201,LEDUC COUNTY,EA,08265,Linear Subtotal,1332130580,fir_year_2025.xlsx#EA(1)-Assessment
2025,leduc_county,0201,LEDUC COUNTY,EA,08270,Mach & Equip Subtotal,171443610,fir_year_2025.xlsx#EA(1)-Assessment
2025,leduc_county,0201,LEDUC COUNTY,EA,08275,Non Residential Subtotal,5092032685,fir_year_2025.xlsx#EA(1)-Assessment
2025,leduc_county,0201,LEDUC COUNTY,EA,08280,Residential Subtotal,3381919938,fir_year_2025.xlsx#EA(1)-Assessment
2025,leduc_county,0201,LEDUC COUNTY,EA,08285,Farmland,85331910,fir_year_2025.xlsx#EA(1)-Assessment
2025,leduc_county,0201,LEDUC COUNTY,EA,08290,Non Residential Railway,,fir_year_2025.xlsx#EA(1)-Assessment
2025,leduc_county,0201,LEDUC COUNTY,EA,08295,NR Res. Co-generating M&E,,fir_year_2025.xlsx#EA(1)-Assessment
2025,leduc_county,0201,LEDUC COUNTY,POPL,POPL,Population,14416,fir_year_2025.xlsx#POPL(1)-Population
2025,morinville,0224,MORINVILLE,D,01912,Provincial Government Operating Transfers,865873,fir_year_2025.xlsx#D(1)-Total
2025,morinville,0224,MORINVILLE,D,01922,Provincial Government Capital Transfers,1810095,fir_year_2025.xlsx#D(1)-Total
2025,morinville,0224,MORINVILLE,EA,08260,GRAND TOTAL,1476081790,fir_year_2025.xlsx#EA(1)-Assessment
2025,morinville,0224,MORINVILLE,EA,08265,Linear Subtotal,13646750,fir_year_2025.xlsx#EA(1)-Assessment
2025,morinville,0224,MORINVILLE,EA,08270,Mach & Equip Subtotal,820270,fir_year_2025.xlsx#EA(1)-Assessment
2025,morinville,0224,MORINVILLE,EA,08275,Non Residential Subtotal,174645408,fir_year_2025.xlsx#EA(1)-Assessment
2025,morinville,0224,MORINVILLE,EA,08280,Residential Subtotal,1286720702,fir_year_2025.xlsx#EA(1)-Assessment
2025,morinville,0224,MORINVILLE,EA,08285,Farmland,248660,fir_year_2025.xlsx#EA(1)-Assessment
2025,morinville,0224,MORINVILLE,EA,08290,Non Residential Railway,,fir_year_2025.xlsx#EA(1)-Assessment
2025,morinville,0224,MORINVILLE,EA,08295,NR Res. Co-generating M&E,,fir_year_2025.xlsx#EA(1)-Assessment
2025,morinville,0224,MORINVILLE,POPL,POPL,Population,10385,fir_year_2025.xlsx#POPL(1)-Population
2025,okotoks,0238,OKOTOKS,D,01912,Provincial Government Operating Transfers,2033572,fir_year_2025.xlsx#D(1)-Total
2025,okotoks,0238,OKOTOKS,D,01922,Provincial Government Capital Transfers,20381827,fir_year_2025.xlsx#D(1)-Total
2025,okotoks,0238,OKOTOKS,EA,08260,GRAND TOTAL,7143964154,fir_year_2025.xlsx#EA(1)-Assessment
2025,okotoks,0238,OKOTOKS,EA,08265,Linear Subtotal,36242470,fir_year_2025.xlsx#EA(1)-Assessment
2025,okotoks,0238,OKOTOKS,EA,08270,Mach & Equip Subtotal,,fir_year_2025.xlsx#EA(1)-Assessment
2025,okotoks,0238,OKOTOKS,EA,08275,Non Residential Subtotal,853983596,fir_year_2025.xlsx#EA(1)-Assessment
2025,okotoks,0238,OKOTOKS,EA,08280,Residential Subtotal,6252161338,fir_year_2025.xlsx#EA(1)-Assessment
2025,okotoks,0238,OKOTOKS,EA,08285,Farmland,1576750,fir_year_2025.xlsx#EA(1)-Assessment
2025,okotoks,0238,OKOTOKS,EA,08290,Non Residential Railway,,fir_year_2025.xlsx#EA(1)-Assessment
2025,okotoks,0238,OKOTOKS,EA,08295,NR Res. Co-generating M&E,,fir_year_2025.xlsx#EA(1)-Assessment
2025,okotoks,0238,OKOTOKS,POPL,POPL,Population,30405,fir_year_2025.xlsx#POPL(1)-Population
2025,parkland,0245,PARKLAND COUNTY,D,01912,Provincial Government Operating Transfers,4499378,fir_year_2025.xlsx#D(1)-Total
2025,parkland,0245,PARKLAND COUNTY,D,01922,Provincial Government Capital Transfers,10069526,fir_year_2025.xlsx#D(1)-Total
2025,parkland,0245,PARKLAND COUNTY,EA,08260,GRAND TOTAL,12158934312,fir_year_2025.xlsx#EA(1)-Assessment
2025,parkland,0245,PARKLAND COUNTY,EA,08265,Linear Subtotal,1336141010,fir_year_2025.xlsx#EA(1)-Assessment
2025,parkland,0245,PARKLAND COUNTY,EA,08270,Mach & Equip Subtotal,351821900,fir_year_2025.xlsx#EA(1)-Assessment
2025,parkland,0245,PARKLAND COUNTY,EA,08275,Non Residential Subtotal,2993483479,fir_year_2025.xlsx#EA(1)-Assessment
2025,parkland,0245,PARKLAND COUNTY,EA,08280,Residential Subtotal,7436708663,fir_year_2025.xlsx#EA(1)-Assessment
2025,parkland,0245,PARKLAND COUNTY,EA,08285,Farmland,40779260,fir_year_2025.xlsx#EA(1)-Assessment
2025,parkland,0245,PARKLAND COUNTY,EA,08290,Non Residential Railway,,fir_year_2025.xlsx#EA(1)-Assessment
2025,parkland,0245,PARKLAND COUNTY,EA,08295,NR Res. Co-generating M&E,,fir_year_2025.xlsx#EA(1)-Assessment
2025,parkland,0245,PARKLAND COUNTY,POPL,POPL,Population,32205,fir_year_2025.xlsx#POPL(1)-Population
2025,rocky_view,0269,ROCKY VIEW COUNTY,D,01912,Provincial Government Operating Transfers,2309991,fir_year_2025.xlsx#D(1)-Total
2025,rocky_view,0269,ROCKY VIEW COUNTY,D,01922,Provincial Government Capital Transfers,15704105,fir_year_2025.xlsx#D(1)-Total
2025,rocky_view,0269,ROCKY VIEW COUNTY,EA,08260,GRAND TOTAL,25882238951,fir_year_2025.xlsx#EA(1)-Assessment
2025,rocky_view,0269,ROCKY VIEW COUNTY,EA,08265,Linear Subtotal,1255762930,fir_year_2025.xlsx#EA(1)-Assessment
2025,rocky_view,0269,ROCKY VIEW COUNTY,EA,08270,Mach & Equip Subtotal,707254340,fir_year_2025.xlsx#EA(1)-Assessment
2025,rocky_view,0269,ROCKY VIEW COUNTY,EA,08275,Non Residential Subtotal,6322765302,fir_year_2025.xlsx#EA(1)-Assessment
2025,rocky_view,0269,ROCKY VIEW COUNTY,EA,08280,Residential Subtotal,17445584479,fir_year_2025.xlsx#EA(1)-Assessment
2025,rocky_view,0269,ROCKY VIEW COUNTY,EA,08285,Farmland,150871900,fir_year_2025.xlsx#EA(1)-Assessment
2025,rocky_view,0269,ROCKY VIEW COUNTY,EA,08290,Non Residential Railway,,fir_year_2025.xlsx#EA(1)-Assessment
2025,rocky_view,0269,ROCKY VIEW COUNTY,EA,08295,NR Res. Co-generating M&E,,fir_year_2025.xlsx#EA(1)-Assessment
2025,rocky_view,0269,ROCKY VIEW COUNTY,POPL,POPL,Population,41028,fir_year_2025.xlsx#POPL(1)-Population
2025,spruce_grove,0291,SPRUCE GROVE,D,01912,Provincial Government Operating Transfers,2596000,fir_year_2025.xlsx#D(1)-Total
2025,spruce_grove,0291,SPRUCE GROVE,D,01922,Provincial Government Capital Transfers,12074000,fir_year_2025.xlsx#D(1)-Total
2025,spruce_grove,0291,SPRUCE GROVE,EA,08260,GRAND TOTAL,7392111829,fir_year_2025.xlsx#EA(1)-Assessment
2025,spruce_grove,0291,SPRUCE GROVE,EA,08265,Linear Subtotal,52449480,fir_year_2025.xlsx#EA(1)-Assessment
2025,spruce_grove,0291,SPRUCE GROVE,EA,08270,Mach & Equip Subtotal,13526550,fir_year_2025.xlsx#EA(1)-Assessment
2025,spruce_grove,0291,SPRUCE GROVE,EA,08275,Non Residential Subtotal,1240450237,fir_year_2025.xlsx#EA(1)-Assessment
2025,spruce_grove,0291,SPRUCE GROVE,EA,08280,Residential Subtotal,6083861682,fir_year_2025.xlsx#EA(1)-Assessment
2025,spruce_grove,0291,SPRUCE GROVE,EA,08285,Farmland,1823880,fir_year_2025.xlsx#EA(1)-Assessment
2025,spruce_grove,0291,SPRUCE GROVE,EA,08290,Non Residential Railway,,fir_year_2025.xlsx#EA(1)-Assessment
2025,spruce_grove,0291,SPRUCE GROVE,EA,08295,NR Res. Co-generating M&E,,fir_year_2025.xlsx#EA(1)-Assessment
2025,spruce_grove,0291,SPRUCE GROVE,POPL,POPL,Population,38985,fir_year_2025.xlsx#POPL(1)-Population
2025,st_albert,0292,ST. ALBERT,D,01912,Provincial Government Operating Transfers,6503344,fir_year_2025.xlsx#D(1)-Total
2025,st_albert,0292,ST. ALBERT,D,01922,Provincial Government Capital Transfers,33417752,fir_year_2025.xlsx#D(1)-Total
2025,st_albert,0292,ST. ALBERT,EA,08260,GRAND TOTAL,14594561751,fir_year_2025.xlsx#EA(1)-Assessment
2025,st_albert,0292,ST. ALBERT,EA,08265,Linear Subtotal,96190860,fir_year_2025.xlsx#EA(1)-Assessment
2025,st_albert,0292,ST. ALBERT,EA,08270,Mach & Equip Subtotal,26271900,fir_year_2025.xlsx#EA(1)-Assessment
2025,st_albert,0292,ST. ALBERT,EA,08275,Non Residential Subtotal,2046569328,fir_year_2025.xlsx#EA(1)-Assessment
2025,st_albert,0292,ST. ALBERT,EA,08280,Residential Subtotal,12424443363,fir_year_2025.xlsx#EA(1)-Assessment
2025,st_albert,0292,ST. ALBERT,EA,08285,Farmland,1086300,fir_year_2025.xlsx#EA(1)-Assessment
2025,st_albert,0292,ST. ALBERT,EA,08290,Non Residential Railway,,fir_year_2025.xlsx#EA(1)-Assessment
2025,st_albert,0292,ST. ALBERT,EA,08295,NR Res. Co-generating M&E,,fir_year_2025.xlsx#EA(1)-Assessment
2025,st_albert,0292,ST. ALBERT,POPL,POPL,Population,72316,fir_year_2025.xlsx#POPL(1)-Population
2025,stony_plain,0301,STONY PLAIN,D,01912,Provincial Government Operating Transfers,3063740,fir_year_2025.xlsx#D(1)-Total
2025,stony_plain,0301,STONY PLAIN,D,01922,Provincial Government Capital Transfers,5694188,fir_year_2025.xlsx#D(1)-Total
2025,stony_plain,0301,STONY PLAIN,EA,08260,GRAND TOTAL,3228602418,fir_year_2025.xlsx#EA(1)-Assessment
2025,stony_plain,0301,STONY PLAIN,EA,08265,Linear Subtotal,32349640,fir_year_2025.xlsx#EA(1)-Assessment
2025,stony_plain,0301,STONY PLAIN,EA,08270,Mach & Equip Subtotal,729910,fir_year_2025.xlsx#EA(1)-Assessment
2025,stony_plain,0301,STONY PLAIN,EA,08275,Non Residential Subtotal,520327694,fir_year_2025.xlsx#EA(1)-Assessment
2025,stony_plain,0301,STONY PLAIN,EA,08280,Residential Subtotal,2674223044,fir_year_2025.xlsx#EA(1)-Assessment
2025,stony_plain,0301,STONY PLAIN,EA,08285,Farmland,972130,fir_year_2025.xlsx#EA(1)-Assessment
2025,stony_plain,0301,STONY PLAIN,EA,08290,Non Residential Railway,,fir_year_2025.xlsx#EA(1)-Assessment
2025,stony_plain,0301,STONY PLAIN,EA,08295,NR Res. Co-generating M&E,,fir_year_2025.xlsx#EA(1)-Assessment
2025,stony_plain,0301,STONY PLAIN,POPL,POPL,Population,17993,fir_year_2025.xlsx#POPL(1)-Population
2025,strathcona,0302,STRATHCONA COUNTY,D,01912,Provincial Government Operating Transfers,9305646,fir_year_2025.xlsx#D(1)-Total
2025,strathcona,0302,STRATHCONA COUNTY,D,01922,Provincial Government Capital Transfers,18086066,fir_year_2025.xlsx#D(1)-Total
2025,strathcona,0302,STRATHCONA COUNTY,EA,08260,GRAND TOTAL,39882948226,fir_year_2025.xlsx#EA(1)-Assessment
2025,strathcona,0302,STRATHCONA COUNTY,EA,08265,Linear Subtotal,989674110,fir_year_2025.xlsx#EA(1)-Assessment
2025,strathcona,0302,STRATHCONA COUNTY,EA,08270,Mach & Equip Subtotal,12516430810,fir_year_2025.xlsx#EA(1)-Assessment
2025,strathcona,0302,STRATHCONA COUNTY,EA,08275,Non Residential Subtotal,6044783803,fir_year_2025.xlsx#EA(1)-Assessment
2025,strathcona,0302,STRATHCONA COUNTY,EA,08280,Residential Subtotal,20298521343,fir_year_2025.xlsx#EA(1)-Assessment
2025,strathcona,0302,STRATHCONA COUNTY,EA,08285,Farmland,33538160,fir_year_2025.xlsx#EA(1)-Assessment
2025,strathcona,0302,STRATHCONA COUNTY,EA,08290,Non Residential Railway,,fir_year_2025.xlsx#EA(1)-Assessment
2025,strathcona,0302,STRATHCONA COUNTY,EA,08295,NR Res. Co-generating M&E,,fir_year_2025.xlsx#EA(1)-Assessment
2025,strathcona,0302,STRATHCONA COUNTY,POPL,POPL,Population,103829,fir_year_2025.xlsx#POPL(1)-Population
2025,sturgeon,0305,STURGEON COUNTY,D,01912,Provincial Government Operating Transfers,2573883,fir_year_2025.xlsx#D(1)-Total
2025,sturgeon,0305,STURGEON COUNTY,D,01922,Provincial Government Capital Transfers,5396637,fir_year_2025.xlsx#D(1)-Total
2025,sturgeon,0305,STURGEON COUNTY,EA,08260,GRAND TOTAL,12104714743,fir_year_2025.xlsx#EA(1)-Assessment
2025,sturgeon,0305,STURGEON COUNTY,EA,08265,Linear Subtotal,782872350,fir_year_2025.xlsx#EA(1)-Assessment
2025,sturgeon,0305,STURGEON COUNTY,EA,08270,Mach & Equip Subtotal,5047172310,fir_year_2025.xlsx#EA(1)-Assessment
2025,sturgeon,0305,STURGEON COUNTY,EA,08275,Non Residential Subtotal,1736225749,fir_year_2025.xlsx#EA(1)-Assessment
2025,sturgeon,0305,STURGEON COUNTY,EA,08280,Residential Subtotal,4461030154,fir_year_2025.xlsx#EA(1)-Assessment
2025,sturgeon,0305,STURGEON COUNTY,EA,08285,Farmland,77414180,fir_year_2025.xlsx#EA(1)-Assessment
2025,sturgeon,0305,STURGEON COUNTY,EA,08290,Non Residential Railway,,fir_year_2025.xlsx#EA(1)-Assessment
2025,sturgeon,0305,STURGEON COUNTY,EA,08295,NR Res. Co-generating M&E,,fir_year_2025.xlsx#EA(1)-Assessment
2025,sturgeon,0305,STURGEON COUNTY,POPL,POPL,Population,20061,fir_year_2025.xlsx#POPL(1)-Population
2025,chestermere,0356,CHESTERMERE,D,01912,Provincial Government Operating Transfers,1690607,fir_year_2025.xlsx#D(1)-Total
2025,chestermere,0356,CHESTERMERE,D,01922,Provincial Government Capital Transfers,7050240,fir_year_2025.xlsx#D(1)-Total
2025,chestermere,0356,CHESTERMERE,EA,08260,GRAND TOTAL,6231334848,fir_year_2025.xlsx#EA(1)-Assessment
2025,chestermere,0356,CHESTERMERE,EA,08265,Linear Subtotal,41566940,fir_year_2025.xlsx#EA(1)-Assessment
2025,chestermere,0356,CHESTERMERE,EA,08270,Mach & Equip Subtotal,610970,fir_year_2025.xlsx#EA(1)-Assessment
2025,chestermere,0356,CHESTERMERE,EA,08275,Non Residential Subtotal,233557475,fir_year_2025.xlsx#EA(1)-Assessment
2025,chestermere,0356,CHESTERMERE,EA,08280,Residential Subtotal,5954694083,fir_year_2025.xlsx#EA(1)-Assessment
2025,chestermere,0356,CHESTERMERE,EA,08285,Farmland,905380,fir_year_2025.xlsx#EA(1)-Assessment
2025,chestermere,0356,CHESTERMERE,EA,08290,Non Residential Railway,,fir_year_2025.xlsx#EA(1)-Assessment
2025,chestermere,0356,CHESTERMERE,EA,08295,NR Res. Co-generating M&E,,fir_year_2025.xlsx#EA(1)-Assessment
2025,chestermere,0356,CHESTERMERE,POPL,POPL,Population,32255,fir_year_2025.xlsx#POPL(1)-Population
