region,level,unit,role,function,year,gross,user_charges,net,population,gross_per_capita,net_per_capita,excluded,basis_note
calgary,member,airdrie,ring,police,2001,1550444,0,1550444,21657,71.59,71.59,,"nominal dollars; gross operating cost = FIR Schedule C operating expenditure to 2008, Schedule C expense - Schedule E amortization from 2009 (accrual switch); net = gross - Schedule E sales and user charges; population StatCan 17-10-0155 July 1 estimates, 2021 boundaries; 2025 board membership applied to all years"
calgary,member,airdrie,ring,police,2002,1620508,0,1620508,23394,69.27,69.27,,"nominal dollars; gross operating cost = FIR Schedule C operating expenditure to 2008, Schedule C expense - Schedule E amortization from 2009 (accrual switch); net = gross - Schedule E sales and user charges; population StatCan 17-10-0155 July 1 estimates, 2021 boundaries; 2025 board membership applied to all years"
calgary,member,airdrie,ring,police,2003,1974723,0,1974723,24971,79.08,79.08,,"nominal dollars; gross operating cost = FIR Schedule C operating expenditure to 2008, Schedule C expense - Schedule E amortization from 2009 (accrual switch); net = gross - Schedule E sales and user charges; population StatCan 17-10-0155 July 1 estimates, 2021 boundaries; 2025 board membership applied to all years"
calgary,member,airdrie,ring,police,2004,2102414,0,2102414,26645,78.9,78.9,,"nominal dollars; gross operating cost = FIR Schedule C operating expenditure to 2008, Schedule C expense - Schedule E amortization from 2009 (accrual switch); net = gross - Schedule E sales and user charges; population StatCan 17-10-0155 July 1 estimates, 2021 boundaries; 2025 board membership applied to all years"
calgary,member,airdrie,ring,police,2005,2338564,0,2338564,28648,81.63,81.63,,"nominal dollars; gross operating cost = FIR Schedule C operating expenditure to 2008, Schedule C expense - Schedule E amortization from 2009 (accrual switch); net = gross - Schedule E sales and user charges; population StatCan 17-10-0155 July 1 estimates, 2021 boundaries; 2025 board membership applied to all years"
calgary,member,airdrie,ring,police,2006,2504532,0,2504532,30893,81.07,81.07,,"nominal dollars; gross operating cost = FIR Schedule C operating expenditure to 2008, Schedule C expense - Schedule E amortization from 2009 (accrual switch); net = gross - Schedule E sales and user charges; population StatCan 17-10-0155 July 1 estimates, 2021 boundaries; 2025 board membership applied to all years"
calgary,member,airdrie,ring,police,2007,3115970,0,3115970,33336,93.47,93.47,,"nominal dollars; gross operating cost = FIR Schedule C operating expenditure to 2008, Schedule C expense - Schedule E amortization from 2009 (accrual switch); net = gross - Schedule E sales and user charges; population StatCan 17-10-0155 July 1 estimates, 2021 boundaries; 2025 board membership applied to all years"
calgary,member,airdrie,ring,police,2008,3738295,0,3738295,35887,104.17,104.17,,"nominal dollars; gross operating cost = FIR Schedule C operating expenditure to 2008, Schedule C expense - Schedule E amortization from 2009 (accrual switch); net = gross - Schedule E sales and user charges; population StatCan 17-10-0155 July 1 estimates, 2021 boundaries; 2025 board membership applied to all years"
calgary,member,airdrie,ring,police,2009,4273066,0,4273066,39082,109.34,109.34,,"nominal dollars; gross operating cost = FIR Schedule C operating expenditure to 2008, Schedule C expense - Schedule E amortization from 2009 (accrual switch); net = gross - Schedule E sales and user charges; population StatCan 17-10-0155 July 1 estimates, 2021 boundaries; 2025 board membership applied to all years"
calgary,member,airdrie,ring,police,2010,3945477,0,3945477,42460,92.92,92.92,,"nominal dollars; gross operating cost = FIR Schedule C operating expenditure to 2008, Schedule C expense - Schedule E amortization from 2009 (accrual switch); net = gross - Schedule E sales and user charges; population StatCan 17-10-0155 July 1 estimates, 2021 boundaries; 2025 board membership applied to all years"
calgary,member,airdrie,ring,police,2011,4812819,0,4812819,45369,106.08,106.08,,"nominal dollars; gross operating cost = FIR Schedule C operating expenditure to 2008, Schedule C expense - Schedule E amortization from 2009 (accrual switch); net = gross - Schedule E sales and user charges; population StatCan 17-10-0155 July 1 estimates, 2021 boundaries; 2025 board membership applied to all years"
calgary,member,airdrie,ring,police,2012,6210773,47081,6163692,48618,127.75,126.78,,"nominal dollars; gross operating cost = FIR Schedule C operating expenditure to 2008, Schedule C expense - Schedule E amortization from 2009 (accrual switch); net = gross - Schedule E sales and user charges; population StatCan 17-10-0155 July 1 estimates, 2021 boundaries; 2025 board membership applied to all years"
calgary,member,airdrie,ring,police,2013,6240406,108792,6131614,52463,118.95,116.88,,"nominal dollars; gross operating cost = FIR Schedule C operating expenditure to 2008, Schedule C expense - Schedule E amortization from 2009 (accrual switch); net = gross - Schedule E sales and user charges; population StatCan 17-10-0155 July 1 estimates, 2021 boundaries; 2025 board membership applied to all years"
calgary,member,airdrie,ring,police,2014,6430542,110200,6320342,56850,113.11,111.18,,"nominal dollars; gross operating cost = FIR Schedule C operating expenditure to 2008, Schedule C expense - Schedule E amortization from 2009 (accrual switch); net = gross - Schedule E sales and user charges; population StatCan 17-10-0155 July 1 estimates, 2021 boundaries; 2025 board membership applied to all years"
calgary,member,airdrie,ring,police,2015,8060987,129030,7931957,60659,132.89,130.76,,"nominal dollars; gross operating cost = FIR Schedule C operating expenditure to 2008, Schedule C expense - Schedule E amortization from 2009 (accrual switch); net = gross - Schedule E sales and user charges; population StatCan 17-10-0155 July 1 estimates, 2021 boundaries; 2025 board membership applied to all years"
calgary,member,airdrie,ring,police,2016,9624835,144837,9479998,63984,150.43,148.16,,"nominal dollars; gross operating cost = FIR Schedule C operating expenditure to 2008, Schedule C expense - Schedule E amortization from 2009 (accrual switch); net = gross - Schedule E sales and user charges; population StatCan 17-10-0155 July 1 estimates, 2021 boundaries; 2025 board membership applied to all years"
calgary,member,airdrie,ring,police,2017,10072455,155712,9916743,67157,149.98,147.67,,"nominal dollars; gross operating cost = FIR Schedule C operating expenditure to 2008, Schedule C expense - Schedule E amortization from 2009 (accrual switch); net = gross - Schedule E sales and user charges; population StatCan 17-10-0155 July 1 estimates, 2021 boundaries; 2025 board membership applied to all years"
calgary,member,airdrie,ring,police,2018,11563996,182115,11381881,69841,165.58,162.97,,"nominal dollars; gross operating cost = FIR Schedule C operating expenditure to 2008, Schedule C expense - Schedule E amortization from 2009 (accrual switch); net = gross - Schedule E sales and user charges; population StatCan 17-10-0155 July 1 estimates, 2021 boundaries; 2025 board membership applied to all years"
calgary,member,airdrie,ring,police,2019,12982533,191020,12791513,72412,179.29,176.65,,"nominal dollars; gross operating cost = FIR Schedule C operating expenditure to 2008, Schedule C expense - Schedule E amortization from 2009 (accrual switch); net = gross - Schedule E sales and user charges; population StatCan 17-10-0155 July 1 estimates, 2021 boundaries; 2025 board membership applied to all years"
calgary,member,airdrie,ring,police,2020,13094356,185370,12908986,74521,175.71,173.23,,"nominal dollars; gross operating cost = FIR Schedule C operating expenditure to 2008, Schedule C expense - Schedule E amortization from 2009 (accrual switch); net = gross - Schedule E sales and user charges; population StatCan 17-10-0155 July 1 estimates, 2021 boundaries; 2025 board membership applied to all years"
calgary,member,airdrie,ring,police,2021,15756436,273070,15483366,77079,204.42,200.88,,"nominal dollars; gross operating cost = FIR Schedule C operating expenditure to 2008, Schedule C expense - Schedule E amortization from 2009 (accrual switch); net = gross - Schedule E sales and user charges; population StatCan 17-10-0155 July 1 estimates, 2021 boundaries; 2025 board membership applied to all years"
calgary,member,airdrie,ring,police,2022,14669012,352213,14316799,80168,182.98,178.58,,"nominal dollars; gross operating cost = FIR Schedule C operating expenditure to 2008, Schedule C expense - Schedule E amortization from 2009 (accrual switch); net = gross - Schedule E sales and user charges; population StatCan 17-10-0155 July 1 estimates, 2021 boundaries; 2025 board membership applied to all years"
calgary,member,airdrie,ring,police,2023,16022250,418627,15603623,83850,191.08,186.09,,"nominal dollars; gross operating cost = FIR Schedule C operating expenditure to 2008, Schedule C expense - Schedule E amortization from 2009 (accrual switch); net = gross - Schedule E sales and user charges; population StatCan 17-10-0155 July 1 estimates, 2021 boundaries; 2025 board membership applied to all years"
calgary,member,airdrie,ring,police,2024,15808438,421146,15387292,88692,178.24,173.49,,"nominal dollars; gross operating cost = FIR Schedule C operating expenditure to 2008, Schedule C expense - Schedule E amortization from 2009 (accrual switch); net = gross - Schedule E sales and user charges; population StatCan 17-10-0155 July 1 estimates, 2021 boundaries; 2025 board membership applied to all years"
calgary,member,airdrie,ring,police,2025,16516450,478216,16038234,92544,178.47,173.3,,"nominal dollars; gross operating cost = FIR Schedule C operating expenditure to 2008, Schedule C expense - Schedule E amortization from 2009 (accrual switch); net = gross - Schedule E sales and user charges; population StatCan 17-10-0155 July 1 estimates, 2021 boundaries; 2025 board membership applied to all years"
calgary,member,airdrie,ring,transit,2001,138977,29552,109425,21657,6.42,5.05,,"nominal dollars; gross operating cost = FIR Schedule C operating expenditure to 2008, Schedule C expense - Schedule E amortization from 2009 (accrual switch); net = gross - Schedule E sales and user charges; population StatCan 17-10-0155 July 1 estimates, 2021 boundaries; 2025 board membership applied to all years"
calgary,member,airdrie,ring,transit,2002,273520,36906,236614,23394,11.69,10.11,,"nominal dollars; gross operating cost = FIR Schedule C operating expenditure to 2008, Schedule C expense - Schedule E amortization from 2009 (accrual switch); net = gross - Schedule E sales and user charges; population StatCan 17-10-0155 July 1 estimates, 2021 boundaries; 2025 board membership applied to all years"
calgary,member,airdrie,ring,transit,2003,346993,52870,294123,24971,13.9,11.78,,"nominal dollars; gross operating cost = FIR Schedule C operating expenditure to 2008, Schedule C expense - Schedule E amortization from 2009 (accrual switch); net = gross - Schedule E sales and user charges; population StatCan 17-10-0155 July 1 estimates, 2021 boundaries; 2025 board membership applied to all years"
calgary,member,airdrie,ring,transit,2004,421144,66713,354431,26645,15.81,13.3,,"nominal dollars; gross operating cost = FIR Schedule C operating expenditure to 2008, Schedule C expense - Schedule E amortization from 2009 (accrual switch); net = gross - Schedule E sales and user charges; population StatCan 17-10-0155 July 1 estimates, 2021 boundaries; 2025 board membership applied to all years"
calgary,member,airdrie,ring,transit,2005,501585,69591,431994,28648,17.51,15.08,,"nominal dollars; gross operating cost = FIR Schedule C operating expenditure to 2008, Schedule C expense - Schedule E amortization from 2009 (accrual switch); net = gross - Schedule E sales and user charges; population StatCan 17-10-0155 July 1 estimates, 2021 boundaries; 2025 board membership applied to all years"
calgary,member,airdrie,ring,transit,2006,524997,52179,472818,30893,16.99,15.31,,"nominal dollars; gross operating cost = FIR Schedule C operating expenditure to 2008, Schedule C expense - Schedule E amortization from 2009 (accrual switch); net = gross - Schedule E sales and user charges; population StatCan 17-10-0155 July 1 estimates, 2021 boundaries; 2025 board membership applied to all years"
calgary,member,airdrie,ring,transit,2007,540440,59925,480515,33336,16.21,14.41,,"nominal dollars; gross operating cost = FIR Schedule C operating expenditure to 2008, Schedule C expense - Schedule E amortization from 2009 (accrual switch); net = gross - Schedule E sales and user charges; population StatCan 17-10-0155 July 1 estimates, 2021 boundaries; 2025 board membership applied to all years"
calgary,member,airdrie,ring,transit,2008,643749,72308,571441,35887,17.94,15.92,,"nominal dollars; gross operating cost = FIR Schedule C operating expenditure to 2008, Schedule C expense - Schedule E amortization from 2009 (accrual switch); net = gross - Schedule E sales and user charges; population StatCan 17-10-0155 July 1 estimates, 2021 boundaries; 2025 board membership applied to all years"
calgary,member,airdrie,ring,transit,2009,615455,76218,539237,39082,15.75,13.8,,"nominal dollars; gross operating cost = FIR Schedule C operating expenditure to 2008, Schedule C expense - Schedule E amortization from 2009 (accrual switch); net = gross - Schedule E sales and user charges; population StatCan 17-10-0155 July 1 estimates, 2021 boundaries; 2025 board membership applied to all years"
calgary,member,airdrie,ring,transit,2010,975360,74562,900798,42460,22.97,21.22,,"nominal dollars; gross operating cost = FIR Schedule C operating expenditure to 2008, Schedule C expense - Schedule E amortization from 2009 (accrual switch); net = gross - Schedule E sales and user charges; population StatCan 17-10-0155 July 1 estimates, 2021 boundaries; 2025 board membership applied to all years"
calgary,member,airdrie,ring,transit,2011,1810348,347423,1462925,45369,39.9,32.25,,"nominal dollars; gross operating cost = FIR Schedule C operating expenditure to 2008, Schedule C expense - Schedule E amortization from 2009 (accrual switch); net = gross - Schedule E sales and user charges; population StatCan 17-10-0155 July 1 estimates, 2021 boundaries; 2025 board membership applied to all years"
calgary,member,airdrie,ring,transit,2012,1661758,23,1661735,48618,34.18,34.18,,"nominal dollars; gross operating cost = FIR Schedule C operating expenditure to 2008, Schedule C expense - Schedule E amortization from 2009 (accrual switch); net = gross - Schedule E sales and user charges; population StatCan 17-10-0155 July 1 estimates, 2021 boundaries; 2025 board membership applied to all years"
calgary,member,airdrie,ring,transit,2013,1717333,761769,955564,52463,32.73,18.21,,"nominal dollars; gross operating cost = FIR Schedule C operating expenditure to 2008, Schedule C expense - Schedule E amortization from 2009 (accrual switch); net = gross - Schedule E sales and user charges; population StatCan 17-10-0155 July 1 estimates, 2021 boundaries; 2025 board membership applied to all years"
calgary,member,airdrie,ring,transit,2014,1894291,810475,1083816,56850,33.32,19.06,,"nominal dollars; gross operating cost = FIR Schedule C operating expenditure to 2008, Schedule C expense - Schedule E amortization from 2009 (accrual switch); net = gross - Schedule E sales and user charges; population StatCan 17-10-0155 July 1 estimates, 2021 boundaries; 2025 board membership applied to all years"
calgary,member,airdrie,ring,transit,2015,2118352,1142194,976158,60659,34.92,16.09,,"nominal dollars; gross operating cost = FIR Schedule C operating expenditure to 2008, Schedule C expense - Schedule E amortization from 2009 (accrual switch); net = gross - Schedule E sales and user charges; population StatCan 17-10-0155 July 1 estimates, 2021 boundaries; 2025 board membership applied to all years"
calgary,member,airdrie,ring,transit,2016,2162702,1233073,929629,63984,33.8,14.53,,"nominal dollars; gross operating cost = FIR Schedule C operating expenditure to 2008, Schedule C expense - Schedule E amortization from 2009 (accrual switch); net = gross - Schedule E sales and user charges; population StatCan 17-10-0155 July 1 estimates, 2021 boundaries; 2025 board membership applied to all years"
calgary,member,airdrie,ring,transit,2017,2390022,1456358,933664,67157,35.59,13.9,,"nominal dollars; gross operating cost = FIR Schedule C operating expenditure to 2008, Schedule C expense - Schedule E amortization from 2009 (accrual switch); net = gross - Schedule E sales and user charges; population StatCan 17-10-0155 July 1 estimates, 2021 boundaries; 2025 board membership applied to all years"
calgary,member,airdrie,ring,transit,2018,3501759,1611246,1890513,69841,50.14,27.07,,"nominal dollars; gross operating cost = FIR Schedule C operating expenditure to 2008, Schedule C expense - Schedule E amortization from 2009 (accrual switch); net = gross - Schedule E sales and user charges; population StatCan 17-10-0155 July 1 estimates, 2021 boundaries; 2025 board membership applied to all years"
calgary,member,airdrie,ring,transit,2019,3685282,1830643,1854639,72412,50.89,25.61,,"nominal dollars; gross operating cost = FIR Schedule C operating expenditure to 2008, Schedule C expense - Schedule E amortization from 2009 (accrual switch); net = gross - Schedule E sales and user charges; population StatCan 17-10-0155 July 1 estimates, 2021 boundaries; 2025 board membership applied to all years"
calgary,member,airdrie,ring,transit,2020,2708402,1094726,1613676,74521,36.34,21.65,,"nominal dollars; gross operating cost = FIR Schedule C operating expenditure to 2008, Schedule C expense - Schedule E amortization from 2009 (accrual switch); net = gross - Schedule E sales and user charges; population StatCan 17-10-0155 July 1 estimates, 2021 boundaries; 2025 board membership applied to all years"
calgary,member,airdrie,ring,transit,2021,2811479,884634,1926845,77079,36.48,25.0,,"nominal dollars; gross operating cost = FIR Schedule C operating expenditure to 2008, Schedule C expense - Schedule E amortization from 2009 (accrual switch); net = gross - Schedule E sales and user charges; population StatCan 17-10-0155 July 1 estimates, 2021 boundaries; 2025 board membership applied to all years"
calgary,member,airdrie,ring,transit,2022,3795511,1281834,2513677,80168,47.34,31.36,,"nominal dollars; gross operating cost = FIR Schedule C operating expenditure to 2008, Schedule C expense - Schedule E amortization from 2009 (accrual switch); net = gross - Schedule E sales and user charges; population StatCan 17-10-0155 July 1 estimates, 2021 boundaries; 2025 board membership applied to all years"
calgary,member,airdrie,ring,transit,2023,4074391,1500907,2573484,83850,48.59,30.69,,"nominal dollars; gross operating cost = FIR Schedule C operating expenditure to 2008, Schedule C expense - Schedule E amortization from 2009 (accrual switch); net = gross - Schedule E sales and user charges; population StatCan 17-10-0155 July 1 estimates, 2021 boundaries; 2025 board membership applied to all years"
calgary,member,airdrie,ring,transit,2024,4719854,1780814,2939040,88692,53.22,33.14,,"nominal dollars; gross operating cost = FIR Schedule C operating expenditure to 2008, Schedule C expense - Schedule E amortization from 2009 (accrual switch); net = gross - Schedule E sales and user charges; population StatCan 17-10-0155 July 1 estimates, 2021 boundaries; 2025 board membership applied to all years"
calgary,member,airdrie,ring,transit,2025,4651194,1868891,2782303,92544,50.26,30.06,,"nominal dollars; gross operating cost = FIR Schedule C operating expenditure to 2008, Schedule C expense - Schedule E amortization from 2009 (accrual switch); net = gross - Schedule E sales and user charges; population StatCan 17-10-0155 July 1 estimates, 2021 boundaries; 2025 board membership applied to all years"
calgary,member,airdrie,ring,fcss,2001,342411,0,342411,21657,15.81,15.81,,"nominal dollars; gross operating cost = FIR Schedule C operating expenditure to 2008, Schedule C expense - Schedule E amortization from 2009 (accrual switch); net = gross - Schedule E sales and user charges; population StatCan 17-10-0155 July 1 estimates, 2021 boundaries; 2025 board membership applied to all years"
calgary,member,airdrie,ring,fcss,2002,405065,0,405065,23394,17.31,17.31,,"nominal dollars; gross operating cost = FIR Schedule C operating expenditure to 2008, Schedule C expense - Schedule E amortization from 2009 (accrual switch); net = gross - Schedule E sales and user charges; population StatCan 17-10-0155 July 1 estimates, 2021 boundaries; 2025 board membership applied to all years"
calgary,member,airdrie,ring,fcss,2003,530767,0,530767,24971,21.26,21.26,,"nominal dollars; gross operating cost = FIR Schedule C operating expenditure to 2008, Schedule C expense - Schedule E amortization from 2009 (accrual switch); net = gross - Schedule E sales and user charges; population StatCan 17-10-0155 July 1 estimates, 2021 boundaries; 2025 board membership applied to all years"
calgary,member,airdrie,ring,fcss,2004,588389,0,588389,26645,22.08,22.08,,"nominal dollars; gross operating cost = FIR Schedule C operating expenditure to 2008, Schedule C expense - Schedule E amortization from 2009 (accrual switch); net = gross - Schedule E sales and user charges; population StatCan 17-10-0155 July 1 estimates, 2021 boundaries; 2025 board membership applied to all years"
calgary,member,airdrie,ring,fcss,2005,635355,0,635355,28648,22.18,22.18,,"nominal dollars; gross operating cost = FIR Schedule C operating expenditure to 2008, Schedule C expense - Schedule E amortization from 2009 (accrual switch); net = gross - Schedule E sales and user charges; population StatCan 17-10-0155 July 1 estimates, 2021 boundaries; 2025 board membership applied to all years"
calgary,member,airdrie,ring,fcss,2006,708207,0,708207,30893,22.92,22.92,,"nominal dollars; gross operating cost = FIR Schedule C operating expenditure to 2008, Schedule C expense - Schedule E amortization from 2009 (accrual switch); net = gross - Schedule E sales and user charges; population StatCan 17-10-0155 July 1 estimates, 2021 boundaries; 2025 board membership applied to all years"
calgary,member,airdrie,ring,fcss,2007,714078,0,714078,33336,21.42,21.42,,"nominal dollars; gross operating cost = FIR Schedule C operating expenditure to 2008, Schedule C expense - Schedule E amortization from 2009 (accrual switch); net = gross - Schedule E sales and user charges; population StatCan 17-10-0155 July 1 estimates, 2021 boundaries; 2025 board membership applied to all years"
calgary,member,airdrie,ring,fcss,2008,799329,0,799329,35887,22.27,22.27,,"nominal dollars; gross operating cost = FIR Schedule C operating expenditure to 2008, Schedule C expense - Schedule E amortization from 2009 (accrual switch); net = gross - Schedule E sales and user charges; population StatCan 17-10-0155 July 1 estimates, 2021 boundaries; 2025 board membership applied to all years"
calgary,member,airdrie,ring,fcss,2009,809910,0,809910,39082,20.72,20.72,,"nominal dollars; gross operating cost = FIR Schedule C operating expenditure to 2008, Schedule C expense - Schedule E amortization from 2009 (accrual switch); net = gross - Schedule E sales and user charges; population StatCan 17-10-0155 July 1 estimates, 2021 boundaries; 2025 board membership applied to all years"
calgary,member,airdrie,ring,fcss,2010,935435,0,935435,42460,22.03,22.03,,"nominal dollars; gross operating cost = FIR Schedule C operating expenditure to 2008, Schedule C expense - Schedule E amortization from 2009 (accrual switch); net = gross - Schedule E sales and user charges; population StatCan 17-10-0155 July 1 estimates, 2021 boundaries; 2025 board membership applied to all years"
calgary,member,airdrie,ring,fcss,2011,865234,0,865234,45369,19.07,19.07,,"nominal dollars; gross operating cost = FIR Schedule C operating expenditure to 2008, Schedule C expense - Schedule E amortization from 2009 (accrual switch); net = gross - Schedule E sales and user charges; population StatCan 17-10-0155 July 1 estimates, 2021 boundaries; 2025 board membership applied to all years"
calgary,member,airdrie,ring,fcss,2012,889734,0,889734,48618,18.3,18.3,,"nominal dollars; gross operating cost = FIR Schedule C operating expenditure to 2008, Schedule C expense - Schedule E amortization from 2009 (accrual switch); net = gross - Schedule E sales and user charges; population StatCan 17-10-0155 July 1 estimates, 2021 boundaries; 2025 board membership applied to all years"
calgary,member,airdrie,ring,fcss,2013,921072,0,921072,52463,17.56,17.56,,"nominal dollars; gross operating cost = FIR Schedule C operating expenditure to 2008, Schedule C expense - Schedule E amortization from 2009 (accrual switch); net = gross - Schedule E sales and user charges; population StatCan 17-10-0155 July 1 estimates, 2021 boundaries; 2025 board membership applied to all years"
calgary,member,airdrie,ring,fcss,2014,1089695,0,1089695,56850,19.17,19.17,,"nominal dollars; gross operating cost = FIR Schedule C operating expenditure to 2008, Schedule C expense - Schedule E amortization from 2009 (accrual switch); net = gross - Schedule E sales and user charges; population StatCan 17-10-0155 July 1 estimates, 2021 boundaries; 2025 board membership applied to all years"
calgary,member,airdrie,ring,fcss,2015,1086619,0,1086619,60659,17.91,17.91,,"nominal dollars; gross operating cost = FIR Schedule C operating expenditure to 2008, Schedule C expense - Schedule E amortization from 2009 (accrual switch); net = gross - Schedule E sales and user charges; population StatCan 17-10-0155 July 1 estimates, 2021 boundaries; 2025 board membership applied to all years"
calgary,member,airdrie,ring,fcss,2016,1819384,0,1819384,63984,28.43,28.43,,"nominal dollars; gross operating cost = FIR Schedule C operating expenditure to 2008, Schedule C expense - Schedule E amortization from 2009 (accrual switch); net = gross - Schedule E sales and user charges; population StatCan 17-10-0155 July 1 estimates, 2021 boundaries; 2025 board membership applied to all years"
calgary,member,airdrie,ring,fcss,2017,2189677,0,2189677,67157,32.61,32.61,,"nominal dollars; gross operating cost = FIR Schedule C operating expenditure to 2008, Schedule C expense - Schedule E amortization from 2009 (accrual switch); net = gross - Schedule E sales and user charges; population StatCan 17-10-0155 July 1 estimates, 2021 boundaries; 2025 board membership applied to all years"
calgary,member,airdrie,ring,fcss,2018,2398017,0,2398017,69841,34.34,34.34,,"nominal dollars; gross operating cost = FIR Schedule C operating expenditure to 2008, Schedule C expense - Schedule E amortization from 2009 (accrual switch); net = gross - Schedule E sales and user charges; population StatCan 17-10-0155 July 1 estimates, 2021 boundaries; 2025 board membership applied to all years"
calgary,member,airdrie,ring,fcss,2019,2348510,0,2348510,72412,32.43,32.43,,"nominal dollars; gross operating cost = FIR Schedule C operating expenditure to 2008, Schedule C expense - Schedule E amortization from 2009 (accrual switch); net = gross - Schedule E sales and user charges; population StatCan 17-10-0155 July 1 estimates, 2021 boundaries; 2025 board membership applied to all years"
calgary,member,airdrie,ring,fcss,2020,2292939,0,2292939,74521,30.77,30.77,,"nominal dollars; gross operating cost = FIR Schedule C operating expenditure to 2008, Schedule C expense - Schedule E amortization from 2009 (accrual switch); net = gross - Schedule E sales and user charges; population StatCan 17-10-0155 July 1 estimates, 2021 boundaries; 2025 board membership applied to all years"
calgary,member,airdrie,ring,fcss,2021,2342045,0,2342045,77079,30.38,30.38,,"nominal dollars; gross operating cost = FIR Schedule C operating expenditure to 2008, Schedule C expense - Schedule E amortization from 2009 (accrual switch); net = gross - Schedule E sales and user charges; population StatCan 17-10-0155 July 1 estimates, 2021 boundaries; 2025 board membership applied to all years"
calgary,member,airdrie,ring,fcss,2022,2475964,0,2475964,80168,30.88,30.88,,"nominal dollars; gross operating cost = FIR Schedule C operating expenditure to 2008, Schedule C expense - Schedule E amortization from 2009 (accrual switch); net = gross - Schedule E sales and user charges; population StatCan 17-10-0155 July 1 estimates, 2021 boundaries; 2025 board membership applied to all years"
calgary,member,airdrie,ring,fcss,2023,2539557,0,2539557,83850,30.29,30.29,,"nominal dollars; gross operating cost = FIR Schedule C operating expenditure to 2008, Schedule C expense - Schedule E amortization from 2009 (accrual switch); net = gross - Schedule E sales and user charges; population StatCan 17-10-0155 July 1 estimates, 2021 boundaries; 2025 board membership applied to all years"
calgary,member,airdrie,ring,fcss,2024,2669536,0,2669536,88692,30.1,30.1,,"nominal dollars; gross operating cost = FIR Schedule C operating expenditure to 2008, Schedule C expense - Schedule E amortization from 2009 (accrual switch); net = gross - Schedule E sales and user charges; population StatCan 17-10-0155 July 1 estimates, 2021 boundaries; 2025 board membership applied to all years"
calgary,member,airdrie,ring,fcss,2025,2762239,0,2762239,92544,29.85,29.85,,"nominal dollars; gross operating cost = FIR Schedule C operating expenditure to 2008, Schedule C expense - Schedule E amortization from 2009 (accrual switch); net = gross - Schedule E sales and user charges; population StatCan 17-10-0155 July 1 estimates, 2021 boundaries; 2025 board membership applied to all years"
calgary,member,airdrie,ring,housing,2009,3579280,0,3579280,39082,91.58,91.58,,"nominal dollars; gross operating cost = FIR Schedule C operating expenditure to 2008, Schedule C expense - Schedule E amortization from 2009 (accrual switch); net = gross - Schedule E sales and user charges; population StatCan 17-10-0155 July 1 estimates, 2021 boundaries; 2025 board membership applied to all years"
calgary,member,airdrie,ring,housing,2010,576635,0,576635,42460,13.58,13.58,,"nominal dollars; gross operating cost = FIR Schedule C operating expenditure to 2008, Schedule C expense - Schedule E amortization from 2009 (accrual switch); net = gross - Schedule E sales and user charges; population StatCan 17-10-0155 July 1 estimates, 2021 boundaries; 2025 board membership applied to all years"
calgary,member,airdrie,ring,housing,2011,712936,0,712936,45369,15.71,15.71,,"nominal dollars; gross operating cost = FIR Schedule C operating expenditure to 2008, Schedule C expense - Schedule E amortization from 2009 (accrual switch); net = gross - Schedule E sales and user charges; population StatCan 17-10-0155 July 1 estimates, 2021 boundaries; 2025 board membership applied to all years"
calgary,member,airdrie,ring,housing,2012,878464,0,878464,48618,18.07,18.07,,"nominal dollars; gross operating cost = FIR Schedule C operating expenditure to 2008, Schedule C expense - Schedule E amortization from 2009 (accrual switch); net = gross - Schedule E sales and user charges; population StatCan 17-10-0155 July 1 estimates, 2021 boundaries; 2025 board membership applied to all years"
calgary,member,airdrie,ring,housing,2013,764930,0,764930,52463,14.58,14.58,,"nominal dollars; gross operating cost = FIR Schedule C operating expenditure to 2008, Schedule C expense - Schedule E amortization from 2009 (accrual switch); net = gross - Schedule E sales and user charges; population StatCan 17-10-0155 July 1 estimates, 2021 boundaries; 2025 board membership applied to all years"
calgary,member,airdrie,ring,housing,2014,767385,0,767385,56850,13.5,13.5,,"nominal dollars; gross operating cost = FIR Schedule C operating expenditure to 2008, Schedule C expense - Schedule E amortization from 2009 (accrual switch); net = gross - Schedule E sales and user charges; population StatCan 17-10-0155 July 1 estimates, 2021 boundaries; 2025 board membership applied to all years"
calgary,member,airdrie,ring,housing,2015,499294,0,499294,60659,8.23,8.23,,"nominal dollars; gross operating cost = FIR Schedule C operating expenditure to 2008, Schedule C expense - Schedule E amortization from 2009 (accrual switch); net = gross - Schedule E sales and user charges; population StatCan 17-10-0155 July 1 estimates, 2021 boundaries; 2025 board membership applied to all years"
calgary,member,airdrie,ring,housing,2016,440224,0,440224,63984,6.88,6.88,,"nominal dollars; gross operating cost = FIR Schedule C operating expenditure to 2008, Schedule C expense - Schedule E amortization from 2009 (accrual switch); net = gross - Schedule E sales and user charges; population StatCan 17-10-0155 July 1 estimates, 2021 boundaries; 2025 board membership applied to all years"
calgary,member,airdrie,ring,housing,2017,465794,0,465794,67157,6.94,6.94,,"nominal dollars; gross operating cost = FIR Schedule C operating expenditure to 2008, Schedule C expense - Schedule E amortization from 2009 (accrual switch); net = gross - Schedule E sales and user charges; population StatCan 17-10-0155 July 1 estimates, 2021 boundaries; 2025 board membership applied to all years"
calgary,member,airdrie,ring,housing,2018,487150,0,487150,69841,6.98,6.98,,"nominal dollars; gross operating cost = FIR Schedule C operating expenditure to 2008, Schedule C expense - Schedule E amortization from 2009 (accrual switch); net = gross - Schedule E sales and user charges; population StatCan 17-10-0155 July 1 estimates, 2021 boundaries; 2025 board membership applied to all years"
calgary,member,airdrie,ring,housing,2019,510459,0,510459,72412,7.05,7.05,,"nominal dollars; gross operating cost = FIR Schedule C operating expenditure to 2008, Schedule C expense - Schedule E amortization from 2009 (accrual switch); net = gross - Schedule E sales and user charges; population StatCan 17-10-0155 July 1 estimates, 2021 boundaries; 2025 board membership applied to all years"
calgary,member,airdrie,ring,housing,2020,423756,0,423756,74521,5.69,5.69,,"nominal dollars; gross operating cost = FIR Schedule C operating expenditure to 2008, Schedule C expense - Schedule E amortization from 2009 (accrual switch); net = gross - Schedule E sales and user charges; population StatCan 17-10-0155 July 1 estimates, 2021 boundaries; 2025 board membership applied to all years"
calgary,member,airdrie,ring,housing,2021,436519,0,436519,77079,5.66,5.66,,"nominal dollars; gross operating cost = FIR Schedule C operating expenditure to 2008, Schedule C expense - Schedule E amortization from 2009 (accrual switch); net = gross - Schedule E sales and user charges; population StatCan 17-10-0155 July 1 estimates, 2021 boundaries; 2025 board membership applied to all years"
calgary,member,airdrie,ring,housing,2022,720249,0,720249,80168,8.98,8.98,,"nominal dollars; gross operating cost = FIR Schedule C operating expenditure to 2008, Schedule C expense - Schedule E amortization from 2009 (accrual switch); net = gross - Schedule E sales and user charges; population StatCan 17-10-0155 July 1 estimates, 2021 boundaries; 2025 board membership applied to all years"
calgary,member,airdrie,ring,housing,2023,883942,0,883942,83850,10.54,10.54,,"nominal dollars; gross operating cost = FIR Schedule C operating expenditure to 2008, Schedule C expense - Schedule E amortization from 2009 (accrual switch); net = gross - Schedule E sales and user charges; population StatCan 17-10-0155 July 1 estimates, 2021 boundaries; 2025 board membership applied to all years"
calgary,member,airdrie,ring,housing,2024,1424594,0,1424594,88692,16.06,16.06,,"nominal dollars; gross operating cost = FIR Schedule C operating expenditure to 2008, Schedule C expense - Schedule E amortization from 2009 (accrual switch); net = gross - Schedule E sales and user charges; population StatCan 17-10-0155 July 1 estimates, 2021 boundaries; 2025 board membership applied to all years"
calgary,member,airdrie,ring,housing,2025,2226420,0,2226420,92544,24.06,24.06,,"nominal dollars; gross operating cost = FIR Schedule C operating expenditure to 2008, Schedule C expense - Schedule E amortization from 2009 (accrual switch); net = gross - Schedule E sales and user charges; population StatCan 17-10-0155 July 1 estimates, 2021 boundaries; 2025 board membership applied to all years"
calgary,member,calgary,core,police,2001,162862000,592000,162270000,904583,180.04,179.39,,"nominal dollars; gross operating cost = FIR Schedule C operating expenditure to 2008, Schedule C expense - Schedule E amortization from 2009 (accrual switch); net = gross - Schedule E sales and user charges; population StatCan 17-10-0155 July 1 estimates, 2021 boundaries; 2025 board membership applied to all years"
calgary,member,calgary,core,police,2002,193865000,586000,193279000,929934,208.47,207.84,,"nominal dollars; gross operating cost = FIR Schedule C operating expenditure to 2008, Schedule C expense - Schedule E amortization from 2009 (accrual switch); net = gross - Schedule E sales and user charges; population StatCan 17-10-0155 July 1 estimates, 2021 boundaries; 2025 board membership applied to all years"
calgary,member,calgary,core,police,2003,187037000,2172000,184865000,948052,197.29,194.99,,"nominal dollars; gross operating cost = FIR Schedule C operating expenditure to 2008, Schedule C expense - Schedule E amortization from 2009 (accrual switch); net = gross - Schedule E sales and user charges; population StatCan 17-10-0155 July 1 estimates, 2021 boundaries; 2025 board membership applied to all years"
calgary,member,calgary,core,police,2004,208395000,7414000,200981000,967624,215.37,207.71,,"nominal dollars; gross operating cost = FIR Schedule C operating expenditure to 2008, Schedule C expense - Schedule E amortization from 2009 (accrual switch); net = gross - Schedule E sales and user charges; population StatCan 17-10-0155 July 1 estimates, 2021 boundaries; 2025 board membership applied to all years"
calgary,member,calgary,core,police,2005,226182000,9134000,217048000,997202,226.82,217.66,,"nominal dollars; gross operating cost = FIR Schedule C operating expenditure to 2008, Schedule C expense - Schedule E amortization from 2009 (accrual switch); net = gross - Schedule E sales and user charges; population StatCan 17-10-0155 July 1 estimates, 2021 boundaries; 2025 board membership applied to all years"
calgary,member,calgary,core,police,2006,240695000,11863000,228832000,1028518,234.02,222.49,,"nominal dollars; gross operating cost = FIR Schedule C operating expenditure to 2008, Schedule C expense - Schedule E amortization from 2009 (accrual switch); net = gross - Schedule E sales and user charges; population StatCan 17-10-0155 July 1 estimates, 2021 boundaries; 2025 board membership applied to all years"
calgary,member,calgary,core,police,2007,254020000,12457000,241563000,1053086,241.21,229.39,,"nominal dollars; gross operating cost = FIR Schedule C operating expenditure to 2008, Schedule C expense - Schedule E amortization from 2009 (accrual switch); net = gross - Schedule E sales and user charges; population StatCan 17-10-0155 July 1 estimates, 2021 boundaries; 2025 board membership applied to all years"
calgary,member,calgary,core,police,2008,282318000,13909000,268409000,1080159,261.37,248.49,,"nominal dollars; gross operating cost = FIR Schedule C operating expenditure to 2008, Schedule C expense - Schedule E amortization from 2009 (accrual switch); net = gross - Schedule E sales and user charges; population StatCan 17-10-0155 July 1 estimates, 2021 boundaries; 2025 board membership applied to all years"
calgary,member,calgary,core,police,2009,316684000,15617000,301067000,1107714,285.89,271.79,,"nominal dollars; gross operating cost = FIR Schedule C operating expenditure to 2008, Schedule C expense - Schedule E amortization from 2009 (accrual switch); net = gross - Schedule E sales and user charges; population StatCan 17-10-0155 July 1 estimates, 2021 boundaries; 2025 board membership applied to all years"
calgary,member,calgary,core,police,2010,358416000,22110000,336306000,1122267,319.37,299.67,,"nominal dollars; gross operating cost = FIR Schedule C operating expenditure to 2008, Schedule C expense - Schedule E amortization from 2009 (accrual switch); net = gross - Schedule E sales and user charges; population StatCan 17-10-0155 July 1 estimates, 2021 boundaries; 2025 board membership applied to all years"
calgary,member,calgary,core,police,2011,371198000,17868000,353330000,1140743,325.4,309.74,,"nominal dollars; gross operating cost = FIR Schedule C operating expenditure to 2008, Schedule C expense - Schedule E amortization from 2009 (accrual switch); net = gross - Schedule E sales and user charges; population StatCan 17-10-0155 July 1 estimates, 2021 boundaries; 2025 board membership applied to all years"
calgary,member,calgary,core,police,2012,394640000,17854000,376786000,1170624,337.12,321.87,,"nominal dollars; gross operating cost = FIR Schedule C operating expenditure to 2008, Schedule C expense - Schedule E amortization from 2009 (accrual switch); net = gross - Schedule E sales and user charges; population StatCan 17-10-0155 July 1 estimates, 2021 boundaries; 2025 board membership applied to all years"
calgary,member,calgary,core,police,2013,416419000,19473000,396946000,1207705,344.8,328.68,,"nominal dollars; gross operating cost = FIR Schedule C operating expenditure to 2008, Schedule C expense - Schedule E amortization from 2009 (accrual switch); net = gross - Schedule E sales and user charges; population StatCan 17-10-0155 July 1 estimates, 2021 boundaries; 2025 board membership applied to all years"
calgary,member,calgary,core,police,2014,428788000,18294000,410494000,1241366,345.42,330.68,,"nominal dollars; gross operating cost = FIR Schedule C operating expenditure to 2008, Schedule C expense - Schedule E amortization from 2009 (accrual switch); net = gross - Schedule E sales and user charges; population StatCan 17-10-0155 July 1 estimates, 2021 boundaries; 2025 board membership applied to all years"
calgary,member,calgary,core,police,2015,455579000,18305000,437274000,1263636,360.53,346.04,,"nominal dollars; gross operating cost = FIR Schedule C operating expenditure to 2008, Schedule C expense - Schedule E amortization from 2009 (accrual switch); net = gross - Schedule E sales and user charges; population StatCan 17-10-0155 July 1 estimates, 2021 boundaries; 2025 board membership applied to all years"
calgary,member,calgary,core,police,2016,474546000,17788000,456758000,1278708,371.11,357.2,,"nominal dollars; gross operating cost = FIR Schedule C operating expenditure to 2008, Schedule C expense - Schedule E amortization from 2009 (accrual switch); net = gross - Schedule E sales and user charges; population StatCan 17-10-0155 July 1 estimates, 2021 boundaries; 2025 board membership applied to all years"
calgary,member,calgary,core,police,2017,489955000,17471000,472484000,1289970,379.82,366.28,,"nominal dollars; gross operating cost = FIR Schedule C operating expenditure to 2008, Schedule C expense - Schedule E amortization from 2009 (accrual switch); net = gross - Schedule E sales and user charges; population StatCan 17-10-0155 July 1 estimates, 2021 boundaries; 2025 board membership applied to all years"
calgary,member,calgary,core,police,2018,502509000,17969000,484540000,1306586,384.6,370.84,,"nominal dollars; gross operating cost = FIR Schedule C operating expenditure to 2008, Schedule C expense - Schedule E amortization from 2009 (accrual switch); net = gross - Schedule E sales and user charges; population StatCan 17-10-0155 July 1 estimates, 2021 boundaries; 2025 board membership applied to all years"
calgary,member,calgary,core,police,2019,498583000,18252000,480331000,1330058,374.86,361.14,,"nominal dollars; gross operating cost = FIR Schedule C operating expenditure to 2008, Schedule C expense - Schedule E amortization from 2009 (accrual switch); net = gross - Schedule E sales and user charges; population StatCan 17-10-0155 July 1 estimates, 2021 boundaries; 2025 board membership applied to all years"
calgary,member,calgary,core,police,2020,495688000,15821000,479867000,1351294,366.82,355.12,,"nominal dollars; gross operating cost = FIR Schedule C operating expenditure to 2008, Schedule C expense - Schedule E amortization from 2009 (accrual switch); net = gross - Schedule E sales and user charges; population StatCan 17-10-0155 July 1 estimates, 2021 boundaries; 2025 board membership applied to all years"
calgary,member,calgary,core,police,2021,502947000,22800000,480147000,1356293,370.82,354.01,,"nominal dollars; gross operating cost = FIR Schedule C operating expenditure to 2008, Schedule C expense - Schedule E amortization from 2009 (accrual switch); net = gross - Schedule E sales and user charges; population StatCan 17-10-0155 July 1 estimates, 2021 boundaries; 2025 board membership applied to all years"
calgary,member,calgary,core,police,2022,531819000,24766000,507053000,1395672,381.05,363.3,,"nominal dollars; gross operating cost = FIR Schedule C operating expenditure to 2008, Schedule C expense - Schedule E amortization from 2009 (accrual switch); net = gross - Schedule E sales and user charges; population StatCan 17-10-0155 July 1 estimates, 2021 boundaries; 2025 board membership applied to all years"
calgary,member,calgary,core,police,2023,593846000,27003000,566843000,1479763,401.31,383.06,,"nominal dollars; gross operating cost = FIR Schedule C operating expenditure to 2008, Schedule C expense - Schedule E amortization from 2009 (accrual switch); net = gross - Schedule E sales and user charges; population StatCan 17-10-0155 July 1 estimates, 2021 boundaries; 2025 board membership applied to all years"
calgary,member,calgary,core,police,2024,614450000,26406000,588044000,1573009,390.62,373.83,,"nominal dollars; gross operating cost = FIR Schedule C operating expenditure to 2008, Schedule C expense - Schedule E amortization from 2009 (accrual switch); net = gross - Schedule E sales and user charges; population StatCan 17-10-0155 July 1 estimates, 2021 boundaries; 2025 board membership applied to all years"
calgary,member,calgary,core,police,2025,675136000,27825000,647311000,1612834,418.6,401.35,,"nominal dollars; gross operating cost = FIR Schedule C operating expenditure to 2008, Schedule C expense - Schedule E amortization from 2009 (accrual switch); net = gross - Schedule E sales and user charges; population StatCan 17-10-0155 July 1 estimates, 2021 boundaries; 2025 board membership applied to all years"
calgary,member,calgary,core,transit,2001,150332000,60651000,89681000,904583,166.19,99.14,,"nominal dollars; gross operating cost = FIR Schedule C operating expenditure to 2008, Schedule C expense - Schedule E amortization from 2009 (accrual switch); net = gross - Schedule E sales and user charges; population StatCan 17-10-0155 July 1 estimates, 2021 boundaries; 2025 board membership applied to all years"
calgary,member,calgary,core,transit,2002,166824000,79309000,87515000,929934,179.39,94.11,,"nominal dollars; gross operating cost = FIR Schedule C operating expenditure to 2008, Schedule C expense - Schedule E amortization from 2009 (accrual switch); net = gross - Schedule E sales and user charges; population StatCan 17-10-0155 July 1 estimates, 2021 boundaries; 2025 board membership applied to all years"
calgary,member,calgary,core,transit,2003,177793000,88447000,89346000,948052,187.54,94.24,,"nominal dollars; gross operating cost = FIR Schedule C operating expenditure to 2008, Schedule C expense - Schedule E amortization from 2009 (accrual switch); net = gross - Schedule E sales and user charges; population StatCan 17-10-0155 July 1 estimates, 2021 boundaries; 2025 board membership applied to all years"
calgary,member,calgary,core,transit,2004,177189000,92413000,84776000,967624,183.12,87.61,,"nominal dollars; gross operating cost = FIR Schedule C operating expenditure to 2008, Schedule C expense - Schedule E amortization from 2009 (accrual switch); net = gross - Schedule E sales and user charges; population StatCan 17-10-0155 July 1 estimates, 2021 boundaries; 2025 board membership applied to all years"
calgary,member,calgary,core,transit,2005,205927000,98479000,107448000,997202,206.5,107.75,,"nominal dollars; gross operating cost = FIR Schedule C operating expenditure to 2008, Schedule C expense - Schedule E amortization from 2009 (accrual switch); net = gross - Schedule E sales and user charges; population StatCan 17-10-0155 July 1 estimates, 2021 boundaries; 2025 board membership applied to all years"
calgary,member,calgary,core,transit,2006,211245000,117524000,93721000,1028518,205.39,91.12,,"nominal dollars; gross operating cost = FIR Schedule C operating expenditure to 2008, Schedule C expense - Schedule E amortization from 2009 (accrual switch); net = gross - Schedule E sales and user charges; population StatCan 17-10-0155 July 1 estimates, 2021 boundaries; 2025 board membership applied to all years"
calgary,member,calgary,core,transit,2007,246839000,122675000,124164000,1053086,234.4,117.9,,"nominal dollars; gross operating cost = FIR Schedule C operating expenditure to 2008, Schedule C expense - Schedule E amortization from 2009 (accrual switch); net = gross - Schedule E sales and user charges; population StatCan 17-10-0155 July 1 estimates, 2021 boundaries; 2025 board membership applied to all years"
calgary,member,calgary,core,transit,2008,279795000,134905000,144890000,1080159,259.03,134.14,,"nominal dollars; gross operating cost = FIR Schedule C operating expenditure to 2008, Schedule C expense - Schedule E amortization from 2009 (accrual switch); net = gross - Schedule E sales and user charges; population StatCan 17-10-0155 July 1 estimates, 2021 boundaries; 2025 board membership applied to all years"
calgary,member,calgary,core,transit,2009,295633000,144115000,151518000,1107714,266.89,136.78,,"nominal dollars; gross operating cost = FIR Schedule C operating expenditure to 2008, Schedule C expense - Schedule E amortization from 2009 (accrual switch); net = gross - Schedule E sales and user charges; population StatCan 17-10-0155 July 1 estimates, 2021 boundaries; 2025 board membership applied to all years"
calgary,member,calgary,core,transit,2010,310789000,150463000,160326000,1122267,276.93,142.86,,"nominal dollars; gross operating cost = FIR Schedule C operating expenditure to 2008, Schedule C expense - Schedule E amortization from 2009 (accrual switch); net = gross - Schedule E sales and user charges; population StatCan 17-10-0155 July 1 estimates, 2021 boundaries; 2025 board membership applied to all years"
calgary,member,calgary,core,transit,2011,305751000,151887000,153864000,1140743,268.03,134.88,,"nominal dollars; gross operating cost = FIR Schedule C operating expenditure to 2008, Schedule C expense - Schedule E amortization from 2009 (accrual switch); net = gross - Schedule E sales and user charges; population StatCan 17-10-0155 July 1 estimates, 2021 boundaries; 2025 board membership applied to all years"
calgary,member,calgary,core,transit,2012,326942000,169914000,157028000,1170624,279.29,134.14,,"nominal dollars; gross operating cost = FIR Schedule C operating expenditure to 2008, Schedule C expense - Schedule E amortization from 2009 (accrual switch); net = gross - Schedule E sales and user charges; population StatCan 17-10-0155 July 1 estimates, 2021 boundaries; 2025 board membership applied to all years"
calgary,member,calgary,core,transit,2013,357270000,186493000,170777000,1207705,295.83,141.41,,"nominal dollars; gross operating cost = FIR Schedule C operating expenditure to 2008, Schedule C expense - Schedule E amortization from 2009 (accrual switch); net = gross - Schedule E sales and user charges; population StatCan 17-10-0155 July 1 estimates, 2021 boundaries; 2025 board membership applied to all years"
calgary,member,calgary,core,transit,2014,369185000,191171000,178014000,1241366,297.4,143.4,,"nominal dollars; gross operating cost = FIR Schedule C operating expenditure to 2008, Schedule C expense - Schedule E amortization from 2009 (accrual switch); net = gross - Schedule E sales and user charges; population StatCan 17-10-0155 July 1 estimates, 2021 boundaries; 2025 board membership applied to all years"
calgary,member,calgary,core,transit,2015,392947000,196183000,196764000,1263636,310.97,155.71,,"nominal dollars; gross operating cost = FIR Schedule C operating expenditure to 2008, Schedule C expense - Schedule E amortization from 2009 (accrual switch); net = gross - Schedule E sales and user charges; population StatCan 17-10-0155 July 1 estimates, 2021 boundaries; 2025 board membership applied to all years"
calgary,member,calgary,core,transit,2016,396448000,175990000,220458000,1278708,310.04,172.41,,"nominal dollars; gross operating cost = FIR Schedule C operating expenditure to 2008, Schedule C expense - Schedule E amortization from 2009 (accrual switch); net = gross - Schedule E sales and user charges; population StatCan 17-10-0155 July 1 estimates, 2021 boundaries; 2025 board membership applied to all years"
calgary,member,calgary,core,transit,2017,399186000,173544000,225642000,1289970,309.45,174.92,,"nominal dollars; gross operating cost = FIR Schedule C operating expenditure to 2008, Schedule C expense - Schedule E amortization from 2009 (accrual switch); net = gross - Schedule E sales and user charges; population StatCan 17-10-0155 July 1 estimates, 2021 boundaries; 2025 board membership applied to all years"
calgary,member,calgary,core,transit,2018,397746000,176963000,220783000,1306586,304.42,168.98,,"nominal dollars; gross operating cost = FIR Schedule C operating expenditure to 2008, Schedule C expense - Schedule E amortization from 2009 (accrual switch); net = gross - Schedule E sales and user charges; population StatCan 17-10-0155 July 1 estimates, 2021 boundaries; 2025 board membership applied to all years"
calgary,member,calgary,core,transit,2019,438883000,181210000,257673000,1330058,329.97,193.73,,"nominal dollars; gross operating cost = FIR Schedule C operating expenditure to 2008, Schedule C expense - Schedule E amortization from 2009 (accrual switch); net = gross - Schedule E sales and user charges; population StatCan 17-10-0155 July 1 estimates, 2021 boundaries; 2025 board membership applied to all years"
calgary,member,calgary,core,transit,2020,366739000,87332000,279407000,1351294,271.4,206.77,,"nominal dollars; gross operating cost = FIR Schedule C operating expenditure to 2008, Schedule C expense - Schedule E amortization from 2009 (accrual switch); net = gross - Schedule E sales and user charges; population StatCan 17-10-0155 July 1 estimates, 2021 boundaries; 2025 board membership applied to all years"
calgary,member,calgary,core,transit,2021,382122000,79480000,302642000,1356293,281.74,223.14,,"nominal dollars; gross operating cost = FIR Schedule C operating expenditure to 2008, Schedule C expense - Schedule E amortization from 2009 (accrual switch); net = gross - Schedule E sales and user charges; population StatCan 17-10-0155 July 1 estimates, 2021 boundaries; 2025 board membership applied to all years"
calgary,member,calgary,core,transit,2022,434237000,116590000,317647000,1395672,311.13,227.59,,"nominal dollars; gross operating cost = FIR Schedule C operating expenditure to 2008, Schedule C expense - Schedule E amortization from 2009 (accrual switch); net = gross - Schedule E sales and user charges; population StatCan 17-10-0155 July 1 estimates, 2021 boundaries; 2025 board membership applied to all years"
calgary,member,calgary,core,transit,2023,506658000,142066000,364592000,1479763,342.39,246.39,,"nominal dollars; gross operating cost = FIR Schedule C operating expenditure to 2008, Schedule C expense - Schedule E amortization from 2009 (accrual switch); net = gross - Schedule E sales and user charges; population StatCan 17-10-0155 July 1 estimates, 2021 boundaries; 2025 board membership applied to all years"
calgary,member,calgary,core,transit,2024,564741000,151959000,412782000,1573009,359.02,262.42,,"nominal dollars; gross operating cost = FIR Schedule C operating expenditure to 2008, Schedule C expense - Schedule E amortization from 2009 (accrual switch); net = gross - Schedule E sales and user charges; population StatCan 17-10-0155 July 1 estimates, 2021 boundaries; 2025 board membership applied to all years"
calgary,member,calgary,core,transit,2025,606567000,159624000,446943000,1612834,376.09,277.12,,"nominal dollars; gross operating cost = FIR Schedule C operating expenditure to 2008, Schedule C expense - Schedule E amortization from 2009 (accrual switch); net = gross - Schedule E sales and user charges; population StatCan 17-10-0155 July 1 estimates, 2021 boundaries; 2025 board membership applied to all years"
calgary,member,calgary,core,fcss,2001,35815000,32000,35783000,904583,39.59,39.56,,"nominal dollars; gross operating cost = FIR Schedule C operating expenditure to 2008, Schedule C expense - Schedule E amortization from 2009 (accrual switch); net = gross - Schedule E sales and user charges; population StatCan 17-10-0155 July 1 estimates, 2021 boundaries; 2025 board membership applied to all years"
calgary,member,calgary,core,fcss,2002,38890000,44000,38846000,929934,41.82,41.77,,"nominal dollars; gross operating cost = FIR Schedule C operating expenditure to 2008, Schedule C expense - Schedule E amortization from 2009 (accrual switch); net = gross - Schedule E sales and user charges; population StatCan 17-10-0155 July 1 estimates, 2021 boundaries; 2025 board membership applied to all years"
calgary,member,calgary,core,fcss,2003,45455000,19000,45436000,948052,47.95,47.93,,"nominal dollars; gross operating cost = FIR Schedule C operating expenditure to 2008, Schedule C expense - Schedule E amortization from 2009 (accrual switch); net = gross - Schedule E sales and user charges; population StatCan 17-10-0155 July 1 estimates, 2021 boundaries; 2025 board membership applied to all years"
calgary,member,calgary,core,fcss,2004,47244000,0,47244000,967624,48.82,48.82,,"nominal dollars; gross operating cost = FIR Schedule C operating expenditure to 2008, Schedule C expense - Schedule E amortization from 2009 (accrual switch); net = gross - Schedule E sales and user charges; population StatCan 17-10-0155 July 1 estimates, 2021 boundaries; 2025 board membership applied to all years"
calgary,member,calgary,core,fcss,2005,48379000,13000,48366000,997202,48.51,48.5,,"nominal dollars; gross operating cost = FIR Schedule C operating expenditure to 2008, Schedule C expense - Schedule E amortization from 2009 (accrual switch); net = gross - Schedule E sales and user charges; population StatCan 17-10-0155 July 1 estimates, 2021 boundaries; 2025 board membership applied to all years"
calgary,member,calgary,core,fcss,2006,46081000,433000,45648000,1028518,44.8,44.38,,"nominal dollars; gross operating cost = FIR Schedule C operating expenditure to 2008, Schedule C expense - Schedule E amortization from 2009 (accrual switch); net = gross - Schedule E sales and user charges; population StatCan 17-10-0155 July 1 estimates, 2021 boundaries; 2025 board membership applied to all years"
calgary,member,calgary,core,fcss,2007,47859000,64000,47795000,1053086,45.45,45.39,,"nominal dollars; gross operating cost = FIR Schedule C operating expenditure to 2008, Schedule C expense - Schedule E amortization from 2009 (accrual switch); net = gross - Schedule E sales and user charges; population StatCan 17-10-0155 July 1 estimates, 2021 boundaries; 2025 board membership applied to all years"
calgary,member,calgary,core,fcss,2008,50856000,491000,50365000,1080159,47.08,46.63,,"nominal dollars; gross operating cost = FIR Schedule C operating expenditure to 2008, Schedule C expense - Schedule E amortization from 2009 (accrual switch); net = gross - Schedule E sales and user charges; population StatCan 17-10-0155 July 1 estimates, 2021 boundaries; 2025 board membership applied to all years"
calgary,member,calgary,core,fcss,2009,49669000,14000,49655000,1107714,44.84,44.83,,"nominal dollars; gross operating cost = FIR Schedule C operating expenditure to 2008, Schedule C expense - Schedule E amortization from 2009 (accrual switch); net = gross - Schedule E sales and user charges; population StatCan 17-10-0155 July 1 estimates, 2021 boundaries; 2025 board membership applied to all years"
calgary,member,calgary,core,fcss,2010,51920000,116000,51804000,1122267,46.26,46.16,,"nominal dollars; gross operating cost = FIR Schedule C operating expenditure to 2008, Schedule C expense - Schedule E amortization from 2009 (accrual switch); net = gross - Schedule E sales and user charges; population StatCan 17-10-0155 July 1 estimates, 2021 boundaries; 2025 board membership applied to all years"
calgary,member,calgary,core,fcss,2011,57335000,20000,57315000,1140743,50.26,50.24,,"nominal dollars; gross operating cost = FIR Schedule C operating expenditure to 2008, Schedule C expense - Schedule E amortization from 2009 (accrual switch); net = gross - Schedule E sales and user charges; population StatCan 17-10-0155 July 1 estimates, 2021 boundaries; 2025 board membership applied to all years"
calgary,member,calgary,core,fcss,2012,55637000,19000,55618000,1170624,47.53,47.51,,"nominal dollars; gross operating cost = FIR Schedule C operating expenditure to 2008, Schedule C expense - Schedule E amortization from 2009 (accrual switch); net = gross - Schedule E sales and user charges; population StatCan 17-10-0155 July 1 estimates, 2021 boundaries; 2025 board membership applied to all years"
calgary,member,calgary,core,fcss,2013,62379000,70000,62309000,1207705,51.65,51.59,,"nominal dollars; gross operating cost = FIR Schedule C operating expenditure to 2008, Schedule C expense - Schedule E amortization from 2009 (accrual switch); net = gross - Schedule E sales and user charges; population StatCan 17-10-0155 July 1 estimates, 2021 boundaries; 2025 board membership applied to all years"
calgary,member,calgary,core,fcss,2014,62623000,15000,62608000,1241366,50.45,50.43,,"nominal dollars; gross operating cost = FIR Schedule C operating expenditure to 2008, Schedule C expense - Schedule E amortization from 2009 (accrual switch); net = gross - Schedule E sales and user charges; population StatCan 17-10-0155 July 1 estimates, 2021 boundaries; 2025 board membership applied to all years"
calgary,member,calgary,core,fcss,2015,66919000,22000,66897000,1263636,52.96,52.94,,"nominal dollars; gross operating cost = FIR Schedule C operating expenditure to 2008, Schedule C expense - Schedule E amortization from 2009 (accrual switch); net = gross - Schedule E sales and user charges; population StatCan 17-10-0155 July 1 estimates, 2021 boundaries; 2025 board membership applied to all years"
calgary,member,calgary,core,fcss,2016,90792000,-4000,90796000,1278708,71.0,71.01,,"nominal dollars; gross operating cost = FIR Schedule C operating expenditure to 2008, Schedule C expense - Schedule E amortization from 2009 (accrual switch); net = gross - Schedule E sales and user charges; population StatCan 17-10-0155 July 1 estimates, 2021 boundaries; 2025 board membership applied to all years"
calgary,member,calgary,core,fcss,2017,97246000,4000,97242000,1289970,75.39,75.38,,"nominal dollars; gross operating cost = FIR Schedule C operating expenditure to 2008, Schedule C expense - Schedule E amortization from 2009 (accrual switch); net = gross - Schedule E sales and user charges; population StatCan 17-10-0155 July 1 estimates, 2021 boundaries; 2025 board membership applied to all years"
calgary,member,calgary,core,fcss,2018,97874000,1000,97873000,1306586,74.91,74.91,,"nominal dollars; gross operating cost = FIR Schedule C operating expenditure to 2008, Schedule C expense - Schedule E amortization from 2009 (accrual switch); net = gross - Schedule E sales and user charges; population StatCan 17-10-0155 July 1 estimates, 2021 boundaries; 2025 board membership applied to all years"
calgary,member,calgary,core,fcss,2019,92874000,0,92874000,1330058,69.83,69.83,,"nominal dollars; gross operating cost = FIR Schedule C operating expenditure to 2008, Schedule C expense - Schedule E amortization from 2009 (accrual switch); net = gross - Schedule E sales and user charges; population StatCan 17-10-0155 July 1 estimates, 2021 boundaries; 2025 board membership applied to all years"
calgary,member,calgary,core,fcss,2020,91054000,12000,91042000,1351294,67.38,67.37,,"nominal dollars; gross operating cost = FIR Schedule C operating expenditure to 2008, Schedule C expense - Schedule E amortization from 2009 (accrual switch); net = gross - Schedule E sales and user charges; population StatCan 17-10-0155 July 1 estimates, 2021 boundaries; 2025 board membership applied to all years"
calgary,member,calgary,core,fcss,2021,107939000,9000,107930000,1356293,79.58,79.58,,"nominal dollars; gross operating cost = FIR Schedule C operating expenditure to 2008, Schedule C expense - Schedule E amortization from 2009 (accrual switch); net = gross - Schedule E sales and user charges; population StatCan 17-10-0155 July 1 estimates, 2021 boundaries; 2025 board membership applied to all years"
calgary,member,calgary,core,fcss,2022,212462000,390000,212072000,1395672,152.23,151.95,,"nominal dollars; gross operating cost = FIR Schedule C operating expenditure to 2008, Schedule C expense - Schedule E amortization from 2009 (accrual switch); net = gross - Schedule E sales and user charges; population StatCan 17-10-0155 July 1 estimates, 2021 boundaries; 2025 board membership applied to all years"
calgary,member,calgary,core,fcss,2023,164150000,-91000,164241000,1479763,110.93,110.99,,"nominal dollars; gross operating cost = FIR Schedule C operating expenditure to 2008, Schedule C expense - Schedule E amortization from 2009 (accrual switch); net = gross - Schedule E sales and user charges; population StatCan 17-10-0155 July 1 estimates, 2021 boundaries; 2025 board membership applied to all years"
calgary,member,calgary,core,fcss,2024,114991000,1516000,113475000,1573009,73.1,72.14,,"nominal dollars; gross operating cost = FIR Schedule C operating expenditure to 2008, Schedule C expense - Schedule E amortization from 2009 (accrual switch); net = gross - Schedule E sales and user charges; population StatCan 17-10-0155 July 1 estimates, 2021 boundaries; 2025 board membership applied to all years"
calgary,member,calgary,core,fcss,2025,222862000,565000,222297000,1612834,138.18,137.83,,"nominal dollars; gross operating cost = FIR Schedule C operating expenditure to 2008, Schedule C expense - Schedule E amortization from 2009 (accrual switch); net = gross - Schedule E sales and user charges; population StatCan 17-10-0155 July 1 estimates, 2021 boundaries; 2025 board membership applied to all years"
calgary,member,calgary,core,housing,2009,123627000,0,123627000,1107714,111.61,111.61,,"nominal dollars; gross operating cost = FIR Schedule C operating expenditure to 2008, Schedule C expense - Schedule E amortization from 2009 (accrual switch); net = gross - Schedule E sales and user charges; population StatCan 17-10-0155 July 1 estimates, 2021 boundaries; 2025 board membership applied to all years"
calgary,member,calgary,core,housing,2010,112150000,0,112150000,1122267,99.93,99.93,,"nominal dollars; gross operating cost = FIR Schedule C operating expenditure to 2008, Schedule C expense - Schedule E amortization from 2009 (accrual switch); net = gross - Schedule E sales and user charges; population StatCan 17-10-0155 July 1 estimates, 2021 boundaries; 2025 board membership applied to all years"
calgary,member,calgary,core,housing,2011,98045000,0,98045000,1140743,85.95,85.95,,"nominal dollars; gross operating cost = FIR Schedule C operating expenditure to 2008, Schedule C expense - Schedule E amortization from 2009 (accrual switch); net = gross - Schedule E sales and user charges; population StatCan 17-10-0155 July 1 estimates, 2021 boundaries; 2025 board membership applied to all years"
calgary,member,calgary,core,housing,2012,103227000,0,103227000,1170624,88.18,88.18,,"nominal dollars; gross operating cost = FIR Schedule C operating expenditure to 2008, Schedule C expense - Schedule E amortization from 2009 (accrual switch); net = gross - Schedule E sales and user charges; population StatCan 17-10-0155 July 1 estimates, 2021 boundaries; 2025 board membership applied to all years"
calgary,member,calgary,core,housing,2013,117843000,0,117843000,1207705,97.58,97.58,,"nominal dollars; gross operating cost = FIR Schedule C operating expenditure to 2008, Schedule C expense - Schedule E amortization from 2009 (accrual switch); net = gross - Schedule E sales and user charges; population StatCan 17-10-0155 July 1 estimates, 2021 boundaries; 2025 board membership applied to all years"
calgary,member,calgary,core,housing,2014,115214000,0,115214000,1241366,92.81,92.81,,"nominal dollars; gross operating cost = FIR Schedule C operating expenditure to 2008, Schedule C expense - Schedule E amortization from 2009 (accrual switch); net = gross - Schedule E sales and user charges; population StatCan 17-10-0155 July 1 estimates, 2021 boundaries; 2025 board membership applied to all years"
calgary,member,calgary,core,housing,2015,130654000,0,130654000,1263636,103.4,103.4,,"nominal dollars; gross operating cost = FIR Schedule C operating expenditure to 2008, Schedule C expense - Schedule E amortization from 2009 (accrual switch); net = gross - Schedule E sales and user charges; population StatCan 17-10-0155 July 1 estimates, 2021 boundaries; 2025 board membership applied to all years"
calgary,member,calgary,core,housing,2016,26280000,0,26280000,1278708,20.55,20.55,,"nominal dollars; gross operating cost = FIR Schedule C operating expenditure to 2008, Schedule C expense - Schedule E amortization from 2009 (accrual switch); net = gross - Schedule E sales and user charges; population StatCan 17-10-0155 July 1 estimates, 2021 boundaries; 2025 board membership applied to all years"
calgary,member,calgary,core,housing,2017,107555000,0,107555000,1289970,83.38,83.38,,"nominal dollars; gross operating cost = FIR Schedule C operating expenditure to 2008, Schedule C expense - Schedule E amortization from 2009 (accrual switch); net = gross - Schedule E sales and user charges; population StatCan 17-10-0155 July 1 estimates, 2021 boundaries; 2025 board membership applied to all years"
calgary,member,calgary,core,housing,2018,106047000,0,106047000,1306586,81.16,81.16,,"nominal dollars; gross operating cost = FIR Schedule C operating expenditure to 2008, Schedule C expense - Schedule E amortization from 2009 (accrual switch); net = gross - Schedule E sales and user charges; population StatCan 17-10-0155 July 1 estimates, 2021 boundaries; 2025 board membership applied to all years"
calgary,member,calgary,core,housing,2019,109272000,0,109272000,1330058,82.16,82.16,,"nominal dollars; gross operating cost = FIR Schedule C operating expenditure to 2008, Schedule C expense - Schedule E amortization from 2009 (accrual switch); net = gross - Schedule E sales and user charges; population StatCan 17-10-0155 July 1 estimates, 2021 boundaries; 2025 board membership applied to all years"
calgary,member,calgary,core,housing,2020,102649000,14902000,87747000,1351294,75.96,64.94,,"nominal dollars; gross operating cost = FIR Schedule C operating expenditure to 2008, Schedule C expense - Schedule E amortization from 2009 (accrual switch); net = gross - Schedule E sales and user charges; population StatCan 17-10-0155 July 1 estimates, 2021 boundaries; 2025 board membership applied to all years"
calgary,member,calgary,core,housing,2021,104972000,12194000,92778000,1356293,77.4,68.41,,"nominal dollars; gross operating cost = FIR Schedule C operating expenditure to 2008, Schedule C expense - Schedule E amortization from 2009 (accrual switch); net = gross - Schedule E sales and user charges; population StatCan 17-10-0155 July 1 estimates, 2021 boundaries; 2025 board membership applied to all years"
calgary,member,calgary,core,housing,2022,19711000,19732000,-21000,1395672,14.12,-0.02,,"nominal dollars; gross operating cost = FIR Schedule C operating expenditure to 2008, Schedule C expense - Schedule E amortization from 2009 (accrual switch); net = gross - Schedule E sales and user charges; population StatCan 17-10-0155 July 1 estimates, 2021 boundaries; 2025 board membership applied to all years"
calgary,member,calgary,core,housing,2023,106528000,4557000,101971000,1479763,71.99,68.91,,"nominal dollars; gross operating cost = FIR Schedule C operating expenditure to 2008, Schedule C expense - Schedule E amortization from 2009 (accrual switch); net = gross - Schedule E sales and user charges; population StatCan 17-10-0155 July 1 estimates, 2021 boundaries; 2025 board membership applied to all years"
calgary,member,calgary,core,housing,2024,117137000,675000,116462000,1573009,74.47,74.04,,"nominal dollars; gross operating cost = FIR Schedule C operating expenditure to 2008, Schedule C expense - Schedule E amortization from 2009 (accrual switch); net = gross - Schedule E sales and user charges; population StatCan 17-10-0155 July 1 estimates, 2021 boundaries; 2025 board membership applied to all years"
calgary,member,calgary,core,housing,2025,128736000,0,128736000,1612834,79.82,79.82,,"nominal dollars; gross operating cost = FIR Schedule C operating expenditure to 2008, Schedule C expense - Schedule E amortization from 2009 (accrual switch); net = gross - Schedule E sales and user charges; population StatCan 17-10-0155 July 1 estimates, 2021 boundaries; 2025 board membership applied to all years"
calgary,member,chestermere,ring,police,2001,235483,2500,232983,4388,53.67,53.1,,"nominal dollars; gross operating cost = FIR Schedule C operating expenditure to 2008, Schedule C expense - Schedule E amortization from 2009 (accrual switch); net = gross - Schedule E sales and user charges; population StatCan 17-10-0155 July 1 estimates, 2021 boundaries; 2025 board membership applied to all years"
calgary,member,chestermere,ring,police,2002,122480,203,122277,5507,22.24,22.2,,"nominal dollars; gross operating cost = FIR Schedule C operating expenditure to 2008, Schedule C expense - Schedule E amortization from 2009 (accrual switch); net = gross - Schedule E sales and user charges; population StatCan 17-10-0155 July 1 estimates, 2021 boundaries; 2025 board membership applied to all years"
calgary,member,chestermere,ring,police,2003,369219,0,369219,6619,55.78,55.78,,"nominal dollars; gross operating cost = FIR Schedule C operating expenditure to 2008, Schedule C expense - Schedule E amortization from 2009 (accrual switch); net = gross - Schedule E sales and user charges; population StatCan 17-10-0155 July 1 estimates, 2021 boundaries; 2025 board membership applied to all years"
calgary,member,chestermere,ring,police,2004,308219,0,308219,7782,39.61,39.61,,"nominal dollars; gross operating cost = FIR Schedule C operating expenditure to 2008, Schedule C expense - Schedule E amortization from 2009 (accrual switch); net = gross - Schedule E sales and user charges; population StatCan 17-10-0155 July 1 estimates, 2021 boundaries; 2025 board membership applied to all years"
calgary,member,chestermere,ring,police,2005,388316,0,388316,9044,42.94,42.94,,"nominal dollars; gross operating cost = FIR Schedule C operating expenditure to 2008, Schedule C expense - Schedule E amortization from 2009 (accrual switch); net = gross - Schedule E sales and user charges; population StatCan 17-10-0155 July 1 estimates, 2021 boundaries; 2025 board membership applied to all years"
calgary,member,chestermere,ring,police,2006,530781,0,530781,10473,50.68,50.68,,"nominal dollars; gross operating cost = FIR Schedule C operating expenditure to 2008, Schedule C expense - Schedule E amortization from 2009 (accrual switch); net = gross - Schedule E sales and user charges; population StatCan 17-10-0155 July 1 estimates, 2021 boundaries; 2025 board membership applied to all years"
calgary,member,chestermere,ring,police,2007,1240244,0,1240244,12060,102.84,102.84,,"nominal dollars; gross operating cost = FIR Schedule C operating expenditure to 2008, Schedule C expense - Schedule E amortization from 2009 (accrual switch); net = gross - Schedule E sales and user charges; population StatCan 17-10-0155 July 1 estimates, 2021 boundaries; 2025 board membership applied to all years"
calgary,member,chestermere,ring,police,2008,1862798,0,1862798,13272,140.36,140.36,,"nominal dollars; gross operating cost = FIR Schedule C operating expenditure to 2008, Schedule C expense - Schedule E amortization from 2009 (accrual switch); net = gross - Schedule E sales and user charges; population StatCan 17-10-0155 July 1 estimates, 2021 boundaries; 2025 board membership applied to all years"
calgary,member,chestermere,ring,police,2009,1613250,635721,977529,14093,114.47,69.36,,"nominal dollars; gross operating cost = FIR Schedule C operating expenditure to 2008, Schedule C expense - Schedule E amortization from 2009 (accrual switch); net = gross - Schedule E sales and user charges; population StatCan 17-10-0155 July 1 estimates, 2021 boundaries; 2025 board membership applied to all years"
calgary,member,chestermere,ring,police,2010,1928239,688978,1239261,14801,130.28,83.73,,"nominal dollars; gross operating cost = FIR Schedule C operating expenditure to 2008, Schedule C expense - Schedule E amortization from 2009 (accrual switch); net = gross - Schedule E sales and user charges; population StatCan 17-10-0155 July 1 estimates, 2021 boundaries; 2025 board membership applied to all years"
calgary,member,chestermere,ring,police,2011,2182127,694721,1487406,15451,141.23,96.27,,"nominal dollars; gross operating cost = FIR Schedule C operating expenditure to 2008, Schedule C expense - Schedule E amortization from 2009 (accrual switch); net = gross - Schedule E sales and user charges; population StatCan 17-10-0155 July 1 estimates, 2021 boundaries; 2025 board membership applied to all years"
calgary,member,chestermere,ring,police,2012,2284636,792947,1491689,16083,142.05,92.75,,"nominal dollars; gross operating cost = FIR Schedule C operating expenditure to 2008, Schedule C expense - Schedule E amortization from 2009 (accrual switch); net = gross - Schedule E sales and user charges; population StatCan 17-10-0155 July 1 estimates, 2021 boundaries; 2025 board membership applied to all years"
calgary,member,chestermere,ring,police,2013,2329620,1006796,1322824,16878,138.03,78.38,,"nominal dollars; gross operating cost = FIR Schedule C operating expenditure to 2008, Schedule C expense - Schedule E amortization from 2009 (accrual switch); net = gross - Schedule E sales and user charges; population StatCan 17-10-0155 July 1 estimates, 2021 boundaries; 2025 board membership applied to all years"
calgary,member,chestermere,ring,police,2014,2818303,1335369,1482934,18163,155.17,81.65,,"nominal dollars; gross operating cost = FIR Schedule C operating expenditure to 2008, Schedule C expense - Schedule E amortization from 2009 (accrual switch); net = gross - Schedule E sales and user charges; population StatCan 17-10-0155 July 1 estimates, 2021 boundaries; 2025 board membership applied to all years"
calgary,member,chestermere,ring,police,2015,2564017,620172,1943845,19426,131.99,100.06,,"nominal dollars; gross operating cost = FIR Schedule C operating expenditure to 2008, Schedule C expense - Schedule E amortization from 2009 (accrual switch); net = gross - Schedule E sales and user charges; population StatCan 17-10-0155 July 1 estimates, 2021 boundaries; 2025 board membership applied to all years"
calgary,member,chestermere,ring,police,2016,2231439,249668,1981771,20620,108.22,96.11,,"nominal dollars; gross operating cost = FIR Schedule C operating expenditure to 2008, Schedule C expense - Schedule E amortization from 2009 (accrual switch); net = gross - Schedule E sales and user charges; population StatCan 17-10-0155 July 1 estimates, 2021 boundaries; 2025 board membership applied to all years"
calgary,member,chestermere,ring,police,2017,3015402,460172,2555230,21214,142.14,120.45,,"nominal dollars; gross operating cost = FIR Schedule C operating expenditure to 2008, Schedule C expense - Schedule E amortization from 2009 (accrual switch); net = gross - Schedule E sales and user charges; population StatCan 17-10-0155 July 1 estimates, 2021 boundaries; 2025 board membership applied to all years"
calgary,member,chestermere,ring,police,2018,3546807,1055108,2491699,21509,164.9,115.84,,"nominal dollars; gross operating cost = FIR Schedule C operating expenditure to 2008, Schedule C expense - Schedule E amortization from 2009 (accrual switch); net = gross - Schedule E sales and user charges; population StatCan 17-10-0155 July 1 estimates, 2021 boundaries; 2025 board membership applied to all years"
calgary,member,chestermere,ring,police,2019,3903017,1249070,2653947,21931,177.97,121.01,,"nominal dollars; gross operating cost = FIR Schedule C operating expenditure to 2008, Schedule C expense - Schedule E amortization from 2009 (accrual switch); net = gross - Schedule E sales and user charges; population StatCan 17-10-0155 July 1 estimates, 2021 boundaries; 2025 board membership applied to all years"
calgary,member,chestermere,ring,police,2020,3330494,631726,2698768,22326,149.18,120.88,,"nominal dollars; gross operating cost = FIR Schedule C operating expenditure to 2008, Schedule C expense - Schedule E amortization from 2009 (accrual switch); net = gross - Schedule E sales and user charges; population StatCan 17-10-0155 July 1 estimates, 2021 boundaries; 2025 board membership applied to all years"
calgary,member,chestermere,ring,police,2021,3841915,908573,2933342,23005,167.0,127.51,,"nominal dollars; gross operating cost = FIR Schedule C operating expenditure to 2008, Schedule C expense - Schedule E amortization from 2009 (accrual switch); net = gross - Schedule E sales and user charges; population StatCan 17-10-0155 July 1 estimates, 2021 boundaries; 2025 board membership applied to all years"
calgary,member,chestermere,ring,police,2022,4014659,157720,3856939,24345,164.91,158.43,,"nominal dollars; gross operating cost = FIR Schedule C operating expenditure to 2008, Schedule C expense - Schedule E amortization from 2009 (accrual switch); net = gross - Schedule E sales and user charges; population StatCan 17-10-0155 July 1 estimates, 2021 boundaries; 2025 board membership applied to all years"
calgary,member,chestermere,ring,police,2023,5229875,803384,4426491,26280,199.01,168.44,,"nominal dollars; gross operating cost = FIR Schedule C operating expenditure to 2008, Schedule C expense - Schedule E amortization from 2009 (accrual switch); net = gross - Schedule E sales and user charges; population StatCan 17-10-0155 July 1 estimates, 2021 boundaries; 2025 board membership applied to all years"
calgary,member,chestermere,ring,police,2024,5006644,469630,4537014,28997,172.66,156.46,,"nominal dollars; gross operating cost = FIR Schedule C operating expenditure to 2008, Schedule C expense - Schedule E amortization from 2009 (accrual switch); net = gross - Schedule E sales and user charges; population StatCan 17-10-0155 July 1 estimates, 2021 boundaries; 2025 board membership applied to all years"
calgary,member,chestermere,ring,police,2025,4774806,454618,4320188,31671,150.76,136.41,,"nominal dollars; gross operating cost = FIR Schedule C operating expenditure to 2008, Schedule C expense - Schedule E amortization from 2009 (accrual switch); net = gross - Schedule E sales and user charges; population StatCan 17-10-0155 July 1 estimates, 2021 boundaries; 2025 board membership applied to all years"
calgary,member,chestermere,ring,transit,2001,0,0,0,4388,0.0,0.0,,"nominal dollars; gross operating cost = FIR Schedule C operating expenditure to 2008, Schedule C expense - Schedule E amortization from 2009 (accrual switch); net = gross - Schedule E sales and user charges; population StatCan 17-10-0155 July 1 estimates, 2021 boundaries; 2025 board membership applied to all years"
calgary,member,chestermere,ring,transit,2002,0,0,0,5507,0.0,0.0,,"nominal dollars; gross operating cost = FIR Schedule C operating expenditure to 2008, Schedule C expense - Schedule E amortization from 2009 (accrual switch); net = gross - Schedule E sales and user charges; population StatCan 17-10-0155 July 1 estimates, 2021 boundaries; 2025 board membership applied to all years"
calgary,member,chestermere,ring,transit,2003,0,0,0,6619,0.0,0.0,,"nominal dollars; gross operating cost = FIR Schedule C operating expenditure to 2008, Schedule C expense - Schedule E amortization from 2009 (accrual switch); net = gross - Schedule E sales and user charges; population StatCan 17-10-0155 July 1 estimates, 2021 boundaries; 2025 board membership applied to all years"
calgary,member,chestermere,ring,transit,2004,0,0,0,7782,0.0,0.0,,"nominal dollars; gross operating cost = FIR Schedule C operating expenditure to 2008, Schedule C expense - Schedule E amortization from 2009 (accrual switch); net = gross - Schedule E sales and user charges; population StatCan 17-10-0155 July 1 estimates, 2021 boundaries; 2025 board membership applied to all years"
calgary,member,chestermere,ring,transit,2005,0,0,0,9044,0.0,0.0,,"nominal dollars; gross operating cost = FIR Schedule C operating expenditure to 2008, Schedule C expense - Schedule E amortization from 2009 (accrual switch); net = gross - Schedule E sales and user charges; population StatCan 17-10-0155 July 1 estimates, 2021 boundaries; 2025 board membership applied to all years"
calgary,member,chestermere,ring,transit,2006,0,0,0,10473,0.0,0.0,,"nominal dollars; gross operating cost = FIR Schedule C operating expenditure to 2008, Schedule C expense - Schedule E amortization from 2009 (accrual switch); net = gross - Schedule E sales and user charges; population StatCan 17-10-0155 July 1 estimates, 2021 boundaries; 2025 board membership applied to all years"
calgary,member,chestermere,ring,transit,2007,0,0,0,12060,0.0,0.0,,"nominal dollars; gross operating cost = FIR Schedule C operating expenditure to 2008, Schedule C expense - Schedule E amortization from 2009 (accrual switch); net = gross - Schedule E sales and user charges; population StatCan 17-10-0155 July 1 estimates, 2021 boundaries; 2025 board membership applied to all years"
calgary,member,chestermere,ring,transit,2008,0,0,0,13272,0.0,0.0,,"nominal dollars; gross operating cost = FIR Schedule C operating expenditure to 2008, Schedule C expense - Schedule E amortization from 2009 (accrual switch); net = gross - Schedule E sales and user charges; population StatCan 17-10-0155 July 1 estimates, 2021 boundaries; 2025 board membership applied to all years"
calgary,member,chestermere,ring,transit,2009,0,0,0,14093,0.0,0.0,,"nominal dollars; gross operating cost = FIR Schedule C operating expenditure to 2008, Schedule C expense - Schedule E amortization from 2009 (accrual switch); net = gross - Schedule E sales and user charges; population StatCan 17-10-0155 July 1 estimates, 2021 boundaries; 2025 board membership applied to all years"
calgary,member,chestermere,ring,transit,2010,0,0,0,14801,0.0,0.0,,"nominal dollars; gross operating cost = FIR Schedule C operating expenditure to 2008, Schedule C expense - Schedule E amortization from 2009 (accrual switch); net = gross - Schedule E sales and user charges; population StatCan 17-10-0155 July 1 estimates, 2021 boundaries; 2025 board membership applied to all years"
calgary,member,chestermere,ring,transit,2011,0,0,0,15451,0.0,0.0,,"nominal dollars; gross operating cost = FIR Schedule C operating expenditure to 2008, Schedule C expense - Schedule E amortization from 2009 (accrual switch); net = gross - Schedule E sales and user charges; population StatCan 17-10-0155 July 1 estimates, 2021 boundaries; 2025 board membership applied to all years"
calgary,member,chestermere,ring,transit,2012,0,0,0,16083,0.0,0.0,,"nominal dollars; gross operating cost = FIR Schedule C operating expenditure to 2008, Schedule C expense - Schedule E amortization from 2009 (accrual switch); net = gross - Schedule E sales and user charges; population StatCan 17-10-0155 July 1 estimates, 2021 boundaries; 2025 board membership applied to all years"
calgary,member,chestermere,ring,transit,2013,0,0,0,16878,0.0,0.0,,"nominal dollars; gross operating cost = FIR Schedule C operating expenditure to 2008, Schedule C expense - Schedule E amortization from 2009 (accrual switch); net = gross - Schedule E sales and user charges; population StatCan 17-10-0155 July 1 estimates, 2021 boundaries; 2025 board membership applied to all years"
calgary,member,chestermere,ring,transit,2014,0,0,0,18163,0.0,0.0,,"nominal dollars; gross operating cost = FIR Schedule C operating expenditure to 2008, Schedule C expense - Schedule E amortization from 2009 (accrual switch); net = gross - Schedule E sales and user charges; population StatCan 17-10-0155 July 1 estimates, 2021 boundaries; 2025 board membership applied to all years"
calgary,member,chestermere,ring,transit,2015,0,0,0,19426,0.0,0.0,,"nominal dollars; gross operating cost = FIR Schedule C operating expenditure to 2008, Schedule C expense - Schedule E amortization from 2009 (accrual switch); net = gross - Schedule E sales and user charges; population StatCan 17-10-0155 July 1 estimates, 2021 boundaries; 2025 board membership applied to all years"
calgary,member,chestermere,ring,transit,2016,0,0,0,20620,0.0,0.0,,"nominal dollars; gross operating cost = FIR Schedule C operating expenditure to 2008, Schedule C expense - Schedule E amortization from 2009 (accrual switch); net = gross - Schedule E sales and user charges; population StatCan 17-10-0155 July 1 estimates, 2021 boundaries; 2025 board membership applied to all years"
calgary,member,chestermere,ring,transit,2017,0,0,0,21214,0.0,0.0,,"nominal dollars; gross operating cost = FIR Schedule C operating expenditure to 2008, Schedule C expense - Schedule E amortization from 2009 (accrual switch); net = gross - Schedule E sales and user charges; population StatCan 17-10-0155 July 1 estimates, 2021 boundaries; 2025 board membership applied to all years"
calgary,member,chestermere,ring,transit,2018,0,0,0,21509,0.0,0.0,,"nominal dollars; gross operating cost = FIR Schedule C operating expenditure to 2008, Schedule C expense - Schedule E amortization from 2009 (accrual switch); net = gross - Schedule E sales and user charges; population StatCan 17-10-0155 July 1 estimates, 2021 boundaries; 2025 board membership applied to all years"
calgary,member,chestermere,ring,transit,2019,0,0,0,21931,0.0,0.0,,"nominal dollars; gross operating cost = FIR Schedule C operating expenditure to 2008, Schedule C expense - Schedule E amortization from 2009 (accrual switch); net = gross - Schedule E sales and user charges; population StatCan 17-10-0155 July 1 estimates, 2021 boundaries; 2025 board membership applied to all years"
calgary,member,chestermere,ring,transit,2020,0,0,0,22326,0.0,0.0,,"nominal dollars; gross operating cost = FIR Schedule C operating expenditure to 2008, Schedule C expense - Schedule E amortization from 2009 (accrual switch); net = gross - Schedule E sales and user charges; population StatCan 17-10-0155 July 1 estimates, 2021 boundaries; 2025 board membership applied to all years"
calgary,member,chestermere,ring,transit,2021,0,55142,-55142,23005,0.0,-2.4,,"nominal dollars; gross operating cost = FIR Schedule C operating expenditure to 2008, Schedule C expense - Schedule E amortization from 2009 (accrual switch); net = gross - Schedule E sales and user charges; population StatCan 17-10-0155 July 1 estimates, 2021 boundaries; 2025 board membership applied to all years"
calgary,member,chestermere,ring,transit,2022,0,0,0,24345,0.0,0.0,,"nominal dollars; gross operating cost = FIR Schedule C operating expenditure to 2008, Schedule C expense - Schedule E amortization from 2009 (accrual switch); net = gross - Schedule E sales and user charges; population StatCan 17-10-0155 July 1 estimates, 2021 boundaries; 2025 board membership applied to all years"
calgary,member,chestermere,ring,transit,2023,0,0,0,26280,0.0,0.0,,"nominal dollars; gross operating cost = FIR Schedule C operating expenditure to 2008, Schedule C expense - Schedule E amortization from 2009 (accrual switch); net = gross - Schedule E sales and user charges; population StatCan 17-10-0155 July 1 estimates, 2021 boundaries; 2025 board membership applied to all years"
calgary,member,chestermere,ring,transit,2024,0,0,0,28997,0.0,0.0,,"nominal dollars; gross operating cost = FIR Schedule C operating expenditure to 2008, Schedule C expense - Schedule E amortization from 2009 (accrual switch); net = gross - Schedule E sales and user charges; population StatCan 17-10-0155 July 1 estimates, 2021 boundaries; 2025 board membership applied to all years"
calgary,member,chestermere,ring,transit,2025,0,0,0,31671,0.0,0.0,,"nominal dollars; gross operating cost = FIR Schedule C operating expenditure to 2008, Schedule C expense - Schedule E amortization from 2009 (accrual switch); net = gross - Schedule E sales and user charges; population StatCan 17-10-0155 July 1 estimates, 2021 boundaries; 2025 board membership applied to all years"
calgary,member,chestermere,ring,fcss,2001,185754,86515,99239,4388,42.33,22.62,,"nominal dollars; gross operating cost = FIR Schedule C operating expenditure to 2008, Schedule C expense - Schedule E amortization from 2009 (accrual switch); net = gross - Schedule E sales and user charges; population StatCan 17-10-0155 July 1 estimates, 2021 boundaries; 2025 board membership applied to all years"
calgary,member,chestermere,ring,fcss,2002,157300,4040,153260,5507,28.56,27.83,,"nominal dollars; gross operating cost = FIR Schedule C operating expenditure to 2008, Schedule C expense - Schedule E amortization from 2009 (accrual switch); net = gross - Schedule E sales and user charges; population StatCan 17-10-0155 July 1 estimates, 2021 boundaries; 2025 board membership applied to all years"
calgary,member,chestermere,ring,fcss,2003,237028,5240,231788,6619,35.81,35.02,,"nominal dollars; gross operating cost = FIR Schedule C operating expenditure to 2008, Schedule C expense - Schedule E amortization from 2009 (accrual switch); net = gross - Schedule E sales and user charges; population StatCan 17-10-0155 July 1 estimates, 2021 boundaries; 2025 board membership applied to all years"
calgary,member,chestermere,ring,fcss,2004,307270,5225,302045,7782,39.48,38.81,,"nominal dollars; gross operating cost = FIR Schedule C operating expenditure to 2008, Schedule C expense - Schedule E amortization from 2009 (accrual switch); net = gross - Schedule E sales and user charges; population StatCan 17-10-0155 July 1 estimates, 2021 boundaries; 2025 board membership applied to all years"
calgary,member,chestermere,ring,fcss,2005,318432,6763,311669,9044,35.21,34.46,,"nominal dollars; gross operating cost = FIR Schedule C operating expenditure to 2008, Schedule C expense - Schedule E amortization from 2009 (accrual switch); net = gross - Schedule E sales and user charges; population StatCan 17-10-0155 July 1 estimates, 2021 boundaries; 2025 board membership applied to all years"
calgary,member,chestermere,ring,fcss,2006,486044,10754,475290,10473,46.41,45.38,,"nominal dollars; gross operating cost = FIR Schedule C operating expenditure to 2008, Schedule C expense - Schedule E amortization from 2009 (accrual switch); net = gross - Schedule E sales and user charges; population StatCan 17-10-0155 July 1 estimates, 2021 boundaries; 2025 board membership applied to all years"
calgary,member,chestermere,ring,fcss,2007,825065,23947,801118,12060,68.41,66.43,,"nominal dollars; gross operating cost = FIR Schedule C operating expenditure to 2008, Schedule C expense - Schedule E amortization from 2009 (accrual switch); net = gross - Schedule E sales and user charges; population StatCan 17-10-0155 July 1 estimates, 2021 boundaries; 2025 board membership applied to all years"
calgary,member,chestermere,ring,fcss,2008,1057639,37656,1019983,13272,79.69,76.85,,"nominal dollars; gross operating cost = FIR Schedule C operating expenditure to 2008, Schedule C expense - Schedule E amortization from 2009 (accrual switch); net = gross - Schedule E sales and user charges; population StatCan 17-10-0155 July 1 estimates, 2021 boundaries; 2025 board membership applied to all years"
calgary,member,chestermere,ring,fcss,2009,1310948,210867,1100081,14093,93.02,78.06,,"nominal dollars; gross operating cost = FIR Schedule C operating expenditure to 2008, Schedule C expense - Schedule E amortization from 2009 (accrual switch); net = gross - Schedule E sales and user charges; population StatCan 17-10-0155 July 1 estimates, 2021 boundaries; 2025 board membership applied to all years"
calgary,member,chestermere,ring,fcss,2010,1368174,174261,1193913,14801,92.44,80.66,,"nominal dollars; gross operating cost = FIR Schedule C operating expenditure to 2008, Schedule C expense - Schedule E amortization from 2009 (accrual switch); net = gross - Schedule E sales and user charges; population StatCan 17-10-0155 July 1 estimates, 2021 boundaries; 2025 board membership applied to all years"
calgary,member,chestermere,ring,fcss,2011,1380244,165686,1214558,15451,89.33,78.61,,"nominal dollars; gross operating cost = FIR Schedule C operating expenditure to 2008, Schedule C expense - Schedule E amortization from 2009 (accrual switch); net = gross - Schedule E sales and user charges; population StatCan 17-10-0155 July 1 estimates, 2021 boundaries; 2025 board membership applied to all years"
calgary,member,chestermere,ring,fcss,2012,1091777,140087,951690,16083,67.88,59.17,,"nominal dollars; gross operating cost = FIR Schedule C operating expenditure to 2008, Schedule C expense - Schedule E amortization from 2009 (accrual switch); net = gross - Schedule E sales and user charges; population StatCan 17-10-0155 July 1 estimates, 2021 boundaries; 2025 board membership applied to all years"
calgary,member,chestermere,ring,fcss,2013,1303390,89741,1213649,16878,77.22,71.91,,"nominal dollars; gross operating cost = FIR Schedule C operating expenditure to 2008, Schedule C expense - Schedule E amortization from 2009 (accrual switch); net = gross - Schedule E sales and user charges; population StatCan 17-10-0155 July 1 estimates, 2021 boundaries; 2025 board membership applied to all years"
calgary,member,chestermere,ring,fcss,2014,1401730,116516,1285214,18163,77.18,70.76,,"nominal dollars; gross operating cost = FIR Schedule C operating expenditure to 2008, Schedule C expense - Schedule E amortization from 2009 (accrual switch); net = gross - Schedule E sales and user charges; population StatCan 17-10-0155 July 1 estimates, 2021 boundaries; 2025 board membership applied to all years"
calgary,member,chestermere,ring,fcss,2015,1453702,19429,1434273,19426,74.83,73.83,,"nominal dollars; gross operating cost = FIR Schedule C operating expenditure to 2008, Schedule C expense - Schedule E amortization from 2009 (accrual switch); net = gross - Schedule E sales and user charges; population StatCan 17-10-0155 July 1 estimates, 2021 boundaries; 2025 board membership applied to all years"
calgary,member,chestermere,ring,fcss,2016,1892723,148415,1744308,20620,91.79,84.59,,"nominal dollars; gross operating cost = FIR Schedule C operating expenditure to 2008, Schedule C expense - Schedule E amortization from 2009 (accrual switch); net = gross - Schedule E sales and user charges; population StatCan 17-10-0155 July 1 estimates, 2021 boundaries; 2025 board membership applied to all years"
calgary,member,chestermere,ring,fcss,2017,2272227,287179,1985048,21214,107.11,93.57,,"nominal dollars; gross operating cost = FIR Schedule C operating expenditure to 2008, Schedule C expense - Schedule E amortization from 2009 (accrual switch); net = gross - Schedule E sales and user charges; population StatCan 17-10-0155 July 1 estimates, 2021 boundaries; 2025 board membership applied to all years"
calgary,member,chestermere,ring,fcss,2018,2113933,88267,2025666,21509,98.28,94.18,,"nominal dollars; gross operating cost = FIR Schedule C operating expenditure to 2008, Schedule C expense - Schedule E amortization from 2009 (accrual switch); net = gross - Schedule E sales and user charges; population StatCan 17-10-0155 July 1 estimates, 2021 boundaries; 2025 board membership applied to all years"
calgary,member,chestermere,ring,fcss,2019,1972520,133372,1839148,21931,89.94,83.86,,"nominal dollars; gross operating cost = FIR Schedule C operating expenditure to 2008, Schedule C expense - Schedule E amortization from 2009 (accrual switch); net = gross - Schedule E sales and user charges; population StatCan 17-10-0155 July 1 estimates, 2021 boundaries; 2025 board membership applied to all years"
calgary,member,chestermere,ring,fcss,2020,1625233,50805,1574428,22326,72.8,70.52,,"nominal dollars; gross operating cost = FIR Schedule C operating expenditure to 2008, Schedule C expense - Schedule E amortization from 2009 (accrual switch); net = gross - Schedule E sales and user charges; population StatCan 17-10-0155 July 1 estimates, 2021 boundaries; 2025 board membership applied to all years"
calgary,member,chestermere,ring,fcss,2021,1411878,14544,1397334,23005,61.37,60.74,,"nominal dollars; gross operating cost = FIR Schedule C operating expenditure to 2008, Schedule C expense - Schedule E amortization from 2009 (accrual switch); net = gross - Schedule E sales and user charges; population StatCan 17-10-0155 July 1 estimates, 2021 boundaries; 2025 board membership applied to all years"
calgary,member,chestermere,ring,fcss,2022,1405157,88794,1316363,24345,57.72,54.07,,"nominal dollars; gross operating cost = FIR Schedule C operating expenditure to 2008, Schedule C expense - Schedule E amortization from 2009 (accrual switch); net = gross - Schedule E sales and user charges; population StatCan 17-10-0155 July 1 estimates, 2021 boundaries; 2025 board membership applied to all years"
calgary,member,chestermere,ring,fcss,2023,1223955,77806,1146149,26280,46.57,43.61,,"nominal dollars; gross operating cost = FIR Schedule C operating expenditure to 2008, Schedule C expense - Schedule E amortization from 2009 (accrual switch); net = gross - Schedule E sales and user charges; population StatCan 17-10-0155 July 1 estimates, 2021 boundaries; 2025 board membership applied to all years"
calgary,member,chestermere,ring,fcss,2024,1799103,80730,1718373,28997,62.04,59.26,,"nominal dollars; gross operating cost = FIR Schedule C operating expenditure to 2008, Schedule C expense - Schedule E amortization from 2009 (accrual switch); net = gross - Schedule E sales and user charges; population StatCan 17-10-0155 July 1 estimates, 2021 boundaries; 2025 board membership applied to all years"
calgary,member,chestermere,ring,fcss,2025,1814997,189962,1625035,31671,57.31,51.31,,"nominal dollars; gross operating cost = FIR Schedule C operating expenditure to 2008, Schedule C expense - Schedule E amortization from 2009 (accrual switch); net = gross - Schedule E sales and user charges; population StatCan 17-10-0155 July 1 estimates, 2021 boundaries; 2025 board membership applied to all years"
calgary,member,chestermere,ring,housing,2009,0,0,0,14093,0.0,0.0,,"nominal dollars; gross operating cost = FIR Schedule C operating expenditure to 2008, Schedule C expense - Schedule E amortization from 2009 (accrual switch); net = gross - Schedule E sales and user charges; population StatCan 17-10-0155 July 1 estimates, 2021 boundaries; 2025 board membership applied to all years"
calgary,member,chestermere,ring,housing,2010,0,0,0,14801,0.0,0.0,,"nominal dollars; gross operating cost = FIR Schedule C operating expenditure to 2008, Schedule C expense - Schedule E amortization from 2009 (accrual switch); net = gross - Schedule E sales and user charges; population StatCan 17-10-0155 July 1 estimates, 2021 boundaries; 2025 board membership applied to all years"
calgary,member,chestermere,ring,housing,2011,0,0,0,15451,0.0,0.0,,"nominal dollars; gross operating cost = FIR Schedule C operating expenditure to 2008, Schedule C expense - Schedule E amortization from 2009 (accrual switch); net = gross - Schedule E sales and user charges; population StatCan 17-10-0155 July 1 estimates, 2021 boundaries; 2025 board membership applied to all years"
calgary,member,chestermere,ring,housing,2012,0,0,0,16083,0.0,0.0,,"nominal dollars; gross operating cost = FIR Schedule C operating expenditure to 2008, Schedule C expense - Schedule E amortization from 2009 (accrual switch); net = gross - Schedule E sales and user charges; population StatCan 17-10-0155 July 1 estimates, 2021 boundaries; 2025 board membership applied to all years"
calgary,member,chestermere,ring,housing,2013,0,0,0,16878,0.0,0.0,,"nominal dollars; gross operating cost = FIR Schedule C operating expenditure to 2008, Schedule C expense - Schedule E amortization from 2009 (accrual switch); net = gross - Schedule E sales and user charges; population StatCan 17-10-0155 July 1 estimates, 2021 boundaries; 2025 board membership applied to all years"
calgary,member,chestermere,ring,housing,2014,0,0,0,18163,0.0,0.0,,"nominal dollars; gross operating cost = FIR Schedule C operating expenditure to 2008, Schedule C expense - Schedule E amortization from 2009 (accrual switch); net = gross - Schedule E sales and user charges; population StatCan 17-10-0155 July 1 estimates, 2021 boundaries; 2025 board membership applied to all years"
calgary,member,chestermere,ring,housing,2015,0,0,0,19426,0.0,0.0,,"nominal dollars; gross operating cost = FIR Schedule C operating expenditure to 2008, Schedule C expense - Schedule E amortization from 2009 (accrual switch); net = gross - Schedule E sales and user charges; population StatCan 17-10-0155 July 1 estimates, 2021 boundaries; 2025 board membership applied to all years"
calgary,member,chestermere,ring,housing,2016,0,0,0,20620,0.0,0.0,,"nominal dollars; gross operating cost = FIR Schedule C operating expenditure to 2008, Schedule C expense - Schedule E amortization from 2009 (accrual switch); net = gross - Schedule E sales and user charges; population StatCan 17-10-0155 July 1 estimates, 2021 boundaries; 2025 board membership applied to all years"
calgary,member,chestermere,ring,housing,2017,0,0,0,21214,0.0,0.0,,"nominal dollars; gross operating cost = FIR Schedule C operating expenditure to 2008, Schedule C expense - Schedule E amortization from 2009 (accrual switch); net = gross - Schedule E sales and user charges; population StatCan 17-10-0155 July 1 estimates, 2021 boundaries; 2025 board membership applied to all years"
calgary,member,chestermere,ring,housing,2018,0,0,0,21509,0.0,0.0,,"nominal dollars; gross operating cost = FIR Schedule C operating expenditure to 2008, Schedule C expense - Schedule E amortization from 2009 (accrual switch); net = gross - Schedule E sales and user charges; population StatCan 17-10-0155 July 1 estimates, 2021 boundaries; 2025 board membership applied to all years"
calgary,member,chestermere,ring,housing,2019,0,0,0,21931,0.0,0.0,,"nominal dollars; gross operating cost = FIR Schedule C operating expenditure to 2008, Schedule C expense - Schedule E amortization from 2009 (accrual switch); net = gross - Schedule E sales and user charges; population StatCan 17-10-0155 July 1 estimates, 2021 boundaries; 2025 board membership applied to all years"
calgary,member,chestermere,ring,housing,2020,0,0,0,22326,0.0,0.0,,"nominal dollars; gross operating cost = FIR Schedule C operating expenditure to 2008, Schedule C expense - Schedule E amortization from 2009 (accrual switch); net = gross - Schedule E sales and user charges; population StatCan 17-10-0155 July 1 estimates, 2021 boundaries; 2025 board membership applied to all years"
calgary,member,chestermere,ring,housing,2021,0,0,0,23005,0.0,0.0,,"nominal dollars; gross operating cost = FIR Schedule C operating expenditure to 2008, Schedule C expense - Schedule E amortization from 2009 (accrual switch); net = gross - Schedule E sales and user charges; population StatCan 17-10-0155 July 1 estimates, 2021 boundaries; 2025 board membership applied to all years"
calgary,member,chestermere,ring,housing,2022,0,0,0,24345,0.0,0.0,,"nominal dollars; gross operating cost = FIR Schedule C operating expenditure to 2008, Schedule C expense - Schedule E amortization from 2009 (accrual switch); net = gross - Schedule E sales and user charges; population StatCan 17-10-0155 July 1 estimates, 2021 boundaries; 2025 board membership applied to all years"
calgary,member,chestermere,ring,housing,2023,0,0,0,26280,0.0,0.0,,"nominal dollars; gross operating cost = FIR Schedule C operating expenditure to 2008, Schedule C expense - Schedule E amortization from 2009 (accrual switch); net = gross - Schedule E sales and user charges; population StatCan 17-10-0155 July 1 estimates, 2021 boundaries; 2025 board membership applied to all years"
calgary,member,chestermere,ring,housing,2024,0,0,0,28997,0.0,0.0,,"nominal dollars; gross operating cost = FIR Schedule C operating expenditure to 2008, Schedule C expense - Schedule E amortization from 2009 (accrual switch); net = gross - Schedule E sales and user charges; population StatCan 17-10-0155 July 1 estimates, 2021 boundaries; 2025 board membership applied to all years"
calgary,member,chestermere,ring,housing,2025,0,0,0,31671,0.0,0.0,,"nominal dollars; gross operating cost = FIR Schedule C operating expenditure to 2008, Schedule C expense - Schedule E amortization from 2009 (accrual switch); net = gross - Schedule E sales and user charges; population StatCan 17-10-0155 July 1 estimates, 2021 boundaries; 2025 board membership applied to all years"
calgary,member,cochrane,ring,police,2001,768981,0,768981,12344,62.3,62.3,,"nominal dollars; gross operating cost = FIR Schedule C operating expenditure to 2008, Schedule C expense - Schedule E amortization from 2009 (accrual switch); net = gross - Schedule E sales and user charges; population StatCan 17-10-0155 July 1 estimates, 2021 boundaries; 2025 board membership applied to all years"
calgary,member,cochrane,ring,police,2002,857842,0,857842,12738,67.35,67.35,,"nominal dollars; gross operating cost = FIR Schedule C operating expenditure to 2008, Schedule C expense - Schedule E amortization from 2009 (accrual switch); net = gross - Schedule E sales and user charges; population StatCan 17-10-0155 July 1 estimates, 2021 boundaries; 2025 board membership applied to all years"
calgary,member,cochrane,ring,police,2003,958736,0,958736,13027,73.6,73.6,,"nominal dollars; gross operating cost = FIR Schedule C operating expenditure to 2008, Schedule C expense - Schedule E amortization from 2009 (accrual switch); net = gross - Schedule E sales and user charges; population StatCan 17-10-0155 July 1 estimates, 2021 boundaries; 2025 board membership applied to all years"
calgary,member,cochrane,ring,police,2004,1063758,0,1063758,13330,79.8,79.8,,"nominal dollars; gross operating cost = FIR Schedule C operating expenditure to 2008, Schedule C expense - Schedule E amortization from 2009 (accrual switch); net = gross - Schedule E sales and user charges; population StatCan 17-10-0155 July 1 estimates, 2021 boundaries; 2025 board membership applied to all years"
calgary,member,cochrane,ring,police,2005,1003620,0,1003620,13765,72.91,72.91,,"nominal dollars; gross operating cost = FIR Schedule C operating expenditure to 2008, Schedule C expense - Schedule E amortization from 2009 (accrual switch); net = gross - Schedule E sales and user charges; population StatCan 17-10-0155 July 1 estimates, 2021 boundaries; 2025 board membership applied to all years"
calgary,member,cochrane,ring,police,2006,1177513,0,1177513,14230,82.75,82.75,,"nominal dollars; gross operating cost = FIR Schedule C operating expenditure to 2008, Schedule C expense - Schedule E amortization from 2009 (accrual switch); net = gross - Schedule E sales and user charges; population StatCan 17-10-0155 July 1 estimates, 2021 boundaries; 2025 board membership applied to all years"
calgary,member,cochrane,ring,police,2007,1435606,0,1435606,14723,97.51,97.51,,"nominal dollars; gross operating cost = FIR Schedule C operating expenditure to 2008, Schedule C expense - Schedule E amortization from 2009 (accrual switch); net = gross - Schedule E sales and user charges; population StatCan 17-10-0155 July 1 estimates, 2021 boundaries; 2025 board membership applied to all years"
calgary,member,cochrane,ring,police,2008,1385583,0,1385583,15336,90.35,90.35,,"nominal dollars; gross operating cost = FIR Schedule C operating expenditure to 2008, Schedule C expense - Schedule E amortization from 2009 (accrual switch); net = gross - Schedule E sales and user charges; population StatCan 17-10-0155 July 1 estimates, 2021 boundaries; 2025 board membership applied to all years"
calgary,member,cochrane,ring,police,2009,1672259,0,1672259,16224,103.07,103.07,,"nominal dollars; gross operating cost = FIR Schedule C operating expenditure to 2008, Schedule C expense - Schedule E amortization from 2009 (accrual switch); net = gross - Schedule E sales and user charges; population StatCan 17-10-0155 July 1 estimates, 2021 boundaries; 2025 board membership applied to all years"
calgary,member,cochrane,ring,police,2010,1628557,0,1628557,17284,94.22,94.22,,"nominal dollars; gross operating cost = FIR Schedule C operating expenditure to 2008, Schedule C expense - Schedule E amortization from 2009 (accrual switch); net = gross - Schedule E sales and user charges; population StatCan 17-10-0155 July 1 estimates, 2021 boundaries; 2025 board membership applied to all years"
calgary,member,cochrane,ring,police,2011,1946058,0,1946058,18300,106.34,106.34,,"nominal dollars; gross operating cost = FIR Schedule C operating expenditure to 2008, Schedule C expense - Schedule E amortization from 2009 (accrual switch); net = gross - Schedule E sales and user charges; population StatCan 17-10-0155 July 1 estimates, 2021 boundaries; 2025 board membership applied to all years"
calgary,member,cochrane,ring,police,2012,2428687,0,2428687,19412,125.11,125.11,,"nominal dollars; gross operating cost = FIR Schedule C operating expenditure to 2008, Schedule C expense - Schedule E amortization from 2009 (accrual switch); net = gross - Schedule E sales and user charges; population StatCan 17-10-0155 July 1 estimates, 2021 boundaries; 2025 board membership applied to all years"
calgary,member,cochrane,ring,police,2013,2931083,0,2931083,20815,140.82,140.82,,"nominal dollars; gross operating cost = FIR Schedule C operating expenditure to 2008, Schedule C expense - Schedule E amortization from 2009 (accrual switch); net = gross - Schedule E sales and user charges; population StatCan 17-10-0155 July 1 estimates, 2021 boundaries; 2025 board membership applied to all years"
calgary,member,cochrane,ring,police,2014,2744403,0,2744403,22716,120.81,120.81,,"nominal dollars; gross operating cost = FIR Schedule C operating expenditure to 2008, Schedule C expense - Schedule E amortization from 2009 (accrual switch); net = gross - Schedule E sales and user charges; population StatCan 17-10-0155 July 1 estimates, 2021 boundaries; 2025 board membership applied to all years"
calgary,member,cochrane,ring,police,2015,3069122,0,3069122,24762,123.94,123.94,,"nominal dollars; gross operating cost = FIR Schedule C operating expenditure to 2008, Schedule C expense - Schedule E amortization from 2009 (accrual switch); net = gross - Schedule E sales and user charges; population StatCan 17-10-0155 July 1 estimates, 2021 boundaries; 2025 board membership applied to all years"
calgary,member,cochrane,ring,police,2016,3393008,0,3393008,26860,126.32,126.32,,"nominal dollars; gross operating cost = FIR Schedule C operating expenditure to 2008, Schedule C expense - Schedule E amortization from 2009 (accrual switch); net = gross - Schedule E sales and user charges; population StatCan 17-10-0155 July 1 estimates, 2021 boundaries; 2025 board membership applied to all years"
calgary,member,cochrane,ring,police,2017,3252820,0,3252820,28237,115.2,115.2,,"nominal dollars; gross operating cost = FIR Schedule C operating expenditure to 2008, Schedule C expense - Schedule E amortization from 2009 (accrual switch); net = gross - Schedule E sales and user charges; population StatCan 17-10-0155 July 1 estimates, 2021 boundaries; 2025 board membership applied to all years"
calgary,member,cochrane,ring,police,2018,3515635,0,3515635,29694,118.4,118.4,,"nominal dollars; gross operating cost = FIR Schedule C operating expenditure to 2008, Schedule C expense - Schedule E amortization from 2009 (accrual switch); net = gross - Schedule E sales and user charges; population StatCan 17-10-0155 July 1 estimates, 2021 boundaries; 2025 board membership applied to all years"
calgary,member,cochrane,ring,police,2019,3918644,217641,3701003,31013,126.35,119.34,,"nominal dollars; gross operating cost = FIR Schedule C operating expenditure to 2008, Schedule C expense - Schedule E amortization from 2009 (accrual switch); net = gross - Schedule E sales and user charges; population StatCan 17-10-0155 July 1 estimates, 2021 boundaries; 2025 board membership applied to all years"
calgary,member,cochrane,ring,police,2020,3895092,0,3895092,32087,121.39,121.39,,"nominal dollars; gross operating cost = FIR Schedule C operating expenditure to 2008, Schedule C expense - Schedule E amortization from 2009 (accrual switch); net = gross - Schedule E sales and user charges; population StatCan 17-10-0155 July 1 estimates, 2021 boundaries; 2025 board membership applied to all years"
calgary,member,cochrane,ring,police,2021,4043585,0,4043585,33295,121.45,121.45,,"nominal dollars; gross operating cost = FIR Schedule C operating expenditure to 2008, Schedule C expense - Schedule E amortization from 2009 (accrual switch); net = gross - Schedule E sales and user charges; population StatCan 17-10-0155 July 1 estimates, 2021 boundaries; 2025 board membership applied to all years"
calgary,member,cochrane,ring,police,2022,0,0,0,0,,,cochrane,"nominal dollars; gross operating cost = FIR Schedule C operating expenditure to 2008, Schedule C expense - Schedule E amortization from 2009 (accrual switch); net = gross - Schedule E sales and user charges; population StatCan 17-10-0155 July 1 estimates, 2021 boundaries; 2025 board membership applied to all years"
calgary,member,cochrane,ring,police,2023,6083396,0,6083396,36327,167.46,167.46,,"nominal dollars; gross operating cost = FIR Schedule C operating expenditure to 2008, Schedule C expense - Schedule E amortization from 2009 (accrual switch); net = gross - Schedule E sales and user charges; population StatCan 17-10-0155 July 1 estimates, 2021 boundaries; 2025 board membership applied to all years"
calgary,member,cochrane,ring,police,2024,5476628,0,5476628,38100,143.74,143.74,,"nominal dollars; gross operating cost = FIR Schedule C operating expenditure to 2008, Schedule C expense - Schedule E amortization from 2009 (accrual switch); net = gross - Schedule E sales and user charges; population StatCan 17-10-0155 July 1 estimates, 2021 boundaries; 2025 board membership applied to all years"
calgary,member,cochrane,ring,police,2025,5057489,0,5057489,39397,128.37,128.37,,"nominal dollars; gross operating cost = FIR Schedule C operating expenditure to 2008, Schedule C expense - Schedule E amortization from 2009 (accrual switch); net = gross - Schedule E sales and user charges; population StatCan 17-10-0155 July 1 estimates, 2021 boundaries; 2025 board membership applied to all years"
calgary,member,cochrane,ring,transit,2001,0,0,0,12344,0.0,0.0,,"nominal dollars; gross operating cost = FIR Schedule C operating expenditure to 2008, Schedule C expense - Schedule E amortization from 2009 (accrual switch); net = gross - Schedule E sales and user charges; population StatCan 17-10-0155 July 1 estimates, 2021 boundaries; 2025 board membership applied to all years"
calgary,member,cochrane,ring,transit,2002,0,0,0,12738,0.0,0.0,,"nominal dollars; gross operating cost = FIR Schedule C operating expenditure to 2008, Schedule C expense - Schedule E amortization from 2009 (accrual switch); net = gross - Schedule E sales and user charges; population StatCan 17-10-0155 July 1 estimates, 2021 boundaries; 2025 board membership applied to all years"
calgary,member,cochrane,ring,transit,2003,0,0,0,13027,0.0,0.0,,"nominal dollars; gross operating cost = FIR Schedule C operating expenditure to 2008, Schedule C expense - Schedule E amortization from 2009 (accrual switch); net = gross - Schedule E sales and user charges; population StatCan 17-10-0155 July 1 estimates, 2021 boundaries; 2025 board membership applied to all years"
calgary,member,cochrane,ring,transit,2004,0,0,0,13330,0.0,0.0,,"nominal dollars; gross operating cost = FIR Schedule C operating expenditure to 2008, Schedule C expense - Schedule E amortization from 2009 (accrual switch); net = gross - Schedule E sales and user charges; population StatCan 17-10-0155 July 1 estimates, 2021 boundaries; 2025 board membership applied to all years"
calgary,member,cochrane,ring,transit,2005,0,0,0,13765,0.0,0.0,,"nominal dollars; gross operating cost = FIR Schedule C operating expenditure to 2008, Schedule C expense - Schedule E amortization from 2009 (accrual switch); net = gross - Schedule E sales and user charges; population StatCan 17-10-0155 July 1 estimates, 2021 boundaries; 2025 board membership applied to all years"
calgary,member,cochrane,ring,transit,2006,0,0,0,14230,0.0,0.0,,"nominal dollars; gross operating cost = FIR Schedule C operating expenditure to 2008, Schedule C expense - Schedule E amortization from 2009 (accrual switch); net = gross - Schedule E sales and user charges; population StatCan 17-10-0155 July 1 estimates, 2021 boundaries; 2025 board membership applied to all years"
calgary,member,cochrane,ring,transit,2007,0,0,0,14723,0.0,0.0,,"nominal dollars; gross operating cost = FIR Schedule C operating expenditure to 2008, Schedule C expense - Schedule E amortization from 2009 (accrual switch); net = gross - Schedule E sales and user charges; population StatCan 17-10-0155 July 1 estimates, 2021 boundaries; 2025 board membership applied to all years"
calgary,member,cochrane,ring,transit,2008,0,0,0,15336,0.0,0.0,,"nominal dollars; gross operating cost = FIR Schedule C operating expenditure to 2008, Schedule C expense - Schedule E amortization from 2009 (accrual switch); net = gross - Schedule E sales and user charges; population StatCan 17-10-0155 July 1 estimates, 2021 boundaries; 2025 board membership applied to all years"
calgary,member,cochrane,ring,transit,2009,0,0,0,16224,0.0,0.0,,"nominal dollars; gross operating cost = FIR Schedule C operating expenditure to 2008, Schedule C expense - Schedule E amortization from 2009 (accrual switch); net = gross - Schedule E sales and user charges; population StatCan 17-10-0155 July 1 estimates, 2021 boundaries; 2025 board membership applied to all years"
calgary,member,cochrane,ring,transit,2010,0,0,0,17284,0.0,0.0,,"nominal dollars; gross operating cost = FIR Schedule C operating expenditure to 2008, Schedule C expense - Schedule E amortization from 2009 (accrual switch); net = gross - Schedule E sales and user charges; population StatCan 17-10-0155 July 1 estimates, 2021 boundaries; 2025 board membership applied to all years"
calgary,member,cochrane,ring,transit,2011,0,0,0,18300,0.0,0.0,,"nominal dollars; gross operating cost = FIR Schedule C operating expenditure to 2008, Schedule C expense - Schedule E amortization from 2009 (accrual switch); net = gross - Schedule E sales and user charges; population StatCan 17-10-0155 July 1 estimates, 2021 boundaries; 2025 board membership applied to all years"
calgary,member,cochrane,ring,transit,2012,0,0,0,19412,0.0,0.0,,"nominal dollars; gross operating cost = FIR Schedule C operating expenditure to 2008, Schedule C expense - Schedule E amortization from 2009 (accrual switch); net = gross - Schedule E sales and user charges; population StatCan 17-10-0155 July 1 estimates, 2021 boundaries; 2025 board membership applied to all years"
calgary,member,cochrane,ring,transit,2013,0,0,0,20815,0.0,0.0,,"nominal dollars; gross operating cost = FIR Schedule C operating expenditure to 2008, Schedule C expense - Schedule E amortization from 2009 (accrual switch); net = gross - Schedule E sales and user charges; population StatCan 17-10-0155 July 1 estimates, 2021 boundaries; 2025 board membership applied to all years"
calgary,member,cochrane,ring,transit,2014,0,0,0,22716,0.0,0.0,,"nominal dollars; gross operating cost = FIR Schedule C operating expenditure to 2008, Schedule C expense - Schedule E amortization from 2009 (accrual switch); net = gross - Schedule E sales and user charges; population StatCan 17-10-0155 July 1 estimates, 2021 boundaries; 2025 board membership applied to all years"
calgary,member,cochrane,ring,transit,2015,0,0,0,24762,0.0,0.0,,"nominal dollars; gross operating cost = FIR Schedule C operating expenditure to 2008, Schedule C expense - Schedule E amortization from 2009 (accrual switch); net = gross - Schedule E sales and user charges; population StatCan 17-10-0155 July 1 estimates, 2021 boundaries; 2025 board membership applied to all years"
calgary,member,cochrane,ring,transit,2016,0,0,0,26860,0.0,0.0,,"nominal dollars; gross operating cost = FIR Schedule C operating expenditure to 2008, Schedule C expense - Schedule E amortization from 2009 (accrual switch); net = gross - Schedule E sales and user charges; population StatCan 17-10-0155 July 1 estimates, 2021 boundaries; 2025 board membership applied to all years"
calgary,member,cochrane,ring,transit,2017,250290,0,250290,28237,8.86,8.86,,"nominal dollars; gross operating cost = FIR Schedule C operating expenditure to 2008, Schedule C expense - Schedule E amortization from 2009 (accrual switch); net = gross - Schedule E sales and user charges; population StatCan 17-10-0155 July 1 estimates, 2021 boundaries; 2025 board membership applied to all years"
calgary,member,cochrane,ring,transit,2018,363841,0,363841,29694,12.25,12.25,,"nominal dollars; gross operating cost = FIR Schedule C operating expenditure to 2008, Schedule C expense - Schedule E amortization from 2009 (accrual switch); net = gross - Schedule E sales and user charges; population StatCan 17-10-0155 July 1 estimates, 2021 boundaries; 2025 board membership applied to all years"
calgary,member,cochrane,ring,transit,2019,450850,5081,445769,31013,14.54,14.37,,"nominal dollars; gross operating cost = FIR Schedule C operating expenditure to 2008, Schedule C expense - Schedule E amortization from 2009 (accrual switch); net = gross - Schedule E sales and user charges; population StatCan 17-10-0155 July 1 estimates, 2021 boundaries; 2025 board membership applied to all years"
calgary,member,cochrane,ring,transit,2020,899359,34174,865185,32087,28.03,26.96,,"nominal dollars; gross operating cost = FIR Schedule C operating expenditure to 2008, Schedule C expense - Schedule E amortization from 2009 (accrual switch); net = gross - Schedule E sales and user charges; population StatCan 17-10-0155 July 1 estimates, 2021 boundaries; 2025 board membership applied to all years"
calgary,member,cochrane,ring,transit,2021,868671,80256,788415,33295,26.09,23.68,,"nominal dollars; gross operating cost = FIR Schedule C operating expenditure to 2008, Schedule C expense - Schedule E amortization from 2009 (accrual switch); net = gross - Schedule E sales and user charges; population StatCan 17-10-0155 July 1 estimates, 2021 boundaries; 2025 board membership applied to all years"
calgary,member,cochrane,ring,transit,2022,0,0,0,34720,0.0,0.0,,"nominal dollars; gross operating cost = FIR Schedule C operating expenditure to 2008, Schedule C expense - Schedule E amortization from 2009 (accrual switch); net = gross - Schedule E sales and user charges; population StatCan 17-10-0155 July 1 estimates, 2021 boundaries; 2025 board membership applied to all years"
calgary,member,cochrane,ring,transit,2023,0,0,0,36327,0.0,0.0,,"nominal dollars; gross operating cost = FIR Schedule C operating expenditure to 2008, Schedule C expense - Schedule E amortization from 2009 (accrual switch); net = gross - Schedule E sales and user charges; population StatCan 17-10-0155 July 1 estimates, 2021 boundaries; 2025 board membership applied to all years"
calgary,member,cochrane,ring,transit,2024,-1677,0,-1677,38100,-0.04,-0.04,,"nominal dollars; gross operating cost = FIR Schedule C operating expenditure to 2008, Schedule C expense - Schedule E amortization from 2009 (accrual switch); net = gross - Schedule E sales and user charges; population StatCan 17-10-0155 July 1 estimates, 2021 boundaries; 2025 board membership applied to all years; negative gross kept as printed (amortization above expense): cochrane -1,677"
calgary,member,cochrane,ring,transit,2025,-3354,0,-3354,39397,-0.09,-0.09,,"nominal dollars; gross operating cost = FIR Schedule C operating expenditure to 2008, Schedule C expense - Schedule E amortization from 2009 (accrual switch); net = gross - Schedule E sales and user charges; population StatCan 17-10-0155 July 1 estimates, 2021 boundaries; 2025 board membership applied to all years; negative gross kept as printed (amortization above expense): cochrane -3,354"
calgary,member,cochrane,ring,fcss,2001,436037,14247,421790,12344,35.32,34.17,,"nominal dollars; gross operating cost = FIR Schedule C operating expenditure to 2008, Schedule C expense - Schedule E amortization from 2009 (accrual switch); net = gross - Schedule E sales and user charges; population StatCan 17-10-0155 July 1 estimates, 2021 boundaries; 2025 board membership applied to all years"
calgary,member,cochrane,ring,fcss,2002,675426,20341,655085,12738,53.02,51.43,,"nominal dollars; gross operating cost = FIR Schedule C operating expenditure to 2008, Schedule C expense - Schedule E amortization from 2009 (accrual switch); net = gross - Schedule E sales and user charges; population StatCan 17-10-0155 July 1 estimates, 2021 boundaries; 2025 board membership applied to all years"
calgary,member,cochrane,ring,fcss,2003,782225,81465,700760,13027,60.05,53.79,,"nominal dollars; gross operating cost = FIR Schedule C operating expenditure to 2008, Schedule C expense - Schedule E amortization from 2009 (accrual switch); net = gross - Schedule E sales and user charges; population StatCan 17-10-0155 July 1 estimates, 2021 boundaries; 2025 board membership applied to all years"
calgary,member,cochrane,ring,fcss,2004,740521,13560,726961,13330,55.55,54.54,,"nominal dollars; gross operating cost = FIR Schedule C operating expenditure to 2008, Schedule C expense - Schedule E amortization from 2009 (accrual switch); net = gross - Schedule E sales and user charges; population StatCan 17-10-0155 July 1 estimates, 2021 boundaries; 2025 board membership applied to all years"
calgary,member,cochrane,ring,fcss,2005,744726,15309,729417,13765,54.1,52.99,,"nominal dollars; gross operating cost = FIR Schedule C operating expenditure to 2008, Schedule C expense - Schedule E amortization from 2009 (accrual switch); net = gross - Schedule E sales and user charges; population StatCan 17-10-0155 July 1 estimates, 2021 boundaries; 2025 board membership applied to all years"
calgary,member,cochrane,ring,fcss,2006,899057,8566,890491,14230,63.18,62.58,,"nominal dollars; gross operating cost = FIR Schedule C operating expenditure to 2008, Schedule C expense - Schedule E amortization from 2009 (accrual switch); net = gross - Schedule E sales and user charges; population StatCan 17-10-0155 July 1 estimates, 2021 boundaries; 2025 board membership applied to all years"
calgary,member,cochrane,ring,fcss,2007,882519,12360,870159,14723,59.94,59.1,,"nominal dollars; gross operating cost = FIR Schedule C operating expenditure to 2008, Schedule C expense - Schedule E amortization from 2009 (accrual switch); net = gross - Schedule E sales and user charges; population StatCan 17-10-0155 July 1 estimates, 2021 boundaries; 2025 board membership applied to all years"
calgary,member,cochrane,ring,fcss,2008,1194090,10862,1183228,15336,77.86,77.15,,"nominal dollars; gross operating cost = FIR Schedule C operating expenditure to 2008, Schedule C expense - Schedule E amortization from 2009 (accrual switch); net = gross - Schedule E sales and user charges; population StatCan 17-10-0155 July 1 estimates, 2021 boundaries; 2025 board membership applied to all years"
calgary,member,cochrane,ring,fcss,2009,1424901,15450,1409451,16224,87.83,86.87,,"nominal dollars; gross operating cost = FIR Schedule C operating expenditure to 2008, Schedule C expense - Schedule E amortization from 2009 (accrual switch); net = gross - Schedule E sales and user charges; population StatCan 17-10-0155 July 1 estimates, 2021 boundaries; 2025 board membership applied to all years"
calgary,member,cochrane,ring,fcss,2010,1438138,32651,1405487,17284,83.21,81.32,,"nominal dollars; gross operating cost = FIR Schedule C operating expenditure to 2008, Schedule C expense - Schedule E amortization from 2009 (accrual switch); net = gross - Schedule E sales and user charges; population StatCan 17-10-0155 July 1 estimates, 2021 boundaries; 2025 board membership applied to all years"
calgary,member,cochrane,ring,fcss,2011,2912985,16585,2896400,18300,159.18,158.27,,"nominal dollars; gross operating cost = FIR Schedule C operating expenditure to 2008, Schedule C expense - Schedule E amortization from 2009 (accrual switch); net = gross - Schedule E sales and user charges; population StatCan 17-10-0155 July 1 estimates, 2021 boundaries; 2025 board membership applied to all years"
calgary,member,cochrane,ring,fcss,2012,1852028,50225,1801803,19412,95.41,92.82,,"nominal dollars; gross operating cost = FIR Schedule C operating expenditure to 2008, Schedule C expense - Schedule E amortization from 2009 (accrual switch); net = gross - Schedule E sales and user charges; population StatCan 17-10-0155 July 1 estimates, 2021 boundaries; 2025 board membership applied to all years"
calgary,member,cochrane,ring,fcss,2013,1918008,100304,1817704,20815,92.15,87.33,,"nominal dollars; gross operating cost = FIR Schedule C operating expenditure to 2008, Schedule C expense - Schedule E amortization from 2009 (accrual switch); net = gross - Schedule E sales and user charges; population StatCan 17-10-0155 July 1 estimates, 2021 boundaries; 2025 board membership applied to all years"
calgary,member,cochrane,ring,fcss,2014,1914693,76301,1838392,22716,84.29,80.93,,"nominal dollars; gross operating cost = FIR Schedule C operating expenditure to 2008, Schedule C expense - Schedule E amortization from 2009 (accrual switch); net = gross - Schedule E sales and user charges; population StatCan 17-10-0155 July 1 estimates, 2021 boundaries; 2025 board membership applied to all years"
calgary,member,cochrane,ring,fcss,2015,1881640,35565,1846075,24762,75.99,74.55,,"nominal dollars; gross operating cost = FIR Schedule C operating expenditure to 2008, Schedule C expense - Schedule E amortization from 2009 (accrual switch); net = gross - Schedule E sales and user charges; population StatCan 17-10-0155 July 1 estimates, 2021 boundaries; 2025 board membership applied to all years"
calgary,member,cochrane,ring,fcss,2016,2161584,30862,2130722,26860,80.48,79.33,,"nominal dollars; gross operating cost = FIR Schedule C operating expenditure to 2008, Schedule C expense - Schedule E amortization from 2009 (accrual switch); net = gross - Schedule E sales and user charges; population StatCan 17-10-0155 July 1 estimates, 2021 boundaries; 2025 board membership applied to all years"
calgary,member,cochrane,ring,fcss,2017,2325130,34010,2291120,28237,82.34,81.14,,"nominal dollars; gross operating cost = FIR Schedule C operating expenditure to 2008, Schedule C expense - Schedule E amortization from 2009 (accrual switch); net = gross - Schedule E sales and user charges; population StatCan 17-10-0155 July 1 estimates, 2021 boundaries; 2025 board membership applied to all years"
calgary,member,cochrane,ring,fcss,2018,2309004,33333,2275671,29694,77.76,76.64,,"nominal dollars; gross operating cost = FIR Schedule C operating expenditure to 2008, Schedule C expense - Schedule E amortization from 2009 (accrual switch); net = gross - Schedule E sales and user charges; population StatCan 17-10-0155 July 1 estimates, 2021 boundaries; 2025 board membership applied to all years"
calgary,member,cochrane,ring,fcss,2019,2317857,782770,1535087,31013,74.74,49.5,,"nominal dollars; gross operating cost = FIR Schedule C operating expenditure to 2008, Schedule C expense - Schedule E amortization from 2009 (accrual switch); net = gross - Schedule E sales and user charges; population StatCan 17-10-0155 July 1 estimates, 2021 boundaries; 2025 board membership applied to all years"
calgary,member,cochrane,ring,fcss,2020,2061650,10741,2050909,32087,64.25,63.92,,"nominal dollars; gross operating cost = FIR Schedule C operating expenditure to 2008, Schedule C expense - Schedule E amortization from 2009 (accrual switch); net = gross - Schedule E sales and user charges; population StatCan 17-10-0155 July 1 estimates, 2021 boundaries; 2025 board membership applied to all years"
calgary,member,cochrane,ring,fcss,2021,2184431,8193,2176238,33295,65.61,65.36,,"nominal dollars; gross operating cost = FIR Schedule C operating expenditure to 2008, Schedule C expense - Schedule E amortization from 2009 (accrual switch); net = gross - Schedule E sales and user charges; population StatCan 17-10-0155 July 1 estimates, 2021 boundaries; 2025 board membership applied to all years"
calgary,member,cochrane,ring,fcss,2022,0,10771,-10771,34720,0.0,-0.31,,"nominal dollars; gross operating cost = FIR Schedule C operating expenditure to 2008, Schedule C expense - Schedule E amortization from 2009 (accrual switch); net = gross - Schedule E sales and user charges; population StatCan 17-10-0155 July 1 estimates, 2021 boundaries; 2025 board membership applied to all years"
calgary,member,cochrane,ring,fcss,2023,551354,10545,540809,36327,15.18,14.89,,"nominal dollars; gross operating cost = FIR Schedule C operating expenditure to 2008, Schedule C expense - Schedule E amortization from 2009 (accrual switch); net = gross - Schedule E sales and user charges; population StatCan 17-10-0155 July 1 estimates, 2021 boundaries; 2025 board membership applied to all years"
calgary,member,cochrane,ring,fcss,2024,576603,17476,559127,38100,15.13,14.68,,"nominal dollars; gross operating cost = FIR Schedule C operating expenditure to 2008, Schedule C expense - Schedule E amortization from 2009 (accrual switch); net = gross - Schedule E sales and user charges; population StatCan 17-10-0155 July 1 estimates, 2021 boundaries; 2025 board membership applied to all years"
calgary,member,cochrane,ring,fcss,2025,962745,16688,946057,39397,24.44,24.01,,"nominal dollars; gross operating cost = FIR Schedule C operating expenditure to 2008, Schedule C expense - Schedule E amortization from 2009 (accrual switch); net = gross - Schedule E sales and user charges; population StatCan 17-10-0155 July 1 estimates, 2021 boundaries; 2025 board membership applied to all years"
calgary,member,cochrane,ring,housing,2009,0,0,0,16224,0.0,0.0,,"nominal dollars; gross operating cost = FIR Schedule C operating expenditure to 2008, Schedule C expense - Schedule E amortization from 2009 (accrual switch); net = gross - Schedule E sales and user charges; population StatCan 17-10-0155 July 1 estimates, 2021 boundaries; 2025 board membership applied to all years"
calgary,member,cochrane,ring,housing,2010,0,0,0,17284,0.0,0.0,,"nominal dollars; gross operating cost = FIR Schedule C operating expenditure to 2008, Schedule C expense - Schedule E amortization from 2009 (accrual switch); net = gross - Schedule E sales and user charges; population StatCan 17-10-0155 July 1 estimates, 2021 boundaries; 2025 board membership applied to all years"
calgary,member,cochrane,ring,housing,2011,0,0,0,18300,0.0,0.0,,"nominal dollars; gross operating cost = FIR Schedule C operating expenditure to 2008, Schedule C expense - Schedule E amortization from 2009 (accrual switch); net = gross - Schedule E sales and user charges; population StatCan 17-10-0155 July 1 estimates, 2021 boundaries; 2025 board membership applied to all years"
calgary,member,cochrane,ring,housing,2012,0,0,0,19412,0.0,0.0,,"nominal dollars; gross operating cost = FIR Schedule C operating expenditure to 2008, Schedule C expense - Schedule E amortization from 2009 (accrual switch); net = gross - Schedule E sales and user charges; population StatCan 17-10-0155 July 1 estimates, 2021 boundaries; 2025 board membership applied to all years"
calgary,member,cochrane,ring,housing,2013,0,0,0,20815,0.0,0.0,,"nominal dollars; gross operating cost = FIR Schedule C operating expenditure to 2008, Schedule C expense - Schedule E amortization from 2009 (accrual switch); net = gross - Schedule E sales and user charges; population StatCan 17-10-0155 July 1 estimates, 2021 boundaries; 2025 board membership applied to all years"
calgary,member,cochrane,ring,housing,2014,0,0,0,22716,0.0,0.0,,"nominal dollars; gross operating cost = FIR Schedule C operating expenditure to 2008, Schedule C expense - Schedule E amortization from 2009 (accrual switch); net = gross - Schedule E sales and user charges; population StatCan 17-10-0155 July 1 estimates, 2021 boundaries; 2025 board membership applied to all years"
calgary,member,cochrane,ring,housing,2015,0,0,0,24762,0.0,0.0,,"nominal dollars; gross operating cost = FIR Schedule C operating expenditure to 2008, Schedule C expense - Schedule E amortization from 2009 (accrual switch); net = gross - Schedule E sales and user charges; population StatCan 17-10-0155 July 1 estimates, 2021 boundaries; 2025 board membership applied to all years"
calgary,member,cochrane,ring,housing,2016,0,0,0,26860,0.0,0.0,,"nominal dollars; gross operating cost = FIR Schedule C operating expenditure to 2008, Schedule C expense - Schedule E amortization from 2009 (accrual switch); net = gross - Schedule E sales and user charges; population StatCan 17-10-0155 July 1 estimates, 2021 boundaries; 2025 board membership applied to all years"
calgary,member,cochrane,ring,housing,2017,0,0,0,28237,0.0,0.0,,"nominal dollars; gross operating cost = FIR Schedule C operating expenditure to 2008, Schedule C expense - Schedule E amortization from 2009 (accrual switch); net = gross - Schedule E sales and user charges; population StatCan 17-10-0155 July 1 estimates, 2021 boundaries; 2025 board membership applied to all years"
calgary,member,cochrane,ring,housing,2018,0,0,0,29694,0.0,0.0,,"nominal dollars; gross operating cost = FIR Schedule C operating expenditure to 2008, Schedule C expense - Schedule E amortization from 2009 (accrual switch); net = gross - Schedule E sales and user charges; population StatCan 17-10-0155 July 1 estimates, 2021 boundaries; 2025 board membership applied to all years"
calgary,member,cochrane,ring,housing,2019,0,0,0,31013,0.0,0.0,,"nominal dollars; gross operating cost = FIR Schedule C operating expenditure to 2008, Schedule C expense - Schedule E amortization from 2009 (accrual switch); net = gross - Schedule E sales and user charges; population StatCan 17-10-0155 July 1 estimates, 2021 boundaries; 2025 board membership applied to all years"
calgary,member,cochrane,ring,housing,2020,0,0,0,32087,0.0,0.0,,"nominal dollars; gross operating cost = FIR Schedule C operating expenditure to 2008, Schedule C expense - Schedule E amortization from 2009 (accrual switch); net = gross - Schedule E sales and user charges; population StatCan 17-10-0155 July 1 estimates, 2021 boundaries; 2025 board membership applied to all years"
calgary,member,cochrane,ring,housing,2021,0,0,0,33295,0.0,0.0,,"nominal dollars; gross operating cost = FIR Schedule C operating expenditure to 2008, Schedule C expense - Schedule E amortization from 2009 (accrual switch); net = gross - Schedule E sales and user charges; population StatCan 17-10-0155 July 1 estimates, 2021 boundaries; 2025 board membership applied to all years"
calgary,member,cochrane,ring,housing,2022,0,0,0,34720,0.0,0.0,,"nominal dollars; gross operating cost = FIR Schedule C operating expenditure to 2008, Schedule C expense - Schedule E amortization from 2009 (accrual switch); net = gross - Schedule E sales and user charges; population StatCan 17-10-0155 July 1 estimates, 2021 boundaries; 2025 board membership applied to all years"
calgary,member,cochrane,ring,housing,2023,0,0,0,36327,0.0,0.0,,"nominal dollars; gross operating cost = FIR Schedule C operating expenditure to 2008, Schedule C expense - Schedule E amortization from 2009 (accrual switch); net = gross - Schedule E sales and user charges; population StatCan 17-10-0155 July 1 estimates, 2021 boundaries; 2025 board membership applied to all years"
calgary,member,cochrane,ring,housing,2024,0,0,0,38100,0.0,0.0,,"nominal dollars; gross operating cost = FIR Schedule C operating expenditure to 2008, Schedule C expense - Schedule E amortization from 2009 (accrual switch); net = gross - Schedule E sales and user charges; population StatCan 17-10-0155 July 1 estimates, 2021 boundaries; 2025 board membership applied to all years"
calgary,member,cochrane,ring,housing,2025,0,0,0,39397,0.0,0.0,,"nominal dollars; gross operating cost = FIR Schedule C operating expenditure to 2008, Schedule C expense - Schedule E amortization from 2009 (accrual switch); net = gross - Schedule E sales and user charges; population StatCan 17-10-0155 July 1 estimates, 2021 boundaries; 2025 board membership applied to all years"
calgary,member,foothills,ring,police,2001,0,0,0,0,,,foothills,"nominal dollars; gross operating cost = FIR Schedule C operating expenditure to 2008, Schedule C expense - Schedule E amortization from 2009 (accrual switch); net = gross - Schedule E sales and user charges; population StatCan 17-10-0155 July 1 estimates, 2021 boundaries; 2025 board membership applied to all years"
calgary,member,foothills,ring,police,2002,0,0,0,0,,,foothills,"nominal dollars; gross operating cost = FIR Schedule C operating expenditure to 2008, Schedule C expense - Schedule E amortization from 2009 (accrual switch); net = gross - Schedule E sales and user charges; population StatCan 17-10-0155 July 1 estimates, 2021 boundaries; 2025 board membership applied to all years"
calgary,member,foothills,ring,police,2003,0,0,0,0,,,foothills,"nominal dollars; gross operating cost = FIR Schedule C operating expenditure to 2008, Schedule C expense - Schedule E amortization from 2009 (accrual switch); net = gross - Schedule E sales and user charges; population StatCan 17-10-0155 July 1 estimates, 2021 boundaries; 2025 board membership applied to all years"
calgary,member,foothills,ring,police,2004,0,0,0,0,,,foothills,"nominal dollars; gross operating cost = FIR Schedule C operating expenditure to 2008, Schedule C expense - Schedule E amortization from 2009 (accrual switch); net = gross - Schedule E sales and user charges; population StatCan 17-10-0155 July 1 estimates, 2021 boundaries; 2025 board membership applied to all years"
calgary,member,foothills,ring,police,2005,0,0,0,0,,,foothills,"nominal dollars; gross operating cost = FIR Schedule C operating expenditure to 2008, Schedule C expense - Schedule E amortization from 2009 (accrual switch); net = gross - Schedule E sales and user charges; population StatCan 17-10-0155 July 1 estimates, 2021 boundaries; 2025 board membership applied to all years"
calgary,member,foothills,ring,police,2006,0,0,0,0,,,foothills,"nominal dollars; gross operating cost = FIR Schedule C operating expenditure to 2008, Schedule C expense - Schedule E amortization from 2009 (accrual switch); net = gross - Schedule E sales and user charges; population StatCan 17-10-0155 July 1 estimates, 2021 boundaries; 2025 board membership applied to all years"
calgary,member,foothills,ring,police,2007,0,0,0,0,,,foothills,"nominal dollars; gross operating cost = FIR Schedule C operating expenditure to 2008, Schedule C expense - Schedule E amortization from 2009 (accrual switch); net = gross - Schedule E sales and user charges; population StatCan 17-10-0155 July 1 estimates, 2021 boundaries; 2025 board membership applied to all years"
calgary,member,foothills,ring,police,2008,0,0,0,0,,,foothills,"nominal dollars; gross operating cost = FIR Schedule C operating expenditure to 2008, Schedule C expense - Schedule E amortization from 2009 (accrual switch); net = gross - Schedule E sales and user charges; population StatCan 17-10-0155 July 1 estimates, 2021 boundaries; 2025 board membership applied to all years"
calgary,member,foothills,ring,police,2009,0,0,0,0,,,foothills,"nominal dollars; gross operating cost = FIR Schedule C operating expenditure to 2008, Schedule C expense - Schedule E amortization from 2009 (accrual switch); net = gross - Schedule E sales and user charges; population StatCan 17-10-0155 July 1 estimates, 2021 boundaries; 2025 board membership applied to all years"
calgary,member,foothills,ring,police,2010,0,0,0,0,,,foothills,"nominal dollars; gross operating cost = FIR Schedule C operating expenditure to 2008, Schedule C expense - Schedule E amortization from 2009 (accrual switch); net = gross - Schedule E sales and user charges; population StatCan 17-10-0155 July 1 estimates, 2021 boundaries; 2025 board membership applied to all years"
calgary,member,foothills,ring,police,2011,0,0,0,0,,,foothills,"nominal dollars; gross operating cost = FIR Schedule C operating expenditure to 2008, Schedule C expense - Schedule E amortization from 2009 (accrual switch); net = gross - Schedule E sales and user charges; population StatCan 17-10-0155 July 1 estimates, 2021 boundaries; 2025 board membership applied to all years"
calgary,member,foothills,ring,police,2012,0,0,0,0,,,foothills,"nominal dollars; gross operating cost = FIR Schedule C operating expenditure to 2008, Schedule C expense - Schedule E amortization from 2009 (accrual switch); net = gross - Schedule E sales and user charges; population StatCan 17-10-0155 July 1 estimates, 2021 boundaries; 2025 board membership applied to all years"
calgary,member,foothills,ring,police,2013,0,0,0,0,,,foothills,"nominal dollars; gross operating cost = FIR Schedule C operating expenditure to 2008, Schedule C expense - Schedule E amortization from 2009 (accrual switch); net = gross - Schedule E sales and user charges; population StatCan 17-10-0155 July 1 estimates, 2021 boundaries; 2025 board membership applied to all years"
calgary,member,foothills,ring,police,2014,0,0,0,0,,,foothills,"nominal dollars; gross operating cost = FIR Schedule C operating expenditure to 2008, Schedule C expense - Schedule E amortization from 2009 (accrual switch); net = gross - Schedule E sales and user charges; population StatCan 17-10-0155 July 1 estimates, 2021 boundaries; 2025 board membership applied to all years"
calgary,member,foothills,ring,police,2015,0,0,0,0,,,foothills,"nominal dollars; gross operating cost = FIR Schedule C operating expenditure to 2008, Schedule C expense - Schedule E amortization from 2009 (accrual switch); net = gross - Schedule E sales and user charges; population StatCan 17-10-0155 July 1 estimates, 2021 boundaries; 2025 board membership applied to all years"
calgary,member,foothills,ring,police,2016,0,0,0,0,,,foothills,"nominal dollars; gross operating cost = FIR Schedule C operating expenditure to 2008, Schedule C expense - Schedule E amortization from 2009 (accrual switch); net = gross - Schedule E sales and user charges; population StatCan 17-10-0155 July 1 estimates, 2021 boundaries; 2025 board membership applied to all years"
calgary,member,foothills,ring,police,2017,0,0,0,0,,,foothills,"nominal dollars; gross operating cost = FIR Schedule C operating expenditure to 2008, Schedule C expense - Schedule E amortization from 2009 (accrual switch); net = gross - Schedule E sales and user charges; population StatCan 17-10-0155 July 1 estimates, 2021 boundaries; 2025 board membership applied to all years"
calgary,member,foothills,ring,police,2018,0,0,0,0,,,foothills,"nominal dollars; gross operating cost = FIR Schedule C operating expenditure to 2008, Schedule C expense - Schedule E amortization from 2009 (accrual switch); net = gross - Schedule E sales and user charges; population StatCan 17-10-0155 July 1 estimates, 2021 boundaries; 2025 board membership applied to all years"
calgary,member,foothills,ring,police,2019,0,0,0,0,,,foothills,"nominal dollars; gross operating cost = FIR Schedule C operating expenditure to 2008, Schedule C expense - Schedule E amortization from 2009 (accrual switch); net = gross - Schedule E sales and user charges; population StatCan 17-10-0155 July 1 estimates, 2021 boundaries; 2025 board membership applied to all years"
calgary,member,foothills,ring,police,2020,0,0,0,0,,,foothills,"nominal dollars; gross operating cost = FIR Schedule C operating expenditure to 2008, Schedule C expense - Schedule E amortization from 2009 (accrual switch); net = gross - Schedule E sales and user charges; population StatCan 17-10-0155 July 1 estimates, 2021 boundaries; 2025 board membership applied to all years"
calgary,member,foothills,ring,police,2021,0,0,0,0,,,foothills,"nominal dollars; gross operating cost = FIR Schedule C operating expenditure to 2008, Schedule C expense - Schedule E amortization from 2009 (accrual switch); net = gross - Schedule E sales and user charges; population StatCan 17-10-0155 July 1 estimates, 2021 boundaries; 2025 board membership applied to all years"
calgary,member,foothills,ring,police,2022,0,0,0,0,,,foothills,"nominal dollars; gross operating cost = FIR Schedule C operating expenditure to 2008, Schedule C expense - Schedule E amortization from 2009 (accrual switch); net = gross - Schedule E sales and user charges; population StatCan 17-10-0155 July 1 estimates, 2021 boundaries; 2025 board membership applied to all years"
calgary,member,foothills,ring,police,2023,0,0,0,0,,,foothills,"nominal dollars; gross operating cost = FIR Schedule C operating expenditure to 2008, Schedule C expense - Schedule E amortization from 2009 (accrual switch); net = gross - Schedule E sales and user charges; population StatCan 17-10-0155 July 1 estimates, 2021 boundaries; 2025 board membership applied to all years"
calgary,member,foothills,ring,police,2024,0,0,0,0,,,foothills,"nominal dollars; gross operating cost = FIR Schedule C operating expenditure to 2008, Schedule C expense - Schedule E amortization from 2009 (accrual switch); net = gross - Schedule E sales and user charges; population StatCan 17-10-0155 July 1 estimates, 2021 boundaries; 2025 board membership applied to all years"
calgary,member,foothills,ring,police,2025,0,0,0,0,,,foothills,"nominal dollars; gross operating cost = FIR Schedule C operating expenditure to 2008, Schedule C expense - Schedule E amortization from 2009 (accrual switch); net = gross - Schedule E sales and user charges; population StatCan 17-10-0155 July 1 estimates, 2021 boundaries; 2025 board membership applied to all years"
calgary,member,foothills,ring,transit,2001,0,0,0,16864,0.0,0.0,,"nominal dollars; gross operating cost = FIR Schedule C operating expenditure to 2008, Schedule C expense - Schedule E amortization from 2009 (accrual switch); net = gross - Schedule E sales and user charges; population StatCan 17-10-0155 July 1 estimates, 2021 boundaries; 2025 board membership applied to all years"
calgary,member,foothills,ring,transit,2002,0,0,0,17558,0.0,0.0,,"nominal dollars; gross operating cost = FIR Schedule C operating expenditure to 2008, Schedule C expense - Schedule E amortization from 2009 (accrual switch); net = gross - Schedule E sales and user charges; population StatCan 17-10-0155 July 1 estimates, 2021 boundaries; 2025 board membership applied to all years"
calgary,member,foothills,ring,transit,2003,0,0,0,18116,0.0,0.0,,"nominal dollars; gross operating cost = FIR Schedule C operating expenditure to 2008, Schedule C expense - Schedule E amortization from 2009 (accrual switch); net = gross - Schedule E sales and user charges; population StatCan 17-10-0155 July 1 estimates, 2021 boundaries; 2025 board membership applied to all years"
calgary,member,foothills,ring,transit,2004,0,0,0,18701,0.0,0.0,,"nominal dollars; gross operating cost = FIR Schedule C operating expenditure to 2008, Schedule C expense - Schedule E amortization from 2009 (accrual switch); net = gross - Schedule E sales and user charges; population StatCan 17-10-0155 July 1 estimates, 2021 boundaries; 2025 board membership applied to all years"
calgary,member,foothills,ring,transit,2005,0,0,0,19436,0.0,0.0,,"nominal dollars; gross operating cost = FIR Schedule C operating expenditure to 2008, Schedule C expense - Schedule E amortization from 2009 (accrual switch); net = gross - Schedule E sales and user charges; population StatCan 17-10-0155 July 1 estimates, 2021 boundaries; 2025 board membership applied to all years"
calgary,member,foothills,ring,transit,2006,0,0,0,20180,0.0,0.0,,"nominal dollars; gross operating cost = FIR Schedule C operating expenditure to 2008, Schedule C expense - Schedule E amortization from 2009 (accrual switch); net = gross - Schedule E sales and user charges; population StatCan 17-10-0155 July 1 estimates, 2021 boundaries; 2025 board membership applied to all years"
calgary,member,foothills,ring,transit,2007,0,0,0,20692,0.0,0.0,,"nominal dollars; gross operating cost = FIR Schedule C operating expenditure to 2008, Schedule C expense - Schedule E amortization from 2009 (accrual switch); net = gross - Schedule E sales and user charges; population StatCan 17-10-0155 July 1 estimates, 2021 boundaries; 2025 board membership applied to all years"
calgary,member,foothills,ring,transit,2008,0,0,0,21133,0.0,0.0,,"nominal dollars; gross operating cost = FIR Schedule C operating expenditure to 2008, Schedule C expense - Schedule E amortization from 2009 (accrual switch); net = gross - Schedule E sales and user charges; population StatCan 17-10-0155 July 1 estimates, 2021 boundaries; 2025 board membership applied to all years"
calgary,member,foothills,ring,transit,2009,0,0,0,21549,0.0,0.0,,"nominal dollars; gross operating cost = FIR Schedule C operating expenditure to 2008, Schedule C expense - Schedule E amortization from 2009 (accrual switch); net = gross - Schedule E sales and user charges; population StatCan 17-10-0155 July 1 estimates, 2021 boundaries; 2025 board membership applied to all years"
calgary,member,foothills,ring,transit,2010,0,0,0,21963,0.0,0.0,,"nominal dollars; gross operating cost = FIR Schedule C operating expenditure to 2008, Schedule C expense - Schedule E amortization from 2009 (accrual switch); net = gross - Schedule E sales and user charges; population StatCan 17-10-0155 July 1 estimates, 2021 boundaries; 2025 board membership applied to all years"
calgary,member,foothills,ring,transit,2011,0,0,0,21683,0.0,0.0,,"nominal dollars; gross operating cost = FIR Schedule C operating expenditure to 2008, Schedule C expense - Schedule E amortization from 2009 (accrual switch); net = gross - Schedule E sales and user charges; population StatCan 17-10-0155 July 1 estimates, 2021 boundaries; 2025 board membership applied to all years"
calgary,member,foothills,ring,transit,2012,0,0,0,21993,0.0,0.0,,"nominal dollars; gross operating cost = FIR Schedule C operating expenditure to 2008, Schedule C expense - Schedule E amortization from 2009 (accrual switch); net = gross - Schedule E sales and user charges; population StatCan 17-10-0155 July 1 estimates, 2021 boundaries; 2025 board membership applied to all years"
calgary,member,foothills,ring,transit,2013,0,0,0,22466,0.0,0.0,,"nominal dollars; gross operating cost = FIR Schedule C operating expenditure to 2008, Schedule C expense - Schedule E amortization from 2009 (accrual switch); net = gross - Schedule E sales and user charges; population StatCan 17-10-0155 July 1 estimates, 2021 boundaries; 2025 board membership applied to all years"
calgary,member,foothills,ring,transit,2014,0,0,0,22614,0.0,0.0,,"nominal dollars; gross operating cost = FIR Schedule C operating expenditure to 2008, Schedule C expense - Schedule E amortization from 2009 (accrual switch); net = gross - Schedule E sales and user charges; population StatCan 17-10-0155 July 1 estimates, 2021 boundaries; 2025 board membership applied to all years"
calgary,member,foothills,ring,transit,2015,0,0,0,23256,0.0,0.0,,"nominal dollars; gross operating cost = FIR Schedule C operating expenditure to 2008, Schedule C expense - Schedule E amortization from 2009 (accrual switch); net = gross - Schedule E sales and user charges; population StatCan 17-10-0155 July 1 estimates, 2021 boundaries; 2025 board membership applied to all years"
calgary,member,foothills,ring,transit,2016,0,0,0,23049,0.0,0.0,,"nominal dollars; gross operating cost = FIR Schedule C operating expenditure to 2008, Schedule C expense - Schedule E amortization from 2009 (accrual switch); net = gross - Schedule E sales and user charges; population StatCan 17-10-0155 July 1 estimates, 2021 boundaries; 2025 board membership applied to all years"
calgary,member,foothills,ring,transit,2017,0,0,0,23329,0.0,0.0,,"nominal dollars; gross operating cost = FIR Schedule C operating expenditure to 2008, Schedule C expense - Schedule E amortization from 2009 (accrual switch); net = gross - Schedule E sales and user charges; population StatCan 17-10-0155 July 1 estimates, 2021 boundaries; 2025 board membership applied to all years"
calgary,member,foothills,ring,transit,2018,0,0,0,23568,0.0,0.0,,"nominal dollars; gross operating cost = FIR Schedule C operating expenditure to 2008, Schedule C expense - Schedule E amortization from 2009 (accrual switch); net = gross - Schedule E sales and user charges; population StatCan 17-10-0155 July 1 estimates, 2021 boundaries; 2025 board membership applied to all years"
calgary,member,foothills,ring,transit,2019,0,0,0,23745,0.0,0.0,,"nominal dollars; gross operating cost = FIR Schedule C operating expenditure to 2008, Schedule C expense - Schedule E amortization from 2009 (accrual switch); net = gross - Schedule E sales and user charges; population StatCan 17-10-0155 July 1 estimates, 2021 boundaries; 2025 board membership applied to all years"
calgary,member,foothills,ring,transit,2020,0,0,0,23713,0.0,0.0,,"nominal dollars; gross operating cost = FIR Schedule C operating expenditure to 2008, Schedule C expense - Schedule E amortization from 2009 (accrual switch); net = gross - Schedule E sales and user charges; population StatCan 17-10-0155 July 1 estimates, 2021 boundaries; 2025 board membership applied to all years"
calgary,member,foothills,ring,transit,2021,0,0,0,23851,0.0,0.0,,"nominal dollars; gross operating cost = FIR Schedule C operating expenditure to 2008, Schedule C expense - Schedule E amortization from 2009 (accrual switch); net = gross - Schedule E sales and user charges; population StatCan 17-10-0155 July 1 estimates, 2021 boundaries; 2025 board membership applied to all years"
calgary,member,foothills,ring,transit,2022,0,0,0,24122,0.0,0.0,,"nominal dollars; gross operating cost = FIR Schedule C operating expenditure to 2008, Schedule C expense - Schedule E amortization from 2009 (accrual switch); net = gross - Schedule E sales and user charges; population StatCan 17-10-0155 July 1 estimates, 2021 boundaries; 2025 board membership applied to all years"
calgary,member,foothills,ring,transit,2023,0,0,0,24568,0.0,0.0,,"nominal dollars; gross operating cost = FIR Schedule C operating expenditure to 2008, Schedule C expense - Schedule E amortization from 2009 (accrual switch); net = gross - Schedule E sales and user charges; population StatCan 17-10-0155 July 1 estimates, 2021 boundaries; 2025 board membership applied to all years"
calgary,member,foothills,ring,transit,2024,0,0,0,25212,0.0,0.0,,"nominal dollars; gross operating cost = FIR Schedule C operating expenditure to 2008, Schedule C expense - Schedule E amortization from 2009 (accrual switch); net = gross - Schedule E sales and user charges; population StatCan 17-10-0155 July 1 estimates, 2021 boundaries; 2025 board membership applied to all years"
calgary,member,foothills,ring,transit,2025,0,0,0,25789,0.0,0.0,,"nominal dollars; gross operating cost = FIR Schedule C operating expenditure to 2008, Schedule C expense - Schedule E amortization from 2009 (accrual switch); net = gross - Schedule E sales and user charges; population StatCan 17-10-0155 July 1 estimates, 2021 boundaries; 2025 board membership applied to all years"
calgary,member,foothills,ring,fcss,2001,181866,0,181866,16864,10.78,10.78,,"nominal dollars; gross operating cost = FIR Schedule C operating expenditure to 2008, Schedule C expense - Schedule E amortization from 2009 (accrual switch); net = gross - Schedule E sales and user charges; population StatCan 17-10-0155 July 1 estimates, 2021 boundaries; 2025 board membership applied to all years"
calgary,member,foothills,ring,fcss,2002,211841,0,211841,17558,12.07,12.07,,"nominal dollars; gross operating cost = FIR Schedule C operating expenditure to 2008, Schedule C expense - Schedule E amortization from 2009 (accrual switch); net = gross - Schedule E sales and user charges; population StatCan 17-10-0155 July 1 estimates, 2021 boundaries; 2025 board membership applied to all years"
calgary,member,foothills,ring,fcss,2003,246985,0,246985,18116,13.63,13.63,,"nominal dollars; gross operating cost = FIR Schedule C operating expenditure to 2008, Schedule C expense - Schedule E amortization from 2009 (accrual switch); net = gross - Schedule E sales and user charges; population StatCan 17-10-0155 July 1 estimates, 2021 boundaries; 2025 board membership applied to all years"
calgary,member,foothills,ring,fcss,2004,312153,0,312153,18701,16.69,16.69,,"nominal dollars; gross operating cost = FIR Schedule C operating expenditure to 2008, Schedule C expense - Schedule E amortization from 2009 (accrual switch); net = gross - Schedule E sales and user charges; population StatCan 17-10-0155 July 1 estimates, 2021 boundaries; 2025 board membership applied to all years"
calgary,member,foothills,ring,fcss,2005,295648,0,295648,19436,15.21,15.21,,"nominal dollars; gross operating cost = FIR Schedule C operating expenditure to 2008, Schedule C expense - Schedule E amortization from 2009 (accrual switch); net = gross - Schedule E sales and user charges; population StatCan 17-10-0155 July 1 estimates, 2021 boundaries; 2025 board membership applied to all years"
calgary,member,foothills,ring,fcss,2006,367869,0,367869,20180,18.23,18.23,,"nominal dollars; gross operating cost = FIR Schedule C operating expenditure to 2008, Schedule C expense - Schedule E amortization from 2009 (accrual switch); net = gross - Schedule E sales and user charges; population StatCan 17-10-0155 July 1 estimates, 2021 boundaries; 2025 board membership applied to all years"
calgary,member,foothills,ring,fcss,2007,358107,0,358107,20692,17.31,17.31,,"nominal dollars; gross operating cost = FIR Schedule C operating expenditure to 2008, Schedule C expense - Schedule E amortization from 2009 (accrual switch); net = gross - Schedule E sales and user charges; population StatCan 17-10-0155 July 1 estimates, 2021 boundaries; 2025 board membership applied to all years"
calgary,member,foothills,ring,fcss,2008,417577,0,417577,21133,19.76,19.76,,"nominal dollars; gross operating cost = FIR Schedule C operating expenditure to 2008, Schedule C expense - Schedule E amortization from 2009 (accrual switch); net = gross - Schedule E sales and user charges; population StatCan 17-10-0155 July 1 estimates, 2021 boundaries; 2025 board membership applied to all years"
calgary,member,foothills,ring,fcss,2009,380808,0,380808,21549,17.67,17.67,,"nominal dollars; gross operating cost = FIR Schedule C operating expenditure to 2008, Schedule C expense - Schedule E amortization from 2009 (accrual switch); net = gross - Schedule E sales and user charges; population StatCan 17-10-0155 July 1 estimates, 2021 boundaries; 2025 board membership applied to all years"
calgary,member,foothills,ring,fcss,2010,396598,0,396598,21963,18.06,18.06,,"nominal dollars; gross operating cost = FIR Schedule C operating expenditure to 2008, Schedule C expense - Schedule E amortization from 2009 (accrual switch); net = gross - Schedule E sales and user charges; population StatCan 17-10-0155 July 1 estimates, 2021 boundaries; 2025 board membership applied to all years"
calgary,member,foothills,ring,fcss,2011,390568,0,390568,21683,18.01,18.01,,"nominal dollars; gross operating cost = FIR Schedule C operating expenditure to 2008, Schedule C expense - Schedule E amortization from 2009 (accrual switch); net = gross - Schedule E sales and user charges; population StatCan 17-10-0155 July 1 estimates, 2021 boundaries; 2025 board membership applied to all years"
calgary,member,foothills,ring,fcss,2012,418233,0,418233,21993,19.02,19.02,,"nominal dollars; gross operating cost = FIR Schedule C operating expenditure to 2008, Schedule C expense - Schedule E amortization from 2009 (accrual switch); net = gross - Schedule E sales and user charges; population StatCan 17-10-0155 July 1 estimates, 2021 boundaries; 2025 board membership applied to all years"
calgary,member,foothills,ring,fcss,2013,381529,0,381529,22466,16.98,16.98,,"nominal dollars; gross operating cost = FIR Schedule C operating expenditure to 2008, Schedule C expense - Schedule E amortization from 2009 (accrual switch); net = gross - Schedule E sales and user charges; population StatCan 17-10-0155 July 1 estimates, 2021 boundaries; 2025 board membership applied to all years"
calgary,member,foothills,ring,fcss,2014,471377,0,471377,22614,20.84,20.84,,"nominal dollars; gross operating cost = FIR Schedule C operating expenditure to 2008, Schedule C expense - Schedule E amortization from 2009 (accrual switch); net = gross - Schedule E sales and user charges; population StatCan 17-10-0155 July 1 estimates, 2021 boundaries; 2025 board membership applied to all years"
calgary,member,foothills,ring,fcss,2015,457357,0,457357,23256,19.67,19.67,,"nominal dollars; gross operating cost = FIR Schedule C operating expenditure to 2008, Schedule C expense - Schedule E amortization from 2009 (accrual switch); net = gross - Schedule E sales and user charges; population StatCan 17-10-0155 July 1 estimates, 2021 boundaries; 2025 board membership applied to all years"
calgary,member,foothills,ring,fcss,2016,527834,0,527834,23049,22.9,22.9,,"nominal dollars; gross operating cost = FIR Schedule C operating expenditure to 2008, Schedule C expense - Schedule E amortization from 2009 (accrual switch); net = gross - Schedule E sales and user charges; population StatCan 17-10-0155 July 1 estimates, 2021 boundaries; 2025 board membership applied to all years"
calgary,member,foothills,ring,fcss,2017,559051,0,559051,23329,23.96,23.96,,"nominal dollars; gross operating cost = FIR Schedule C operating expenditure to 2008, Schedule C expense - Schedule E amortization from 2009 (accrual switch); net = gross - Schedule E sales and user charges; population StatCan 17-10-0155 July 1 estimates, 2021 boundaries; 2025 board membership applied to all years"
calgary,member,foothills,ring,fcss,2018,553927,0,553927,23568,23.5,23.5,,"nominal dollars; gross operating cost = FIR Schedule C operating expenditure to 2008, Schedule C expense - Schedule E amortization from 2009 (accrual switch); net = gross - Schedule E sales and user charges; population StatCan 17-10-0155 July 1 estimates, 2021 boundaries; 2025 board membership applied to all years"
calgary,member,foothills,ring,fcss,2019,572474,0,572474,23745,24.11,24.11,,"nominal dollars; gross operating cost = FIR Schedule C operating expenditure to 2008, Schedule C expense - Schedule E amortization from 2009 (accrual switch); net = gross - Schedule E sales and user charges; population StatCan 17-10-0155 July 1 estimates, 2021 boundaries; 2025 board membership applied to all years"
calgary,member,foothills,ring,fcss,2020,558857,0,558857,23713,23.57,23.57,,"nominal dollars; gross operating cost = FIR Schedule C operating expenditure to 2008, Schedule C expense - Schedule E amortization from 2009 (accrual switch); net = gross - Schedule E sales and user charges; population StatCan 17-10-0155 July 1 estimates, 2021 boundaries; 2025 board membership applied to all years"
calgary,member,foothills,ring,fcss,2021,532474,0,532474,23851,22.33,22.33,,"nominal dollars; gross operating cost = FIR Schedule C operating expenditure to 2008, Schedule C expense - Schedule E amortization from 2009 (accrual switch); net = gross - Schedule E sales and user charges; population StatCan 17-10-0155 July 1 estimates, 2021 boundaries; 2025 board membership applied to all years"
calgary,member,foothills,ring,fcss,2022,567868,0,567868,24122,23.54,23.54,,"nominal dollars; gross operating cost = FIR Schedule C operating expenditure to 2008, Schedule C expense - Schedule E amortization from 2009 (accrual switch); net = gross - Schedule E sales and user charges; population StatCan 17-10-0155 July 1 estimates, 2021 boundaries; 2025 board membership applied to all years"
calgary,member,foothills,ring,fcss,2023,619254,0,619254,24568,25.21,25.21,,"nominal dollars; gross operating cost = FIR Schedule C operating expenditure to 2008, Schedule C expense - Schedule E amortization from 2009 (accrual switch); net = gross - Schedule E sales and user charges; population StatCan 17-10-0155 July 1 estimates, 2021 boundaries; 2025 board membership applied to all years"
calgary,member,foothills,ring,fcss,2024,668070,0,668070,25212,26.5,26.5,,"nominal dollars; gross operating cost = FIR Schedule C operating expenditure to 2008, Schedule C expense - Schedule E amortization from 2009 (accrual switch); net = gross - Schedule E sales and user charges; population StatCan 17-10-0155 July 1 estimates, 2021 boundaries; 2025 board membership applied to all years"
calgary,member,foothills,ring,fcss,2025,752109,0,752109,25789,29.16,29.16,,"nominal dollars; gross operating cost = FIR Schedule C operating expenditure to 2008, Schedule C expense - Schedule E amortization from 2009 (accrual switch); net = gross - Schedule E sales and user charges; population StatCan 17-10-0155 July 1 estimates, 2021 boundaries; 2025 board membership applied to all years"
calgary,member,foothills,ring,housing,2009,0,0,0,21549,0.0,0.0,,"nominal dollars; gross operating cost = FIR Schedule C operating expenditure to 2008, Schedule C expense - Schedule E amortization from 2009 (accrual switch); net = gross - Schedule E sales and user charges; population StatCan 17-10-0155 July 1 estimates, 2021 boundaries; 2025 board membership applied to all years"
calgary,member,foothills,ring,housing,2010,0,0,0,21963,0.0,0.0,,"nominal dollars; gross operating cost = FIR Schedule C operating expenditure to 2008, Schedule C expense - Schedule E amortization from 2009 (accrual switch); net = gross - Schedule E sales and user charges; population StatCan 17-10-0155 July 1 estimates, 2021 boundaries; 2025 board membership applied to all years"
calgary,member,foothills,ring,housing,2011,0,0,0,21683,0.0,0.0,,"nominal dollars; gross operating cost = FIR Schedule C operating expenditure to 2008, Schedule C expense - Schedule E amortization from 2009 (accrual switch); net = gross - Schedule E sales and user charges; population StatCan 17-10-0155 July 1 estimates, 2021 boundaries; 2025 board membership applied to all years"
calgary,member,foothills,ring,housing,2012,0,0,0,21993,0.0,0.0,,"nominal dollars; gross operating cost = FIR Schedule C operating expenditure to 2008, Schedule C expense - Schedule E amortization from 2009 (accrual switch); net = gross - Schedule E sales and user charges; population StatCan 17-10-0155 July 1 estimates, 2021 boundaries; 2025 board membership applied to all years"
calgary,member,foothills,ring,housing,2013,0,0,0,22466,0.0,0.0,,"nominal dollars; gross operating cost = FIR Schedule C operating expenditure to 2008, Schedule C expense - Schedule E amortization from 2009 (accrual switch); net = gross - Schedule E sales and user charges; population StatCan 17-10-0155 July 1 estimates, 2021 boundaries; 2025 board membership applied to all years"
calgary,member,foothills,ring,housing,2014,0,0,0,22614,0.0,0.0,,"nominal dollars; gross operating cost = FIR Schedule C operating expenditure to 2008, Schedule C expense - Schedule E amortization from 2009 (accrual switch); net = gross - Schedule E sales and user charges; population StatCan 17-10-0155 July 1 estimates, 2021 boundaries; 2025 board membership applied to all years"
calgary,member,foothills,ring,housing,2015,0,0,0,23256,0.0,0.0,,"nominal dollars; gross operating cost = FIR Schedule C operating expenditure to 2008, Schedule C expense - Schedule E amortization from 2009 (accrual switch); net = gross - Schedule E sales and user charges; population StatCan 17-10-0155 July 1 estimates, 2021 boundaries; 2025 board membership applied to all years"
calgary,member,foothills,ring,housing,2016,0,0,0,23049,0.0,0.0,,"nominal dollars; gross operating cost = FIR Schedule C operating expenditure to 2008, Schedule C expense - Schedule E amortization from 2009 (accrual switch); net = gross - Schedule E sales and user charges; population StatCan 17-10-0155 July 1 estimates, 2021 boundaries; 2025 board membership applied to all years"
calgary,member,foothills,ring,housing,2017,0,0,0,23329,0.0,0.0,,"nominal dollars; gross operating cost = FIR Schedule C operating expenditure to 2008, Schedule C expense - Schedule E amortization from 2009 (accrual switch); net = gross - Schedule E sales and user charges; population StatCan 17-10-0155 July 1 estimates, 2021 boundaries; 2025 board membership applied to all years"
calgary,member,foothills,ring,housing,2018,0,0,0,23568,0.0,0.0,,"nominal dollars; gross operating cost = FIR Schedule C operating expenditure to 2008, Schedule C expense - Schedule E amortization from 2009 (accrual switch); net = gross - Schedule E sales and user charges; population StatCan 17-10-0155 July 1 estimates, 2021 boundaries; 2025 board membership applied to all years"
calgary,member,foothills,ring,housing,2019,0,0,0,23745,0.0,0.0,,"nominal dollars; gross operating cost = FIR Schedule C operating expenditure to 2008, Schedule C expense - Schedule E amortization from 2009 (accrual switch); net = gross - Schedule E sales and user charges; population StatCan 17-10-0155 July 1 estimates, 2021 boundaries; 2025 board membership applied to all years"
calgary,member,foothills,ring,housing,2020,0,0,0,23713,0.0,0.0,,"nominal dollars; gross operating cost = FIR Schedule C operating expenditure to 2008, Schedule C expense - Schedule E amortization from 2009 (accrual switch); net = gross - Schedule E sales and user charges; population StatCan 17-10-0155 July 1 estimates, 2021 boundaries; 2025 board membership applied to all years"
calgary,member,foothills,ring,housing,2021,0,0,0,23851,0.0,0.0,,"nominal dollars; gross operating cost = FIR Schedule C operating expenditure to 2008, Schedule C expense - Schedule E amortization from 2009 (accrual switch); net = gross - Schedule E sales and user charges; population StatCan 17-10-0155 July 1 estimates, 2021 boundaries; 2025 board membership applied to all years"
calgary,member,foothills,ring,housing,2022,0,0,0,24122,0.0,0.0,,"nominal dollars; gross operating cost = FIR Schedule C operating expenditure to 2008, Schedule C expense - Schedule E amortization from 2009 (accrual switch); net = gross - Schedule E sales and user charges; population StatCan 17-10-0155 July 1 estimates, 2021 boundaries; 2025 board membership applied to all years"
calgary,member,foothills,ring,housing,2023,0,0,0,24568,0.0,0.0,,"nominal dollars; gross operating cost = FIR Schedule C operating expenditure to 2008, Schedule C expense - Schedule E amortization from 2009 (accrual switch); net = gross - Schedule E sales and user charges; population StatCan 17-10-0155 July 1 estimates, 2021 boundaries; 2025 board membership applied to all years"
calgary,member,foothills,ring,housing,2024,0,0,0,25212,0.0,0.0,,"nominal dollars; gross operating cost = FIR Schedule C operating expenditure to 2008, Schedule C expense - Schedule E amortization from 2009 (accrual switch); net = gross - Schedule E sales and user charges; population StatCan 17-10-0155 July 1 estimates, 2021 boundaries; 2025 board membership applied to all years"
calgary,member,foothills,ring,housing,2025,0,0,0,25789,0.0,0.0,,"nominal dollars; gross operating cost = FIR Schedule C operating expenditure to 2008, Schedule C expense - Schedule E amortization from 2009 (accrual switch); net = gross - Schedule E sales and user charges; population StatCan 17-10-0155 July 1 estimates, 2021 boundaries; 2025 board membership applied to all years"
calgary,member,high_river,ring,police,2001,844374,9804,834570,9623,87.75,86.73,,"nominal dollars; gross operating cost = FIR Schedule C operating expenditure to 2008, Schedule C expense - Schedule E amortization from 2009 (accrual switch); net = gross - Schedule E sales and user charges; population StatCan 17-10-0155 July 1 estimates, 2021 boundaries; 2025 board membership applied to all years"
calgary,member,high_river,ring,police,2002,908642,8140,900502,9913,91.66,90.84,,"nominal dollars; gross operating cost = FIR Schedule C operating expenditure to 2008, Schedule C expense - Schedule E amortization from 2009 (accrual switch); net = gross - Schedule E sales and user charges; population StatCan 17-10-0155 July 1 estimates, 2021 boundaries; 2025 board membership applied to all years"
calgary,member,high_river,ring,police,2003,983255,8490,974765,10136,97.01,96.17,,"nominal dollars; gross operating cost = FIR Schedule C operating expenditure to 2008, Schedule C expense - Schedule E amortization from 2009 (accrual switch); net = gross - Schedule E sales and user charges; population StatCan 17-10-0155 July 1 estimates, 2021 boundaries; 2025 board membership applied to all years"
calgary,member,high_river,ring,police,2004,1152847,9108,1143739,10381,111.05,110.18,,"nominal dollars; gross operating cost = FIR Schedule C operating expenditure to 2008, Schedule C expense - Schedule E amortization from 2009 (accrual switch); net = gross - Schedule E sales and user charges; population StatCan 17-10-0155 July 1 estimates, 2021 boundaries; 2025 board membership applied to all years"
calgary,member,high_river,ring,police,2005,1065726,8100,1057626,10732,99.3,98.55,,"nominal dollars; gross operating cost = FIR Schedule C operating expenditure to 2008, Schedule C expense - Schedule E amortization from 2009 (accrual switch); net = gross - Schedule E sales and user charges; population StatCan 17-10-0155 July 1 estimates, 2021 boundaries; 2025 board membership applied to all years"
calgary,member,high_river,ring,police,2006,1157009,9720,1147289,11069,104.53,103.65,,"nominal dollars; gross operating cost = FIR Schedule C operating expenditure to 2008, Schedule C expense - Schedule E amortization from 2009 (accrual switch); net = gross - Schedule E sales and user charges; population StatCan 17-10-0155 July 1 estimates, 2021 boundaries; 2025 board membership applied to all years"
calgary,member,high_river,ring,police,2007,1250330,9580,1240750,11606,107.73,106.91,,"nominal dollars; gross operating cost = FIR Schedule C operating expenditure to 2008, Schedule C expense - Schedule E amortization from 2009 (accrual switch); net = gross - Schedule E sales and user charges; population StatCan 17-10-0155 July 1 estimates, 2021 boundaries; 2025 board membership applied to all years"
calgary,member,high_river,ring,police,2008,1481536,7920,1473616,12105,122.39,121.74,,"nominal dollars; gross operating cost = FIR Schedule C operating expenditure to 2008, Schedule C expense - Schedule E amortization from 2009 (accrual switch); net = gross - Schedule E sales and user charges; population StatCan 17-10-0155 July 1 estimates, 2021 boundaries; 2025 board membership applied to all years"
calgary,member,high_river,ring,police,2009,1749703,364783,1384920,12651,138.31,109.47,,"nominal dollars; gross operating cost = FIR Schedule C operating expenditure to 2008, Schedule C expense - Schedule E amortization from 2009 (accrual switch); net = gross - Schedule E sales and user charges; population StatCan 17-10-0155 July 1 estimates, 2021 boundaries; 2025 board membership applied to all years"
calgary,member,high_river,ring,police,2010,1718719,250698,1468021,13034,131.86,112.63,,"nominal dollars; gross operating cost = FIR Schedule C operating expenditure to 2008, Schedule C expense - Schedule E amortization from 2009 (accrual switch); net = gross - Schedule E sales and user charges; population StatCan 17-10-0155 July 1 estimates, 2021 boundaries; 2025 board membership applied to all years"
calgary,member,high_river,ring,police,2011,1875839,128280,1747559,13362,140.39,130.79,,"nominal dollars; gross operating cost = FIR Schedule C operating expenditure to 2008, Schedule C expense - Schedule E amortization from 2009 (accrual switch); net = gross - Schedule E sales and user charges; population StatCan 17-10-0155 July 1 estimates, 2021 boundaries; 2025 board membership applied to all years"
calgary,member,high_river,ring,police,2012,2072188,105151,1967037,13805,150.1,142.49,,"nominal dollars; gross operating cost = FIR Schedule C operating expenditure to 2008, Schedule C expense - Schedule E amortization from 2009 (accrual switch); net = gross - Schedule E sales and user charges; population StatCan 17-10-0155 July 1 estimates, 2021 boundaries; 2025 board membership applied to all years"
calgary,member,high_river,ring,police,2013,1879549,41804,1837745,13940,134.83,131.83,,"nominal dollars; gross operating cost = FIR Schedule C operating expenditure to 2008, Schedule C expense - Schedule E amortization from 2009 (accrual switch); net = gross - Schedule E sales and user charges; population StatCan 17-10-0155 July 1 estimates, 2021 boundaries; 2025 board membership applied to all years"
calgary,member,high_river,ring,police,2014,1669519,16950,1652569,13584,122.9,121.66,,"nominal dollars; gross operating cost = FIR Schedule C operating expenditure to 2008, Schedule C expense - Schedule E amortization from 2009 (accrual switch); net = gross - Schedule E sales and user charges; population StatCan 17-10-0155 July 1 estimates, 2021 boundaries; 2025 board membership applied to all years"
calgary,member,high_river,ring,police,2015,1980872,14650,1966222,13902,142.49,141.43,,"nominal dollars; gross operating cost = FIR Schedule C operating expenditure to 2008, Schedule C expense - Schedule E amortization from 2009 (accrual switch); net = gross - Schedule E sales and user charges; population StatCan 17-10-0155 July 1 estimates, 2021 boundaries; 2025 board membership applied to all years"
calgary,member,high_river,ring,police,2016,1955027,16875,1938152,13899,140.66,139.45,,"nominal dollars; gross operating cost = FIR Schedule C operating expenditure to 2008, Schedule C expense - Schedule E amortization from 2009 (accrual switch); net = gross - Schedule E sales and user charges; population StatCan 17-10-0155 July 1 estimates, 2021 boundaries; 2025 board membership applied to all years"
calgary,member,high_river,ring,police,2017,2180287,15201,2165086,13998,155.76,154.67,,"nominal dollars; gross operating cost = FIR Schedule C operating expenditure to 2008, Schedule C expense - Schedule E amortization from 2009 (accrual switch); net = gross - Schedule E sales and user charges; population StatCan 17-10-0155 July 1 estimates, 2021 boundaries; 2025 board membership applied to all years"
calgary,member,high_river,ring,police,2018,2066897,17800,2049097,14126,146.32,145.06,,"nominal dollars; gross operating cost = FIR Schedule C operating expenditure to 2008, Schedule C expense - Schedule E amortization from 2009 (accrual switch); net = gross - Schedule E sales and user charges; population StatCan 17-10-0155 July 1 estimates, 2021 boundaries; 2025 board membership applied to all years"
calgary,member,high_river,ring,police,2019,1965298,16675,1948623,14056,139.82,138.63,,"nominal dollars; gross operating cost = FIR Schedule C operating expenditure to 2008, Schedule C expense - Schedule E amortization from 2009 (accrual switch); net = gross - Schedule E sales and user charges; population StatCan 17-10-0155 July 1 estimates, 2021 boundaries; 2025 board membership applied to all years"
calgary,member,high_river,ring,police,2020,1983286,11155,1972131,14119,140.47,139.68,,"nominal dollars; gross operating cost = FIR Schedule C operating expenditure to 2008, Schedule C expense - Schedule E amortization from 2009 (accrual switch); net = gross - Schedule E sales and user charges; population StatCan 17-10-0155 July 1 estimates, 2021 boundaries; 2025 board membership applied to all years"
calgary,member,high_river,ring,police,2021,2231589,82550,2149039,14740,151.4,145.8,,"nominal dollars; gross operating cost = FIR Schedule C operating expenditure to 2008, Schedule C expense - Schedule E amortization from 2009 (accrual switch); net = gross - Schedule E sales and user charges; population StatCan 17-10-0155 July 1 estimates, 2021 boundaries; 2025 board membership applied to all years"
calgary,member,high_river,ring,police,2022,3246984,14480,3232504,15001,216.45,215.49,,"nominal dollars; gross operating cost = FIR Schedule C operating expenditure to 2008, Schedule C expense - Schedule E amortization from 2009 (accrual switch); net = gross - Schedule E sales and user charges; population StatCan 17-10-0155 July 1 estimates, 2021 boundaries; 2025 board membership applied to all years"
calgary,member,high_river,ring,police,2023,3265894,0,3265894,15279,213.75,213.75,,"nominal dollars; gross operating cost = FIR Schedule C operating expenditure to 2008, Schedule C expense - Schedule E amortization from 2009 (accrual switch); net = gross - Schedule E sales and user charges; population StatCan 17-10-0155 July 1 estimates, 2021 boundaries; 2025 board membership applied to all years"
calgary,member,high_river,ring,police,2024,2919546,0,2919546,15496,188.41,188.41,,"nominal dollars; gross operating cost = FIR Schedule C operating expenditure to 2008, Schedule C expense - Schedule E amortization from 2009 (accrual switch); net = gross - Schedule E sales and user charges; population StatCan 17-10-0155 July 1 estimates, 2021 boundaries; 2025 board membership applied to all years"
calgary,member,high_river,ring,police,2025,3142786,20400,3122386,15508,202.66,201.34,,"nominal dollars; gross operating cost = FIR Schedule C operating expenditure to 2008, Schedule C expense - Schedule E amortization from 2009 (accrual switch); net = gross - Schedule E sales and user charges; population StatCan 17-10-0155 July 1 estimates, 2021 boundaries; 2025 board membership applied to all years"
calgary,member,high_river,ring,transit,2001,0,0,0,9623,0.0,0.0,,"nominal dollars; gross operating cost = FIR Schedule C operating expenditure to 2008, Schedule C expense - Schedule E amortization from 2009 (accrual switch); net = gross - Schedule E sales and user charges; population StatCan 17-10-0155 July 1 estimates, 2021 boundaries; 2025 board membership applied to all years"
calgary,member,high_river,ring,transit,2002,0,0,0,9913,0.0,0.0,,"nominal dollars; gross operating cost = FIR Schedule C operating expenditure to 2008, Schedule C expense - Schedule E amortization from 2009 (accrual switch); net = gross - Schedule E sales and user charges; population StatCan 17-10-0155 July 1 estimates, 2021 boundaries; 2025 board membership applied to all years"
calgary,member,high_river,ring,transit,2003,0,0,0,10136,0.0,0.0,,"nominal dollars; gross operating cost = FIR Schedule C operating expenditure to 2008, Schedule C expense - Schedule E amortization from 2009 (accrual switch); net = gross - Schedule E sales and user charges; population StatCan 17-10-0155 July 1 estimates, 2021 boundaries; 2025 board membership applied to all years"
calgary,member,high_river,ring,transit,2004,0,0,0,10381,0.0,0.0,,"nominal dollars; gross operating cost = FIR Schedule C operating expenditure to 2008, Schedule C expense - Schedule E amortization from 2009 (accrual switch); net = gross - Schedule E sales and user charges; population StatCan 17-10-0155 July 1 estimates, 2021 boundaries; 2025 board membership applied to all years"
calgary,member,high_river,ring,transit,2005,0,0,0,10732,0.0,0.0,,"nominal dollars; gross operating cost = FIR Schedule C operating expenditure to 2008, Schedule C expense - Schedule E amortization from 2009 (accrual switch); net = gross - Schedule E sales and user charges; population StatCan 17-10-0155 July 1 estimates, 2021 boundaries; 2025 board membership applied to all years"
calgary,member,high_river,ring,transit,2006,0,0,0,11069,0.0,0.0,,"nominal dollars; gross operating cost = FIR Schedule C operating expenditure to 2008, Schedule C expense - Schedule E amortization from 2009 (accrual switch); net = gross - Schedule E sales and user charges; population StatCan 17-10-0155 July 1 estimates, 2021 boundaries; 2025 board membership applied to all years"
calgary,member,high_river,ring,transit,2007,0,0,0,11606,0.0,0.0,,"nominal dollars; gross operating cost = FIR Schedule C operating expenditure to 2008, Schedule C expense - Schedule E amortization from 2009 (accrual switch); net = gross - Schedule E sales and user charges; population StatCan 17-10-0155 July 1 estimates, 2021 boundaries; 2025 board membership applied to all years"
calgary,member,high_river,ring,transit,2008,0,0,0,12105,0.0,0.0,,"nominal dollars; gross operating cost = FIR Schedule C operating expenditure to 2008, Schedule C expense - Schedule E amortization from 2009 (accrual switch); net = gross - Schedule E sales and user charges; population StatCan 17-10-0155 July 1 estimates, 2021 boundaries; 2025 board membership applied to all years"
calgary,member,high_river,ring,transit,2009,0,138587,-138587,12651,0.0,-10.95,,"nominal dollars; gross operating cost = FIR Schedule C operating expenditure to 2008, Schedule C expense - Schedule E amortization from 2009 (accrual switch); net = gross - Schedule E sales and user charges; population StatCan 17-10-0155 July 1 estimates, 2021 boundaries; 2025 board membership applied to all years"
calgary,member,high_river,ring,transit,2010,0,0,0,13034,0.0,0.0,,"nominal dollars; gross operating cost = FIR Schedule C operating expenditure to 2008, Schedule C expense - Schedule E amortization from 2009 (accrual switch); net = gross - Schedule E sales and user charges; population StatCan 17-10-0155 July 1 estimates, 2021 boundaries; 2025 board membership applied to all years"
calgary,member,high_river,ring,transit,2011,0,0,0,13362,0.0,0.0,,"nominal dollars; gross operating cost = FIR Schedule C operating expenditure to 2008, Schedule C expense - Schedule E amortization from 2009 (accrual switch); net = gross - Schedule E sales and user charges; population StatCan 17-10-0155 July 1 estimates, 2021 boundaries; 2025 board membership applied to all years"
calgary,member,high_river,ring,transit,2012,0,0,0,13805,0.0,0.0,,"nominal dollars; gross operating cost = FIR Schedule C operating expenditure to 2008, Schedule C expense - Schedule E amortization from 2009 (accrual switch); net = gross - Schedule E sales and user charges; population StatCan 17-10-0155 July 1 estimates, 2021 boundaries; 2025 board membership applied to all years"
calgary,member,high_river,ring,transit,2013,0,0,0,13940,0.0,0.0,,"nominal dollars; gross operating cost = FIR Schedule C operating expenditure to 2008, Schedule C expense - Schedule E amortization from 2009 (accrual switch); net = gross - Schedule E sales and user charges; population StatCan 17-10-0155 July 1 estimates, 2021 boundaries; 2025 board membership applied to all years"
calgary,member,high_river,ring,transit,2014,0,0,0,13584,0.0,0.0,,"nominal dollars; gross operating cost = FIR Schedule C operating expenditure to 2008, Schedule C expense - Schedule E amortization from 2009 (accrual switch); net = gross - Schedule E sales and user charges; population StatCan 17-10-0155 July 1 estimates, 2021 boundaries; 2025 board membership applied to all years"
calgary,member,high_river,ring,transit,2015,0,0,0,13902,0.0,0.0,,"nominal dollars; gross operating cost = FIR Schedule C operating expenditure to 2008, Schedule C expense - Schedule E amortization from 2009 (accrual switch); net = gross - Schedule E sales and user charges; population StatCan 17-10-0155 July 1 estimates, 2021 boundaries; 2025 board membership applied to all years"
calgary,member,high_river,ring,transit,2016,0,0,0,13899,0.0,0.0,,"nominal dollars; gross operating cost = FIR Schedule C operating expenditure to 2008, Schedule C expense - Schedule E amortization from 2009 (accrual switch); net = gross - Schedule E sales and user charges; population StatCan 17-10-0155 July 1 estimates, 2021 boundaries; 2025 board membership applied to all years"
calgary,member,high_river,ring,transit,2017,0,0,0,13998,0.0,0.0,,"nominal dollars; gross operating cost = FIR Schedule C operating expenditure to 2008, Schedule C expense - Schedule E amortization from 2009 (accrual switch); net = gross - Schedule E sales and user charges; population StatCan 17-10-0155 July 1 estimates, 2021 boundaries; 2025 board membership applied to all years"
calgary,member,high_river,ring,transit,2018,0,0,0,14126,0.0,0.0,,"nominal dollars; gross operating cost = FIR Schedule C operating expenditure to 2008, Schedule C expense - Schedule E amortization from 2009 (accrual switch); net = gross - Schedule E sales and user charges; population StatCan 17-10-0155 July 1 estimates, 2021 boundaries; 2025 board membership applied to all years"
calgary,member,high_river,ring,transit,2019,0,0,0,14056,0.0,0.0,,"nominal dollars; gross operating cost = FIR Schedule C operating expenditure to 2008, Schedule C expense - Schedule E amortization from 2009 (accrual switch); net = gross - Schedule E sales and user charges; population StatCan 17-10-0155 July 1 estimates, 2021 boundaries; 2025 board membership applied to all years"
calgary,member,high_river,ring,transit,2020,0,0,0,14119,0.0,0.0,,"nominal dollars; gross operating cost = FIR Schedule C operating expenditure to 2008, Schedule C expense - Schedule E amortization from 2009 (accrual switch); net = gross - Schedule E sales and user charges; population StatCan 17-10-0155 July 1 estimates, 2021 boundaries; 2025 board membership applied to all years"
calgary,member,high_river,ring,transit,2021,0,0,0,14740,0.0,0.0,,"nominal dollars; gross operating cost = FIR Schedule C operating expenditure to 2008, Schedule C expense - Schedule E amortization from 2009 (accrual switch); net = gross - Schedule E sales and user charges; population StatCan 17-10-0155 July 1 estimates, 2021 boundaries; 2025 board membership applied to all years"
calgary,member,high_river,ring,transit,2022,0,0,0,15001,0.0,0.0,,"nominal dollars; gross operating cost = FIR Schedule C operating expenditure to 2008, Schedule C expense - Schedule E amortization from 2009 (accrual switch); net = gross - Schedule E sales and user charges; population StatCan 17-10-0155 July 1 estimates, 2021 boundaries; 2025 board membership applied to all years"
calgary,member,high_river,ring,transit,2023,0,0,0,15279,0.0,0.0,,"nominal dollars; gross operating cost = FIR Schedule C operating expenditure to 2008, Schedule C expense - Schedule E amortization from 2009 (accrual switch); net = gross - Schedule E sales and user charges; population StatCan 17-10-0155 July 1 estimates, 2021 boundaries; 2025 board membership applied to all years"
calgary,member,high_river,ring,transit,2024,0,0,0,15496,0.0,0.0,,"nominal dollars; gross operating cost = FIR Schedule C operating expenditure to 2008, Schedule C expense - Schedule E amortization from 2009 (accrual switch); net = gross - Schedule E sales and user charges; population StatCan 17-10-0155 July 1 estimates, 2021 boundaries; 2025 board membership applied to all years"
calgary,member,high_river,ring,transit,2025,0,0,0,15508,0.0,0.0,,"nominal dollars; gross operating cost = FIR Schedule C operating expenditure to 2008, Schedule C expense - Schedule E amortization from 2009 (accrual switch); net = gross - Schedule E sales and user charges; population StatCan 17-10-0155 July 1 estimates, 2021 boundaries; 2025 board membership applied to all years"
calgary,member,high_river,ring,fcss,2001,167683,3059,164624,9623,17.43,17.11,,"nominal dollars; gross operating cost = FIR Schedule C operating expenditure to 2008, Schedule C expense - Schedule E amortization from 2009 (accrual switch); net = gross - Schedule E sales and user charges; population StatCan 17-10-0155 July 1 estimates, 2021 boundaries; 2025 board membership applied to all years"
calgary,member,high_river,ring,fcss,2002,200950,2030,198920,9913,20.27,20.07,,"nominal dollars; gross operating cost = FIR Schedule C operating expenditure to 2008, Schedule C expense - Schedule E amortization from 2009 (accrual switch); net = gross - Schedule E sales and user charges; population StatCan 17-10-0155 July 1 estimates, 2021 boundaries; 2025 board membership applied to all years"
calgary,member,high_river,ring,fcss,2003,221345,3498,217847,10136,21.84,21.49,,"nominal dollars; gross operating cost = FIR Schedule C operating expenditure to 2008, Schedule C expense - Schedule E amortization from 2009 (accrual switch); net = gross - Schedule E sales and user charges; population StatCan 17-10-0155 July 1 estimates, 2021 boundaries; 2025 board membership applied to all years"
calgary,member,high_river,ring,fcss,2004,252046,2365,249681,10381,24.28,24.05,,"nominal dollars; gross operating cost = FIR Schedule C operating expenditure to 2008, Schedule C expense - Schedule E amortization from 2009 (accrual switch); net = gross - Schedule E sales and user charges; population StatCan 17-10-0155 July 1 estimates, 2021 boundaries; 2025 board membership applied to all years"
calgary,member,high_river,ring,fcss,2005,377403,6499,370904,10732,35.17,34.56,,"nominal dollars; gross operating cost = FIR Schedule C operating expenditure to 2008, Schedule C expense - Schedule E amortization from 2009 (accrual switch); net = gross - Schedule E sales and user charges; population StatCan 17-10-0155 July 1 estimates, 2021 boundaries; 2025 board membership applied to all years"
calgary,member,high_river,ring,fcss,2006,466259,8605,457654,11069,42.12,41.35,,"nominal dollars; gross operating cost = FIR Schedule C operating expenditure to 2008, Schedule C expense - Schedule E amortization from 2009 (accrual switch); net = gross - Schedule E sales and user charges; population StatCan 17-10-0155 July 1 estimates, 2021 boundaries; 2025 board membership applied to all years"
calgary,member,high_river,ring,fcss,2007,613882,5086,608796,11606,52.89,52.46,,"nominal dollars; gross operating cost = FIR Schedule C operating expenditure to 2008, Schedule C expense - Schedule E amortization from 2009 (accrual switch); net = gross - Schedule E sales and user charges; population StatCan 17-10-0155 July 1 estimates, 2021 boundaries; 2025 board membership applied to all years"
calgary,member,high_river,ring,fcss,2008,757538,10416,747122,12105,62.58,61.72,,"nominal dollars; gross operating cost = FIR Schedule C operating expenditure to 2008, Schedule C expense - Schedule E amortization from 2009 (accrual switch); net = gross - Schedule E sales and user charges; population StatCan 17-10-0155 July 1 estimates, 2021 boundaries; 2025 board membership applied to all years"
calgary,member,high_river,ring,fcss,2009,897238,11646,885592,12651,70.92,70.0,,"nominal dollars; gross operating cost = FIR Schedule C operating expenditure to 2008, Schedule C expense - Schedule E amortization from 2009 (accrual switch); net = gross - Schedule E sales and user charges; population StatCan 17-10-0155 July 1 estimates, 2021 boundaries; 2025 board membership applied to all years"
calgary,member,high_river,ring,fcss,2010,871177,11887,859290,13034,66.84,65.93,,"nominal dollars; gross operating cost = FIR Schedule C operating expenditure to 2008, Schedule C expense - Schedule E amortization from 2009 (accrual switch); net = gross - Schedule E sales and user charges; population StatCan 17-10-0155 July 1 estimates, 2021 boundaries; 2025 board membership applied to all years"
calgary,member,high_river,ring,fcss,2011,869416,9401,860015,13362,65.07,64.36,,"nominal dollars; gross operating cost = FIR Schedule C operating expenditure to 2008, Schedule C expense - Schedule E amortization from 2009 (accrual switch); net = gross - Schedule E sales and user charges; population StatCan 17-10-0155 July 1 estimates, 2021 boundaries; 2025 board membership applied to all years"
calgary,member,high_river,ring,fcss,2012,602838,10737,592101,13805,43.67,42.89,,"nominal dollars; gross operating cost = FIR Schedule C operating expenditure to 2008, Schedule C expense - Schedule E amortization from 2009 (accrual switch); net = gross - Schedule E sales and user charges; population StatCan 17-10-0155 July 1 estimates, 2021 boundaries; 2025 board membership applied to all years"
calgary,member,high_river,ring,fcss,2013,441981,7873,434108,13940,31.71,31.14,,"nominal dollars; gross operating cost = FIR Schedule C operating expenditure to 2008, Schedule C expense - Schedule E amortization from 2009 (accrual switch); net = gross - Schedule E sales and user charges; population StatCan 17-10-0155 July 1 estimates, 2021 boundaries; 2025 board membership applied to all years"
calgary,member,high_river,ring,fcss,2014,1058505,5816,1052689,13584,77.92,77.49,,"nominal dollars; gross operating cost = FIR Schedule C operating expenditure to 2008, Schedule C expense - Schedule E amortization from 2009 (accrual switch); net = gross - Schedule E sales and user charges; population StatCan 17-10-0155 July 1 estimates, 2021 boundaries; 2025 board membership applied to all years"
calgary,member,high_river,ring,fcss,2015,928445,8910,919535,13902,66.78,66.14,,"nominal dollars; gross operating cost = FIR Schedule C operating expenditure to 2008, Schedule C expense - Schedule E amortization from 2009 (accrual switch); net = gross - Schedule E sales and user charges; population StatCan 17-10-0155 July 1 estimates, 2021 boundaries; 2025 board membership applied to all years"
calgary,member,high_river,ring,fcss,2016,710629,9882,700747,13899,51.13,50.42,,"nominal dollars; gross operating cost = FIR Schedule C operating expenditure to 2008, Schedule C expense - Schedule E amortization from 2009 (accrual switch); net = gross - Schedule E sales and user charges; population StatCan 17-10-0155 July 1 estimates, 2021 boundaries; 2025 board membership applied to all years"
calgary,member,high_river,ring,fcss,2017,1023296,19579,1003717,13998,73.1,71.7,,"nominal dollars; gross operating cost = FIR Schedule C operating expenditure to 2008, Schedule C expense - Schedule E amortization from 2009 (accrual switch); net = gross - Schedule E sales and user charges; population StatCan 17-10-0155 July 1 estimates, 2021 boundaries; 2025 board membership applied to all years"
calgary,member,high_river,ring,fcss,2018,1235232,31125,1204107,14126,87.44,85.24,,"nominal dollars; gross operating cost = FIR Schedule C operating expenditure to 2008, Schedule C expense - Schedule E amortization from 2009 (accrual switch); net = gross - Schedule E sales and user charges; population StatCan 17-10-0155 July 1 estimates, 2021 boundaries; 2025 board membership applied to all years"
calgary,member,high_river,ring,fcss,2019,1108621,42983,1065638,14056,78.87,75.81,,"nominal dollars; gross operating cost = FIR Schedule C operating expenditure to 2008, Schedule C expense - Schedule E amortization from 2009 (accrual switch); net = gross - Schedule E sales and user charges; population StatCan 17-10-0155 July 1 estimates, 2021 boundaries; 2025 board membership applied to all years"
calgary,member,high_river,ring,fcss,2020,1079902,44995,1034907,14119,76.49,73.3,,"nominal dollars; gross operating cost = FIR Schedule C operating expenditure to 2008, Schedule C expense - Schedule E amortization from 2009 (accrual switch); net = gross - Schedule E sales and user charges; population StatCan 17-10-0155 July 1 estimates, 2021 boundaries; 2025 board membership applied to all years"
calgary,member,high_river,ring,fcss,2021,878071,57568,820503,14740,59.57,55.67,,"nominal dollars; gross operating cost = FIR Schedule C operating expenditure to 2008, Schedule C expense - Schedule E amortization from 2009 (accrual switch); net = gross - Schedule E sales and user charges; population StatCan 17-10-0155 July 1 estimates, 2021 boundaries; 2025 board membership applied to all years"
calgary,member,high_river,ring,fcss,2022,764887,59024,705863,15001,50.99,47.05,,"nominal dollars; gross operating cost = FIR Schedule C operating expenditure to 2008, Schedule C expense - Schedule E amortization from 2009 (accrual switch); net = gross - Schedule E sales and user charges; population StatCan 17-10-0155 July 1 estimates, 2021 boundaries; 2025 board membership applied to all years"
calgary,member,high_river,ring,fcss,2023,1618322,223246,1395076,15279,105.92,91.31,,"nominal dollars; gross operating cost = FIR Schedule C operating expenditure to 2008, Schedule C expense - Schedule E amortization from 2009 (accrual switch); net = gross - Schedule E sales and user charges; population StatCan 17-10-0155 July 1 estimates, 2021 boundaries; 2025 board membership applied to all years"
calgary,member,high_river,ring,fcss,2024,1452626,169739,1282887,15496,93.74,82.79,,"nominal dollars; gross operating cost = FIR Schedule C operating expenditure to 2008, Schedule C expense - Schedule E amortization from 2009 (accrual switch); net = gross - Schedule E sales and user charges; population StatCan 17-10-0155 July 1 estimates, 2021 boundaries; 2025 board membership applied to all years"
calgary,member,high_river,ring,fcss,2025,1147145,90970,1056175,15508,73.97,68.11,,"nominal dollars; gross operating cost = FIR Schedule C operating expenditure to 2008, Schedule C expense - Schedule E amortization from 2009 (accrual switch); net = gross - Schedule E sales and user charges; population StatCan 17-10-0155 July 1 estimates, 2021 boundaries; 2025 board membership applied to all years"
calgary,member,high_river,ring,housing,2009,0,0,0,12651,0.0,0.0,,"nominal dollars; gross operating cost = FIR Schedule C operating expenditure to 2008, Schedule C expense - Schedule E amortization from 2009 (accrual switch); net = gross - Schedule E sales and user charges; population StatCan 17-10-0155 July 1 estimates, 2021 boundaries; 2025 board membership applied to all years"
calgary,member,high_river,ring,housing,2010,127044,0,127044,13034,9.75,9.75,,"nominal dollars; gross operating cost = FIR Schedule C operating expenditure to 2008, Schedule C expense - Schedule E amortization from 2009 (accrual switch); net = gross - Schedule E sales and user charges; population StatCan 17-10-0155 July 1 estimates, 2021 boundaries; 2025 board membership applied to all years"
calgary,member,high_river,ring,housing,2011,0,0,0,13362,0.0,0.0,,"nominal dollars; gross operating cost = FIR Schedule C operating expenditure to 2008, Schedule C expense - Schedule E amortization from 2009 (accrual switch); net = gross - Schedule E sales and user charges; population StatCan 17-10-0155 July 1 estimates, 2021 boundaries; 2025 board membership applied to all years"
calgary,member,high_river,ring,housing,2012,259649,0,259649,13805,18.81,18.81,,"nominal dollars; gross operating cost = FIR Schedule C operating expenditure to 2008, Schedule C expense - Schedule E amortization from 2009 (accrual switch); net = gross - Schedule E sales and user charges; population StatCan 17-10-0155 July 1 estimates, 2021 boundaries; 2025 board membership applied to all years"
calgary,member,high_river,ring,housing,2013,291424,0,291424,13940,20.91,20.91,,"nominal dollars; gross operating cost = FIR Schedule C operating expenditure to 2008, Schedule C expense - Schedule E amortization from 2009 (accrual switch); net = gross - Schedule E sales and user charges; population StatCan 17-10-0155 July 1 estimates, 2021 boundaries; 2025 board membership applied to all years"
calgary,member,high_river,ring,housing,2014,393349,0,393349,13584,28.96,28.96,,"nominal dollars; gross operating cost = FIR Schedule C operating expenditure to 2008, Schedule C expense - Schedule E amortization from 2009 (accrual switch); net = gross - Schedule E sales and user charges; population StatCan 17-10-0155 July 1 estimates, 2021 boundaries; 2025 board membership applied to all years"
calgary,member,high_river,ring,housing,2015,482520,0,482520,13902,34.71,34.71,,"nominal dollars; gross operating cost = FIR Schedule C operating expenditure to 2008, Schedule C expense - Schedule E amortization from 2009 (accrual switch); net = gross - Schedule E sales and user charges; population StatCan 17-10-0155 July 1 estimates, 2021 boundaries; 2025 board membership applied to all years"
calgary,member,high_river,ring,housing,2016,285317,0,285317,13899,20.53,20.53,,"nominal dollars; gross operating cost = FIR Schedule C operating expenditure to 2008, Schedule C expense - Schedule E amortization from 2009 (accrual switch); net = gross - Schedule E sales and user charges; population StatCan 17-10-0155 July 1 estimates, 2021 boundaries; 2025 board membership applied to all years"
calgary,member,high_river,ring,housing,2017,261592,0,261592,13998,18.69,18.69,,"nominal dollars; gross operating cost = FIR Schedule C operating expenditure to 2008, Schedule C expense - Schedule E amortization from 2009 (accrual switch); net = gross - Schedule E sales and user charges; population StatCan 17-10-0155 July 1 estimates, 2021 boundaries; 2025 board membership applied to all years"
calgary,member,high_river,ring,housing,2018,-92863,0,-92863,14126,-6.57,-6.57,,"nominal dollars; gross operating cost = FIR Schedule C operating expenditure to 2008, Schedule C expense - Schedule E amortization from 2009 (accrual switch); net = gross - Schedule E sales and user charges; population StatCan 17-10-0155 July 1 estimates, 2021 boundaries; 2025 board membership applied to all years; negative gross kept as printed (amortization above expense): high_river -92,863"
calgary,member,high_river,ring,housing,2019,228663,0,228663,14056,16.27,16.27,,"nominal dollars; gross operating cost = FIR Schedule C operating expenditure to 2008, Schedule C expense - Schedule E amortization from 2009 (accrual switch); net = gross - Schedule E sales and user charges; population StatCan 17-10-0155 July 1 estimates, 2021 boundaries; 2025 board membership applied to all years"
calgary,member,high_river,ring,housing,2020,211770,0,211770,14119,15.0,15.0,,"nominal dollars; gross operating cost = FIR Schedule C operating expenditure to 2008, Schedule C expense - Schedule E amortization from 2009 (accrual switch); net = gross - Schedule E sales and user charges; population StatCan 17-10-0155 July 1 estimates, 2021 boundaries; 2025 board membership applied to all years"
calgary,member,high_river,ring,housing,2021,0,0,0,14740,0.0,0.0,,"nominal dollars; gross operating cost = FIR Schedule C operating expenditure to 2008, Schedule C expense - Schedule E amortization from 2009 (accrual switch); net = gross - Schedule E sales and user charges; population StatCan 17-10-0155 July 1 estimates, 2021 boundaries; 2025 board membership applied to all years"
calgary,member,high_river,ring,housing,2022,0,0,0,15001,0.0,0.0,,"nominal dollars; gross operating cost = FIR Schedule C operating expenditure to 2008, Schedule C expense - Schedule E amortization from 2009 (accrual switch); net = gross - Schedule E sales and user charges; population StatCan 17-10-0155 July 1 estimates, 2021 boundaries; 2025 board membership applied to all years"
calgary,member,high_river,ring,housing,2023,0,0,0,15279,0.0,0.0,,"nominal dollars; gross operating cost = FIR Schedule C operating expenditure to 2008, Schedule C expense - Schedule E amortization from 2009 (accrual switch); net = gross - Schedule E sales and user charges; population StatCan 17-10-0155 July 1 estimates, 2021 boundaries; 2025 board membership applied to all years"
calgary,member,high_river,ring,housing,2024,272605,0,272605,15496,17.59,17.59,,"nominal dollars; gross operating cost = FIR Schedule C operating expenditure to 2008, Schedule C expense - Schedule E amortization from 2009 (accrual switch); net = gross - Schedule E sales and user charges; population StatCan 17-10-0155 July 1 estimates, 2021 boundaries; 2025 board membership applied to all years"
calgary,member,high_river,ring,housing,2025,203330,0,203330,15508,13.11,13.11,,"nominal dollars; gross operating cost = FIR Schedule C operating expenditure to 2008, Schedule C expense - Schedule E amortization from 2009 (accrual switch); net = gross - Schedule E sales and user charges; population StatCan 17-10-0155 July 1 estimates, 2021 boundaries; 2025 board membership applied to all years"
calgary,member,okotoks,ring,police,2001,760016,92260,667756,12179,62.4,54.83,,"nominal dollars; gross operating cost = FIR Schedule C operating expenditure to 2008, Schedule C expense - Schedule E amortization from 2009 (accrual switch); net = gross - Schedule E sales and user charges; population StatCan 17-10-0155 July 1 estimates, 2021 boundaries; 2025 board membership applied to all years"
calgary,member,okotoks,ring,police,2002,722890,94706,628184,13272,54.47,47.33,,"nominal dollars; gross operating cost = FIR Schedule C operating expenditure to 2008, Schedule C expense - Schedule E amortization from 2009 (accrual switch); net = gross - Schedule E sales and user charges; population StatCan 17-10-0155 July 1 estimates, 2021 boundaries; 2025 board membership applied to all years"
calgary,member,okotoks,ring,police,2003,977611,120096,857515,14312,68.31,59.92,,"nominal dollars; gross operating cost = FIR Schedule C operating expenditure to 2008, Schedule C expense - Schedule E amortization from 2009 (accrual switch); net = gross - Schedule E sales and user charges; population StatCan 17-10-0155 July 1 estimates, 2021 boundaries; 2025 board membership applied to all years"
calgary,member,okotoks,ring,police,2004,1126191,99252,1026939,15405,73.11,66.66,,"nominal dollars; gross operating cost = FIR Schedule C operating expenditure to 2008, Schedule C expense - Schedule E amortization from 2009 (accrual switch); net = gross - Schedule E sales and user charges; population StatCan 17-10-0155 July 1 estimates, 2021 boundaries; 2025 board membership applied to all years"
calgary,member,okotoks,ring,police,2005,1149100,140731,1008369,16666,68.95,60.5,,"nominal dollars; gross operating cost = FIR Schedule C operating expenditure to 2008, Schedule C expense - Schedule E amortization from 2009 (accrual switch); net = gross - Schedule E sales and user charges; population StatCan 17-10-0155 July 1 estimates, 2021 boundaries; 2025 board membership applied to all years"
calgary,member,okotoks,ring,police,2006,1232850,131373,1101477,18070,68.23,60.96,,"nominal dollars; gross operating cost = FIR Schedule C operating expenditure to 2008, Schedule C expense - Schedule E amortization from 2009 (accrual switch); net = gross - Schedule E sales and user charges; population StatCan 17-10-0155 July 1 estimates, 2021 boundaries; 2025 board membership applied to all years"
calgary,member,okotoks,ring,police,2007,1641903,61364,1580539,19868,82.64,79.55,,"nominal dollars; gross operating cost = FIR Schedule C operating expenditure to 2008, Schedule C expense - Schedule E amortization from 2009 (accrual switch); net = gross - Schedule E sales and user charges; population StatCan 17-10-0155 July 1 estimates, 2021 boundaries; 2025 board membership applied to all years"
calgary,member,okotoks,ring,police,2008,1946281,31070,1915211,21487,90.58,89.13,,"nominal dollars; gross operating cost = FIR Schedule C operating expenditure to 2008, Schedule C expense - Schedule E amortization from 2009 (accrual switch); net = gross - Schedule E sales and user charges; population StatCan 17-10-0155 July 1 estimates, 2021 boundaries; 2025 board membership applied to all years"
calgary,member,okotoks,ring,police,2009,2105874,30986,2074888,23187,90.82,89.48,,"nominal dollars; gross operating cost = FIR Schedule C operating expenditure to 2008, Schedule C expense - Schedule E amortization from 2009 (accrual switch); net = gross - Schedule E sales and user charges; population StatCan 17-10-0155 July 1 estimates, 2021 boundaries; 2025 board membership applied to all years"
calgary,member,okotoks,ring,police,2010,2410234,32621,2377613,24578,98.06,96.74,,"nominal dollars; gross operating cost = FIR Schedule C operating expenditure to 2008, Schedule C expense - Schedule E amortization from 2009 (accrual switch); net = gross - Schedule E sales and user charges; population StatCan 17-10-0155 July 1 estimates, 2021 boundaries; 2025 board membership applied to all years"
calgary,member,okotoks,ring,police,2011,2590894,39064,2551830,25620,101.13,99.6,,"nominal dollars; gross operating cost = FIR Schedule C operating expenditure to 2008, Schedule C expense - Schedule E amortization from 2009 (accrual switch); net = gross - Schedule E sales and user charges; population StatCan 17-10-0155 July 1 estimates, 2021 boundaries; 2025 board membership applied to all years"
calgary,member,okotoks,ring,police,2012,2911375,46857,2864518,26839,108.48,106.73,,"nominal dollars; gross operating cost = FIR Schedule C operating expenditure to 2008, Schedule C expense - Schedule E amortization from 2009 (accrual switch); net = gross - Schedule E sales and user charges; population StatCan 17-10-0155 July 1 estimates, 2021 boundaries; 2025 board membership applied to all years"
calgary,member,okotoks,ring,police,2013,3190144,276828,2913316,27921,114.26,104.34,,"nominal dollars; gross operating cost = FIR Schedule C operating expenditure to 2008, Schedule C expense - Schedule E amortization from 2009 (accrual switch); net = gross - Schedule E sales and user charges; population StatCan 17-10-0155 July 1 estimates, 2021 boundaries; 2025 board membership applied to all years"
calgary,member,okotoks,ring,police,2014,3365743,256165,3109578,28839,116.71,107.83,,"nominal dollars; gross operating cost = FIR Schedule C operating expenditure to 2008, Schedule C expense - Schedule E amortization from 2009 (accrual switch); net = gross - Schedule E sales and user charges; population StatCan 17-10-0155 July 1 estimates, 2021 boundaries; 2025 board membership applied to all years"
calgary,member,okotoks,ring,police,2015,3048245,252564,2795681,29428,103.58,95.0,,"nominal dollars; gross operating cost = FIR Schedule C operating expenditure to 2008, Schedule C expense - Schedule E amortization from 2009 (accrual switch); net = gross - Schedule E sales and user charges; population StatCan 17-10-0155 July 1 estimates, 2021 boundaries; 2025 board membership applied to all years"
calgary,member,okotoks,ring,police,2016,3910609,245777,3664832,29846,131.03,122.79,,"nominal dollars; gross operating cost = FIR Schedule C operating expenditure to 2008, Schedule C expense - Schedule E amortization from 2009 (accrual switch); net = gross - Schedule E sales and user charges; population StatCan 17-10-0155 July 1 estimates, 2021 boundaries; 2025 board membership applied to all years"
calgary,member,okotoks,ring,police,2017,4289321,297351,3991970,30108,142.46,132.59,,"nominal dollars; gross operating cost = FIR Schedule C operating expenditure to 2008, Schedule C expense - Schedule E amortization from 2009 (accrual switch); net = gross - Schedule E sales and user charges; population StatCan 17-10-0155 July 1 estimates, 2021 boundaries; 2025 board membership applied to all years"
calgary,member,okotoks,ring,police,2018,4385900,296417,4089483,30263,144.93,135.13,,"nominal dollars; gross operating cost = FIR Schedule C operating expenditure to 2008, Schedule C expense - Schedule E amortization from 2009 (accrual switch); net = gross - Schedule E sales and user charges; population StatCan 17-10-0155 July 1 estimates, 2021 boundaries; 2025 board membership applied to all years"
calgary,member,okotoks,ring,police,2019,4600524,286807,4313717,30412,151.27,141.84,,"nominal dollars; gross operating cost = FIR Schedule C operating expenditure to 2008, Schedule C expense - Schedule E amortization from 2009 (accrual switch); net = gross - Schedule E sales and user charges; population StatCan 17-10-0155 July 1 estimates, 2021 boundaries; 2025 board membership applied to all years"
calgary,member,okotoks,ring,police,2020,4661411,181179,4480232,30846,151.12,145.25,,"nominal dollars; gross operating cost = FIR Schedule C operating expenditure to 2008, Schedule C expense - Schedule E amortization from 2009 (accrual switch); net = gross - Schedule E sales and user charges; population StatCan 17-10-0155 July 1 estimates, 2021 boundaries; 2025 board membership applied to all years"
calgary,member,okotoks,ring,police,2021,5124480,0,5124480,31386,163.27,163.27,,"nominal dollars; gross operating cost = FIR Schedule C operating expenditure to 2008, Schedule C expense - Schedule E amortization from 2009 (accrual switch); net = gross - Schedule E sales and user charges; population StatCan 17-10-0155 July 1 estimates, 2021 boundaries; 2025 board membership applied to all years"
calgary,member,okotoks,ring,police,2022,4833037,0,4833037,31926,151.38,151.38,,"nominal dollars; gross operating cost = FIR Schedule C operating expenditure to 2008, Schedule C expense - Schedule E amortization from 2009 (accrual switch); net = gross - Schedule E sales and user charges; population StatCan 17-10-0155 July 1 estimates, 2021 boundaries; 2025 board membership applied to all years"
calgary,member,okotoks,ring,police,2023,4929321,0,4929321,32529,151.54,151.54,,"nominal dollars; gross operating cost = FIR Schedule C operating expenditure to 2008, Schedule C expense - Schedule E amortization from 2009 (accrual switch); net = gross - Schedule E sales and user charges; population StatCan 17-10-0155 July 1 estimates, 2021 boundaries; 2025 board membership applied to all years"
calgary,member,okotoks,ring,police,2024,4722063,0,4722063,33181,142.31,142.31,,"nominal dollars; gross operating cost = FIR Schedule C operating expenditure to 2008, Schedule C expense - Schedule E amortization from 2009 (accrual switch); net = gross - Schedule E sales and user charges; population StatCan 17-10-0155 July 1 estimates, 2021 boundaries; 2025 board membership applied to all years"
calgary,member,okotoks,ring,police,2025,5297079,0,5297079,33482,158.21,158.21,,"nominal dollars; gross operating cost = FIR Schedule C operating expenditure to 2008, Schedule C expense - Schedule E amortization from 2009 (accrual switch); net = gross - Schedule E sales and user charges; population StatCan 17-10-0155 July 1 estimates, 2021 boundaries; 2025 board membership applied to all years"
calgary,member,okotoks,ring,transit,2001,29637,0,29637,12179,2.43,2.43,,"nominal dollars; gross operating cost = FIR Schedule C operating expenditure to 2008, Schedule C expense - Schedule E amortization from 2009 (accrual switch); net = gross - Schedule E sales and user charges; population StatCan 17-10-0155 July 1 estimates, 2021 boundaries; 2025 board membership applied to all years"
calgary,member,okotoks,ring,transit,2002,26959,0,26959,13272,2.03,2.03,,"nominal dollars; gross operating cost = FIR Schedule C operating expenditure to 2008, Schedule C expense - Schedule E amortization from 2009 (accrual switch); net = gross - Schedule E sales and user charges; population StatCan 17-10-0155 July 1 estimates, 2021 boundaries; 2025 board membership applied to all years"
calgary,member,okotoks,ring,transit,2003,32290,0,32290,14312,2.26,2.26,,"nominal dollars; gross operating cost = FIR Schedule C operating expenditure to 2008, Schedule C expense - Schedule E amortization from 2009 (accrual switch); net = gross - Schedule E sales and user charges; population StatCan 17-10-0155 July 1 estimates, 2021 boundaries; 2025 board membership applied to all years"
calgary,member,okotoks,ring,transit,2004,45321,0,45321,15405,2.94,2.94,,"nominal dollars; gross operating cost = FIR Schedule C operating expenditure to 2008, Schedule C expense - Schedule E amortization from 2009 (accrual switch); net = gross - Schedule E sales and user charges; population StatCan 17-10-0155 July 1 estimates, 2021 boundaries; 2025 board membership applied to all years"
calgary,member,okotoks,ring,transit,2005,49430,0,49430,16666,2.97,2.97,,"nominal dollars; gross operating cost = FIR Schedule C operating expenditure to 2008, Schedule C expense - Schedule E amortization from 2009 (accrual switch); net = gross - Schedule E sales and user charges; population StatCan 17-10-0155 July 1 estimates, 2021 boundaries; 2025 board membership applied to all years"
calgary,member,okotoks,ring,transit,2006,48127,0,48127,18070,2.66,2.66,,"nominal dollars; gross operating cost = FIR Schedule C operating expenditure to 2008, Schedule C expense - Schedule E amortization from 2009 (accrual switch); net = gross - Schedule E sales and user charges; population StatCan 17-10-0155 July 1 estimates, 2021 boundaries; 2025 board membership applied to all years"
calgary,member,okotoks,ring,transit,2007,55087,0,55087,19868,2.77,2.77,,"nominal dollars; gross operating cost = FIR Schedule C operating expenditure to 2008, Schedule C expense - Schedule E amortization from 2009 (accrual switch); net = gross - Schedule E sales and user charges; population StatCan 17-10-0155 July 1 estimates, 2021 boundaries; 2025 board membership applied to all years"
calgary,member,okotoks,ring,transit,2008,63025,0,63025,21487,2.93,2.93,,"nominal dollars; gross operating cost = FIR Schedule C operating expenditure to 2008, Schedule C expense - Schedule E amortization from 2009 (accrual switch); net = gross - Schedule E sales and user charges; population StatCan 17-10-0155 July 1 estimates, 2021 boundaries; 2025 board membership applied to all years"
calgary,member,okotoks,ring,transit,2009,58635,0,58635,23187,2.53,2.53,,"nominal dollars; gross operating cost = FIR Schedule C operating expenditure to 2008, Schedule C expense - Schedule E amortization from 2009 (accrual switch); net = gross - Schedule E sales and user charges; population StatCan 17-10-0155 July 1 estimates, 2021 boundaries; 2025 board membership applied to all years"
calgary,member,okotoks,ring,transit,2010,0,0,0,24578,0.0,0.0,,"nominal dollars; gross operating cost = FIR Schedule C operating expenditure to 2008, Schedule C expense - Schedule E amortization from 2009 (accrual switch); net = gross - Schedule E sales and user charges; population StatCan 17-10-0155 July 1 estimates, 2021 boundaries; 2025 board membership applied to all years"
calgary,member,okotoks,ring,transit,2011,0,0,0,25620,0.0,0.0,,"nominal dollars; gross operating cost = FIR Schedule C operating expenditure to 2008, Schedule C expense - Schedule E amortization from 2009 (accrual switch); net = gross - Schedule E sales and user charges; population StatCan 17-10-0155 July 1 estimates, 2021 boundaries; 2025 board membership applied to all years"
calgary,member,okotoks,ring,transit,2012,58638,0,58638,26839,2.18,2.18,,"nominal dollars; gross operating cost = FIR Schedule C operating expenditure to 2008, Schedule C expense - Schedule E amortization from 2009 (accrual switch); net = gross - Schedule E sales and user charges; population StatCan 17-10-0155 July 1 estimates, 2021 boundaries; 2025 board membership applied to all years"
calgary,member,okotoks,ring,transit,2013,45947,0,45947,27921,1.65,1.65,,"nominal dollars; gross operating cost = FIR Schedule C operating expenditure to 2008, Schedule C expense - Schedule E amortization from 2009 (accrual switch); net = gross - Schedule E sales and user charges; population StatCan 17-10-0155 July 1 estimates, 2021 boundaries; 2025 board membership applied to all years"
calgary,member,okotoks,ring,transit,2014,60702,0,60702,28839,2.1,2.1,,"nominal dollars; gross operating cost = FIR Schedule C operating expenditure to 2008, Schedule C expense - Schedule E amortization from 2009 (accrual switch); net = gross - Schedule E sales and user charges; population StatCan 17-10-0155 July 1 estimates, 2021 boundaries; 2025 board membership applied to all years"
calgary,member,okotoks,ring,transit,2015,70195,0,70195,29428,2.39,2.39,,"nominal dollars; gross operating cost = FIR Schedule C operating expenditure to 2008, Schedule C expense - Schedule E amortization from 2009 (accrual switch); net = gross - Schedule E sales and user charges; population StatCan 17-10-0155 July 1 estimates, 2021 boundaries; 2025 board membership applied to all years"
calgary,member,okotoks,ring,transit,2016,67820,0,67820,29846,2.27,2.27,,"nominal dollars; gross operating cost = FIR Schedule C operating expenditure to 2008, Schedule C expense - Schedule E amortization from 2009 (accrual switch); net = gross - Schedule E sales and user charges; population StatCan 17-10-0155 July 1 estimates, 2021 boundaries; 2025 board membership applied to all years"
calgary,member,okotoks,ring,transit,2017,50588,0,50588,30108,1.68,1.68,,"nominal dollars; gross operating cost = FIR Schedule C operating expenditure to 2008, Schedule C expense - Schedule E amortization from 2009 (accrual switch); net = gross - Schedule E sales and user charges; population StatCan 17-10-0155 July 1 estimates, 2021 boundaries; 2025 board membership applied to all years"
calgary,member,okotoks,ring,transit,2018,79700,0,79700,30263,2.63,2.63,,"nominal dollars; gross operating cost = FIR Schedule C operating expenditure to 2008, Schedule C expense - Schedule E amortization from 2009 (accrual switch); net = gross - Schedule E sales and user charges; population StatCan 17-10-0155 July 1 estimates, 2021 boundaries; 2025 board membership applied to all years"
calgary,member,okotoks,ring,transit,2019,233705,0,233705,30412,7.68,7.68,,"nominal dollars; gross operating cost = FIR Schedule C operating expenditure to 2008, Schedule C expense - Schedule E amortization from 2009 (accrual switch); net = gross - Schedule E sales and user charges; population StatCan 17-10-0155 July 1 estimates, 2021 boundaries; 2025 board membership applied to all years"
calgary,member,okotoks,ring,transit,2020,828559,0,828559,30846,26.86,26.86,,"nominal dollars; gross operating cost = FIR Schedule C operating expenditure to 2008, Schedule C expense - Schedule E amortization from 2009 (accrual switch); net = gross - Schedule E sales and user charges; population StatCan 17-10-0155 July 1 estimates, 2021 boundaries; 2025 board membership applied to all years"
calgary,member,okotoks,ring,transit,2021,926415,0,926415,31386,29.52,29.52,,"nominal dollars; gross operating cost = FIR Schedule C operating expenditure to 2008, Schedule C expense - Schedule E amortization from 2009 (accrual switch); net = gross - Schedule E sales and user charges; population StatCan 17-10-0155 July 1 estimates, 2021 boundaries; 2025 board membership applied to all years"
calgary,member,okotoks,ring,transit,2022,1279313,198353,1080960,31926,40.07,33.86,,"nominal dollars; gross operating cost = FIR Schedule C operating expenditure to 2008, Schedule C expense - Schedule E amortization from 2009 (accrual switch); net = gross - Schedule E sales and user charges; population StatCan 17-10-0155 July 1 estimates, 2021 boundaries; 2025 board membership applied to all years"
calgary,member,okotoks,ring,transit,2023,1392902,228284,1164618,32529,42.82,35.8,,"nominal dollars; gross operating cost = FIR Schedule C operating expenditure to 2008, Schedule C expense - Schedule E amortization from 2009 (accrual switch); net = gross - Schedule E sales and user charges; population StatCan 17-10-0155 July 1 estimates, 2021 boundaries; 2025 board membership applied to all years"
calgary,member,okotoks,ring,transit,2024,1544867,182090,1362777,33181,46.56,41.07,,"nominal dollars; gross operating cost = FIR Schedule C operating expenditure to 2008, Schedule C expense - Schedule E amortization from 2009 (accrual switch); net = gross - Schedule E sales and user charges; population StatCan 17-10-0155 July 1 estimates, 2021 boundaries; 2025 board membership applied to all years"
calgary,member,okotoks,ring,transit,2025,1573511,189027,1384484,33482,47.0,41.35,,"nominal dollars; gross operating cost = FIR Schedule C operating expenditure to 2008, Schedule C expense - Schedule E amortization from 2009 (accrual switch); net = gross - Schedule E sales and user charges; population StatCan 17-10-0155 July 1 estimates, 2021 boundaries; 2025 board membership applied to all years"
calgary,member,okotoks,ring,fcss,2001,170593,0,170593,12179,14.01,14.01,,"nominal dollars; gross operating cost = FIR Schedule C operating expenditure to 2008, Schedule C expense - Schedule E amortization from 2009 (accrual switch); net = gross - Schedule E sales and user charges; population StatCan 17-10-0155 July 1 estimates, 2021 boundaries; 2025 board membership applied to all years"
calgary,member,okotoks,ring,fcss,2002,210608,0,210608,13272,15.87,15.87,,"nominal dollars; gross operating cost = FIR Schedule C operating expenditure to 2008, Schedule C expense - Schedule E amortization from 2009 (accrual switch); net = gross - Schedule E sales and user charges; population StatCan 17-10-0155 July 1 estimates, 2021 boundaries; 2025 board membership applied to all years"
calgary,member,okotoks,ring,fcss,2003,253066,0,253066,14312,17.68,17.68,,"nominal dollars; gross operating cost = FIR Schedule C operating expenditure to 2008, Schedule C expense - Schedule E amortization from 2009 (accrual switch); net = gross - Schedule E sales and user charges; population StatCan 17-10-0155 July 1 estimates, 2021 boundaries; 2025 board membership applied to all years"
calgary,member,okotoks,ring,fcss,2004,302898,0,302898,15405,19.66,19.66,,"nominal dollars; gross operating cost = FIR Schedule C operating expenditure to 2008, Schedule C expense - Schedule E amortization from 2009 (accrual switch); net = gross - Schedule E sales and user charges; population StatCan 17-10-0155 July 1 estimates, 2021 boundaries; 2025 board membership applied to all years"
calgary,member,okotoks,ring,fcss,2005,311420,0,311420,16666,18.69,18.69,,"nominal dollars; gross operating cost = FIR Schedule C operating expenditure to 2008, Schedule C expense - Schedule E amortization from 2009 (accrual switch); net = gross - Schedule E sales and user charges; population StatCan 17-10-0155 July 1 estimates, 2021 boundaries; 2025 board membership applied to all years"
calgary,member,okotoks,ring,fcss,2006,330657,0,330657,18070,18.3,18.3,,"nominal dollars; gross operating cost = FIR Schedule C operating expenditure to 2008, Schedule C expense - Schedule E amortization from 2009 (accrual switch); net = gross - Schedule E sales and user charges; population StatCan 17-10-0155 July 1 estimates, 2021 boundaries; 2025 board membership applied to all years"
calgary,member,okotoks,ring,fcss,2007,344335,0,344335,19868,17.33,17.33,,"nominal dollars; gross operating cost = FIR Schedule C operating expenditure to 2008, Schedule C expense - Schedule E amortization from 2009 (accrual switch); net = gross - Schedule E sales and user charges; population StatCan 17-10-0155 July 1 estimates, 2021 boundaries; 2025 board membership applied to all years"
calgary,member,okotoks,ring,fcss,2008,389549,0,389549,21487,18.13,18.13,,"nominal dollars; gross operating cost = FIR Schedule C operating expenditure to 2008, Schedule C expense - Schedule E amortization from 2009 (accrual switch); net = gross - Schedule E sales and user charges; population StatCan 17-10-0155 July 1 estimates, 2021 boundaries; 2025 board membership applied to all years"
calgary,member,okotoks,ring,fcss,2009,469893,0,469893,23187,20.27,20.27,,"nominal dollars; gross operating cost = FIR Schedule C operating expenditure to 2008, Schedule C expense - Schedule E amortization from 2009 (accrual switch); net = gross - Schedule E sales and user charges; population StatCan 17-10-0155 July 1 estimates, 2021 boundaries; 2025 board membership applied to all years"
calgary,member,okotoks,ring,fcss,2010,539657,0,539657,24578,21.96,21.96,,"nominal dollars; gross operating cost = FIR Schedule C operating expenditure to 2008, Schedule C expense - Schedule E amortization from 2009 (accrual switch); net = gross - Schedule E sales and user charges; population StatCan 17-10-0155 July 1 estimates, 2021 boundaries; 2025 board membership applied to all years"
calgary,member,okotoks,ring,fcss,2011,564234,0,564234,25620,22.02,22.02,,"nominal dollars; gross operating cost = FIR Schedule C operating expenditure to 2008, Schedule C expense - Schedule E amortization from 2009 (accrual switch); net = gross - Schedule E sales and user charges; population StatCan 17-10-0155 July 1 estimates, 2021 boundaries; 2025 board membership applied to all years"
calgary,member,okotoks,ring,fcss,2012,566422,0,566422,26839,21.1,21.1,,"nominal dollars; gross operating cost = FIR Schedule C operating expenditure to 2008, Schedule C expense - Schedule E amortization from 2009 (accrual switch); net = gross - Schedule E sales and user charges; population StatCan 17-10-0155 July 1 estimates, 2021 boundaries; 2025 board membership applied to all years"
calgary,member,okotoks,ring,fcss,2013,560911,12467,548444,27921,20.09,19.64,,"nominal dollars; gross operating cost = FIR Schedule C operating expenditure to 2008, Schedule C expense - Schedule E amortization from 2009 (accrual switch); net = gross - Schedule E sales and user charges; population StatCan 17-10-0155 July 1 estimates, 2021 boundaries; 2025 board membership applied to all years"
calgary,member,okotoks,ring,fcss,2014,632793,0,632793,28839,21.94,21.94,,"nominal dollars; gross operating cost = FIR Schedule C operating expenditure to 2008, Schedule C expense - Schedule E amortization from 2009 (accrual switch); net = gross - Schedule E sales and user charges; population StatCan 17-10-0155 July 1 estimates, 2021 boundaries; 2025 board membership applied to all years"
calgary,member,okotoks,ring,fcss,2015,638396,0,638396,29428,21.69,21.69,,"nominal dollars; gross operating cost = FIR Schedule C operating expenditure to 2008, Schedule C expense - Schedule E amortization from 2009 (accrual switch); net = gross - Schedule E sales and user charges; population StatCan 17-10-0155 July 1 estimates, 2021 boundaries; 2025 board membership applied to all years"
calgary,member,okotoks,ring,fcss,2016,926983,21521,905462,29846,31.06,30.34,,"nominal dollars; gross operating cost = FIR Schedule C operating expenditure to 2008, Schedule C expense - Schedule E amortization from 2009 (accrual switch); net = gross - Schedule E sales and user charges; population StatCan 17-10-0155 July 1 estimates, 2021 boundaries; 2025 board membership applied to all years"
calgary,member,okotoks,ring,fcss,2017,987263,0,987263,30108,32.79,32.79,,"nominal dollars; gross operating cost = FIR Schedule C operating expenditure to 2008, Schedule C expense - Schedule E amortization from 2009 (accrual switch); net = gross - Schedule E sales and user charges; population StatCan 17-10-0155 July 1 estimates, 2021 boundaries; 2025 board membership applied to all years"
calgary,member,okotoks,ring,fcss,2018,1100843,1139,1099704,30263,36.38,36.34,,"nominal dollars; gross operating cost = FIR Schedule C operating expenditure to 2008, Schedule C expense - Schedule E amortization from 2009 (accrual switch); net = gross - Schedule E sales and user charges; population StatCan 17-10-0155 July 1 estimates, 2021 boundaries; 2025 board membership applied to all years"
calgary,member,okotoks,ring,fcss,2019,1013779,11136,1002643,30412,33.33,32.97,,"nominal dollars; gross operating cost = FIR Schedule C operating expenditure to 2008, Schedule C expense - Schedule E amortization from 2009 (accrual switch); net = gross - Schedule E sales and user charges; population StatCan 17-10-0155 July 1 estimates, 2021 boundaries; 2025 board membership applied to all years"
calgary,member,okotoks,ring,fcss,2020,939876,0,939876,30846,30.47,30.47,,"nominal dollars; gross operating cost = FIR Schedule C operating expenditure to 2008, Schedule C expense - Schedule E amortization from 2009 (accrual switch); net = gross - Schedule E sales and user charges; population StatCan 17-10-0155 July 1 estimates, 2021 boundaries; 2025 board membership applied to all years"
calgary,member,okotoks,ring,fcss,2021,1029621,0,1029621,31386,32.81,32.81,,"nominal dollars; gross operating cost = FIR Schedule C operating expenditure to 2008, Schedule C expense - Schedule E amortization from 2009 (accrual switch); net = gross - Schedule E sales and user charges; population StatCan 17-10-0155 July 1 estimates, 2021 boundaries; 2025 board membership applied to all years"
calgary,member,okotoks,ring,fcss,2022,1194373,0,1194373,31926,37.41,37.41,,"nominal dollars; gross operating cost = FIR Schedule C operating expenditure to 2008, Schedule C expense - Schedule E amortization from 2009 (accrual switch); net = gross - Schedule E sales and user charges; population StatCan 17-10-0155 July 1 estimates, 2021 boundaries; 2025 board membership applied to all years"
calgary,member,okotoks,ring,fcss,2023,2475993,0,2475993,32529,76.12,76.12,,"nominal dollars; gross operating cost = FIR Schedule C operating expenditure to 2008, Schedule C expense - Schedule E amortization from 2009 (accrual switch); net = gross - Schedule E sales and user charges; population StatCan 17-10-0155 July 1 estimates, 2021 boundaries; 2025 board membership applied to all years"
calgary,member,okotoks,ring,fcss,2024,1614414,0,1614414,33181,48.65,48.65,,"nominal dollars; gross operating cost = FIR Schedule C operating expenditure to 2008, Schedule C expense - Schedule E amortization from 2009 (accrual switch); net = gross - Schedule E sales and user charges; population StatCan 17-10-0155 July 1 estimates, 2021 boundaries; 2025 board membership applied to all years"
calgary,member,okotoks,ring,fcss,2025,1803654,0,1803654,33482,53.87,53.87,,"nominal dollars; gross operating cost = FIR Schedule C operating expenditure to 2008, Schedule C expense - Schedule E amortization from 2009 (accrual switch); net = gross - Schedule E sales and user charges; population StatCan 17-10-0155 July 1 estimates, 2021 boundaries; 2025 board membership applied to all years"
calgary,member,okotoks,ring,housing,2009,0,0,0,23187,0.0,0.0,,"nominal dollars; gross operating cost = FIR Schedule C operating expenditure to 2008, Schedule C expense - Schedule E amortization from 2009 (accrual switch); net = gross - Schedule E sales and user charges; population StatCan 17-10-0155 July 1 estimates, 2021 boundaries; 2025 board membership applied to all years"
calgary,member,okotoks,ring,housing,2010,0,0,0,24578,0.0,0.0,,"nominal dollars; gross operating cost = FIR Schedule C operating expenditure to 2008, Schedule C expense - Schedule E amortization from 2009 (accrual switch); net = gross - Schedule E sales and user charges; population StatCan 17-10-0155 July 1 estimates, 2021 boundaries; 2025 board membership applied to all years"
calgary,member,okotoks,ring,housing,2011,0,0,0,25620,0.0,0.0,,"nominal dollars; gross operating cost = FIR Schedule C operating expenditure to 2008, Schedule C expense - Schedule E amortization from 2009 (accrual switch); net = gross - Schedule E sales and user charges; population StatCan 17-10-0155 July 1 estimates, 2021 boundaries; 2025 board membership applied to all years"
calgary,member,okotoks,ring,housing,2012,0,0,0,26839,0.0,0.0,,"nominal dollars; gross operating cost = FIR Schedule C operating expenditure to 2008, Schedule C expense - Schedule E amortization from 2009 (accrual switch); net = gross - Schedule E sales and user charges; population StatCan 17-10-0155 July 1 estimates, 2021 boundaries; 2025 board membership applied to all years"
calgary,member,okotoks,ring,housing,2013,0,0,0,27921,0.0,0.0,,"nominal dollars; gross operating cost = FIR Schedule C operating expenditure to 2008, Schedule C expense - Schedule E amortization from 2009 (accrual switch); net = gross - Schedule E sales and user charges; population StatCan 17-10-0155 July 1 estimates, 2021 boundaries; 2025 board membership applied to all years"
calgary,member,okotoks,ring,housing,2014,0,0,0,28839,0.0,0.0,,"nominal dollars; gross operating cost = FIR Schedule C operating expenditure to 2008, Schedule C expense - Schedule E amortization from 2009 (accrual switch); net = gross - Schedule E sales and user charges; population StatCan 17-10-0155 July 1 estimates, 2021 boundaries; 2025 board membership applied to all years"
calgary,member,okotoks,ring,housing,2015,0,0,0,29428,0.0,0.0,,"nominal dollars; gross operating cost = FIR Schedule C operating expenditure to 2008, Schedule C expense - Schedule E amortization from 2009 (accrual switch); net = gross - Schedule E sales and user charges; population StatCan 17-10-0155 July 1 estimates, 2021 boundaries; 2025 board membership applied to all years"
calgary,member,okotoks,ring,housing,2016,0,0,0,29846,0.0,0.0,,"nominal dollars; gross operating cost = FIR Schedule C operating expenditure to 2008, Schedule C expense - Schedule E amortization from 2009 (accrual switch); net = gross - Schedule E sales and user charges; population StatCan 17-10-0155 July 1 estimates, 2021 boundaries; 2025 board membership applied to all years"
calgary,member,okotoks,ring,housing,2017,0,0,0,30108,0.0,0.0,,"nominal dollars; gross operating cost = FIR Schedule C operating expenditure to 2008, Schedule C expense - Schedule E amortization from 2009 (accrual switch); net = gross - Schedule E sales and user charges; population StatCan 17-10-0155 July 1 estimates, 2021 boundaries; 2025 board membership applied to all years"
calgary,member,okotoks,ring,housing,2018,0,0,0,30263,0.0,0.0,,"nominal dollars; gross operating cost = FIR Schedule C operating expenditure to 2008, Schedule C expense - Schedule E amortization from 2009 (accrual switch); net = gross - Schedule E sales and user charges; population StatCan 17-10-0155 July 1 estimates, 2021 boundaries; 2025 board membership applied to all years"
calgary,member,okotoks,ring,housing,2019,0,0,0,30412,0.0,0.0,,"nominal dollars; gross operating cost = FIR Schedule C operating expenditure to 2008, Schedule C expense - Schedule E amortization from 2009 (accrual switch); net = gross - Schedule E sales and user charges; population StatCan 17-10-0155 July 1 estimates, 2021 boundaries; 2025 board membership applied to all years"
calgary,member,okotoks,ring,housing,2020,0,0,0,30846,0.0,0.0,,"nominal dollars; gross operating cost = FIR Schedule C operating expenditure to 2008, Schedule C expense - Schedule E amortization from 2009 (accrual switch); net = gross - Schedule E sales and user charges; population StatCan 17-10-0155 July 1 estimates, 2021 boundaries; 2025 board membership applied to all years"
calgary,member,okotoks,ring,housing,2021,0,0,0,31386,0.0,0.0,,"nominal dollars; gross operating cost = FIR Schedule C operating expenditure to 2008, Schedule C expense - Schedule E amortization from 2009 (accrual switch); net = gross - Schedule E sales and user charges; population StatCan 17-10-0155 July 1 estimates, 2021 boundaries; 2025 board membership applied to all years"
calgary,member,okotoks,ring,housing,2022,0,0,0,31926,0.0,0.0,,"nominal dollars; gross operating cost = FIR Schedule C operating expenditure to 2008, Schedule C expense - Schedule E amortization from 2009 (accrual switch); net = gross - Schedule E sales and user charges; population StatCan 17-10-0155 July 1 estimates, 2021 boundaries; 2025 board membership applied to all years"
calgary,member,okotoks,ring,housing,2023,0,0,0,32529,0.0,0.0,,"nominal dollars; gross operating cost = FIR Schedule C operating expenditure to 2008, Schedule C expense - Schedule E amortization from 2009 (accrual switch); net = gross - Schedule E sales and user charges; population StatCan 17-10-0155 July 1 estimates, 2021 boundaries; 2025 board membership applied to all years"
calgary,member,okotoks,ring,housing,2024,0,0,0,33181,0.0,0.0,,"nominal dollars; gross operating cost = FIR Schedule C operating expenditure to 2008, Schedule C expense - Schedule E amortization from 2009 (accrual switch); net = gross - Schedule E sales and user charges; population StatCan 17-10-0155 July 1 estimates, 2021 boundaries; 2025 board membership applied to all years"
calgary,member,okotoks,ring,housing,2025,0,0,0,33482,0.0,0.0,,"nominal dollars; gross operating cost = FIR Schedule C operating expenditure to 2008, Schedule C expense - Schedule E amortization from 2009 (accrual switch); net = gross - Schedule E sales and user charges; population StatCan 17-10-0155 July 1 estimates, 2021 boundaries; 2025 board membership applied to all years"
calgary,member,rocky_view,ring,police,2001,0,0,0,0,,,rocky_view,"nominal dollars; gross operating cost = FIR Schedule C operating expenditure to 2008, Schedule C expense - Schedule E amortization from 2009 (accrual switch); net = gross - Schedule E sales and user charges; population StatCan 17-10-0155 July 1 estimates, 2021 boundaries; 2025 board membership applied to all years"
calgary,member,rocky_view,ring,police,2002,0,0,0,0,,,rocky_view,"nominal dollars; gross operating cost = FIR Schedule C operating expenditure to 2008, Schedule C expense - Schedule E amortization from 2009 (accrual switch); net = gross - Schedule E sales and user charges; population StatCan 17-10-0155 July 1 estimates, 2021 boundaries; 2025 board membership applied to all years"
calgary,member,rocky_view,ring,police,2003,0,0,0,0,,,rocky_view,"nominal dollars; gross operating cost = FIR Schedule C operating expenditure to 2008, Schedule C expense - Schedule E amortization from 2009 (accrual switch); net = gross - Schedule E sales and user charges; population StatCan 17-10-0155 July 1 estimates, 2021 boundaries; 2025 board membership applied to all years"
calgary,member,rocky_view,ring,police,2004,0,0,0,0,,,rocky_view,"nominal dollars; gross operating cost = FIR Schedule C operating expenditure to 2008, Schedule C expense - Schedule E amortization from 2009 (accrual switch); net = gross - Schedule E sales and user charges; population StatCan 17-10-0155 July 1 estimates, 2021 boundaries; 2025 board membership applied to all years"
calgary,member,rocky_view,ring,police,2005,0,0,0,0,,,rocky_view,"nominal dollars; gross operating cost = FIR Schedule C operating expenditure to 2008, Schedule C expense - Schedule E amortization from 2009 (accrual switch); net = gross - Schedule E sales and user charges; population StatCan 17-10-0155 July 1 estimates, 2021 boundaries; 2025 board membership applied to all years"
calgary,member,rocky_view,ring,police,2006,0,0,0,0,,,rocky_view,"nominal dollars; gross operating cost = FIR Schedule C operating expenditure to 2008, Schedule C expense - Schedule E amortization from 2009 (accrual switch); net = gross - Schedule E sales and user charges; population StatCan 17-10-0155 July 1 estimates, 2021 boundaries; 2025 board membership applied to all years"
calgary,member,rocky_view,ring,police,2007,0,0,0,0,,,rocky_view,"nominal dollars; gross operating cost = FIR Schedule C operating expenditure to 2008, Schedule C expense - Schedule E amortization from 2009 (accrual switch); net = gross - Schedule E sales and user charges; population StatCan 17-10-0155 July 1 estimates, 2021 boundaries; 2025 board membership applied to all years"
calgary,member,rocky_view,ring,police,2008,0,0,0,0,,,rocky_view,"nominal dollars; gross operating cost = FIR Schedule C operating expenditure to 2008, Schedule C expense - Schedule E amortization from 2009 (accrual switch); net = gross - Schedule E sales and user charges; population StatCan 17-10-0155 July 1 estimates, 2021 boundaries; 2025 board membership applied to all years"
calgary,member,rocky_view,ring,police,2009,0,0,0,0,,,rocky_view,"nominal dollars; gross operating cost = FIR Schedule C operating expenditure to 2008, Schedule C expense - Schedule E amortization from 2009 (accrual switch); net = gross - Schedule E sales and user charges; population StatCan 17-10-0155 July 1 estimates, 2021 boundaries; 2025 board membership applied to all years"
calgary,member,rocky_view,ring,police,2010,0,0,0,0,,,rocky_view,"nominal dollars; gross operating cost = FIR Schedule C operating expenditure to 2008, Schedule C expense - Schedule E amortization from 2009 (accrual switch); net = gross - Schedule E sales and user charges; population StatCan 17-10-0155 July 1 estimates, 2021 boundaries; 2025 board membership applied to all years"
calgary,member,rocky_view,ring,police,2011,0,0,0,0,,,rocky_view,"nominal dollars; gross operating cost = FIR Schedule C operating expenditure to 2008, Schedule C expense - Schedule E amortization from 2009 (accrual switch); net = gross - Schedule E sales and user charges; population StatCan 17-10-0155 July 1 estimates, 2021 boundaries; 2025 board membership applied to all years"
calgary,member,rocky_view,ring,police,2012,0,0,0,0,,,rocky_view,"nominal dollars; gross operating cost = FIR Schedule C operating expenditure to 2008, Schedule C expense - Schedule E amortization from 2009 (accrual switch); net = gross - Schedule E sales and user charges; population StatCan 17-10-0155 July 1 estimates, 2021 boundaries; 2025 board membership applied to all years"
calgary,member,rocky_view,ring,police,2013,0,0,0,0,,,rocky_view,"nominal dollars; gross operating cost = FIR Schedule C operating expenditure to 2008, Schedule C expense - Schedule E amortization from 2009 (accrual switch); net = gross - Schedule E sales and user charges; population StatCan 17-10-0155 July 1 estimates, 2021 boundaries; 2025 board membership applied to all years"
calgary,member,rocky_view,ring,police,2014,0,0,0,0,,,rocky_view,"nominal dollars; gross operating cost = FIR Schedule C operating expenditure to 2008, Schedule C expense - Schedule E amortization from 2009 (accrual switch); net = gross - Schedule E sales and user charges; population StatCan 17-10-0155 July 1 estimates, 2021 boundaries; 2025 board membership applied to all years"
calgary,member,rocky_view,ring,police,2015,0,0,0,0,,,rocky_view,"nominal dollars; gross operating cost = FIR Schedule C operating expenditure to 2008, Schedule C expense - Schedule E amortization from 2009 (accrual switch); net = gross - Schedule E sales and user charges; population StatCan 17-10-0155 July 1 estimates, 2021 boundaries; 2025 board membership applied to all years"
calgary,member,rocky_view,ring,police,2016,0,0,0,0,,,rocky_view,"nominal dollars; gross operating cost = FIR Schedule C operating expenditure to 2008, Schedule C expense - Schedule E amortization from 2009 (accrual switch); net = gross - Schedule E sales and user charges; population StatCan 17-10-0155 July 1 estimates, 2021 boundaries; 2025 board membership applied to all years"
calgary,member,rocky_view,ring,police,2017,0,0,0,0,,,rocky_view,"nominal dollars; gross operating cost = FIR Schedule C operating expenditure to 2008, Schedule C expense - Schedule E amortization from 2009 (accrual switch); net = gross - Schedule E sales and user charges; population StatCan 17-10-0155 July 1 estimates, 2021 boundaries; 2025 board membership applied to all years"
calgary,member,rocky_view,ring,police,2018,0,0,0,0,,,rocky_view,"nominal dollars; gross operating cost = FIR Schedule C operating expenditure to 2008, Schedule C expense - Schedule E amortization from 2009 (accrual switch); net = gross - Schedule E sales and user charges; population StatCan 17-10-0155 July 1 estimates, 2021 boundaries; 2025 board membership applied to all years"
calgary,member,rocky_view,ring,police,2019,0,0,0,0,,,rocky_view,"nominal dollars; gross operating cost = FIR Schedule C operating expenditure to 2008, Schedule C expense - Schedule E amortization from 2009 (accrual switch); net = gross - Schedule E sales and user charges; population StatCan 17-10-0155 July 1 estimates, 2021 boundaries; 2025 board membership applied to all years"
calgary,member,rocky_view,ring,police,2020,0,0,0,0,,,rocky_view,"nominal dollars; gross operating cost = FIR Schedule C operating expenditure to 2008, Schedule C expense - Schedule E amortization from 2009 (accrual switch); net = gross - Schedule E sales and user charges; population StatCan 17-10-0155 July 1 estimates, 2021 boundaries; 2025 board membership applied to all years"
calgary,member,rocky_view,ring,police,2021,0,0,0,0,,,rocky_view,"nominal dollars; gross operating cost = FIR Schedule C operating expenditure to 2008, Schedule C expense - Schedule E amortization from 2009 (accrual switch); net = gross - Schedule E sales and user charges; population StatCan 17-10-0155 July 1 estimates, 2021 boundaries; 2025 board membership applied to all years"
calgary,member,rocky_view,ring,police,2022,0,0,0,0,,,rocky_view,"nominal dollars; gross operating cost = FIR Schedule C operating expenditure to 2008, Schedule C expense - Schedule E amortization from 2009 (accrual switch); net = gross - Schedule E sales and user charges; population StatCan 17-10-0155 July 1 estimates, 2021 boundaries; 2025 board membership applied to all years"
calgary,member,rocky_view,ring,police,2023,0,0,0,0,,,rocky_view,"nominal dollars; gross operating cost = FIR Schedule C operating expenditure to 2008, Schedule C expense - Schedule E amortization from 2009 (accrual switch); net = gross - Schedule E sales and user charges; population StatCan 17-10-0155 July 1 estimates, 2021 boundaries; 2025 board membership applied to all years"
calgary,member,rocky_view,ring,police,2024,0,0,0,0,,,rocky_view,"nominal dollars; gross operating cost = FIR Schedule C operating expenditure to 2008, Schedule C expense - Schedule E amortization from 2009 (accrual switch); net = gross - Schedule E sales and user charges; population StatCan 17-10-0155 July 1 estimates, 2021 boundaries; 2025 board membership applied to all years"
calgary,member,rocky_view,ring,police,2025,0,0,0,0,,,rocky_view,"nominal dollars; gross operating cost = FIR Schedule C operating expenditure to 2008, Schedule C expense - Schedule E amortization from 2009 (accrual switch); net = gross - Schedule E sales and user charges; population StatCan 17-10-0155 July 1 estimates, 2021 boundaries; 2025 board membership applied to all years"
calgary,member,rocky_view,ring,transit,2001,0,0,0,29128,0.0,0.0,,"nominal dollars; gross operating cost = FIR Schedule C operating expenditure to 2008, Schedule C expense - Schedule E amortization from 2009 (accrual switch); net = gross - Schedule E sales and user charges; population StatCan 17-10-0155 July 1 estimates, 2021 boundaries; 2025 board membership applied to all years"
calgary,member,rocky_view,ring,transit,2002,0,0,0,30091,0.0,0.0,,"nominal dollars; gross operating cost = FIR Schedule C operating expenditure to 2008, Schedule C expense - Schedule E amortization from 2009 (accrual switch); net = gross - Schedule E sales and user charges; population StatCan 17-10-0155 July 1 estimates, 2021 boundaries; 2025 board membership applied to all years"
calgary,member,rocky_view,ring,transit,2003,0,0,0,30800,0.0,0.0,,"nominal dollars; gross operating cost = FIR Schedule C operating expenditure to 2008, Schedule C expense - Schedule E amortization from 2009 (accrual switch); net = gross - Schedule E sales and user charges; population StatCan 17-10-0155 July 1 estimates, 2021 boundaries; 2025 board membership applied to all years"
calgary,member,rocky_view,ring,transit,2004,0,0,0,31563,0.0,0.0,,"nominal dollars; gross operating cost = FIR Schedule C operating expenditure to 2008, Schedule C expense - Schedule E amortization from 2009 (accrual switch); net = gross - Schedule E sales and user charges; population StatCan 17-10-0155 July 1 estimates, 2021 boundaries; 2025 board membership applied to all years"
calgary,member,rocky_view,ring,transit,2005,0,0,0,32561,0.0,0.0,,"nominal dollars; gross operating cost = FIR Schedule C operating expenditure to 2008, Schedule C expense - Schedule E amortization from 2009 (accrual switch); net = gross - Schedule E sales and user charges; population StatCan 17-10-0155 July 1 estimates, 2021 boundaries; 2025 board membership applied to all years"
calgary,member,rocky_view,ring,transit,2006,0,0,0,33660,0.0,0.0,,"nominal dollars; gross operating cost = FIR Schedule C operating expenditure to 2008, Schedule C expense - Schedule E amortization from 2009 (accrual switch); net = gross - Schedule E sales and user charges; population StatCan 17-10-0155 July 1 estimates, 2021 boundaries; 2025 board membership applied to all years"
calgary,member,rocky_view,ring,transit,2007,0,0,0,34712,0.0,0.0,,"nominal dollars; gross operating cost = FIR Schedule C operating expenditure to 2008, Schedule C expense - Schedule E amortization from 2009 (accrual switch); net = gross - Schedule E sales and user charges; population StatCan 17-10-0155 July 1 estimates, 2021 boundaries; 2025 board membership applied to all years"
calgary,member,rocky_view,ring,transit,2008,0,0,0,35249,0.0,0.0,,"nominal dollars; gross operating cost = FIR Schedule C operating expenditure to 2008, Schedule C expense - Schedule E amortization from 2009 (accrual switch); net = gross - Schedule E sales and user charges; population StatCan 17-10-0155 July 1 estimates, 2021 boundaries; 2025 board membership applied to all years"
calgary,member,rocky_view,ring,transit,2009,0,0,0,35855,0.0,0.0,,"nominal dollars; gross operating cost = FIR Schedule C operating expenditure to 2008, Schedule C expense - Schedule E amortization from 2009 (accrual switch); net = gross - Schedule E sales and user charges; population StatCan 17-10-0155 July 1 estimates, 2021 boundaries; 2025 board membership applied to all years"
calgary,member,rocky_view,ring,transit,2010,0,0,0,36432,0.0,0.0,,"nominal dollars; gross operating cost = FIR Schedule C operating expenditure to 2008, Schedule C expense - Schedule E amortization from 2009 (accrual switch); net = gross - Schedule E sales and user charges; population StatCan 17-10-0155 July 1 estimates, 2021 boundaries; 2025 board membership applied to all years"
calgary,member,rocky_view,ring,transit,2011,0,0,0,36812,0.0,0.0,,"nominal dollars; gross operating cost = FIR Schedule C operating expenditure to 2008, Schedule C expense - Schedule E amortization from 2009 (accrual switch); net = gross - Schedule E sales and user charges; population StatCan 17-10-0155 July 1 estimates, 2021 boundaries; 2025 board membership applied to all years"
calgary,member,rocky_view,ring,transit,2012,0,0,0,37383,0.0,0.0,,"nominal dollars; gross operating cost = FIR Schedule C operating expenditure to 2008, Schedule C expense - Schedule E amortization from 2009 (accrual switch); net = gross - Schedule E sales and user charges; population StatCan 17-10-0155 July 1 estimates, 2021 boundaries; 2025 board membership applied to all years"
calgary,member,rocky_view,ring,transit,2013,0,0,0,38252,0.0,0.0,,"nominal dollars; gross operating cost = FIR Schedule C operating expenditure to 2008, Schedule C expense - Schedule E amortization from 2009 (accrual switch); net = gross - Schedule E sales and user charges; population StatCan 17-10-0155 July 1 estimates, 2021 boundaries; 2025 board membership applied to all years"
calgary,member,rocky_view,ring,transit,2014,0,0,0,39141,0.0,0.0,,"nominal dollars; gross operating cost = FIR Schedule C operating expenditure to 2008, Schedule C expense - Schedule E amortization from 2009 (accrual switch); net = gross - Schedule E sales and user charges; population StatCan 17-10-0155 July 1 estimates, 2021 boundaries; 2025 board membership applied to all years"
calgary,member,rocky_view,ring,transit,2015,0,0,0,39675,0.0,0.0,,"nominal dollars; gross operating cost = FIR Schedule C operating expenditure to 2008, Schedule C expense - Schedule E amortization from 2009 (accrual switch); net = gross - Schedule E sales and user charges; population StatCan 17-10-0155 July 1 estimates, 2021 boundaries; 2025 board membership applied to all years"
calgary,member,rocky_view,ring,transit,2016,0,0,0,40373,0.0,0.0,,"nominal dollars; gross operating cost = FIR Schedule C operating expenditure to 2008, Schedule C expense - Schedule E amortization from 2009 (accrual switch); net = gross - Schedule E sales and user charges; population StatCan 17-10-0155 July 1 estimates, 2021 boundaries; 2025 board membership applied to all years"
calgary,member,rocky_view,ring,transit,2017,0,0,0,40815,0.0,0.0,,"nominal dollars; gross operating cost = FIR Schedule C operating expenditure to 2008, Schedule C expense - Schedule E amortization from 2009 (accrual switch); net = gross - Schedule E sales and user charges; population StatCan 17-10-0155 July 1 estimates, 2021 boundaries; 2025 board membership applied to all years"
calgary,member,rocky_view,ring,transit,2018,0,0,0,41227,0.0,0.0,,"nominal dollars; gross operating cost = FIR Schedule C operating expenditure to 2008, Schedule C expense - Schedule E amortization from 2009 (accrual switch); net = gross - Schedule E sales and user charges; population StatCan 17-10-0155 July 1 estimates, 2021 boundaries; 2025 board membership applied to all years"
calgary,member,rocky_view,ring,transit,2019,0,0,0,41653,0.0,0.0,,"nominal dollars; gross operating cost = FIR Schedule C operating expenditure to 2008, Schedule C expense - Schedule E amortization from 2009 (accrual switch); net = gross - Schedule E sales and user charges; population StatCan 17-10-0155 July 1 estimates, 2021 boundaries; 2025 board membership applied to all years"
calgary,member,rocky_view,ring,transit,2020,0,0,0,41891,0.0,0.0,,"nominal dollars; gross operating cost = FIR Schedule C operating expenditure to 2008, Schedule C expense - Schedule E amortization from 2009 (accrual switch); net = gross - Schedule E sales and user charges; population StatCan 17-10-0155 July 1 estimates, 2021 boundaries; 2025 board membership applied to all years"
calgary,member,rocky_view,ring,transit,2021,0,0,0,42378,0.0,0.0,,"nominal dollars; gross operating cost = FIR Schedule C operating expenditure to 2008, Schedule C expense - Schedule E amortization from 2009 (accrual switch); net = gross - Schedule E sales and user charges; population StatCan 17-10-0155 July 1 estimates, 2021 boundaries; 2025 board membership applied to all years"
calgary,member,rocky_view,ring,transit,2022,0,0,0,43731,0.0,0.0,,"nominal dollars; gross operating cost = FIR Schedule C operating expenditure to 2008, Schedule C expense - Schedule E amortization from 2009 (accrual switch); net = gross - Schedule E sales and user charges; population StatCan 17-10-0155 July 1 estimates, 2021 boundaries; 2025 board membership applied to all years"
calgary,member,rocky_view,ring,transit,2023,0,0,0,45102,0.0,0.0,,"nominal dollars; gross operating cost = FIR Schedule C operating expenditure to 2008, Schedule C expense - Schedule E amortization from 2009 (accrual switch); net = gross - Schedule E sales and user charges; population StatCan 17-10-0155 July 1 estimates, 2021 boundaries; 2025 board membership applied to all years"
calgary,member,rocky_view,ring,transit,2024,0,0,0,46706,0.0,0.0,,"nominal dollars; gross operating cost = FIR Schedule C operating expenditure to 2008, Schedule C expense - Schedule E amortization from 2009 (accrual switch); net = gross - Schedule E sales and user charges; population StatCan 17-10-0155 July 1 estimates, 2021 boundaries; 2025 board membership applied to all years"
calgary,member,rocky_view,ring,transit,2025,0,0,0,50260,0.0,0.0,,"nominal dollars; gross operating cost = FIR Schedule C operating expenditure to 2008, Schedule C expense - Schedule E amortization from 2009 (accrual switch); net = gross - Schedule E sales and user charges; population StatCan 17-10-0155 July 1 estimates, 2021 boundaries; 2025 board membership applied to all years"
calgary,member,rocky_view,ring,fcss,2001,0,0,0,29128,0.0,0.0,,"nominal dollars; gross operating cost = FIR Schedule C operating expenditure to 2008, Schedule C expense - Schedule E amortization from 2009 (accrual switch); net = gross - Schedule E sales and user charges; population StatCan 17-10-0155 July 1 estimates, 2021 boundaries; 2025 board membership applied to all years"
calgary,member,rocky_view,ring,fcss,2002,0,0,0,30091,0.0,0.0,,"nominal dollars; gross operating cost = FIR Schedule C operating expenditure to 2008, Schedule C expense - Schedule E amortization from 2009 (accrual switch); net = gross - Schedule E sales and user charges; population StatCan 17-10-0155 July 1 estimates, 2021 boundaries; 2025 board membership applied to all years"
calgary,member,rocky_view,ring,fcss,2003,0,0,0,30800,0.0,0.0,,"nominal dollars; gross operating cost = FIR Schedule C operating expenditure to 2008, Schedule C expense - Schedule E amortization from 2009 (accrual switch); net = gross - Schedule E sales and user charges; population StatCan 17-10-0155 July 1 estimates, 2021 boundaries; 2025 board membership applied to all years"
calgary,member,rocky_view,ring,fcss,2004,0,0,0,31563,0.0,0.0,,"nominal dollars; gross operating cost = FIR Schedule C operating expenditure to 2008, Schedule C expense - Schedule E amortization from 2009 (accrual switch); net = gross - Schedule E sales and user charges; population StatCan 17-10-0155 July 1 estimates, 2021 boundaries; 2025 board membership applied to all years"
calgary,member,rocky_view,ring,fcss,2005,0,0,0,32561,0.0,0.0,,"nominal dollars; gross operating cost = FIR Schedule C operating expenditure to 2008, Schedule C expense - Schedule E amortization from 2009 (accrual switch); net = gross - Schedule E sales and user charges; population StatCan 17-10-0155 July 1 estimates, 2021 boundaries; 2025 board membership applied to all years"
calgary,member,rocky_view,ring,fcss,2006,0,0,0,33660,0.0,0.0,,"nominal dollars; gross operating cost = FIR Schedule C operating expenditure to 2008, Schedule C expense - Schedule E amortization from 2009 (accrual switch); net = gross - Schedule E sales and user charges; population StatCan 17-10-0155 July 1 estimates, 2021 boundaries; 2025 board membership applied to all years"
calgary,member,rocky_view,ring,fcss,2007,0,0,0,34712,0.0,0.0,,"nominal dollars; gross operating cost = FIR Schedule C operating expenditure to 2008, Schedule C expense - Schedule E amortization from 2009 (accrual switch); net = gross - Schedule E sales and user charges; population StatCan 17-10-0155 July 1 estimates, 2021 boundaries; 2025 board membership applied to all years"
calgary,member,rocky_view,ring,fcss,2008,0,0,0,35249,0.0,0.0,,"nominal dollars; gross operating cost = FIR Schedule C operating expenditure to 2008, Schedule C expense - Schedule E amortization from 2009 (accrual switch); net = gross - Schedule E sales and user charges; population StatCan 17-10-0155 July 1 estimates, 2021 boundaries; 2025 board membership applied to all years"
calgary,member,rocky_view,ring,fcss,2009,842569,0,842569,35855,23.5,23.5,,"nominal dollars; gross operating cost = FIR Schedule C operating expenditure to 2008, Schedule C expense - Schedule E amortization from 2009 (accrual switch); net = gross - Schedule E sales and user charges; population StatCan 17-10-0155 July 1 estimates, 2021 boundaries; 2025 board membership applied to all years"
calgary,member,rocky_view,ring,fcss,2010,835418,0,835418,36432,22.93,22.93,,"nominal dollars; gross operating cost = FIR Schedule C operating expenditure to 2008, Schedule C expense - Schedule E amortization from 2009 (accrual switch); net = gross - Schedule E sales and user charges; population StatCan 17-10-0155 July 1 estimates, 2021 boundaries; 2025 board membership applied to all years"
calgary,member,rocky_view,ring,fcss,2011,876459,0,876459,36812,23.81,23.81,,"nominal dollars; gross operating cost = FIR Schedule C operating expenditure to 2008, Schedule C expense - Schedule E amortization from 2009 (accrual switch); net = gross - Schedule E sales and user charges; population StatCan 17-10-0155 July 1 estimates, 2021 boundaries; 2025 board membership applied to all years"
calgary,member,rocky_view,ring,fcss,2012,869366,0,869366,37383,23.26,23.26,,"nominal dollars; gross operating cost = FIR Schedule C operating expenditure to 2008, Schedule C expense - Schedule E amortization from 2009 (accrual switch); net = gross - Schedule E sales and user charges; population StatCan 17-10-0155 July 1 estimates, 2021 boundaries; 2025 board membership applied to all years"
calgary,member,rocky_view,ring,fcss,2013,875977,0,875977,38252,22.9,22.9,,"nominal dollars; gross operating cost = FIR Schedule C operating expenditure to 2008, Schedule C expense - Schedule E amortization from 2009 (accrual switch); net = gross - Schedule E sales and user charges; population StatCan 17-10-0155 July 1 estimates, 2021 boundaries; 2025 board membership applied to all years"
calgary,member,rocky_view,ring,fcss,2014,869753,0,869753,39141,22.22,22.22,,"nominal dollars; gross operating cost = FIR Schedule C operating expenditure to 2008, Schedule C expense - Schedule E amortization from 2009 (accrual switch); net = gross - Schedule E sales and user charges; population StatCan 17-10-0155 July 1 estimates, 2021 boundaries; 2025 board membership applied to all years"
calgary,member,rocky_view,ring,fcss,2015,879127,0,879127,39675,22.16,22.16,,"nominal dollars; gross operating cost = FIR Schedule C operating expenditure to 2008, Schedule C expense - Schedule E amortization from 2009 (accrual switch); net = gross - Schedule E sales and user charges; population StatCan 17-10-0155 July 1 estimates, 2021 boundaries; 2025 board membership applied to all years"
calgary,member,rocky_view,ring,fcss,2016,1084773,0,1084773,40373,26.87,26.87,,"nominal dollars; gross operating cost = FIR Schedule C operating expenditure to 2008, Schedule C expense - Schedule E amortization from 2009 (accrual switch); net = gross - Schedule E sales and user charges; population StatCan 17-10-0155 July 1 estimates, 2021 boundaries; 2025 board membership applied to all years"
calgary,member,rocky_view,ring,fcss,2017,1035033,0,1035033,40815,25.36,25.36,,"nominal dollars; gross operating cost = FIR Schedule C operating expenditure to 2008, Schedule C expense - Schedule E amortization from 2009 (accrual switch); net = gross - Schedule E sales and user charges; population StatCan 17-10-0155 July 1 estimates, 2021 boundaries; 2025 board membership applied to all years"
calgary,member,rocky_view,ring,fcss,2018,1066231,0,1066231,41227,25.86,25.86,,"nominal dollars; gross operating cost = FIR Schedule C operating expenditure to 2008, Schedule C expense - Schedule E amortization from 2009 (accrual switch); net = gross - Schedule E sales and user charges; population StatCan 17-10-0155 July 1 estimates, 2021 boundaries; 2025 board membership applied to all years"
calgary,member,rocky_view,ring,fcss,2019,1137189,0,1137189,41653,27.3,27.3,,"nominal dollars; gross operating cost = FIR Schedule C operating expenditure to 2008, Schedule C expense - Schedule E amortization from 2009 (accrual switch); net = gross - Schedule E sales and user charges; population StatCan 17-10-0155 July 1 estimates, 2021 boundaries; 2025 board membership applied to all years"
calgary,member,rocky_view,ring,fcss,2020,1070478,0,1070478,41891,25.55,25.55,,"nominal dollars; gross operating cost = FIR Schedule C operating expenditure to 2008, Schedule C expense - Schedule E amortization from 2009 (accrual switch); net = gross - Schedule E sales and user charges; population StatCan 17-10-0155 July 1 estimates, 2021 boundaries; 2025 board membership applied to all years"
calgary,member,rocky_view,ring,fcss,2021,1004233,0,1004233,42378,23.7,23.7,,"nominal dollars; gross operating cost = FIR Schedule C operating expenditure to 2008, Schedule C expense - Schedule E amortization from 2009 (accrual switch); net = gross - Schedule E sales and user charges; population StatCan 17-10-0155 July 1 estimates, 2021 boundaries; 2025 board membership applied to all years"
calgary,member,rocky_view,ring,fcss,2022,1091569,0,1091569,43731,24.96,24.96,,"nominal dollars; gross operating cost = FIR Schedule C operating expenditure to 2008, Schedule C expense - Schedule E amortization from 2009 (accrual switch); net = gross - Schedule E sales and user charges; population StatCan 17-10-0155 July 1 estimates, 2021 boundaries; 2025 board membership applied to all years"
calgary,member,rocky_view,ring,fcss,2023,1107943,0,1107943,45102,24.57,24.57,,"nominal dollars; gross operating cost = FIR Schedule C operating expenditure to 2008, Schedule C expense - Schedule E amortization from 2009 (accrual switch); net = gross - Schedule E sales and user charges; population StatCan 17-10-0155 July 1 estimates, 2021 boundaries; 2025 board membership applied to all years"
calgary,member,rocky_view,ring,fcss,2024,1142038,0,1142038,46706,24.45,24.45,,"nominal dollars; gross operating cost = FIR Schedule C operating expenditure to 2008, Schedule C expense - Schedule E amortization from 2009 (accrual switch); net = gross - Schedule E sales and user charges; population StatCan 17-10-0155 July 1 estimates, 2021 boundaries; 2025 board membership applied to all years"
calgary,member,rocky_view,ring,fcss,2025,1107550,0,1107550,50260,22.04,22.04,,"nominal dollars; gross operating cost = FIR Schedule C operating expenditure to 2008, Schedule C expense - Schedule E amortization from 2009 (accrual switch); net = gross - Schedule E sales and user charges; population StatCan 17-10-0155 July 1 estimates, 2021 boundaries; 2025 board membership applied to all years"
calgary,member,rocky_view,ring,housing,2009,0,0,0,35855,0.0,0.0,,"nominal dollars; gross operating cost = FIR Schedule C operating expenditure to 2008, Schedule C expense - Schedule E amortization from 2009 (accrual switch); net = gross - Schedule E sales and user charges; population StatCan 17-10-0155 July 1 estimates, 2021 boundaries; 2025 board membership applied to all years"
calgary,member,rocky_view,ring,housing,2010,0,0,0,36432,0.0,0.0,,"nominal dollars; gross operating cost = FIR Schedule C operating expenditure to 2008, Schedule C expense - Schedule E amortization from 2009 (accrual switch); net = gross - Schedule E sales and user charges; population StatCan 17-10-0155 July 1 estimates, 2021 boundaries; 2025 board membership applied to all years"
calgary,member,rocky_view,ring,housing,2011,0,0,0,36812,0.0,0.0,,"nominal dollars; gross operating cost = FIR Schedule C operating expenditure to 2008, Schedule C expense - Schedule E amortization from 2009 (accrual switch); net = gross - Schedule E sales and user charges; population StatCan 17-10-0155 July 1 estimates, 2021 boundaries; 2025 board membership applied to all years"
calgary,member,rocky_view,ring,housing,2012,0,0,0,37383,0.0,0.0,,"nominal dollars; gross operating cost = FIR Schedule C operating expenditure to 2008, Schedule C expense - Schedule E amortization from 2009 (accrual switch); net = gross - Schedule E sales and user charges; population StatCan 17-10-0155 July 1 estimates, 2021 boundaries; 2025 board membership applied to all years"
calgary,member,rocky_view,ring,housing,2013,0,0,0,38252,0.0,0.0,,"nominal dollars; gross operating cost = FIR Schedule C operating expenditure to 2008, Schedule C expense - Schedule E amortization from 2009 (accrual switch); net = gross - Schedule E sales and user charges; population StatCan 17-10-0155 July 1 estimates, 2021 boundaries; 2025 board membership applied to all years"
calgary,member,rocky_view,ring,housing,2014,0,0,0,39141,0.0,0.0,,"nominal dollars; gross operating cost = FIR Schedule C operating expenditure to 2008, Schedule C expense - Schedule E amortization from 2009 (accrual switch); net = gross - Schedule E sales and user charges; population StatCan 17-10-0155 July 1 estimates, 2021 boundaries; 2025 board membership applied to all years"
calgary,member,rocky_view,ring,housing,2015,0,0,0,39675,0.0,0.0,,"nominal dollars; gross operating cost = FIR Schedule C operating expenditure to 2008, Schedule C expense - Schedule E amortization from 2009 (accrual switch); net = gross - Schedule E sales and user charges; population StatCan 17-10-0155 July 1 estimates, 2021 boundaries; 2025 board membership applied to all years"
calgary,member,rocky_view,ring,housing,2016,0,0,0,40373,0.0,0.0,,"nominal dollars; gross operating cost = FIR Schedule C operating expenditure to 2008, Schedule C expense - Schedule E amortization from 2009 (accrual switch); net = gross - Schedule E sales and user charges; population StatCan 17-10-0155 July 1 estimates, 2021 boundaries; 2025 board membership applied to all years"
calgary,member,rocky_view,ring,housing,2017,0,0,0,40815,0.0,0.0,,"nominal dollars; gross operating cost = FIR Schedule C operating expenditure to 2008, Schedule C expense - Schedule E amortization from 2009 (accrual switch); net = gross - Schedule E sales and user charges; population StatCan 17-10-0155 July 1 estimates, 2021 boundaries; 2025 board membership applied to all years"
calgary,member,rocky_view,ring,housing,2018,0,0,0,41227,0.0,0.0,,"nominal dollars; gross operating cost = FIR Schedule C operating expenditure to 2008, Schedule C expense - Schedule E amortization from 2009 (accrual switch); net = gross - Schedule E sales and user charges; population StatCan 17-10-0155 July 1 estimates, 2021 boundaries; 2025 board membership applied to all years"
calgary,member,rocky_view,ring,housing,2019,0,0,0,41653,0.0,0.0,,"nominal dollars; gross operating cost = FIR Schedule C operating expenditure to 2008, Schedule C expense - Schedule E amortization from 2009 (accrual switch); net = gross - Schedule E sales and user charges; population StatCan 17-10-0155 July 1 estimates, 2021 boundaries; 2025 board membership applied to all years"
calgary,member,rocky_view,ring,housing,2020,0,0,0,41891,0.0,0.0,,"nominal dollars; gross operating cost = FIR Schedule C operating expenditure to 2008, Schedule C expense - Schedule E amortization from 2009 (accrual switch); net = gross - Schedule E sales and user charges; population StatCan 17-10-0155 July 1 estimates, 2021 boundaries; 2025 board membership applied to all years"
calgary,member,rocky_view,ring,housing,2021,0,0,0,42378,0.0,0.0,,"nominal dollars; gross operating cost = FIR Schedule C operating expenditure to 2008, Schedule C expense - Schedule E amortization from 2009 (accrual switch); net = gross - Schedule E sales and user charges; population StatCan 17-10-0155 July 1 estimates, 2021 boundaries; 2025 board membership applied to all years"
calgary,member,rocky_view,ring,housing,2022,0,0,0,43731,0.0,0.0,,"nominal dollars; gross operating cost = FIR Schedule C operating expenditure to 2008, Schedule C expense - Schedule E amortization from 2009 (accrual switch); net = gross - Schedule E sales and user charges; population StatCan 17-10-0155 July 1 estimates, 2021 boundaries; 2025 board membership applied to all years"
calgary,member,rocky_view,ring,housing,2023,0,0,0,45102,0.0,0.0,,"nominal dollars; gross operating cost = FIR Schedule C operating expenditure to 2008, Schedule C expense - Schedule E amortization from 2009 (accrual switch); net = gross - Schedule E sales and user charges; population StatCan 17-10-0155 July 1 estimates, 2021 boundaries; 2025 board membership applied to all years"
calgary,member,rocky_view,ring,housing,2024,0,0,0,46706,0.0,0.0,,"nominal dollars; gross operating cost = FIR Schedule C operating expenditure to 2008, Schedule C expense - Schedule E amortization from 2009 (accrual switch); net = gross - Schedule E sales and user charges; population StatCan 17-10-0155 July 1 estimates, 2021 boundaries; 2025 board membership applied to all years"
calgary,member,rocky_view,ring,housing,2025,0,0,0,50260,0.0,0.0,,"nominal dollars; gross operating cost = FIR Schedule C operating expenditure to 2008, Schedule C expense - Schedule E amortization from 2009 (accrual switch); net = gross - Schedule E sales and user charges; population StatCan 17-10-0155 July 1 estimates, 2021 boundaries; 2025 board membership applied to all years"
calgary,side,core,core,police,2001,162862000,592000,162270000,904583,180.04,179.39,,"nominal dollars; gross operating cost = FIR Schedule C operating expenditure to 2008, Schedule C expense - Schedule E amortization from 2009 (accrual switch); net = gross - Schedule E sales and user charges; population StatCan 17-10-0155 July 1 estimates, 2021 boundaries; 2025 board membership applied to all years"
calgary,side,core,core,police,2002,193865000,586000,193279000,929934,208.47,207.84,,"nominal dollars; gross operating cost = FIR Schedule C operating expenditure to 2008, Schedule C expense - Schedule E amortization from 2009 (accrual switch); net = gross - Schedule E sales and user charges; population StatCan 17-10-0155 July 1 estimates, 2021 boundaries; 2025 board membership applied to all years"
calgary,side,core,core,police,2003,187037000,2172000,184865000,948052,197.29,194.99,,"nominal dollars; gross operating cost = FIR Schedule C operating expenditure to 2008, Schedule C expense - Schedule E amortization from 2009 (accrual switch); net = gross - Schedule E sales and user charges; population StatCan 17-10-0155 July 1 estimates, 2021 boundaries; 2025 board membership applied to all years"
calgary,side,core,core,police,2004,208395000,7414000,200981000,967624,215.37,207.71,,"nominal dollars; gross operating cost = FIR Schedule C operating expenditure to 2008, Schedule C expense - Schedule E amortization from 2009 (accrual switch); net = gross - Schedule E sales and user charges; population StatCan 17-10-0155 July 1 estimates, 2021 boundaries; 2025 board membership applied to all years"
calgary,side,core,core,police,2005,226182000,9134000,217048000,997202,226.82,217.66,,"nominal dollars; gross operating cost = FIR Schedule C operating expenditure to 2008, Schedule C expense - Schedule E amortization from 2009 (accrual switch); net = gross - Schedule E sales and user charges; population StatCan 17-10-0155 July 1 estimates, 2021 boundaries; 2025 board membership applied to all years"
calgary,side,core,core,police,2006,240695000,11863000,228832000,1028518,234.02,222.49,,"nominal dollars; gross operating cost = FIR Schedule C operating expenditure to 2008, Schedule C expense - Schedule E amortization from 2009 (accrual switch); net = gross - Schedule E sales and user charges; population StatCan 17-10-0155 July 1 estimates, 2021 boundaries; 2025 board membership applied to all years"
calgary,side,core,core,police,2007,254020000,12457000,241563000,1053086,241.21,229.39,,"nominal dollars; gross operating cost = FIR Schedule C operating expenditure to 2008, Schedule C expense - Schedule E amortization from 2009 (accrual switch); net = gross - Schedule E sales and user charges; population StatCan 17-10-0155 July 1 estimates, 2021 boundaries; 2025 board membership applied to all years"
calgary,side,core,core,police,2008,282318000,13909000,268409000,1080159,261.37,248.49,,"nominal dollars; gross operating cost = FIR Schedule C operating expenditure to 2008, Schedule C expense - Schedule E amortization from 2009 (accrual switch); net = gross - Schedule E sales and user charges; population StatCan 17-10-0155 July 1 estimates, 2021 boundaries; 2025 board membership applied to all years"
calgary,side,core,core,police,2009,316684000,15617000,301067000,1107714,285.89,271.79,,"nominal dollars; gross operating cost = FIR Schedule C operating expenditure to 2008, Schedule C expense - Schedule E amortization from 2009 (accrual switch); net = gross - Schedule E sales and user charges; population StatCan 17-10-0155 July 1 estimates, 2021 boundaries; 2025 board membership applied to all years"
calgary,side,core,core,police,2010,358416000,22110000,336306000,1122267,319.37,299.67,,"nominal dollars; gross operating cost = FIR Schedule C operating expenditure to 2008, Schedule C expense - Schedule E amortization from 2009 (accrual switch); net = gross - Schedule E sales and user charges; population StatCan 17-10-0155 July 1 estimates, 2021 boundaries; 2025 board membership applied to all years"
calgary,side,core,core,police,2011,371198000,17868000,353330000,1140743,325.4,309.74,,"nominal dollars; gross operating cost = FIR Schedule C operating expenditure to 2008, Schedule C expense - Schedule E amortization from 2009 (accrual switch); net = gross - Schedule E sales and user charges; population StatCan 17-10-0155 July 1 estimates, 2021 boundaries; 2025 board membership applied to all years"
calgary,side,core,core,police,2012,394640000,17854000,376786000,1170624,337.12,321.87,,"nominal dollars; gross operating cost = FIR Schedule C operating expenditure to 2008, Schedule C expense - Schedule E amortization from 2009 (accrual switch); net = gross - Schedule E sales and user charges; population StatCan 17-10-0155 July 1 estimates, 2021 boundaries; 2025 board membership applied to all years"
calgary,side,core,core,police,2013,416419000,19473000,396946000,1207705,344.8,328.68,,"nominal dollars; gross operating cost = FIR Schedule C operating expenditure to 2008, Schedule C expense - Schedule E amortization from 2009 (accrual switch); net = gross - Schedule E sales and user charges; population StatCan 17-10-0155 July 1 estimates, 2021 boundaries; 2025 board membership applied to all years"
calgary,side,core,core,police,2014,428788000,18294000,410494000,1241366,345.42,330.68,,"nominal dollars; gross operating cost = FIR Schedule C operating expenditure to 2008, Schedule C expense - Schedule E amortization from 2009 (accrual switch); net = gross - Schedule E sales and user charges; population StatCan 17-10-0155 July 1 estimates, 2021 boundaries; 2025 board membership applied to all years"
calgary,side,core,core,police,2015,455579000,18305000,437274000,1263636,360.53,346.04,,"nominal dollars; gross operating cost = FIR Schedule C operating expenditure to 2008, Schedule C expense - Schedule E amortization from 2009 (accrual switch); net = gross - Schedule E sales and user charges; population StatCan 17-10-0155 July 1 estimates, 2021 boundaries; 2025 board membership applied to all years"
calgary,side,core,core,police,2016,474546000,17788000,456758000,1278708,371.11,357.2,,"nominal dollars; gross operating cost = FIR Schedule C operating expenditure to 2008, Schedule C expense - Schedule E amortization from 2009 (accrual switch); net = gross - Schedule E sales and user charges; population StatCan 17-10-0155 July 1 estimates, 2021 boundaries; 2025 board membership applied to all years"
calgary,side,core,core,police,2017,489955000,17471000,472484000,1289970,379.82,366.28,,"nominal dollars; gross operating cost = FIR Schedule C operating expenditure to 2008, Schedule C expense - Schedule E amortization from 2009 (accrual switch); net = gross - Schedule E sales and user charges; population StatCan 17-10-0155 July 1 estimates, 2021 boundaries; 2025 board membership applied to all years"
calgary,side,core,core,police,2018,502509000,17969000,484540000,1306586,384.6,370.84,,"nominal dollars; gross operating cost = FIR Schedule C operating expenditure to 2008, Schedule C expense - Schedule E amortization from 2009 (accrual switch); net = gross - Schedule E sales and user charges; population StatCan 17-10-0155 July 1 estimates, 2021 boundaries; 2025 board membership applied to all years"
calgary,side,core,core,police,2019,498583000,18252000,480331000,1330058,374.86,361.14,,"nominal dollars; gross operating cost = FIR Schedule C operating expenditure to 2008, Schedule C expense - Schedule E amortization from 2009 (accrual switch); net = gross - Schedule E sales and user charges; population StatCan 17-10-0155 July 1 estimates, 2021 boundaries; 2025 board membership applied to all years"
calgary,side,core,core,police,2020,495688000,15821000,479867000,1351294,366.82,355.12,,"nominal dollars; gross operating cost = FIR Schedule C operating expenditure to 2008, Schedule C expense - Schedule E amortization from 2009 (accrual switch); net = gross - Schedule E sales and user charges; population StatCan 17-10-0155 July 1 estimates, 2021 boundaries; 2025 board membership applied to all years"
calgary,side,core,core,police,2021,502947000,22800000,480147000,1356293,370.82,354.01,,"nominal dollars; gross operating cost = FIR Schedule C operating expenditure to 2008, Schedule C expense - Schedule E amortization from 2009 (accrual switch); net = gross - Schedule E sales and user charges; population StatCan 17-10-0155 July 1 estimates, 2021 boundaries; 2025 board membership applied to all years"
calgary,side,core,core,police,2022,531819000,24766000,507053000,1395672,381.05,363.3,,"nominal dollars; gross operating cost = FIR Schedule C operating expenditure to 2008, Schedule C expense - Schedule E amortization from 2009 (accrual switch); net = gross - Schedule E sales and user charges; population StatCan 17-10-0155 July 1 estimates, 2021 boundaries; 2025 board membership applied to all years"
calgary,side,core,core,police,2023,593846000,27003000,566843000,1479763,401.31,383.06,,"nominal dollars; gross operating cost = FIR Schedule C operating expenditure to 2008, Schedule C expense - Schedule E amortization from 2009 (accrual switch); net = gross - Schedule E sales and user charges; population StatCan 17-10-0155 July 1 estimates, 2021 boundaries; 2025 board membership applied to all years"
calgary,side,core,core,police,2024,614450000,26406000,588044000,1573009,390.62,373.83,,"nominal dollars; gross operating cost = FIR Schedule C operating expenditure to 2008, Schedule C expense - Schedule E amortization from 2009 (accrual switch); net = gross - Schedule E sales and user charges; population StatCan 17-10-0155 July 1 estimates, 2021 boundaries; 2025 board membership applied to all years"
calgary,side,core,core,police,2025,675136000,27825000,647311000,1612834,418.6,401.35,,"nominal dollars; gross operating cost = FIR Schedule C operating expenditure to 2008, Schedule C expense - Schedule E amortization from 2009 (accrual switch); net = gross - Schedule E sales and user charges; population StatCan 17-10-0155 July 1 estimates, 2021 boundaries; 2025 board membership applied to all years"
calgary,side,core,core,transit,2001,150332000,60651000,89681000,904583,166.19,99.14,,"nominal dollars; gross operating cost = FIR Schedule C operating expenditure to 2008, Schedule C expense - Schedule E amortization from 2009 (accrual switch); net = gross - Schedule E sales and user charges; population StatCan 17-10-0155 July 1 estimates, 2021 boundaries; 2025 board membership applied to all years"
calgary,side,core,core,transit,2002,166824000,79309000,87515000,929934,179.39,94.11,,"nominal dollars; gross operating cost = FIR Schedule C operating expenditure to 2008, Schedule C expense - Schedule E amortization from 2009 (accrual switch); net = gross - Schedule E sales and user charges; population StatCan 17-10-0155 July 1 estimates, 2021 boundaries; 2025 board membership applied to all years"
calgary,side,core,core,transit,2003,177793000,88447000,89346000,948052,187.54,94.24,,"nominal dollars; gross operating cost = FIR Schedule C operating expenditure to 2008, Schedule C expense - Schedule E amortization from 2009 (accrual switch); net = gross - Schedule E sales and user charges; population StatCan 17-10-0155 July 1 estimates, 2021 boundaries; 2025 board membership applied to all years"
calgary,side,core,core,transit,2004,177189000,92413000,84776000,967624,183.12,87.61,,"nominal dollars; gross operating cost = FIR Schedule C operating expenditure to 2008, Schedule C expense - Schedule E amortization from 2009 (accrual switch); net = gross - Schedule E sales and user charges; population StatCan 17-10-0155 July 1 estimates, 2021 boundaries; 2025 board membership applied to all years"
calgary,side,core,core,transit,2005,205927000,98479000,107448000,997202,206.5,107.75,,"nominal dollars; gross operating cost = FIR Schedule C operating expenditure to 2008, Schedule C expense - Schedule E amortization from 2009 (accrual switch); net = gross - Schedule E sales and user charges; population StatCan 17-10-0155 July 1 estimates, 2021 boundaries; 2025 board membership applied to all years"
calgary,side,core,core,transit,2006,211245000,117524000,93721000,1028518,205.39,91.12,,"nominal dollars; gross operating cost = FIR Schedule C operating expenditure to 2008, Schedule C expense - Schedule E amortization from 2009 (accrual switch); net = gross - Schedule E sales and user charges; population StatCan 17-10-0155 July 1 estimates, 2021 boundaries; 2025 board membership applied to all years"
calgary,side,core,core,transit,2007,246839000,122675000,124164000,1053086,234.4,117.9,,"nominal dollars; gross operating cost = FIR Schedule C operating expenditure to 2008, Schedule C expense - Schedule E amortization from 2009 (accrual switch); net = gross - Schedule E sales and user charges; population StatCan 17-10-0155 July 1 estimates, 2021 boundaries; 2025 board membership applied to all years"
calgary,side,core,core,transit,2008,279795000,134905000,144890000,1080159,259.03,134.14,,"nominal dollars; gross operating cost = FIR Schedule C operating expenditure to 2008, Schedule C expense - Schedule E amortization from 2009 (accrual switch); net = gross - Schedule E sales and user charges; population StatCan 17-10-0155 July 1 estimates, 2021 boundaries; 2025 board membership applied to all years"
calgary,side,core,core,transit,2009,295633000,144115000,151518000,1107714,266.89,136.78,,"nominal dollars; gross operating cost = FIR Schedule C operating expenditure to 2008, Schedule C expense - Schedule E amortization from 2009 (accrual switch); net = gross - Schedule E sales and user charges; population StatCan 17-10-0155 July 1 estimates, 2021 boundaries; 2025 board membership applied to all years"
calgary,side,core,core,transit,2010,310789000,150463000,160326000,1122267,276.93,142.86,,"nominal dollars; gross operating cost = FIR Schedule C operating expenditure to 2008, Schedule C expense - Schedule E amortization from 2009 (accrual switch); net = gross - Schedule E sales and user charges; population StatCan 17-10-0155 July 1 estimates, 2021 boundaries; 2025 board membership applied to all years"
calgary,side,core,core,transit,2011,305751000,151887000,153864000,1140743,268.03,134.88,,"nominal dollars; gross operating cost = FIR Schedule C operating expenditure to 2008, Schedule C expense - Schedule E amortization from 2009 (accrual switch); net = gross - Schedule E sales and user charges; population StatCan 17-10-0155 July 1 estimates, 2021 boundaries; 2025 board membership applied to all years"
calgary,side,core,core,transit,2012,326942000,169914000,157028000,1170624,279.29,134.14,,"nominal dollars; gross operating cost = FIR Schedule C operating expenditure to 2008, Schedule C expense - Schedule E amortization from 2009 (accrual switch); net = gross - Schedule E sales and user charges; population StatCan 17-10-0155 July 1 estimates, 2021 boundaries; 2025 board membership applied to all years"
calgary,side,core,core,transit,2013,357270000,186493000,170777000,1207705,295.83,141.41,,"nominal dollars; gross operating cost = FIR Schedule C operating expenditure to 2008, Schedule C expense - Schedule E amortization from 2009 (accrual switch); net = gross - Schedule E sales and user charges; population StatCan 17-10-0155 July 1 estimates, 2021 boundaries; 2025 board membership applied to all years"
calgary,side,core,core,transit,2014,369185000,191171000,178014000,1241366,297.4,143.4,,"nominal dollars; gross operating cost = FIR Schedule C operating expenditure to 2008, Schedule C expense - Schedule E amortization from 2009 (accrual switch); net = gross - Schedule E sales and user charges; population StatCan 17-10-0155 July 1 estimates, 2021 boundaries; 2025 board membership applied to all years"
calgary,side,core,core,transit,2015,392947000,196183000,196764000,1263636,310.97,155.71,,"nominal dollars; gross operating cost = FIR Schedule C operating expenditure to 2008, Schedule C expense - Schedule E amortization from 2009 (accrual switch); net = gross - Schedule E sales and user charges; population StatCan 17-10-0155 July 1 estimates, 2021 boundaries; 2025 board membership applied to all years"
calgary,side,core,core,transit,2016,396448000,175990000,220458000,1278708,310.04,172.41,,"nominal dollars; gross operating cost = FIR Schedule C operating expenditure to 2008, Schedule C expense - Schedule E amortization from 2009 (accrual switch); net = gross - Schedule E sales and user charges; population StatCan 17-10-0155 July 1 estimates, 2021 boundaries; 2025 board membership applied to all years"
calgary,side,core,core,transit,2017,399186000,173544000,225642000,1289970,309.45,174.92,,"nominal dollars; gross operating cost = FIR Schedule C operating expenditure to 2008, Schedule C expense - Schedule E amortization from 2009 (accrual switch); net = gross - Schedule E sales and user charges; population StatCan 17-10-0155 July 1 estimates, 2021 boundaries; 2025 board membership applied to all years"
calgary,side,core,core,transit,2018,397746000,176963000,220783000,1306586,304.42,168.98,,"nominal dollars; gross operating cost = FIR Schedule C operating expenditure to 2008, Schedule C expense - Schedule E amortization from 2009 (accrual switch); net = gross - Schedule E sales and user charges; population StatCan 17-10-0155 July 1 estimates, 2021 boundaries; 2025 board membership applied to all years"
calgary,side,core,core,transit,2019,438883000,181210000,257673000,1330058,329.97,193.73,,"nominal dollars; gross operating cost = FIR Schedule C operating expenditure to 2008, Schedule C expense - Schedule E amortization from 2009 (accrual switch); net = gross - Schedule E sales and user charges; population StatCan 17-10-0155 July 1 estimates, 2021 boundaries; 2025 board membership applied to all years"
calgary,side,core,core,transit,2020,366739000,87332000,279407000,1351294,271.4,206.77,,"nominal dollars; gross operating cost = FIR Schedule C operating expenditure to 2008, Schedule C expense - Schedule E amortization from 2009 (accrual switch); net = gross - Schedule E sales and user charges; population StatCan 17-10-0155 July 1 estimates, 2021 boundaries; 2025 board membership applied to all years"
calgary,side,core,core,transit,2021,382122000,79480000,302642000,1356293,281.74,223.14,,"nominal dollars; gross operating cost = FIR Schedule C operating expenditure to 2008, Schedule C expense - Schedule E amortization from 2009 (accrual switch); net = gross - Schedule E sales and user charges; population StatCan 17-10-0155 July 1 estimates, 2021 boundaries; 2025 board membership applied to all years"
calgary,side,core,core,transit,2022,434237000,116590000,317647000,1395672,311.13,227.59,,"nominal dollars; gross operating cost = FIR Schedule C operating expenditure to 2008, Schedule C expense - Schedule E amortization from 2009 (accrual switch); net = gross - Schedule E sales and user charges; population StatCan 17-10-0155 July 1 estimates, 2021 boundaries; 2025 board membership applied to all years"
calgary,side,core,core,transit,2023,506658000,142066000,364592000,1479763,342.39,246.39,,"nominal dollars; gross operating cost = FIR Schedule C operating expenditure to 2008, Schedule C expense - Schedule E amortization from 2009 (accrual switch); net = gross - Schedule E sales and user charges; population StatCan 17-10-0155 July 1 estimates, 2021 boundaries; 2025 board membership applied to all years"
calgary,side,core,core,transit,2024,564741000,151959000,412782000,1573009,359.02,262.42,,"nominal dollars; gross operating cost = FIR Schedule C operating expenditure to 2008, Schedule C expense - Schedule E amortization from 2009 (accrual switch); net = gross - Schedule E sales and user charges; population StatCan 17-10-0155 July 1 estimates, 2021 boundaries; 2025 board membership applied to all years"
calgary,side,core,core,transit,2025,606567000,159624000,446943000,1612834,376.09,277.12,,"nominal dollars; gross operating cost = FIR Schedule C operating expenditure to 2008, Schedule C expense - Schedule E amortization from 2009 (accrual switch); net = gross - Schedule E sales and user charges; population StatCan 17-10-0155 July 1 estimates, 2021 boundaries; 2025 board membership applied to all years"
calgary,side,core,core,fcss,2001,35815000,32000,35783000,904583,39.59,39.56,,"nominal dollars; gross operating cost = FIR Schedule C operating expenditure to 2008, Schedule C expense - Schedule E amortization from 2009 (accrual switch); net = gross - Schedule E sales and user charges; population StatCan 17-10-0155 July 1 estimates, 2021 boundaries; 2025 board membership applied to all years"
calgary,side,core,core,fcss,2002,38890000,44000,38846000,929934,41.82,41.77,,"nominal dollars; gross operating cost = FIR Schedule C operating expenditure to 2008, Schedule C expense - Schedule E amortization from 2009 (accrual switch); net = gross - Schedule E sales and user charges; population StatCan 17-10-0155 July 1 estimates, 2021 boundaries; 2025 board membership applied to all years"
calgary,side,core,core,fcss,2003,45455000,19000,45436000,948052,47.95,47.93,,"nominal dollars; gross operating cost = FIR Schedule C operating expenditure to 2008, Schedule C expense - Schedule E amortization from 2009 (accrual switch); net = gross - Schedule E sales and user charges; population StatCan 17-10-0155 July 1 estimates, 2021 boundaries; 2025 board membership applied to all years"
calgary,side,core,core,fcss,2004,47244000,0,47244000,967624,48.82,48.82,,"nominal dollars; gross operating cost = FIR Schedule C operating expenditure to 2008, Schedule C expense - Schedule E amortization from 2009 (accrual switch); net = gross - Schedule E sales and user charges; population StatCan 17-10-0155 July 1 estimates, 2021 boundaries; 2025 board membership applied to all years"
calgary,side,core,core,fcss,2005,48379000,13000,48366000,997202,48.51,48.5,,"nominal dollars; gross operating cost = FIR Schedule C operating expenditure to 2008, Schedule C expense - Schedule E amortization from 2009 (accrual switch); net = gross - Schedule E sales and user charges; population StatCan 17-10-0155 July 1 estimates, 2021 boundaries; 2025 board membership applied to all years"
calgary,side,core,core,fcss,2006,46081000,433000,45648000,1028518,44.8,44.38,,"nominal dollars; gross operating cost = FIR Schedule C operating expenditure to 2008, Schedule C expense - Schedule E amortization from 2009 (accrual switch); net = gross - Schedule E sales and user charges; population StatCan 17-10-0155 July 1 estimates, 2021 boundaries; 2025 board membership applied to all years"
calgary,side,core,core,fcss,2007,47859000,64000,47795000,1053086,45.45,45.39,,"nominal dollars; gross operating cost = FIR Schedule C operating expenditure to 2008, Schedule C expense - Schedule E amortization from 2009 (accrual switch); net = gross - Schedule E sales and user charges; population StatCan 17-10-0155 July 1 estimates, 2021 boundaries; 2025 board membership applied to all years"
calgary,side,core,core,fcss,2008,50856000,491000,50365000,1080159,47.08,46.63,,"nominal dollars; gross operating cost = FIR Schedule C operating expenditure to 2008, Schedule C expense - Schedule E amortization from 2009 (accrual switch); net = gross - Schedule E sales and user charges; population StatCan 17-10-0155 July 1 estimates, 2021 boundaries; 2025 board membership applied to all years"
calgary,side,core,core,fcss,2009,49669000,14000,49655000,1107714,44.84,44.83,,"nominal dollars; gross operating cost = FIR Schedule C operating expenditure to 2008, Schedule C expense - Schedule E amortization from 2009 (accrual switch); net = gross - Schedule E sales and user charges; population StatCan 17-10-0155 July 1 estimates, 2021 boundaries; 2025 board membership applied to all years"
calgary,side,core,core,fcss,2010,51920000,116000,51804000,1122267,46.26,46.16,,"nominal dollars; gross operating cost = FIR Schedule C operating expenditure to 2008, Schedule C expense - Schedule E amortization from 2009 (accrual switch); net = gross - Schedule E sales and user charges; population StatCan 17-10-0155 July 1 estimates, 2021 boundaries; 2025 board membership applied to all years"
calgary,side,core,core,fcss,2011,57335000,20000,57315000,1140743,50.26,50.24,,"nominal dollars; gross operating cost = FIR Schedule C operating expenditure to 2008, Schedule C expense - Schedule E amortization from 2009 (accrual switch); net = gross - Schedule E sales and user charges; population StatCan 17-10-0155 July 1 estimates, 2021 boundaries; 2025 board membership applied to all years"
calgary,side,core,core,fcss,2012,55637000,19000,55618000,1170624,47.53,47.51,,"nominal dollars; gross operating cost = FIR Schedule C operating expenditure to 2008, Schedule C expense - Schedule E amortization from 2009 (accrual switch); net = gross - Schedule E sales and user charges; population StatCan 17-10-0155 July 1 estimates, 2021 boundaries; 2025 board membership applied to all years"
calgary,side,core,core,fcss,2013,62379000,70000,62309000,1207705,51.65,51.59,,"nominal dollars; gross operating cost = FIR Schedule C operating expenditure to 2008, Schedule C expense - Schedule E amortization from 2009 (accrual switch); net = gross - Schedule E sales and user charges; population StatCan 17-10-0155 July 1 estimates, 2021 boundaries; 2025 board membership applied to all years"
calgary,side,core,core,fcss,2014,62623000,15000,62608000,1241366,50.45,50.43,,"nominal dollars; gross operating cost = FIR Schedule C operating expenditure to 2008, Schedule C expense - Schedule E amortization from 2009 (accrual switch); net = gross - Schedule E sales and user charges; population StatCan 17-10-0155 July 1 estimates, 2021 boundaries; 2025 board membership applied to all years"
calgary,side,core,core,fcss,2015,66919000,22000,66897000,1263636,52.96,52.94,,"nominal dollars; gross operating cost = FIR Schedule C operating expenditure to 2008, Schedule C expense - Schedule E amortization from 2009 (accrual switch); net = gross - Schedule E sales and user charges; population StatCan 17-10-0155 July 1 estimates, 2021 boundaries; 2025 board membership applied to all years"
calgary,side,core,core,fcss,2016,90792000,-4000,90796000,1278708,71.0,71.01,,"nominal dollars; gross operating cost = FIR Schedule C operating expenditure to 2008, Schedule C expense - Schedule E amortization from 2009 (accrual switch); net = gross - Schedule E sales and user charges; population StatCan 17-10-0155 July 1 estimates, 2021 boundaries; 2025 board membership applied to all years"
calgary,side,core,core,fcss,2017,97246000,4000,97242000,1289970,75.39,75.38,,"nominal dollars; gross operating cost = FIR Schedule C operating expenditure to 2008, Schedule C expense - Schedule E amortization from 2009 (accrual switch); net = gross - Schedule E sales and user charges; population StatCan 17-10-0155 July 1 estimates, 2021 boundaries; 2025 board membership applied to all years"
calgary,side,core,core,fcss,2018,97874000,1000,97873000,1306586,74.91,74.91,,"nominal dollars; gross operating cost = FIR Schedule C operating expenditure to 2008, Schedule C expense - Schedule E amortization from 2009 (accrual switch); net = gross - Schedule E sales and user charges; population StatCan 17-10-0155 July 1 estimates, 2021 boundaries; 2025 board membership applied to all years"
calgary,side,core,core,fcss,2019,92874000,0,92874000,1330058,69.83,69.83,,"nominal dollars; gross operating cost = FIR Schedule C operating expenditure to 2008, Schedule C expense - Schedule E amortization from 2009 (accrual switch); net = gross - Schedule E sales and user charges; population StatCan 17-10-0155 July 1 estimates, 2021 boundaries; 2025 board membership applied to all years"
calgary,side,core,core,fcss,2020,91054000,12000,91042000,1351294,67.38,67.37,,"nominal dollars; gross operating cost = FIR Schedule C operating expenditure to 2008, Schedule C expense - Schedule E amortization from 2009 (accrual switch); net = gross - Schedule E sales and user charges; population StatCan 17-10-0155 July 1 estimates, 2021 boundaries; 2025 board membership applied to all years"
calgary,side,core,core,fcss,2021,107939000,9000,107930000,1356293,79.58,79.58,,"nominal dollars; gross operating cost = FIR Schedule C operating expenditure to 2008, Schedule C expense - Schedule E amortization from 2009 (accrual switch); net = gross - Schedule E sales and user charges; population StatCan 17-10-0155 July 1 estimates, 2021 boundaries; 2025 board membership applied to all years"
calgary,side,core,core,fcss,2022,212462000,390000,212072000,1395672,152.23,151.95,,"nominal dollars; gross operating cost = FIR Schedule C operating expenditure to 2008, Schedule C expense - Schedule E amortization from 2009 (accrual switch); net = gross - Schedule E sales and user charges; population StatCan 17-10-0155 July 1 estimates, 2021 boundaries; 2025 board membership applied to all years"
calgary,side,core,core,fcss,2023,164150000,-91000,164241000,1479763,110.93,110.99,,"nominal dollars; gross operating cost = FIR Schedule C operating expenditure to 2008, Schedule C expense - Schedule E amortization from 2009 (accrual switch); net = gross - Schedule E sales and user charges; population StatCan 17-10-0155 July 1 estimates, 2021 boundaries; 2025 board membership applied to all years"
calgary,side,core,core,fcss,2024,114991000,1516000,113475000,1573009,73.1,72.14,,"nominal dollars; gross operating cost = FIR Schedule C operating expenditure to 2008, Schedule C expense - Schedule E amortization from 2009 (accrual switch); net = gross - Schedule E sales and user charges; population StatCan 17-10-0155 July 1 estimates, 2021 boundaries; 2025 board membership applied to all years"
calgary,side,core,core,fcss,2025,222862000,565000,222297000,1612834,138.18,137.83,,"nominal dollars; gross operating cost = FIR Schedule C operating expenditure to 2008, Schedule C expense - Schedule E amortization from 2009 (accrual switch); net = gross - Schedule E sales and user charges; population StatCan 17-10-0155 July 1 estimates, 2021 boundaries; 2025 board membership applied to all years"
calgary,side,core,core,housing,2009,123627000,0,123627000,1107714,111.61,111.61,,"nominal dollars; gross operating cost = FIR Schedule C operating expenditure to 2008, Schedule C expense - Schedule E amortization from 2009 (accrual switch); net = gross - Schedule E sales and user charges; population StatCan 17-10-0155 July 1 estimates, 2021 boundaries; 2025 board membership applied to all years"
calgary,side,core,core,housing,2010,112150000,0,112150000,1122267,99.93,99.93,,"nominal dollars; gross operating cost = FIR Schedule C operating expenditure to 2008, Schedule C expense - Schedule E amortization from 2009 (accrual switch); net = gross - Schedule E sales and user charges; population StatCan 17-10-0155 July 1 estimates, 2021 boundaries; 2025 board membership applied to all years"
calgary,side,core,core,housing,2011,98045000,0,98045000,1140743,85.95,85.95,,"nominal dollars; gross operating cost = FIR Schedule C operating expenditure to 2008, Schedule C expense - Schedule E amortization from 2009 (accrual switch); net = gross - Schedule E sales and user charges; population StatCan 17-10-0155 July 1 estimates, 2021 boundaries; 2025 board membership applied to all years"
calgary,side,core,core,housing,2012,103227000,0,103227000,1170624,88.18,88.18,,"nominal dollars; gross operating cost = FIR Schedule C operating expenditure to 2008, Schedule C expense - Schedule E amortization from 2009 (accrual switch); net = gross - Schedule E sales and user charges; population StatCan 17-10-0155 July 1 estimates, 2021 boundaries; 2025 board membership applied to all years"
calgary,side,core,core,housing,2013,117843000,0,117843000,1207705,97.58,97.58,,"nominal dollars; gross operating cost = FIR Schedule C operating expenditure to 2008, Schedule C expense - Schedule E amortization from 2009 (accrual switch); net = gross - Schedule E sales and user charges; population StatCan 17-10-0155 July 1 estimates, 2021 boundaries; 2025 board membership applied to all years"
calgary,side,core,core,housing,2014,115214000,0,115214000,1241366,92.81,92.81,,"nominal dollars; gross operating cost = FIR Schedule C operating expenditure to 2008, Schedule C expense - Schedule E amortization from 2009 (accrual switch); net = gross - Schedule E sales and user charges; population StatCan 17-10-0155 July 1 estimates, 2021 boundaries; 2025 board membership applied to all years"
calgary,side,core,core,housing,2015,130654000,0,130654000,1263636,103.4,103.4,,"nominal dollars; gross operating cost = FIR Schedule C operating expenditure to 2008, Schedule C expense - Schedule E amortization from 2009 (accrual switch); net = gross - Schedule E sales and user charges; population StatCan 17-10-0155 July 1 estimates, 2021 boundaries; 2025 board membership applied to all years"
calgary,side,core,core,housing,2016,26280000,0,26280000,1278708,20.55,20.55,,"nominal dollars; gross operating cost = FIR Schedule C operating expenditure to 2008, Schedule C expense - Schedule E amortization from 2009 (accrual switch); net = gross - Schedule E sales and user charges; population StatCan 17-10-0155 July 1 estimates, 2021 boundaries; 2025 board membership applied to all years"
calgary,side,core,core,housing,2017,107555000,0,107555000,1289970,83.38,83.38,,"nominal dollars; gross operating cost = FIR Schedule C operating expenditure to 2008, Schedule C expense - Schedule E amortization from 2009 (accrual switch); net = gross - Schedule E sales and user charges; population StatCan 17-10-0155 July 1 estimates, 2021 boundaries; 2025 board membership applied to all years"
calgary,side,core,core,housing,2018,106047000,0,106047000,1306586,81.16,81.16,,"nominal dollars; gross operating cost = FIR Schedule C operating expenditure to 2008, Schedule C expense - Schedule E amortization from 2009 (accrual switch); net = gross - Schedule E sales and user charges; population StatCan 17-10-0155 July 1 estimates, 2021 boundaries; 2025 board membership applied to all years"
calgary,side,core,core,housing,2019,109272000,0,109272000,1330058,82.16,82.16,,"nominal dollars; gross operating cost = FIR Schedule C operating expenditure to 2008, Schedule C expense - Schedule E amortization from 2009 (accrual switch); net = gross - Schedule E sales and user charges; population StatCan 17-10-0155 July 1 estimates, 2021 boundaries; 2025 board membership applied to all years"
calgary,side,core,core,housing,2020,102649000,14902000,87747000,1351294,75.96,64.94,,"nominal dollars; gross operating cost = FIR Schedule C operating expenditure to 2008, Schedule C expense - Schedule E amortization from 2009 (accrual switch); net = gross - Schedule E sales and user charges; population StatCan 17-10-0155 July 1 estimates, 2021 boundaries; 2025 board membership applied to all years"
calgary,side,core,core,housing,2021,104972000,12194000,92778000,1356293,77.4,68.41,,"nominal dollars; gross operating cost = FIR Schedule C operating expenditure to 2008, Schedule C expense - Schedule E amortization from 2009 (accrual switch); net = gross - Schedule E sales and user charges; population StatCan 17-10-0155 July 1 estimates, 2021 boundaries; 2025 board membership applied to all years"
calgary,side,core,core,housing,2022,19711000,19732000,-21000,1395672,14.12,-0.02,,"nominal dollars; gross operating cost = FIR Schedule C operating expenditure to 2008, Schedule C expense - Schedule E amortization from 2009 (accrual switch); net = gross - Schedule E sales and user charges; population StatCan 17-10-0155 July 1 estimates, 2021 boundaries; 2025 board membership applied to all years"
calgary,side,core,core,housing,2023,106528000,4557000,101971000,1479763,71.99,68.91,,"nominal dollars; gross operating cost = FIR Schedule C operating expenditure to 2008, Schedule C expense - Schedule E amortization from 2009 (accrual switch); net = gross - Schedule E sales and user charges; population StatCan 17-10-0155 July 1 estimates, 2021 boundaries; 2025 board membership applied to all years"
calgary,side,core,core,housing,2024,117137000,675000,116462000,1573009,74.47,74.04,,"nominal dollars; gross operating cost = FIR Schedule C operating expenditure to 2008, Schedule C expense - Schedule E amortization from 2009 (accrual switch); net = gross - Schedule E sales and user charges; population StatCan 17-10-0155 July 1 estimates, 2021 boundaries; 2025 board membership applied to all years"
calgary,side,core,core,housing,2025,128736000,0,128736000,1612834,79.82,79.82,,"nominal dollars; gross operating cost = FIR Schedule C operating expenditure to 2008, Schedule C expense - Schedule E amortization from 2009 (accrual switch); net = gross - Schedule E sales and user charges; population StatCan 17-10-0155 July 1 estimates, 2021 boundaries; 2025 board membership applied to all years"
calgary,side,ring,ring,police,2001,4159298,104564,4054734,60191,69.1,67.36,foothills|rocky_view,"nominal dollars; gross operating cost = FIR Schedule C operating expenditure to 2008, Schedule C expense - Schedule E amortization from 2009 (accrual switch); net = gross - Schedule E sales and user charges; population StatCan 17-10-0155 July 1 estimates, 2021 boundaries; 2025 board membership applied to all years"
calgary,side,ring,ring,police,2002,4232362,103049,4129313,64824,65.29,63.7,foothills|rocky_view,"nominal dollars; gross operating cost = FIR Schedule C operating expenditure to 2008, Schedule C expense - Schedule E amortization from 2009 (accrual switch); net = gross - Schedule E sales and user charges; population StatCan 17-10-0155 July 1 estimates, 2021 boundaries; 2025 board membership applied to all years"
calgary,side,ring,ring,police,2003,5263544,128586,5134958,69065,76.21,74.35,foothills|rocky_view,"nominal dollars; gross operating cost = FIR Schedule C operating expenditure to 2008, Schedule C expense - Schedule E amortization from 2009 (accrual switch); net = gross - Schedule E sales and user charges; population StatCan 17-10-0155 July 1 estimates, 2021 boundaries; 2025 board membership applied to all years"
calgary,side,ring,ring,police,2004,5753429,108360,5645069,73543,78.23,76.76,foothills|rocky_view,"nominal dollars; gross operating cost = FIR Schedule C operating expenditure to 2008, Schedule C expense - Schedule E amortization from 2009 (accrual switch); net = gross - Schedule E sales and user charges; population StatCan 17-10-0155 July 1 estimates, 2021 boundaries; 2025 board membership applied to all years"
calgary,side,ring,ring,police,2005,5945326,148831,5796495,78855,75.4,73.51,foothills|rocky_view,"nominal dollars; gross operating cost = FIR Schedule C operating expenditure to 2008, Schedule C expense - Schedule E amortization from 2009 (accrual switch); net = gross - Schedule E sales and user charges; population StatCan 17-10-0155 July 1 estimates, 2021 boundaries; 2025 board membership applied to all years"
calgary,side,ring,ring,police,2006,6602685,141093,6461592,84735,77.92,76.26,foothills|rocky_view,"nominal dollars; gross operating cost = FIR Schedule C operating expenditure to 2008, Schedule C expense - Schedule E amortization from 2009 (accrual switch); net = gross - Schedule E sales and user charges; population StatCan 17-10-0155 July 1 estimates, 2021 boundaries; 2025 board membership applied to all years"
calgary,side,ring,ring,police,2007,8684053,70944,8613109,91593,94.81,94.04,foothills|rocky_view,"nominal dollars; gross operating cost = FIR Schedule C operating expenditure to 2008, Schedule C expense - Schedule E amortization from 2009 (accrual switch); net = gross - Schedule E sales and user charges; population StatCan 17-10-0155 July 1 estimates, 2021 boundaries; 2025 board membership applied to all years"
calgary,side,ring,ring,police,2008,10414493,38990,10375503,98087,106.18,105.78,foothills|rocky_view,"nominal dollars; gross operating cost = FIR Schedule C operating expenditure to 2008, Schedule C expense - Schedule E amortization from 2009 (accrual switch); net = gross - Schedule E sales and user charges; population StatCan 17-10-0155 July 1 estimates, 2021 boundaries; 2025 board membership applied to all years"
calgary,side,ring,ring,police,2009,11414152,1031490,10382662,105237,108.46,98.66,foothills|rocky_view,"nominal dollars; gross operating cost = FIR Schedule C operating expenditure to 2008, Schedule C expense - Schedule E amortization from 2009 (accrual switch); net = gross - Schedule E sales and user charges; population StatCan 17-10-0155 July 1 estimates, 2021 boundaries; 2025 board membership applied to all years"
calgary,side,ring,ring,police,2010,11631226,972297,10658929,112157,103.7,95.04,foothills|rocky_view,"nominal dollars; gross operating cost = FIR Schedule C operating expenditure to 2008, Schedule C expense - Schedule E amortization from 2009 (accrual switch); net = gross - Schedule E sales and user charges; population StatCan 17-10-0155 July 1 estimates, 2021 boundaries; 2025 board membership applied to all years"
calgary,side,ring,ring,police,2011,13407737,862065,12545672,118102,113.53,106.23,foothills|rocky_view,"nominal dollars; gross operating cost = FIR Schedule C operating expenditure to 2008, Schedule C expense - Schedule E amortization from 2009 (accrual switch); net = gross - Schedule E sales and user charges; population StatCan 17-10-0155 July 1 estimates, 2021 boundaries; 2025 board membership applied to all years"
calgary,side,ring,ring,police,2012,15907659,992036,14915623,124757,127.51,119.56,foothills|rocky_view,"nominal dollars; gross operating cost = FIR Schedule C operating expenditure to 2008, Schedule C expense - Schedule E amortization from 2009 (accrual switch); net = gross - Schedule E sales and user charges; population StatCan 17-10-0155 July 1 estimates, 2021 boundaries; 2025 board membership applied to all years"
calgary,side,ring,ring,police,2013,16570802,1434220,15136582,132017,125.52,114.66,foothills|rocky_view,"nominal dollars; gross operating cost = FIR Schedule C operating expenditure to 2008, Schedule C expense - Schedule E amortization from 2009 (accrual switch); net = gross - Schedule E sales and user charges; population StatCan 17-10-0155 July 1 estimates, 2021 boundaries; 2025 board membership applied to all years"
calgary,side,ring,ring,police,2014,17028510,1718684,15309826,140152,121.5,109.24,foothills|rocky_view,"nominal dollars; gross operating cost = FIR Schedule C operating expenditure to 2008, Schedule C expense - Schedule E amortization from 2009 (accrual switch); net = gross - Schedule E sales and user charges; population StatCan 17-10-0155 July 1 estimates, 2021 boundaries; 2025 board membership applied to all years"
calgary,side,ring,ring,police,2015,18723243,1016416,17706827,148177,126.36,119.5,foothills|rocky_view,"nominal dollars; gross operating cost = FIR Schedule C operating expenditure to 2008, Schedule C expense - Schedule E amortization from 2009 (accrual switch); net = gross - Schedule E sales and user charges; population StatCan 17-10-0155 July 1 estimates, 2021 boundaries; 2025 board membership applied to all years"
calgary,side,ring,ring,police,2016,21114918,657157,20457761,155209,136.04,131.81,foothills|rocky_view,"nominal dollars; gross operating cost = FIR Schedule C operating expenditure to 2008, Schedule C expense - Schedule E amortization from 2009 (accrual switch); net = gross - Schedule E sales and user charges; population StatCan 17-10-0155 July 1 estimates, 2021 boundaries; 2025 board membership applied to all years"
calgary,side,ring,ring,police,2017,22810285,928436,21881849,160714,141.93,136.15,foothills|rocky_view,"nominal dollars; gross operating cost = FIR Schedule C operating expenditure to 2008, Schedule C expense - Schedule E amortization from 2009 (accrual switch); net = gross - Schedule E sales and user charges; population StatCan 17-10-0155 July 1 estimates, 2021 boundaries; 2025 board membership applied to all years"
calgary,side,ring,ring,police,2018,25079235,1551440,23527795,165433,151.6,142.22,foothills|rocky_view,"nominal dollars; gross operating cost = FIR Schedule C operating expenditure to 2008, Schedule C expense - Schedule E amortization from 2009 (accrual switch); net = gross - Schedule E sales and user charges; population StatCan 17-10-0155 July 1 estimates, 2021 boundaries; 2025 board membership applied to all years"
calgary,side,ring,ring,police,2019,27370016,1961213,25408803,169824,161.17,149.62,foothills|rocky_view,"nominal dollars; gross operating cost = FIR Schedule C operating expenditure to 2008, Schedule C expense - Schedule E amortization from 2009 (accrual switch); net = gross - Schedule E sales and user charges; population StatCan 17-10-0155 July 1 estimates, 2021 boundaries; 2025 board membership applied to all years"
calgary,side,ring,ring,police,2020,26964639,1009430,25955209,173899,155.06,149.25,foothills|rocky_view,"nominal dollars; gross operating cost = FIR Schedule C operating expenditure to 2008, Schedule C expense - Schedule E amortization from 2009 (accrual switch); net = gross - Schedule E sales and user charges; population StatCan 17-10-0155 July 1 estimates, 2021 boundaries; 2025 board membership applied to all years"
calgary,side,ring,ring,police,2021,30998005,1264193,29733812,179505,172.69,165.64,foothills|rocky_view,"nominal dollars; gross operating cost = FIR Schedule C operating expenditure to 2008, Schedule C expense - Schedule E amortization from 2009 (accrual switch); net = gross - Schedule E sales and user charges; population StatCan 17-10-0155 July 1 estimates, 2021 boundaries; 2025 board membership applied to all years"
calgary,side,ring,ring,police,2022,26763692,524413,26239279,151440,176.73,173.27,cochrane|foothills|rocky_view,"nominal dollars; gross operating cost = FIR Schedule C operating expenditure to 2008, Schedule C expense - Schedule E amortization from 2009 (accrual switch); net = gross - Schedule E sales and user charges; population StatCan 17-10-0155 July 1 estimates, 2021 boundaries; 2025 board membership applied to all years"
calgary,side,ring,ring,police,2023,35530736,1222011,34308725,194265,182.9,176.61,foothills|rocky_view,"nominal dollars; gross operating cost = FIR Schedule C operating expenditure to 2008, Schedule C expense - Schedule E amortization from 2009 (accrual switch); net = gross - Schedule E sales and user charges; population StatCan 17-10-0155 July 1 estimates, 2021 boundaries; 2025 board membership applied to all years"
calgary,side,ring,ring,police,2024,33933319,890776,33042543,204466,165.96,161.6,foothills|rocky_view,"nominal dollars; gross operating cost = FIR Schedule C operating expenditure to 2008, Schedule C expense - Schedule E amortization from 2009 (accrual switch); net = gross - Schedule E sales and user charges; population StatCan 17-10-0155 July 1 estimates, 2021 boundaries; 2025 board membership applied to all years"
calgary,side,ring,ring,police,2025,34788610,953234,33835376,212602,163.63,159.15,foothills|rocky_view,"nominal dollars; gross operating cost = FIR Schedule C operating expenditure to 2008, Schedule C expense - Schedule E amortization from 2009 (accrual switch); net = gross - Schedule E sales and user charges; population StatCan 17-10-0155 July 1 estimates, 2021 boundaries; 2025 board membership applied to all years"
calgary,side,ring,ring,transit,2001,168614,29552,139062,106183,1.59,1.31,,"nominal dollars; gross operating cost = FIR Schedule C operating expenditure to 2008, Schedule C expense - Schedule E amortization from 2009 (accrual switch); net = gross - Schedule E sales and user charges; population StatCan 17-10-0155 July 1 estimates, 2021 boundaries; 2025 board membership applied to all years"
calgary,side,ring,ring,transit,2002,300479,36906,263573,112473,2.67,2.34,,"nominal dollars; gross operating cost = FIR Schedule C operating expenditure to 2008, Schedule C expense - Schedule E amortization from 2009 (accrual switch); net = gross - Schedule E sales and user charges; population StatCan 17-10-0155 July 1 estimates, 2021 boundaries; 2025 board membership applied to all years"
calgary,side,ring,ring,transit,2003,379283,52870,326413,117981,3.21,2.77,,"nominal dollars; gross operating cost = FIR Schedule C operating expenditure to 2008, Schedule C expense - Schedule E amortization from 2009 (accrual switch); net = gross - Schedule E sales and user charges; population StatCan 17-10-0155 July 1 estimates, 2021 boundaries; 2025 board membership applied to all years"
calgary,side,ring,ring,transit,2004,466465,66713,399752,123807,3.77,3.23,,"nominal dollars; gross operating cost = FIR Schedule C operating expenditure to 2008, Schedule C expense - Schedule E amortization from 2009 (accrual switch); net = gross - Schedule E sales and user charges; population StatCan 17-10-0155 July 1 estimates, 2021 boundaries; 2025 board membership applied to all years"
calgary,side,ring,ring,transit,2005,551015,69591,481424,130852,4.21,3.68,,"nominal dollars; gross operating cost = FIR Schedule C operating expenditure to 2008, Schedule C expense - Schedule E amortization from 2009 (accrual switch); net = gross - Schedule E sales and user charges; population StatCan 17-10-0155 July 1 estimates, 2021 boundaries; 2025 board membership applied to all years"
calgary,side,ring,ring,transit,2006,573124,52179,520945,138575,4.14,3.76,,"nominal dollars; gross operating cost = FIR Schedule C operating expenditure to 2008, Schedule C expense - Schedule E amortization from 2009 (accrual switch); net = gross - Schedule E sales and user charges; population StatCan 17-10-0155 July 1 estimates, 2021 boundaries; 2025 board membership applied to all years"
calgary,side,ring,ring,transit,2007,595527,59925,535602,146997,4.05,3.64,,"nominal dollars; gross operating cost = FIR Schedule C operating expenditure to 2008, Schedule C expense - Schedule E amortization from 2009 (accrual switch); net = gross - Schedule E sales and user charges; population StatCan 17-10-0155 July 1 estimates, 2021 boundaries; 2025 board membership applied to all years"
calgary,side,ring,ring,transit,2008,706774,72308,634466,154469,4.58,4.11,,"nominal dollars; gross operating cost = FIR Schedule C operating expenditure to 2008, Schedule C expense - Schedule E amortization from 2009 (accrual switch); net = gross - Schedule E sales and user charges; population StatCan 17-10-0155 July 1 estimates, 2021 boundaries; 2025 board membership applied to all years"
calgary,side,ring,ring,transit,2009,674090,214805,459285,162641,4.14,2.82,,"nominal dollars; gross operating cost = FIR Schedule C operating expenditure to 2008, Schedule C expense - Schedule E amortization from 2009 (accrual switch); net = gross - Schedule E sales and user charges; population StatCan 17-10-0155 July 1 estimates, 2021 boundaries; 2025 board membership applied to all years"
calgary,side,ring,ring,transit,2010,975360,74562,900798,170552,5.72,5.28,,"nominal dollars; gross operating cost = FIR Schedule C operating expenditure to 2008, Schedule C expense - Schedule E amortization from 2009 (accrual switch); net = gross - Schedule E sales and user charges; population StatCan 17-10-0155 July 1 estimates, 2021 boundaries; 2025 board membership applied to all years"
calgary,side,ring,ring,transit,2011,1810348,347423,1462925,176597,10.25,8.28,,"nominal dollars; gross operating cost = FIR Schedule C operating expenditure to 2008, Schedule C expense - Schedule E amortization from 2009 (accrual switch); net = gross - Schedule E sales and user charges; population StatCan 17-10-0155 July 1 estimates, 2021 boundaries; 2025 board membership applied to all years"
calgary,side,ring,ring,transit,2012,1720396,23,1720373,184133,9.34,9.34,,"nominal dollars; gross operating cost = FIR Schedule C operating expenditure to 2008, Schedule C expense - Schedule E amortization from 2009 (accrual switch); net = gross - Schedule E sales and user charges; population StatCan 17-10-0155 July 1 estimates, 2021 boundaries; 2025 board membership applied to all years"
calgary,side,ring,ring,transit,2013,1763280,761769,1001511,192735,9.15,5.2,,"nominal dollars; gross operating cost = FIR Schedule C operating expenditure to 2008, Schedule C expense - Schedule E amortization from 2009 (accrual switch); net = gross - Schedule E sales and user charges; population StatCan 17-10-0155 July 1 estimates, 2021 boundaries; 2025 board membership applied to all years"
calgary,side,ring,ring,transit,2014,1954993,810475,1144518,201907,9.68,5.67,,"nominal dollars; gross operating cost = FIR Schedule C operating expenditure to 2008, Schedule C expense - Schedule E amortization from 2009 (accrual switch); net = gross - Schedule E sales and user charges; population StatCan 17-10-0155 July 1 estimates, 2021 boundaries; 2025 board membership applied to all years"
calgary,side,ring,ring,transit,2015,2188547,1142194,1046353,211108,10.37,4.96,,"nominal dollars; gross operating cost = FIR Schedule C operating expenditure to 2008, Schedule C expense - Schedule E amortization from 2009 (accrual switch); net = gross - Schedule E sales and user charges; population StatCan 17-10-0155 July 1 estimates, 2021 boundaries; 2025 board membership applied to all years"
calgary,side,ring,ring,transit,2016,2230522,1233073,997449,218631,10.2,4.56,,"nominal dollars; gross operating cost = FIR Schedule C operating expenditure to 2008, Schedule C expense - Schedule E amortization from 2009 (accrual switch); net = gross - Schedule E sales and user charges; population StatCan 17-10-0155 July 1 estimates, 2021 boundaries; 2025 board membership applied to all years"
calgary,side,ring,ring,transit,2017,2690900,1456358,1234542,224858,11.97,5.49,,"nominal dollars; gross operating cost = FIR Schedule C operating expenditure to 2008, Schedule C expense - Schedule E amortization from 2009 (accrual switch); net = gross - Schedule E sales and user charges; population StatCan 17-10-0155 July 1 estimates, 2021 boundaries; 2025 board membership applied to all years"
calgary,side,ring,ring,transit,2018,3945300,1611246,2334054,230228,17.14,10.14,,"nominal dollars; gross operating cost = FIR Schedule C operating expenditure to 2008, Schedule C expense - Schedule E amortization from 2009 (accrual switch); net = gross - Schedule E sales and user charges; population StatCan 17-10-0155 July 1 estimates, 2021 boundaries; 2025 board membership applied to all years"
calgary,side,ring,ring,transit,2019,4369837,1835724,2534113,235222,18.58,10.77,,"nominal dollars; gross operating cost = FIR Schedule C operating expenditure to 2008, Schedule C expense - Schedule E amortization from 2009 (accrual switch); net = gross - Schedule E sales and user charges; population StatCan 17-10-0155 July 1 estimates, 2021 boundaries; 2025 board membership applied to all years"
calgary,side,ring,ring,transit,2020,4436320,1128900,3307420,239503,18.52,13.81,,"nominal dollars; gross operating cost = FIR Schedule C operating expenditure to 2008, Schedule C expense - Schedule E amortization from 2009 (accrual switch); net = gross - Schedule E sales and user charges; population StatCan 17-10-0155 July 1 estimates, 2021 boundaries; 2025 board membership applied to all years"
calgary,side,ring,ring,transit,2021,4606565,1020032,3586533,245734,18.75,14.6,,"nominal dollars; gross operating cost = FIR Schedule C operating expenditure to 2008, Schedule C expense - Schedule E amortization from 2009 (accrual switch); net = gross - Schedule E sales and user charges; population StatCan 17-10-0155 July 1 estimates, 2021 boundaries; 2025 board membership applied to all years"
calgary,side,ring,ring,transit,2022,5074824,1480187,3594637,254013,19.98,14.15,,"nominal dollars; gross operating cost = FIR Schedule C operating expenditure to 2008, Schedule C expense - Schedule E amortization from 2009 (accrual switch); net = gross - Schedule E sales and user charges; population StatCan 17-10-0155 July 1 estimates, 2021 boundaries; 2025 board membership applied to all years"
calgary,side,ring,ring,transit,2023,5467293,1729191,3738102,263935,20.71,14.16,,"nominal dollars; gross operating cost = FIR Schedule C operating expenditure to 2008, Schedule C expense - Schedule E amortization from 2009 (accrual switch); net = gross - Schedule E sales and user charges; population StatCan 17-10-0155 July 1 estimates, 2021 boundaries; 2025 board membership applied to all years"
calgary,side,ring,ring,transit,2024,6263044,1962904,4300140,276384,22.66,15.56,,"nominal dollars; gross operating cost = FIR Schedule C operating expenditure to 2008, Schedule C expense - Schedule E amortization from 2009 (accrual switch); net = gross - Schedule E sales and user charges; population StatCan 17-10-0155 July 1 estimates, 2021 boundaries; 2025 board membership applied to all years; negative gross kept as printed (amortization above expense): cochrane -1,677"
calgary,side,ring,ring,transit,2025,6221351,2057918,4163433,288651,21.55,14.42,,"nominal dollars; gross operating cost = FIR Schedule C operating expenditure to 2008, Schedule C expense - Schedule E amortization from 2009 (accrual switch); net = gross - Schedule E sales and user charges; population StatCan 17-10-0155 July 1 estimates, 2021 boundaries; 2025 board membership applied to all years; negative gross kept as printed (amortization above expense): cochrane -3,354"
calgary,side,ring,ring,fcss,2001,1484344,103821,1380523,106183,13.98,13.0,,"nominal dollars; gross operating cost = FIR Schedule C operating expenditure to 2008, Schedule C expense - Schedule E amortization from 2009 (accrual switch); net = gross - Schedule E sales and user charges; population StatCan 17-10-0155 July 1 estimates, 2021 boundaries; 2025 board membership applied to all years"
calgary,side,ring,ring,fcss,2002,1861190,26411,1834779,112473,16.55,16.31,,"nominal dollars; gross operating cost = FIR Schedule C operating expenditure to 2008, Schedule C expense - Schedule E amortization from 2009 (accrual switch); net = gross - Schedule E sales and user charges; population StatCan 17-10-0155 July 1 estimates, 2021 boundaries; 2025 board membership applied to all years"
calgary,side,ring,ring,fcss,2003,2271416,90203,2181213,117981,19.25,18.49,,"nominal dollars; gross operating cost = FIR Schedule C operating expenditure to 2008, Schedule C expense - Schedule E amortization from 2009 (accrual switch); net = gross - Schedule E sales and user charges; population StatCan 17-10-0155 July 1 estimates, 2021 boundaries; 2025 board membership applied to all years"
calgary,side,ring,ring,fcss,2004,2503277,21150,2482127,123807,20.22,20.05,,"nominal dollars; gross operating cost = FIR Schedule C operating expenditure to 2008, Schedule C expense - Schedule E amortization from 2009 (accrual switch); net = gross - Schedule E sales and user charges; population StatCan 17-10-0155 July 1 estimates, 2021 boundaries; 2025 board membership applied to all years"
calgary,side,ring,ring,fcss,2005,2682984,28571,2654413,130852,20.5,20.29,,"nominal dollars; gross operating cost = FIR Schedule C operating expenditure to 2008, Schedule C expense - Schedule E amortization from 2009 (accrual switch); net = gross - Schedule E sales and user charges; population StatCan 17-10-0155 July 1 estimates, 2021 boundaries; 2025 board membership applied to all years"
calgary,side,ring,ring,fcss,2006,3258093,27925,3230168,138575,23.51,23.31,,"nominal dollars; gross operating cost = FIR Schedule C operating expenditure to 2008, Schedule C expense - Schedule E amortization from 2009 (accrual switch); net = gross - Schedule E sales and user charges; population StatCan 17-10-0155 July 1 estimates, 2021 boundaries; 2025 board membership applied to all years"
calgary,side,ring,ring,fcss,2007,3737986,41393,3696593,146997,25.43,25.15,,"nominal dollars; gross operating cost = FIR Schedule C operating expenditure to 2008, Schedule C expense - Schedule E amortization from 2009 (accrual switch); net = gross - Schedule E sales and user charges; population StatCan 17-10-0155 July 1 estimates, 2021 boundaries; 2025 board membership applied to all years"
calgary,side,ring,ring,fcss,2008,4615722,58934,4556788,154469,29.88,29.5,,"nominal dollars; gross operating cost = FIR Schedule C operating expenditure to 2008, Schedule C expense - Schedule E amortization from 2009 (accrual switch); net = gross - Schedule E sales and user charges; population StatCan 17-10-0155 July 1 estimates, 2021 boundaries; 2025 board membership applied to all years"
calgary,side,ring,ring,fcss,2009,6136267,237963,5898304,162641,37.73,36.27,,"nominal dollars; gross operating cost = FIR Schedule C operating expenditure to 2008, Schedule C expense - Schedule E amortization from 2009 (accrual switch); net = gross - Schedule E sales and user charges; population StatCan 17-10-0155 July 1 estimates, 2021 boundaries; 2025 board membership applied to all years"
calgary,side,ring,ring,fcss,2010,6384597,218799,6165798,170552,37.43,36.15,,"nominal dollars; gross operating cost = FIR Schedule C operating expenditure to 2008, Schedule C expense - Schedule E amortization from 2009 (accrual switch); net = gross - Schedule E sales and user charges; population StatCan 17-10-0155 July 1 estimates, 2021 boundaries; 2025 board membership applied to all years"
calgary,side,ring,ring,fcss,2011,7859140,191672,7667468,176597,44.5,43.42,,"nominal dollars; gross operating cost = FIR Schedule C operating expenditure to 2008, Schedule C expense - Schedule E amortization from 2009 (accrual switch); net = gross - Schedule E sales and user charges; population StatCan 17-10-0155 July 1 estimates, 2021 boundaries; 2025 board membership applied to all years"
calgary,side,ring,ring,fcss,2012,6290398,201049,6089349,184133,34.16,33.07,,"nominal dollars; gross operating cost = FIR Schedule C operating expenditure to 2008, Schedule C expense - Schedule E amortization from 2009 (accrual switch); net = gross - Schedule E sales and user charges; population StatCan 17-10-0155 July 1 estimates, 2021 boundaries; 2025 board membership applied to all years"
calgary,side,ring,ring,fcss,2013,6402868,210385,6192483,192735,33.22,32.13,,"nominal dollars; gross operating cost = FIR Schedule C operating expenditure to 2008, Schedule C expense - Schedule E amortization from 2009 (accrual switch); net = gross - Schedule E sales and user charges; population StatCan 17-10-0155 July 1 estimates, 2021 boundaries; 2025 board membership applied to all years"
calgary,side,ring,ring,fcss,2014,7438546,198633,7239913,201907,36.84,35.86,,"nominal dollars; gross operating cost = FIR Schedule C operating expenditure to 2008, Schedule C expense - Schedule E amortization from 2009 (accrual switch); net = gross - Schedule E sales and user charges; population StatCan 17-10-0155 July 1 estimates, 2021 boundaries; 2025 board membership applied to all years"
calgary,side,ring,ring,fcss,2015,7325286,63904,7261382,211108,34.7,34.4,,"nominal dollars; gross operating cost = FIR Schedule C operating expenditure to 2008, Schedule C expense - Schedule E amortization from 2009 (accrual switch); net = gross - Schedule E sales and user charges; population StatCan 17-10-0155 July 1 estimates, 2021 boundaries; 2025 board membership applied to all years"
calgary,side,ring,ring,fcss,2016,9123910,210680,8913230,218631,41.73,40.77,,"nominal dollars; gross operating cost = FIR Schedule C operating expenditure to 2008, Schedule C expense - Schedule E amortization from 2009 (accrual switch); net = gross - Schedule E sales and user charges; population StatCan 17-10-0155 July 1 estimates, 2021 boundaries; 2025 board membership applied to all years"
calgary,side,ring,ring,fcss,2017,10391677,340768,10050909,224858,46.21,44.7,,"nominal dollars; gross operating cost = FIR Schedule C operating expenditure to 2008, Schedule C expense - Schedule E amortization from 2009 (accrual switch); net = gross - Schedule E sales and user charges; population StatCan 17-10-0155 July 1 estimates, 2021 boundaries; 2025 board membership applied to all years"
calgary,side,ring,ring,fcss,2018,10777187,153864,10623323,230228,46.81,46.14,,"nominal dollars; gross operating cost = FIR Schedule C operating expenditure to 2008, Schedule C expense - Schedule E amortization from 2009 (accrual switch); net = gross - Schedule E sales and user charges; population StatCan 17-10-0155 July 1 estimates, 2021 boundaries; 2025 board membership applied to all years"
calgary,side,ring,ring,fcss,2019,10470950,970261,9500689,235222,44.52,40.39,,"nominal dollars; gross operating cost = FIR Schedule C operating expenditure to 2008, Schedule C expense - Schedule E amortization from 2009 (accrual switch); net = gross - Schedule E sales and user charges; population StatCan 17-10-0155 July 1 estimates, 2021 boundaries; 2025 board membership applied to all years"
calgary,side,ring,ring,fcss,2020,9628935,106541,9522394,239503,40.2,39.76,,"nominal dollars; gross operating cost = FIR Schedule C operating expenditure to 2008, Schedule C expense - Schedule E amortization from 2009 (accrual switch); net = gross - Schedule E sales and user charges; population StatCan 17-10-0155 July 1 estimates, 2021 boundaries; 2025 board membership applied to all years"
calgary,side,ring,ring,fcss,2021,9382753,80305,9302448,245734,38.18,37.86,,"nominal dollars; gross operating cost = FIR Schedule C operating expenditure to 2008, Schedule C expense - Schedule E amortization from 2009 (accrual switch); net = gross - Schedule E sales and user charges; population StatCan 17-10-0155 July 1 estimates, 2021 boundaries; 2025 board membership applied to all years"
calgary,side,ring,ring,fcss,2022,7499818,158589,7341229,254013,29.53,28.9,,"nominal dollars; gross operating cost = FIR Schedule C operating expenditure to 2008, Schedule C expense - Schedule E amortization from 2009 (accrual switch); net = gross - Schedule E sales and user charges; population StatCan 17-10-0155 July 1 estimates, 2021 boundaries; 2025 board membership applied to all years"
calgary,side,ring,ring,fcss,2023,10136378,311597,9824781,263935,38.4,37.22,,"nominal dollars; gross operating cost = FIR Schedule C operating expenditure to 2008, Schedule C expense - Schedule E amortization from 2009 (accrual switch); net = gross - Schedule E sales and user charges; population StatCan 17-10-0155 July 1 estimates, 2021 boundaries; 2025 board membership applied to all years"
calgary,side,ring,ring,fcss,2024,9922390,267945,9654445,276384,35.9,34.93,,"nominal dollars; gross operating cost = FIR Schedule C operating expenditure to 2008, Schedule C expense - Schedule E amortization from 2009 (accrual switch); net = gross - Schedule E sales and user charges; population StatCan 17-10-0155 July 1 estimates, 2021 boundaries; 2025 board membership applied to all years"
calgary,side,ring,ring,fcss,2025,10350439,297620,10052819,288651,35.86,34.83,,"nominal dollars; gross operating cost = FIR Schedule C operating expenditure to 2008, Schedule C expense - Schedule E amortization from 2009 (accrual switch); net = gross - Schedule E sales and user charges; population StatCan 17-10-0155 July 1 estimates, 2021 boundaries; 2025 board membership applied to all years"
calgary,side,ring,ring,housing,2009,3579280,0,3579280,162641,22.01,22.01,,"nominal dollars; gross operating cost = FIR Schedule C operating expenditure to 2008, Schedule C expense - Schedule E amortization from 2009 (accrual switch); net = gross - Schedule E sales and user charges; population StatCan 17-10-0155 July 1 estimates, 2021 boundaries; 2025 board membership applied to all years"
calgary,side,ring,ring,housing,2010,703679,0,703679,170552,4.13,4.13,,"nominal dollars; gross operating cost = FIR Schedule C operating expenditure to 2008, Schedule C expense - Schedule E amortization from 2009 (accrual switch); net = gross - Schedule E sales and user charges; population StatCan 17-10-0155 July 1 estimates, 2021 boundaries; 2025 board membership applied to all years"
calgary,side,ring,ring,housing,2011,712936,0,712936,176597,4.04,4.04,,"nominal dollars; gross operating cost = FIR Schedule C operating expenditure to 2008, Schedule C expense - Schedule E amortization from 2009 (accrual switch); net = gross - Schedule E sales and user charges; population StatCan 17-10-0155 July 1 estimates, 2021 boundaries; 2025 board membership applied to all years"
calgary,side,ring,ring,housing,2012,1138113,0,1138113,184133,6.18,6.18,,"nominal dollars; gross operating cost = FIR Schedule C operating expenditure to 2008, Schedule C expense - Schedule E amortization from 2009 (accrual switch); net = gross - Schedule E sales and user charges; population StatCan 17-10-0155 July 1 estimates, 2021 boundaries; 2025 board membership applied to all years"
calgary,side,ring,ring,housing,2013,1056354,0,1056354,192735,5.48,5.48,,"nominal dollars; gross operating cost = FIR Schedule C operating expenditure to 2008, Schedule C expense - Schedule E amortization from 2009 (accrual switch); net = gross - Schedule E sales and user charges; population StatCan 17-10-0155 July 1 estimates, 2021 boundaries; 2025 board membership applied to all years"
calgary,side,ring,ring,housing,2014,1160734,0,1160734,201907,5.75,5.75,,"nominal dollars; gross operating cost = FIR Schedule C operating expenditure to 2008, Schedule C expense - Schedule E amortization from 2009 (accrual switch); net = gross - Schedule E sales and user charges; population StatCan 17-10-0155 July 1 estimates, 2021 boundaries; 2025 board membership applied to all years"
calgary,side,ring,ring,housing,2015,981814,0,981814,211108,4.65,4.65,,"nominal dollars; gross operating cost = FIR Schedule C operating expenditure to 2008, Schedule C expense - Schedule E amortization from 2009 (accrual switch); net = gross - Schedule E sales and user charges; population StatCan 17-10-0155 July 1 estimates, 2021 boundaries; 2025 board membership applied to all years"
calgary,side,ring,ring,housing,2016,725541,0,725541,218631,3.32,3.32,,"nominal dollars; gross operating cost = FIR Schedule C operating expenditure to 2008, Schedule C expense - Schedule E amortization from 2009 (accrual switch); net = gross - Schedule E sales and user charges; population StatCan 17-10-0155 July 1 estimates, 2021 boundaries; 2025 board membership applied to all years"
calgary,side,ring,ring,housing,2017,727386,0,727386,224858,3.23,3.23,,"nominal dollars; gross operating cost = FIR Schedule C operating expenditure to 2008, Schedule C expense - Schedule E amortization from 2009 (accrual switch); net = gross - Schedule E sales and user charges; population StatCan 17-10-0155 July 1 estimates, 2021 boundaries; 2025 board membership applied to all years"
calgary,side,ring,ring,housing,2018,394287,0,394287,230228,1.71,1.71,,"nominal dollars; gross operating cost = FIR Schedule C operating expenditure to 2008, Schedule C expense - Schedule E amortization from 2009 (accrual switch); net = gross - Schedule E sales and user charges; population StatCan 17-10-0155 July 1 estimates, 2021 boundaries; 2025 board membership applied to all years; negative gross kept as printed (amortization above expense): high_river -92,863"
calgary,side,ring,ring,housing,2019,739122,0,739122,235222,3.14,3.14,,"nominal dollars; gross operating cost = FIR Schedule C operating expenditure to 2008, Schedule C expense - Schedule E amortization from 2009 (accrual switch); net = gross - Schedule E sales and user charges; population StatCan 17-10-0155 July 1 estimates, 2021 boundaries; 2025 board membership applied to all years"
calgary,side,ring,ring,housing,2020,635526,0,635526,239503,2.65,2.65,,"nominal dollars; gross operating cost = FIR Schedule C operating expenditure to 2008, Schedule C expense - Schedule E amortization from 2009 (accrual switch); net = gross - Schedule E sales and user charges; population StatCan 17-10-0155 July 1 estimates, 2021 boundaries; 2025 board membership applied to all years"
calgary,side,ring,ring,housing,2021,436519,0,436519,245734,1.78,1.78,,"nominal dollars; gross operating cost = FIR Schedule C operating expenditure to 2008, Schedule C expense - Schedule E amortization from 2009 (accrual switch); net = gross - Schedule E sales and user charges; population StatCan 17-10-0155 July 1 estimates, 2021 boundaries; 2025 board membership applied to all years"
calgary,side,ring,ring,housing,2022,720249,0,720249,254013,2.84,2.84,,"nominal dollars; gross operating cost = FIR Schedule C operating expenditure to 2008, Schedule C expense - Schedule E amortization from 2009 (accrual switch); net = gross - Schedule E sales and user charges; population StatCan 17-10-0155 July 1 estimates, 2021 boundaries; 2025 board membership applied to all years"
calgary,side,ring,ring,housing,2023,883942,0,883942,263935,3.35,3.35,,"nominal dollars; gross operating cost = FIR Schedule C operating expenditure to 2008, Schedule C expense - Schedule E amortization from 2009 (accrual switch); net = gross - Schedule E sales and user charges; population StatCan 17-10-0155 July 1 estimates, 2021 boundaries; 2025 board membership applied to all years"
calgary,side,ring,ring,housing,2024,1697199,0,1697199,276384,6.14,6.14,,"nominal dollars; gross operating cost = FIR Schedule C operating expenditure to 2008, Schedule C expense - Schedule E amortization from 2009 (accrual switch); net = gross - Schedule E sales and user charges; population StatCan 17-10-0155 July 1 estimates, 2021 boundaries; 2025 board membership applied to all years"
calgary,side,ring,ring,housing,2025,2429750,0,2429750,288651,8.42,8.42,,"nominal dollars; gross operating cost = FIR Schedule C operating expenditure to 2008, Schedule C expense - Schedule E amortization from 2009 (accrual switch); net = gross - Schedule E sales and user charges; population StatCan 17-10-0155 July 1 estimates, 2021 boundaries; 2025 board membership applied to all years"
edmonton,member,beaumont,ring,police,2001,415398,0,415398,7263,57.19,57.19,,"nominal dollars; gross operating cost = FIR Schedule C operating expenditure to 2008, Schedule C expense - Schedule E amortization from 2009 (accrual switch); net = gross - Schedule E sales and user charges; population StatCan 17-10-0155 July 1 estimates, 2021 boundaries; 2025 board membership applied to all years"
edmonton,member,beaumont,ring,police,2002,355944,0,355944,7670,46.41,46.41,,"nominal dollars; gross operating cost = FIR Schedule C operating expenditure to 2008, Schedule C expense - Schedule E amortization from 2009 (accrual switch); net = gross - Schedule E sales and user charges; population StatCan 17-10-0155 July 1 estimates, 2021 boundaries; 2025 board membership applied to all years"
edmonton,member,beaumont,ring,police,2003,477582,0,477582,8034,59.45,59.45,,"nominal dollars; gross operating cost = FIR Schedule C operating expenditure to 2008, Schedule C expense - Schedule E amortization from 2009 (accrual switch); net = gross - Schedule E sales and user charges; population StatCan 17-10-0155 July 1 estimates, 2021 boundaries; 2025 board membership applied to all years"
edmonton,member,beaumont,ring,police,2004,514052,0,514052,8400,61.2,61.2,,"nominal dollars; gross operating cost = FIR Schedule C operating expenditure to 2008, Schedule C expense - Schedule E amortization from 2009 (accrual switch); net = gross - Schedule E sales and user charges; population StatCan 17-10-0155 July 1 estimates, 2021 boundaries; 2025 board membership applied to all years"
edmonton,member,beaumont,ring,police,2005,601082,0,601082,8863,67.82,67.82,,"nominal dollars; gross operating cost = FIR Schedule C operating expenditure to 2008, Schedule C expense - Schedule E amortization from 2009 (accrual switch); net = gross - Schedule E sales and user charges; population StatCan 17-10-0155 July 1 estimates, 2021 boundaries; 2025 board membership applied to all years"
edmonton,member,beaumont,ring,police,2006,609504,0,609504,9445,64.53,64.53,,"nominal dollars; gross operating cost = FIR Schedule C operating expenditure to 2008, Schedule C expense - Schedule E amortization from 2009 (accrual switch); net = gross - Schedule E sales and user charges; population StatCan 17-10-0155 July 1 estimates, 2021 boundaries; 2025 board membership applied to all years"
edmonton,member,beaumont,ring,police,2007,825869,41266,784603,10286,80.29,76.28,,"nominal dollars; gross operating cost = FIR Schedule C operating expenditure to 2008, Schedule C expense - Schedule E amortization from 2009 (accrual switch); net = gross - Schedule E sales and user charges; population StatCan 17-10-0155 July 1 estimates, 2021 boundaries; 2025 board membership applied to all years"
edmonton,member,beaumont,ring,police,2008,1194097,46371,1147726,11310,105.58,101.48,,"nominal dollars; gross operating cost = FIR Schedule C operating expenditure to 2008, Schedule C expense - Schedule E amortization from 2009 (accrual switch); net = gross - Schedule E sales and user charges; population StatCan 17-10-0155 July 1 estimates, 2021 boundaries; 2025 board membership applied to all years"
edmonton,member,beaumont,ring,police,2009,1327768,44830,1282938,12321,107.76,104.13,,"nominal dollars; gross operating cost = FIR Schedule C operating expenditure to 2008, Schedule C expense - Schedule E amortization from 2009 (accrual switch); net = gross - Schedule E sales and user charges; population StatCan 17-10-0155 July 1 estimates, 2021 boundaries; 2025 board membership applied to all years"
edmonton,member,beaumont,ring,police,2010,1374132,43952,1330180,13179,104.27,100.93,,"nominal dollars; gross operating cost = FIR Schedule C operating expenditure to 2008, Schedule C expense - Schedule E amortization from 2009 (accrual switch); net = gross - Schedule E sales and user charges; population StatCan 17-10-0155 July 1 estimates, 2021 boundaries; 2025 board membership applied to all years"
edmonton,member,beaumont,ring,police,2011,1461716,22757,1438959,13936,104.89,103.25,,"nominal dollars; gross operating cost = FIR Schedule C operating expenditure to 2008, Schedule C expense - Schedule E amortization from 2009 (accrual switch); net = gross - Schedule E sales and user charges; population StatCan 17-10-0155 July 1 estimates, 2021 boundaries; 2025 board membership applied to all years"
edmonton,member,beaumont,ring,police,2012,1852575,48055,1804520,14972,123.74,120.53,,"nominal dollars; gross operating cost = FIR Schedule C operating expenditure to 2008, Schedule C expense - Schedule E amortization from 2009 (accrual switch); net = gross - Schedule E sales and user charges; population StatCan 17-10-0155 July 1 estimates, 2021 boundaries; 2025 board membership applied to all years"
edmonton,member,beaumont,ring,police,2013,1968208,51421,1916787,15831,124.33,121.08,,"nominal dollars; gross operating cost = FIR Schedule C operating expenditure to 2008, Schedule C expense - Schedule E amortization from 2009 (accrual switch); net = gross - Schedule E sales and user charges; population StatCan 17-10-0155 July 1 estimates, 2021 boundaries; 2025 board membership applied to all years"
edmonton,member,beaumont,ring,police,2014,2083330,6439,2076891,16806,123.96,123.58,,"nominal dollars; gross operating cost = FIR Schedule C operating expenditure to 2008, Schedule C expense - Schedule E amortization from 2009 (accrual switch); net = gross - Schedule E sales and user charges; population StatCan 17-10-0155 July 1 estimates, 2021 boundaries; 2025 board membership applied to all years"
edmonton,member,beaumont,ring,police,2015,1981849,0,1981849,17360,114.16,114.16,,"nominal dollars; gross operating cost = FIR Schedule C operating expenditure to 2008, Schedule C expense - Schedule E amortization from 2009 (accrual switch); net = gross - Schedule E sales and user charges; population StatCan 17-10-0155 July 1 estimates, 2021 boundaries; 2025 board membership applied to all years"
edmonton,member,beaumont,ring,police,2016,2540292,0,2540292,17966,141.39,141.39,,"nominal dollars; gross operating cost = FIR Schedule C operating expenditure to 2008, Schedule C expense - Schedule E amortization from 2009 (accrual switch); net = gross - Schedule E sales and user charges; population StatCan 17-10-0155 July 1 estimates, 2021 boundaries; 2025 board membership applied to all years"
edmonton,member,beaumont,ring,police,2017,2856731,0,2856731,18645,153.22,153.22,,"nominal dollars; gross operating cost = FIR Schedule C operating expenditure to 2008, Schedule C expense - Schedule E amortization from 2009 (accrual switch); net = gross - Schedule E sales and user charges; population StatCan 17-10-0155 July 1 estimates, 2021 boundaries; 2025 board membership applied to all years"
edmonton,member,beaumont,ring,police,2018,3122567,0,3122567,19411,160.87,160.87,,"nominal dollars; gross operating cost = FIR Schedule C operating expenditure to 2008, Schedule C expense - Schedule E amortization from 2009 (accrual switch); net = gross - Schedule E sales and user charges; population StatCan 17-10-0155 July 1 estimates, 2021 boundaries; 2025 board membership applied to all years"
edmonton,member,beaumont,ring,police,2019,2995217,0,2995217,19998,149.78,149.78,,"nominal dollars; gross operating cost = FIR Schedule C operating expenditure to 2008, Schedule C expense - Schedule E amortization from 2009 (accrual switch); net = gross - Schedule E sales and user charges; population StatCan 17-10-0155 July 1 estimates, 2021 boundaries; 2025 board membership applied to all years"
edmonton,member,beaumont,ring,police,2020,2556247,0,2556247,20569,124.28,124.28,,"nominal dollars; gross operating cost = FIR Schedule C operating expenditure to 2008, Schedule C expense - Schedule E amortization from 2009 (accrual switch); net = gross - Schedule E sales and user charges; population StatCan 17-10-0155 July 1 estimates, 2021 boundaries; 2025 board membership applied to all years"
edmonton,member,beaumont,ring,police,2021,2767478,1800,2765678,21688,127.6,127.52,,"nominal dollars; gross operating cost = FIR Schedule C operating expenditure to 2008, Schedule C expense - Schedule E amortization from 2009 (accrual switch); net = gross - Schedule E sales and user charges; population StatCan 17-10-0155 July 1 estimates, 2021 boundaries; 2025 board membership applied to all years"
edmonton,member,beaumont,ring,police,2022,2700075,0,2700075,22288,121.14,121.14,,"nominal dollars; gross operating cost = FIR Schedule C operating expenditure to 2008, Schedule C expense - Schedule E amortization from 2009 (accrual switch); net = gross - Schedule E sales and user charges; population StatCan 17-10-0155 July 1 estimates, 2021 boundaries; 2025 board membership applied to all years"
edmonton,member,beaumont,ring,police,2023,3973975,0,3973975,23261,170.84,170.84,,"nominal dollars; gross operating cost = FIR Schedule C operating expenditure to 2008, Schedule C expense - Schedule E amortization from 2009 (accrual switch); net = gross - Schedule E sales and user charges; population StatCan 17-10-0155 July 1 estimates, 2021 boundaries; 2025 board membership applied to all years"
edmonton,member,beaumont,ring,police,2024,3765248,0,3765248,24742,152.18,152.18,,"nominal dollars; gross operating cost = FIR Schedule C operating expenditure to 2008, Schedule C expense - Schedule E amortization from 2009 (accrual switch); net = gross - Schedule E sales and user charges; population StatCan 17-10-0155 July 1 estimates, 2021 boundaries; 2025 board membership applied to all years"
edmonton,member,beaumont,ring,police,2025,4092870,0,4092870,26305,155.59,155.59,,"nominal dollars; gross operating cost = FIR Schedule C operating expenditure to 2008, Schedule C expense - Schedule E amortization from 2009 (accrual switch); net = gross - Schedule E sales and user charges; population StatCan 17-10-0155 July 1 estimates, 2021 boundaries; 2025 board membership applied to all years"
edmonton,member,beaumont,ring,transit,2001,0,0,0,7263,0.0,0.0,,"nominal dollars; gross operating cost = FIR Schedule C operating expenditure to 2008, Schedule C expense - Schedule E amortization from 2009 (accrual switch); net = gross - Schedule E sales and user charges; population StatCan 17-10-0155 July 1 estimates, 2021 boundaries; 2025 board membership applied to all years"
edmonton,member,beaumont,ring,transit,2002,0,0,0,7670,0.0,0.0,,"nominal dollars; gross operating cost = FIR Schedule C operating expenditure to 2008, Schedule C expense - Schedule E amortization from 2009 (accrual switch); net = gross - Schedule E sales and user charges; population StatCan 17-10-0155 July 1 estimates, 2021 boundaries; 2025 board membership applied to all years"
edmonton,member,beaumont,ring,transit,2003,0,0,0,8034,0.0,0.0,,"nominal dollars; gross operating cost = FIR Schedule C operating expenditure to 2008, Schedule C expense - Schedule E amortization from 2009 (accrual switch); net = gross - Schedule E sales and user charges; population StatCan 17-10-0155 July 1 estimates, 2021 boundaries; 2025 board membership applied to all years"
edmonton,member,beaumont,ring,transit,2004,0,0,0,8400,0.0,0.0,,"nominal dollars; gross operating cost = FIR Schedule C operating expenditure to 2008, Schedule C expense - Schedule E amortization from 2009 (accrual switch); net = gross - Schedule E sales and user charges; population StatCan 17-10-0155 July 1 estimates, 2021 boundaries; 2025 board membership applied to all years"
edmonton,member,beaumont,ring,transit,2005,0,0,0,8863,0.0,0.0,,"nominal dollars; gross operating cost = FIR Schedule C operating expenditure to 2008, Schedule C expense - Schedule E amortization from 2009 (accrual switch); net = gross - Schedule E sales and user charges; population StatCan 17-10-0155 July 1 estimates, 2021 boundaries; 2025 board membership applied to all years"
edmonton,member,beaumont,ring,transit,2006,0,0,0,9445,0.0,0.0,,"nominal dollars; gross operating cost = FIR Schedule C operating expenditure to 2008, Schedule C expense - Schedule E amortization from 2009 (accrual switch); net = gross - Schedule E sales and user charges; population StatCan 17-10-0155 July 1 estimates, 2021 boundaries; 2025 board membership applied to all years"
edmonton,member,beaumont,ring,transit,2007,0,0,0,10286,0.0,0.0,,"nominal dollars; gross operating cost = FIR Schedule C operating expenditure to 2008, Schedule C expense - Schedule E amortization from 2009 (accrual switch); net = gross - Schedule E sales and user charges; population StatCan 17-10-0155 July 1 estimates, 2021 boundaries; 2025 board membership applied to all years"
edmonton,member,beaumont,ring,transit,2008,0,0,0,11310,0.0,0.0,,"nominal dollars; gross operating cost = FIR Schedule C operating expenditure to 2008, Schedule C expense - Schedule E amortization from 2009 (accrual switch); net = gross - Schedule E sales and user charges; population StatCan 17-10-0155 July 1 estimates, 2021 boundaries; 2025 board membership applied to all years"
edmonton,member,beaumont,ring,transit,2009,0,0,0,12321,0.0,0.0,,"nominal dollars; gross operating cost = FIR Schedule C operating expenditure to 2008, Schedule C expense - Schedule E amortization from 2009 (accrual switch); net = gross - Schedule E sales and user charges; population StatCan 17-10-0155 July 1 estimates, 2021 boundaries; 2025 board membership applied to all years"
edmonton,member,beaumont,ring,transit,2010,0,0,0,13179,0.0,0.0,,"nominal dollars; gross operating cost = FIR Schedule C operating expenditure to 2008, Schedule C expense - Schedule E amortization from 2009 (accrual switch); net = gross - Schedule E sales and user charges; population StatCan 17-10-0155 July 1 estimates, 2021 boundaries; 2025 board membership applied to all years"
edmonton,member,beaumont,ring,transit,2011,0,0,0,13936,0.0,0.0,,"nominal dollars; gross operating cost = FIR Schedule C operating expenditure to 2008, Schedule C expense - Schedule E amortization from 2009 (accrual switch); net = gross - Schedule E sales and user charges; population StatCan 17-10-0155 July 1 estimates, 2021 boundaries; 2025 board membership applied to all years"
edmonton,member,beaumont,ring,transit,2012,0,0,0,14972,0.0,0.0,,"nominal dollars; gross operating cost = FIR Schedule C operating expenditure to 2008, Schedule C expense - Schedule E amortization from 2009 (accrual switch); net = gross - Schedule E sales and user charges; population StatCan 17-10-0155 July 1 estimates, 2021 boundaries; 2025 board membership applied to all years"
edmonton,member,beaumont,ring,transit,2013,0,0,0,15831,0.0,0.0,,"nominal dollars; gross operating cost = FIR Schedule C operating expenditure to 2008, Schedule C expense - Schedule E amortization from 2009 (accrual switch); net = gross - Schedule E sales and user charges; population StatCan 17-10-0155 July 1 estimates, 2021 boundaries; 2025 board membership applied to all years"
edmonton,member,beaumont,ring,transit,2014,29344,0,29344,16806,1.75,1.75,,"nominal dollars; gross operating cost = FIR Schedule C operating expenditure to 2008, Schedule C expense - Schedule E amortization from 2009 (accrual switch); net = gross - Schedule E sales and user charges; population StatCan 17-10-0155 July 1 estimates, 2021 boundaries; 2025 board membership applied to all years"
edmonton,member,beaumont,ring,transit,2015,0,0,0,17360,0.0,0.0,,"nominal dollars; gross operating cost = FIR Schedule C operating expenditure to 2008, Schedule C expense - Schedule E amortization from 2009 (accrual switch); net = gross - Schedule E sales and user charges; population StatCan 17-10-0155 July 1 estimates, 2021 boundaries; 2025 board membership applied to all years"
edmonton,member,beaumont,ring,transit,2016,11265,0,11265,17966,0.63,0.63,,"nominal dollars; gross operating cost = FIR Schedule C operating expenditure to 2008, Schedule C expense - Schedule E amortization from 2009 (accrual switch); net = gross - Schedule E sales and user charges; population StatCan 17-10-0155 July 1 estimates, 2021 boundaries; 2025 board membership applied to all years"
edmonton,member,beaumont,ring,transit,2017,236371,20394,215977,18645,12.68,11.58,,"nominal dollars; gross operating cost = FIR Schedule C operating expenditure to 2008, Schedule C expense - Schedule E amortization from 2009 (accrual switch); net = gross - Schedule E sales and user charges; population StatCan 17-10-0155 July 1 estimates, 2021 boundaries; 2025 board membership applied to all years"
edmonton,member,beaumont,ring,transit,2018,267574,86736,180838,19411,13.78,9.32,,"nominal dollars; gross operating cost = FIR Schedule C operating expenditure to 2008, Schedule C expense - Schedule E amortization from 2009 (accrual switch); net = gross - Schedule E sales and user charges; population StatCan 17-10-0155 July 1 estimates, 2021 boundaries; 2025 board membership applied to all years"
edmonton,member,beaumont,ring,transit,2019,570150,96724,473426,19998,28.51,23.67,,"nominal dollars; gross operating cost = FIR Schedule C operating expenditure to 2008, Schedule C expense - Schedule E amortization from 2009 (accrual switch); net = gross - Schedule E sales and user charges; population StatCan 17-10-0155 July 1 estimates, 2021 boundaries; 2025 board membership applied to all years"
edmonton,member,beaumont,ring,transit,2020,249479,26267,223212,20569,12.13,10.85,,"nominal dollars; gross operating cost = FIR Schedule C operating expenditure to 2008, Schedule C expense - Schedule E amortization from 2009 (accrual switch); net = gross - Schedule E sales and user charges; population StatCan 17-10-0155 July 1 estimates, 2021 boundaries; 2025 board membership applied to all years"
edmonton,member,beaumont,ring,transit,2021,167544,14963,152581,21688,7.73,7.04,,"nominal dollars; gross operating cost = FIR Schedule C operating expenditure to 2008, Schedule C expense - Schedule E amortization from 2009 (accrual switch); net = gross - Schedule E sales and user charges; population StatCan 17-10-0155 July 1 estimates, 2021 boundaries; 2025 board membership applied to all years"
edmonton,member,beaumont,ring,transit,2022,404024,39213,364811,22288,18.13,16.37,,"nominal dollars; gross operating cost = FIR Schedule C operating expenditure to 2008, Schedule C expense - Schedule E amortization from 2009 (accrual switch); net = gross - Schedule E sales and user charges; population StatCan 17-10-0155 July 1 estimates, 2021 boundaries; 2025 board membership applied to all years"
edmonton,member,beaumont,ring,transit,2023,203502,45806,157696,23261,8.75,6.78,,"nominal dollars; gross operating cost = FIR Schedule C operating expenditure to 2008, Schedule C expense - Schedule E amortization from 2009 (accrual switch); net = gross - Schedule E sales and user charges; population StatCan 17-10-0155 July 1 estimates, 2021 boundaries; 2025 board membership applied to all years"
edmonton,member,beaumont,ring,transit,2024,3299004,93380,3205624,24742,133.34,129.56,,"nominal dollars; gross operating cost = FIR Schedule C operating expenditure to 2008, Schedule C expense - Schedule E amortization from 2009 (accrual switch); net = gross - Schedule E sales and user charges; population StatCan 17-10-0155 July 1 estimates, 2021 boundaries; 2025 board membership applied to all years"
edmonton,member,beaumont,ring,transit,2025,544925,141633,403292,26305,20.72,15.33,,"nominal dollars; gross operating cost = FIR Schedule C operating expenditure to 2008, Schedule C expense - Schedule E amortization from 2009 (accrual switch); net = gross - Schedule E sales and user charges; population StatCan 17-10-0155 July 1 estimates, 2021 boundaries; 2025 board membership applied to all years"
edmonton,member,beaumont,ring,fcss,2001,120757,8010,112747,7263,16.63,15.52,,"nominal dollars; gross operating cost = FIR Schedule C operating expenditure to 2008, Schedule C expense - Schedule E amortization from 2009 (accrual switch); net = gross - Schedule E sales and user charges; population StatCan 17-10-0155 July 1 estimates, 2021 boundaries; 2025 board membership applied to all years"
edmonton,member,beaumont,ring,fcss,2002,124442,4334,120108,7670,16.22,15.66,,"nominal dollars; gross operating cost = FIR Schedule C operating expenditure to 2008, Schedule C expense - Schedule E amortization from 2009 (accrual switch); net = gross - Schedule E sales and user charges; population StatCan 17-10-0155 July 1 estimates, 2021 boundaries; 2025 board membership applied to all years"
edmonton,member,beaumont,ring,fcss,2003,147109,1586,145523,8034,18.31,18.11,,"nominal dollars; gross operating cost = FIR Schedule C operating expenditure to 2008, Schedule C expense - Schedule E amortization from 2009 (accrual switch); net = gross - Schedule E sales and user charges; population StatCan 17-10-0155 July 1 estimates, 2021 boundaries; 2025 board membership applied to all years"
edmonton,member,beaumont,ring,fcss,2004,145474,8094,137380,8400,17.32,16.35,,"nominal dollars; gross operating cost = FIR Schedule C operating expenditure to 2008, Schedule C expense - Schedule E amortization from 2009 (accrual switch); net = gross - Schedule E sales and user charges; population StatCan 17-10-0155 July 1 estimates, 2021 boundaries; 2025 board membership applied to all years"
edmonton,member,beaumont,ring,fcss,2005,183834,30302,153532,8863,20.74,17.32,,"nominal dollars; gross operating cost = FIR Schedule C operating expenditure to 2008, Schedule C expense - Schedule E amortization from 2009 (accrual switch); net = gross - Schedule E sales and user charges; population StatCan 17-10-0155 July 1 estimates, 2021 boundaries; 2025 board membership applied to all years"
edmonton,member,beaumont,ring,fcss,2006,198844,12395,186449,9445,21.05,19.74,,"nominal dollars; gross operating cost = FIR Schedule C operating expenditure to 2008, Schedule C expense - Schedule E amortization from 2009 (accrual switch); net = gross - Schedule E sales and user charges; population StatCan 17-10-0155 July 1 estimates, 2021 boundaries; 2025 board membership applied to all years"
edmonton,member,beaumont,ring,fcss,2007,201801,2245,199556,10286,19.62,19.4,,"nominal dollars; gross operating cost = FIR Schedule C operating expenditure to 2008, Schedule C expense - Schedule E amortization from 2009 (accrual switch); net = gross - Schedule E sales and user charges; population StatCan 17-10-0155 July 1 estimates, 2021 boundaries; 2025 board membership applied to all years"
edmonton,member,beaumont,ring,fcss,2008,279707,73526,206181,11310,24.73,18.23,,"nominal dollars; gross operating cost = FIR Schedule C operating expenditure to 2008, Schedule C expense - Schedule E amortization from 2009 (accrual switch); net = gross - Schedule E sales and user charges; population StatCan 17-10-0155 July 1 estimates, 2021 boundaries; 2025 board membership applied to all years"
edmonton,member,beaumont,ring,fcss,2009,526009,52099,473910,12321,42.69,38.46,,"nominal dollars; gross operating cost = FIR Schedule C operating expenditure to 2008, Schedule C expense - Schedule E amortization from 2009 (accrual switch); net = gross - Schedule E sales and user charges; population StatCan 17-10-0155 July 1 estimates, 2021 boundaries; 2025 board membership applied to all years"
edmonton,member,beaumont,ring,fcss,2010,690083,82920,607163,13179,52.36,46.07,,"nominal dollars; gross operating cost = FIR Schedule C operating expenditure to 2008, Schedule C expense - Schedule E amortization from 2009 (accrual switch); net = gross - Schedule E sales and user charges; population StatCan 17-10-0155 July 1 estimates, 2021 boundaries; 2025 board membership applied to all years"
edmonton,member,beaumont,ring,fcss,2011,718490,74841,643649,13936,51.56,46.19,,"nominal dollars; gross operating cost = FIR Schedule C operating expenditure to 2008, Schedule C expense - Schedule E amortization from 2009 (accrual switch); net = gross - Schedule E sales and user charges; population StatCan 17-10-0155 July 1 estimates, 2021 boundaries; 2025 board membership applied to all years"
edmonton,member,beaumont,ring,fcss,2012,758914,82560,676354,14972,50.69,45.17,,"nominal dollars; gross operating cost = FIR Schedule C operating expenditure to 2008, Schedule C expense - Schedule E amortization from 2009 (accrual switch); net = gross - Schedule E sales and user charges; population StatCan 17-10-0155 July 1 estimates, 2021 boundaries; 2025 board membership applied to all years"
edmonton,member,beaumont,ring,fcss,2013,792577,75043,717534,15831,50.06,45.32,,"nominal dollars; gross operating cost = FIR Schedule C operating expenditure to 2008, Schedule C expense - Schedule E amortization from 2009 (accrual switch); net = gross - Schedule E sales and user charges; population StatCan 17-10-0155 July 1 estimates, 2021 boundaries; 2025 board membership applied to all years"
edmonton,member,beaumont,ring,fcss,2014,834521,72505,762016,16806,49.66,45.34,,"nominal dollars; gross operating cost = FIR Schedule C operating expenditure to 2008, Schedule C expense - Schedule E amortization from 2009 (accrual switch); net = gross - Schedule E sales and user charges; population StatCan 17-10-0155 July 1 estimates, 2021 boundaries; 2025 board membership applied to all years"
edmonton,member,beaumont,ring,fcss,2015,868127,89733,778394,17360,50.01,44.84,,"nominal dollars; gross operating cost = FIR Schedule C operating expenditure to 2008, Schedule C expense - Schedule E amortization from 2009 (accrual switch); net = gross - Schedule E sales and user charges; population StatCan 17-10-0155 July 1 estimates, 2021 boundaries; 2025 board membership applied to all years"
edmonton,member,beaumont,ring,fcss,2016,802877,3864,799013,17966,44.69,44.47,,"nominal dollars; gross operating cost = FIR Schedule C operating expenditure to 2008, Schedule C expense - Schedule E amortization from 2009 (accrual switch); net = gross - Schedule E sales and user charges; population StatCan 17-10-0155 July 1 estimates, 2021 boundaries; 2025 board membership applied to all years"
edmonton,member,beaumont,ring,fcss,2017,873378,5405,867973,18645,46.84,46.55,,"nominal dollars; gross operating cost = FIR Schedule C operating expenditure to 2008, Schedule C expense - Schedule E amortization from 2009 (accrual switch); net = gross - Schedule E sales and user charges; population StatCan 17-10-0155 July 1 estimates, 2021 boundaries; 2025 board membership applied to all years"
edmonton,member,beaumont,ring,fcss,2018,927743,6076,921667,19411,47.79,47.48,,"nominal dollars; gross operating cost = FIR Schedule C operating expenditure to 2008, Schedule C expense - Schedule E amortization from 2009 (accrual switch); net = gross - Schedule E sales and user charges; population StatCan 17-10-0155 July 1 estimates, 2021 boundaries; 2025 board membership applied to all years"
edmonton,member,beaumont,ring,fcss,2019,1035507,8683,1026824,19998,51.78,51.35,,"nominal dollars; gross operating cost = FIR Schedule C operating expenditure to 2008, Schedule C expense - Schedule E amortization from 2009 (accrual switch); net = gross - Schedule E sales and user charges; population StatCan 17-10-0155 July 1 estimates, 2021 boundaries; 2025 board membership applied to all years"
edmonton,member,beaumont,ring,fcss,2020,894561,2123,892438,20569,43.49,43.39,,"nominal dollars; gross operating cost = FIR Schedule C operating expenditure to 2008, Schedule C expense - Schedule E amortization from 2009 (accrual switch); net = gross - Schedule E sales and user charges; population StatCan 17-10-0155 July 1 estimates, 2021 boundaries; 2025 board membership applied to all years"
edmonton,member,beaumont,ring,fcss,2021,640220,17757,622463,21688,29.52,28.7,,"nominal dollars; gross operating cost = FIR Schedule C operating expenditure to 2008, Schedule C expense - Schedule E amortization from 2009 (accrual switch); net = gross - Schedule E sales and user charges; population StatCan 17-10-0155 July 1 estimates, 2021 boundaries; 2025 board membership applied to all years"
edmonton,member,beaumont,ring,fcss,2022,696185,5321,690864,22288,31.24,31.0,,"nominal dollars; gross operating cost = FIR Schedule C operating expenditure to 2008, Schedule C expense - Schedule E amortization from 2009 (accrual switch); net = gross - Schedule E sales and user charges; population StatCan 17-10-0155 July 1 estimates, 2021 boundaries; 2025 board membership applied to all years"
edmonton,member,beaumont,ring,fcss,2023,870542,5644,864898,23261,37.42,37.18,,"nominal dollars; gross operating cost = FIR Schedule C operating expenditure to 2008, Schedule C expense - Schedule E amortization from 2009 (accrual switch); net = gross - Schedule E sales and user charges; population StatCan 17-10-0155 July 1 estimates, 2021 boundaries; 2025 board membership applied to all years"
edmonton,member,beaumont,ring,fcss,2024,615695,3684,612011,24742,24.88,24.74,,"nominal dollars; gross operating cost = FIR Schedule C operating expenditure to 2008, Schedule C expense - Schedule E amortization from 2009 (accrual switch); net = gross - Schedule E sales and user charges; population StatCan 17-10-0155 July 1 estimates, 2021 boundaries; 2025 board membership applied to all years"
edmonton,member,beaumont,ring,fcss,2025,650501,5783,644718,26305,24.73,24.51,,"nominal dollars; gross operating cost = FIR Schedule C operating expenditure to 2008, Schedule C expense - Schedule E amortization from 2009 (accrual switch); net = gross - Schedule E sales and user charges; population StatCan 17-10-0155 July 1 estimates, 2021 boundaries; 2025 board membership applied to all years"
edmonton,member,beaumont,ring,housing,2009,0,0,0,12321,0.0,0.0,,"nominal dollars; gross operating cost = FIR Schedule C operating expenditure to 2008, Schedule C expense - Schedule E amortization from 2009 (accrual switch); net = gross - Schedule E sales and user charges; population StatCan 17-10-0155 July 1 estimates, 2021 boundaries; 2025 board membership applied to all years"
edmonton,member,beaumont,ring,housing,2010,0,0,0,13179,0.0,0.0,,"nominal dollars; gross operating cost = FIR Schedule C operating expenditure to 2008, Schedule C expense - Schedule E amortization from 2009 (accrual switch); net = gross - Schedule E sales and user charges; population StatCan 17-10-0155 July 1 estimates, 2021 boundaries; 2025 board membership applied to all years"
edmonton,member,beaumont,ring,housing,2011,0,0,0,13936,0.0,0.0,,"nominal dollars; gross operating cost = FIR Schedule C operating expenditure to 2008, Schedule C expense - Schedule E amortization from 2009 (accrual switch); net = gross - Schedule E sales and user charges; population StatCan 17-10-0155 July 1 estimates, 2021 boundaries; 2025 board membership applied to all years"
edmonton,member,beaumont,ring,housing,2012,0,0,0,14972,0.0,0.0,,"nominal dollars; gross operating cost = FIR Schedule C operating expenditure to 2008, Schedule C expense - Schedule E amortization from 2009 (accrual switch); net = gross - Schedule E sales and user charges; population StatCan 17-10-0155 July 1 estimates, 2021 boundaries; 2025 board membership applied to all years"
edmonton,member,beaumont,ring,housing,2013,0,0,0,15831,0.0,0.0,,"nominal dollars; gross operating cost = FIR Schedule C operating expenditure to 2008, Schedule C expense - Schedule E amortization from 2009 (accrual switch); net = gross - Schedule E sales and user charges; population StatCan 17-10-0155 July 1 estimates, 2021 boundaries; 2025 board membership applied to all years"
edmonton,member,beaumont,ring,housing,2014,0,0,0,16806,0.0,0.0,,"nominal dollars; gross operating cost = FIR Schedule C operating expenditure to 2008, Schedule C expense - Schedule E amortization from 2009 (accrual switch); net = gross - Schedule E sales and user charges; population StatCan 17-10-0155 July 1 estimates, 2021 boundaries; 2025 board membership applied to all years"
edmonton,member,beaumont,ring,housing,2015,0,0,0,17360,0.0,0.0,,"nominal dollars; gross operating cost = FIR Schedule C operating expenditure to 2008, Schedule C expense - Schedule E amortization from 2009 (accrual switch); net = gross - Schedule E sales and user charges; population StatCan 17-10-0155 July 1 estimates, 2021 boundaries; 2025 board membership applied to all years"
edmonton,member,beaumont,ring,housing,2016,0,0,0,17966,0.0,0.0,,"nominal dollars; gross operating cost = FIR Schedule C operating expenditure to 2008, Schedule C expense - Schedule E amortization from 2009 (accrual switch); net = gross - Schedule E sales and user charges; population StatCan 17-10-0155 July 1 estimates, 2021 boundaries; 2025 board membership applied to all years"
edmonton,member,beaumont,ring,housing,2017,0,0,0,18645,0.0,0.0,,"nominal dollars; gross operating cost = FIR Schedule C operating expenditure to 2008, Schedule C expense - Schedule E amortization from 2009 (accrual switch); net = gross - Schedule E sales and user charges; population StatCan 17-10-0155 July 1 estimates, 2021 boundaries; 2025 board membership applied to all years"
edmonton,member,beaumont,ring,housing,2018,0,0,0,19411,0.0,0.0,,"nominal dollars; gross operating cost = FIR Schedule C operating expenditure to 2008, Schedule C expense - Schedule E amortization from 2009 (accrual switch); net = gross - Schedule E sales and user charges; population StatCan 17-10-0155 July 1 estimates, 2021 boundaries; 2025 board membership applied to all years"
edmonton,member,beaumont,ring,housing,2019,0,0,0,19998,0.0,0.0,,"nominal dollars; gross operating cost = FIR Schedule C operating expenditure to 2008, Schedule C expense - Schedule E amortization from 2009 (accrual switch); net = gross - Schedule E sales and user charges; population StatCan 17-10-0155 July 1 estimates, 2021 boundaries; 2025 board membership applied to all years"
edmonton,member,beaumont,ring,housing,2020,0,0,0,20569,0.0,0.0,,"nominal dollars; gross operating cost = FIR Schedule C operating expenditure to 2008, Schedule C expense - Schedule E amortization from 2009 (accrual switch); net = gross - Schedule E sales and user charges; population StatCan 17-10-0155 July 1 estimates, 2021 boundaries; 2025 board membership applied to all years"
edmonton,member,beaumont,ring,housing,2021,0,0,0,21688,0.0,0.0,,"nominal dollars; gross operating cost = FIR Schedule C operating expenditure to 2008, Schedule C expense - Schedule E amortization from 2009 (accrual switch); net = gross - Schedule E sales and user charges; population StatCan 17-10-0155 July 1 estimates, 2021 boundaries; 2025 board membership applied to all years"
edmonton,member,beaumont,ring,housing,2022,0,0,0,22288,0.0,0.0,,"nominal dollars; gross operating cost = FIR Schedule C operating expenditure to 2008, Schedule C expense - Schedule E amortization from 2009 (accrual switch); net = gross - Schedule E sales and user charges; population StatCan 17-10-0155 July 1 estimates, 2021 boundaries; 2025 board membership applied to all years"
edmonton,member,beaumont,ring,housing,2023,0,0,0,23261,0.0,0.0,,"nominal dollars; gross operating cost = FIR Schedule C operating expenditure to 2008, Schedule C expense - Schedule E amortization from 2009 (accrual switch); net = gross - Schedule E sales and user charges; population StatCan 17-10-0155 July 1 estimates, 2021 boundaries; 2025 board membership applied to all years"
edmonton,member,beaumont,ring,housing,2024,0,0,0,24742,0.0,0.0,,"nominal dollars; gross operating cost = FIR Schedule C operating expenditure to 2008, Schedule C expense - Schedule E amortization from 2009 (accrual switch); net = gross - Schedule E sales and user charges; population StatCan 17-10-0155 July 1 estimates, 2021 boundaries; 2025 board membership applied to all years"
edmonton,member,beaumont,ring,housing,2025,0,0,0,26305,0.0,0.0,,"nominal dollars; gross operating cost = FIR Schedule C operating expenditure to 2008, Schedule C expense - Schedule E amortization from 2009 (accrual switch); net = gross - Schedule E sales and user charges; population StatCan 17-10-0155 July 1 estimates, 2021 boundaries; 2025 board membership applied to all years"
edmonton,member,devon,ring,police,2001,359263,0,359263,5120,70.17,70.17,,"nominal dollars; gross operating cost = FIR Schedule C operating expenditure to 2008, Schedule C expense - Schedule E amortization from 2009 (accrual switch); net = gross - Schedule E sales and user charges; population StatCan 17-10-0155 July 1 estimates, 2021 boundaries; 2025 board membership applied to all years"
edmonton,member,devon,ring,police,2002,404635,0,404635,5379,75.22,75.22,,"nominal dollars; gross operating cost = FIR Schedule C operating expenditure to 2008, Schedule C expense - Schedule E amortization from 2009 (accrual switch); net = gross - Schedule E sales and user charges; population StatCan 17-10-0155 July 1 estimates, 2021 boundaries; 2025 board membership applied to all years"
edmonton,member,devon,ring,police,2003,412645,0,412645,5612,73.53,73.53,,"nominal dollars; gross operating cost = FIR Schedule C operating expenditure to 2008, Schedule C expense - Schedule E amortization from 2009 (accrual switch); net = gross - Schedule E sales and user charges; population StatCan 17-10-0155 July 1 estimates, 2021 boundaries; 2025 board membership applied to all years"
edmonton,member,devon,ring,police,2004,1063083,883252,179831,5857,181.51,30.7,,"nominal dollars; gross operating cost = FIR Schedule C operating expenditure to 2008, Schedule C expense - Schedule E amortization from 2009 (accrual switch); net = gross - Schedule E sales and user charges; population StatCan 17-10-0155 July 1 estimates, 2021 boundaries; 2025 board membership applied to all years"
edmonton,member,devon,ring,police,2005,807002,657330,149672,6160,131.01,24.3,,"nominal dollars; gross operating cost = FIR Schedule C operating expenditure to 2008, Schedule C expense - Schedule E amortization from 2009 (accrual switch); net = gross - Schedule E sales and user charges; population StatCan 17-10-0155 July 1 estimates, 2021 boundaries; 2025 board membership applied to all years"
edmonton,member,devon,ring,police,2006,906543,905308,1235,6512,139.21,0.19,,"nominal dollars; gross operating cost = FIR Schedule C operating expenditure to 2008, Schedule C expense - Schedule E amortization from 2009 (accrual switch); net = gross - Schedule E sales and user charges; population StatCan 17-10-0155 July 1 estimates, 2021 boundaries; 2025 board membership applied to all years"
edmonton,member,devon,ring,police,2007,879323,636844,242479,6583,133.57,36.83,,"nominal dollars; gross operating cost = FIR Schedule C operating expenditure to 2008, Schedule C expense - Schedule E amortization from 2009 (accrual switch); net = gross - Schedule E sales and user charges; population StatCan 17-10-0155 July 1 estimates, 2021 boundaries; 2025 board membership applied to all years"
edmonton,member,devon,ring,police,2008,997029,713679,283350,6604,150.97,42.91,,"nominal dollars; gross operating cost = FIR Schedule C operating expenditure to 2008, Schedule C expense - Schedule E amortization from 2009 (accrual switch); net = gross - Schedule E sales and user charges; population StatCan 17-10-0155 July 1 estimates, 2021 boundaries; 2025 board membership applied to all years"
edmonton,member,devon,ring,police,2009,993124,674428,318696,6669,148.92,47.79,,"nominal dollars; gross operating cost = FIR Schedule C operating expenditure to 2008, Schedule C expense - Schedule E amortization from 2009 (accrual switch); net = gross - Schedule E sales and user charges; population StatCan 17-10-0155 July 1 estimates, 2021 boundaries; 2025 board membership applied to all years"
edmonton,member,devon,ring,police,2010,938085,565698,372387,6728,139.43,55.35,,"nominal dollars; gross operating cost = FIR Schedule C operating expenditure to 2008, Schedule C expense - Schedule E amortization from 2009 (accrual switch); net = gross - Schedule E sales and user charges; population StatCan 17-10-0155 July 1 estimates, 2021 boundaries; 2025 board membership applied to all years"
edmonton,member,devon,ring,police,2011,1052779,573127,479652,6752,155.92,71.04,,"nominal dollars; gross operating cost = FIR Schedule C operating expenditure to 2008, Schedule C expense - Schedule E amortization from 2009 (accrual switch); net = gross - Schedule E sales and user charges; population StatCan 17-10-0155 July 1 estimates, 2021 boundaries; 2025 board membership applied to all years"
edmonton,member,devon,ring,police,2012,1030247,656023,374224,6839,150.64,54.72,,"nominal dollars; gross operating cost = FIR Schedule C operating expenditure to 2008, Schedule C expense - Schedule E amortization from 2009 (accrual switch); net = gross - Schedule E sales and user charges; population StatCan 17-10-0155 July 1 estimates, 2021 boundaries; 2025 board membership applied to all years"
edmonton,member,devon,ring,police,2013,1057675,561630,496045,6908,153.11,71.81,,"nominal dollars; gross operating cost = FIR Schedule C operating expenditure to 2008, Schedule C expense - Schedule E amortization from 2009 (accrual switch); net = gross - Schedule E sales and user charges; population StatCan 17-10-0155 July 1 estimates, 2021 boundaries; 2025 board membership applied to all years"
edmonton,member,devon,ring,police,2014,1240787,697811,542976,6955,178.4,78.07,,"nominal dollars; gross operating cost = FIR Schedule C operating expenditure to 2008, Schedule C expense - Schedule E amortization from 2009 (accrual switch); net = gross - Schedule E sales and user charges; population StatCan 17-10-0155 July 1 estimates, 2021 boundaries; 2025 board membership applied to all years"
edmonton,member,devon,ring,police,2015,1524675,1077117,447558,6876,221.74,65.09,,"nominal dollars; gross operating cost = FIR Schedule C operating expenditure to 2008, Schedule C expense - Schedule E amortization from 2009 (accrual switch); net = gross - Schedule E sales and user charges; population StatCan 17-10-0155 July 1 estimates, 2021 boundaries; 2025 board membership applied to all years"
edmonton,member,devon,ring,police,2016,1592871,1195648,397223,6682,238.38,59.45,,"nominal dollars; gross operating cost = FIR Schedule C operating expenditure to 2008, Schedule C expense - Schedule E amortization from 2009 (accrual switch); net = gross - Schedule E sales and user charges; population StatCan 17-10-0155 July 1 estimates, 2021 boundaries; 2025 board membership applied to all years"
edmonton,member,devon,ring,police,2017,1564707,1009703,555004,6626,236.15,83.76,,"nominal dollars; gross operating cost = FIR Schedule C operating expenditure to 2008, Schedule C expense - Schedule E amortization from 2009 (accrual switch); net = gross - Schedule E sales and user charges; population StatCan 17-10-0155 July 1 estimates, 2021 boundaries; 2025 board membership applied to all years"
edmonton,member,devon,ring,police,2018,1253066,878300,374766,6635,188.86,56.48,,"nominal dollars; gross operating cost = FIR Schedule C operating expenditure to 2008, Schedule C expense - Schedule E amortization from 2009 (accrual switch); net = gross - Schedule E sales and user charges; population StatCan 17-10-0155 July 1 estimates, 2021 boundaries; 2025 board membership applied to all years"
edmonton,member,devon,ring,police,2019,1227973,0,1227973,6579,186.65,186.65,,"nominal dollars; gross operating cost = FIR Schedule C operating expenditure to 2008, Schedule C expense - Schedule E amortization from 2009 (accrual switch); net = gross - Schedule E sales and user charges; population StatCan 17-10-0155 July 1 estimates, 2021 boundaries; 2025 board membership applied to all years"
edmonton,member,devon,ring,police,2020,1099714,351479,748235,6643,165.54,112.64,,"nominal dollars; gross operating cost = FIR Schedule C operating expenditure to 2008, Schedule C expense - Schedule E amortization from 2009 (accrual switch); net = gross - Schedule E sales and user charges; population StatCan 17-10-0155 July 1 estimates, 2021 boundaries; 2025 board membership applied to all years"
edmonton,member,devon,ring,police,2021,0,0,0,0,,,devon,"nominal dollars; gross operating cost = FIR Schedule C operating expenditure to 2008, Schedule C expense - Schedule E amortization from 2009 (accrual switch); net = gross - Schedule E sales and user charges; population StatCan 17-10-0155 July 1 estimates, 2021 boundaries; 2025 board membership applied to all years"
edmonton,member,devon,ring,police,2022,1546313,0,1546313,6787,227.83,227.83,,"nominal dollars; gross operating cost = FIR Schedule C operating expenditure to 2008, Schedule C expense - Schedule E amortization from 2009 (accrual switch); net = gross - Schedule E sales and user charges; population StatCan 17-10-0155 July 1 estimates, 2021 boundaries; 2025 board membership applied to all years"
edmonton,member,devon,ring,police,2023,1795738,293456,1502282,6786,264.62,221.38,,"nominal dollars; gross operating cost = FIR Schedule C operating expenditure to 2008, Schedule C expense - Schedule E amortization from 2009 (accrual switch); net = gross - Schedule E sales and user charges; population StatCan 17-10-0155 July 1 estimates, 2021 boundaries; 2025 board membership applied to all years"
edmonton,member,devon,ring,police,2024,1627660,37693,1589967,6865,237.1,231.6,,"nominal dollars; gross operating cost = FIR Schedule C operating expenditure to 2008, Schedule C expense - Schedule E amortization from 2009 (accrual switch); net = gross - Schedule E sales and user charges; population StatCan 17-10-0155 July 1 estimates, 2021 boundaries; 2025 board membership applied to all years"
edmonton,member,devon,ring,police,2025,1611879,19611,1592268,6965,231.43,228.61,,"nominal dollars; gross operating cost = FIR Schedule C operating expenditure to 2008, Schedule C expense - Schedule E amortization from 2009 (accrual switch); net = gross - Schedule E sales and user charges; population StatCan 17-10-0155 July 1 estimates, 2021 boundaries; 2025 board membership applied to all years"
edmonton,member,devon,ring,transit,2001,0,0,0,5120,0.0,0.0,,"nominal dollars; gross operating cost = FIR Schedule C operating expenditure to 2008, Schedule C expense - Schedule E amortization from 2009 (accrual switch); net = gross - Schedule E sales and user charges; population StatCan 17-10-0155 July 1 estimates, 2021 boundaries; 2025 board membership applied to all years"
edmonton,member,devon,ring,transit,2002,0,0,0,5379,0.0,0.0,,"nominal dollars; gross operating cost = FIR Schedule C operating expenditure to 2008, Schedule C expense - Schedule E amortization from 2009 (accrual switch); net = gross - Schedule E sales and user charges; population StatCan 17-10-0155 July 1 estimates, 2021 boundaries; 2025 board membership applied to all years"
edmonton,member,devon,ring,transit,2003,0,0,0,5612,0.0,0.0,,"nominal dollars; gross operating cost = FIR Schedule C operating expenditure to 2008, Schedule C expense - Schedule E amortization from 2009 (accrual switch); net = gross - Schedule E sales and user charges; population StatCan 17-10-0155 July 1 estimates, 2021 boundaries; 2025 board membership applied to all years"
edmonton,member,devon,ring,transit,2004,0,0,0,5857,0.0,0.0,,"nominal dollars; gross operating cost = FIR Schedule C operating expenditure to 2008, Schedule C expense - Schedule E amortization from 2009 (accrual switch); net = gross - Schedule E sales and user charges; population StatCan 17-10-0155 July 1 estimates, 2021 boundaries; 2025 board membership applied to all years"
edmonton,member,devon,ring,transit,2005,0,0,0,6160,0.0,0.0,,"nominal dollars; gross operating cost = FIR Schedule C operating expenditure to 2008, Schedule C expense - Schedule E amortization from 2009 (accrual switch); net = gross - Schedule E sales and user charges; population StatCan 17-10-0155 July 1 estimates, 2021 boundaries; 2025 board membership applied to all years"
edmonton,member,devon,ring,transit,2006,0,0,0,6512,0.0,0.0,,"nominal dollars; gross operating cost = FIR Schedule C operating expenditure to 2008, Schedule C expense - Schedule E amortization from 2009 (accrual switch); net = gross - Schedule E sales and user charges; population StatCan 17-10-0155 July 1 estimates, 2021 boundaries; 2025 board membership applied to all years"
edmonton,member,devon,ring,transit,2007,0,0,0,6583,0.0,0.0,,"nominal dollars; gross operating cost = FIR Schedule C operating expenditure to 2008, Schedule C expense - Schedule E amortization from 2009 (accrual switch); net = gross - Schedule E sales and user charges; population StatCan 17-10-0155 July 1 estimates, 2021 boundaries; 2025 board membership applied to all years"
edmonton,member,devon,ring,transit,2008,0,0,0,6604,0.0,0.0,,"nominal dollars; gross operating cost = FIR Schedule C operating expenditure to 2008, Schedule C expense - Schedule E amortization from 2009 (accrual switch); net = gross - Schedule E sales and user charges; population StatCan 17-10-0155 July 1 estimates, 2021 boundaries; 2025 board membership applied to all years"
edmonton,member,devon,ring,transit,2009,0,0,0,6669,0.0,0.0,,"nominal dollars; gross operating cost = FIR Schedule C operating expenditure to 2008, Schedule C expense - Schedule E amortization from 2009 (accrual switch); net = gross - Schedule E sales and user charges; population StatCan 17-10-0155 July 1 estimates, 2021 boundaries; 2025 board membership applied to all years"
edmonton,member,devon,ring,transit,2010,0,0,0,6728,0.0,0.0,,"nominal dollars; gross operating cost = FIR Schedule C operating expenditure to 2008, Schedule C expense - Schedule E amortization from 2009 (accrual switch); net = gross - Schedule E sales and user charges; population StatCan 17-10-0155 July 1 estimates, 2021 boundaries; 2025 board membership applied to all years"
edmonton,member,devon,ring,transit,2011,0,0,0,6752,0.0,0.0,,"nominal dollars; gross operating cost = FIR Schedule C operating expenditure to 2008, Schedule C expense - Schedule E amortization from 2009 (accrual switch); net = gross - Schedule E sales and user charges; population StatCan 17-10-0155 July 1 estimates, 2021 boundaries; 2025 board membership applied to all years"
edmonton,member,devon,ring,transit,2012,0,0,0,6839,0.0,0.0,,"nominal dollars; gross operating cost = FIR Schedule C operating expenditure to 2008, Schedule C expense - Schedule E amortization from 2009 (accrual switch); net = gross - Schedule E sales and user charges; population StatCan 17-10-0155 July 1 estimates, 2021 boundaries; 2025 board membership applied to all years"
edmonton,member,devon,ring,transit,2013,0,0,0,6908,0.0,0.0,,"nominal dollars; gross operating cost = FIR Schedule C operating expenditure to 2008, Schedule C expense - Schedule E amortization from 2009 (accrual switch); net = gross - Schedule E sales and user charges; population StatCan 17-10-0155 July 1 estimates, 2021 boundaries; 2025 board membership applied to all years"
edmonton,member,devon,ring,transit,2014,0,0,0,6955,0.0,0.0,,"nominal dollars; gross operating cost = FIR Schedule C operating expenditure to 2008, Schedule C expense - Schedule E amortization from 2009 (accrual switch); net = gross - Schedule E sales and user charges; population StatCan 17-10-0155 July 1 estimates, 2021 boundaries; 2025 board membership applied to all years"
edmonton,member,devon,ring,transit,2015,0,0,0,6876,0.0,0.0,,"nominal dollars; gross operating cost = FIR Schedule C operating expenditure to 2008, Schedule C expense - Schedule E amortization from 2009 (accrual switch); net = gross - Schedule E sales and user charges; population StatCan 17-10-0155 July 1 estimates, 2021 boundaries; 2025 board membership applied to all years"
edmonton,member,devon,ring,transit,2016,0,0,0,6682,0.0,0.0,,"nominal dollars; gross operating cost = FIR Schedule C operating expenditure to 2008, Schedule C expense - Schedule E amortization from 2009 (accrual switch); net = gross - Schedule E sales and user charges; population StatCan 17-10-0155 July 1 estimates, 2021 boundaries; 2025 board membership applied to all years"
edmonton,member,devon,ring,transit,2017,0,0,0,6626,0.0,0.0,,"nominal dollars; gross operating cost = FIR Schedule C operating expenditure to 2008, Schedule C expense - Schedule E amortization from 2009 (accrual switch); net = gross - Schedule E sales and user charges; population StatCan 17-10-0155 July 1 estimates, 2021 boundaries; 2025 board membership applied to all years"
edmonton,member,devon,ring,transit,2018,0,0,0,6635,0.0,0.0,,"nominal dollars; gross operating cost = FIR Schedule C operating expenditure to 2008, Schedule C expense - Schedule E amortization from 2009 (accrual switch); net = gross - Schedule E sales and user charges; population StatCan 17-10-0155 July 1 estimates, 2021 boundaries; 2025 board membership applied to all years"
edmonton,member,devon,ring,transit,2019,0,0,0,6579,0.0,0.0,,"nominal dollars; gross operating cost = FIR Schedule C operating expenditure to 2008, Schedule C expense - Schedule E amortization from 2009 (accrual switch); net = gross - Schedule E sales and user charges; population StatCan 17-10-0155 July 1 estimates, 2021 boundaries; 2025 board membership applied to all years"
edmonton,member,devon,ring,transit,2020,0,0,0,6643,0.0,0.0,,"nominal dollars; gross operating cost = FIR Schedule C operating expenditure to 2008, Schedule C expense - Schedule E amortization from 2009 (accrual switch); net = gross - Schedule E sales and user charges; population StatCan 17-10-0155 July 1 estimates, 2021 boundaries; 2025 board membership applied to all years"
edmonton,member,devon,ring,transit,2021,0,0,0,6740,0.0,0.0,,"nominal dollars; gross operating cost = FIR Schedule C operating expenditure to 2008, Schedule C expense - Schedule E amortization from 2009 (accrual switch); net = gross - Schedule E sales and user charges; population StatCan 17-10-0155 July 1 estimates, 2021 boundaries; 2025 board membership applied to all years"
edmonton,member,devon,ring,transit,2022,0,0,0,6787,0.0,0.0,,"nominal dollars; gross operating cost = FIR Schedule C operating expenditure to 2008, Schedule C expense - Schedule E amortization from 2009 (accrual switch); net = gross - Schedule E sales and user charges; population StatCan 17-10-0155 July 1 estimates, 2021 boundaries; 2025 board membership applied to all years"
edmonton,member,devon,ring,transit,2023,56608,0,56608,6786,8.34,8.34,,"nominal dollars; gross operating cost = FIR Schedule C operating expenditure to 2008, Schedule C expense - Schedule E amortization from 2009 (accrual switch); net = gross - Schedule E sales and user charges; population StatCan 17-10-0155 July 1 estimates, 2021 boundaries; 2025 board membership applied to all years"
edmonton,member,devon,ring,transit,2024,61516,0,61516,6865,8.96,8.96,,"nominal dollars; gross operating cost = FIR Schedule C operating expenditure to 2008, Schedule C expense - Schedule E amortization from 2009 (accrual switch); net = gross - Schedule E sales and user charges; population StatCan 17-10-0155 July 1 estimates, 2021 boundaries; 2025 board membership applied to all years"
edmonton,member,devon,ring,transit,2025,0,0,0,6965,0.0,0.0,,"nominal dollars; gross operating cost = FIR Schedule C operating expenditure to 2008, Schedule C expense - Schedule E amortization from 2009 (accrual switch); net = gross - Schedule E sales and user charges; population StatCan 17-10-0155 July 1 estimates, 2021 boundaries; 2025 board membership applied to all years"
edmonton,member,devon,ring,fcss,2001,38749,387,38362,5120,7.57,7.49,,"nominal dollars; gross operating cost = FIR Schedule C operating expenditure to 2008, Schedule C expense - Schedule E amortization from 2009 (accrual switch); net = gross - Schedule E sales and user charges; population StatCan 17-10-0155 July 1 estimates, 2021 boundaries; 2025 board membership applied to all years"
edmonton,member,devon,ring,fcss,2002,45629,0,45629,5379,8.48,8.48,,"nominal dollars; gross operating cost = FIR Schedule C operating expenditure to 2008, Schedule C expense - Schedule E amortization from 2009 (accrual switch); net = gross - Schedule E sales and user charges; population StatCan 17-10-0155 July 1 estimates, 2021 boundaries; 2025 board membership applied to all years"
edmonton,member,devon,ring,fcss,2003,47510,1879,45631,5612,8.47,8.13,,"nominal dollars; gross operating cost = FIR Schedule C operating expenditure to 2008, Schedule C expense - Schedule E amortization from 2009 (accrual switch); net = gross - Schedule E sales and user charges; population StatCan 17-10-0155 July 1 estimates, 2021 boundaries; 2025 board membership applied to all years"
edmonton,member,devon,ring,fcss,2004,59417,2113,57304,5857,10.14,9.78,,"nominal dollars; gross operating cost = FIR Schedule C operating expenditure to 2008, Schedule C expense - Schedule E amortization from 2009 (accrual switch); net = gross - Schedule E sales and user charges; population StatCan 17-10-0155 July 1 estimates, 2021 boundaries; 2025 board membership applied to all years"
edmonton,member,devon,ring,fcss,2005,75920,8121,67799,6160,12.32,11.01,,"nominal dollars; gross operating cost = FIR Schedule C operating expenditure to 2008, Schedule C expense - Schedule E amortization from 2009 (accrual switch); net = gross - Schedule E sales and user charges; population StatCan 17-10-0155 July 1 estimates, 2021 boundaries; 2025 board membership applied to all years"
edmonton,member,devon,ring,fcss,2006,66895,2083,64812,6512,10.27,9.95,,"nominal dollars; gross operating cost = FIR Schedule C operating expenditure to 2008, Schedule C expense - Schedule E amortization from 2009 (accrual switch); net = gross - Schedule E sales and user charges; population StatCan 17-10-0155 July 1 estimates, 2021 boundaries; 2025 board membership applied to all years"
edmonton,member,devon,ring,fcss,2007,93548,1508,92040,6583,14.21,13.98,,"nominal dollars; gross operating cost = FIR Schedule C operating expenditure to 2008, Schedule C expense - Schedule E amortization from 2009 (accrual switch); net = gross - Schedule E sales and user charges; population StatCan 17-10-0155 July 1 estimates, 2021 boundaries; 2025 board membership applied to all years"
edmonton,member,devon,ring,fcss,2008,104684,939,103745,6604,15.85,15.71,,"nominal dollars; gross operating cost = FIR Schedule C operating expenditure to 2008, Schedule C expense - Schedule E amortization from 2009 (accrual switch); net = gross - Schedule E sales and user charges; population StatCan 17-10-0155 July 1 estimates, 2021 boundaries; 2025 board membership applied to all years"
edmonton,member,devon,ring,fcss,2009,98338,1623,96715,6669,14.75,14.5,,"nominal dollars; gross operating cost = FIR Schedule C operating expenditure to 2008, Schedule C expense - Schedule E amortization from 2009 (accrual switch); net = gross - Schedule E sales and user charges; population StatCan 17-10-0155 July 1 estimates, 2021 boundaries; 2025 board membership applied to all years"
edmonton,member,devon,ring,fcss,2010,122003,1288,120715,6728,18.13,17.94,,"nominal dollars; gross operating cost = FIR Schedule C operating expenditure to 2008, Schedule C expense - Schedule E amortization from 2009 (accrual switch); net = gross - Schedule E sales and user charges; population StatCan 17-10-0155 July 1 estimates, 2021 boundaries; 2025 board membership applied to all years"
edmonton,member,devon,ring,fcss,2011,140522,555,139967,6752,20.81,20.73,,"nominal dollars; gross operating cost = FIR Schedule C operating expenditure to 2008, Schedule C expense - Schedule E amortization from 2009 (accrual switch); net = gross - Schedule E sales and user charges; population StatCan 17-10-0155 July 1 estimates, 2021 boundaries; 2025 board membership applied to all years"
edmonton,member,devon,ring,fcss,2012,262629,1430,261199,6839,38.4,38.19,,"nominal dollars; gross operating cost = FIR Schedule C operating expenditure to 2008, Schedule C expense - Schedule E amortization from 2009 (accrual switch); net = gross - Schedule E sales and user charges; population StatCan 17-10-0155 July 1 estimates, 2021 boundaries; 2025 board membership applied to all years"
edmonton,member,devon,ring,fcss,2013,295877,2595,293282,6908,42.83,42.46,,"nominal dollars; gross operating cost = FIR Schedule C operating expenditure to 2008, Schedule C expense - Schedule E amortization from 2009 (accrual switch); net = gross - Schedule E sales and user charges; population StatCan 17-10-0155 July 1 estimates, 2021 boundaries; 2025 board membership applied to all years"
edmonton,member,devon,ring,fcss,2014,289577,5297,284280,6955,41.64,40.87,,"nominal dollars; gross operating cost = FIR Schedule C operating expenditure to 2008, Schedule C expense - Schedule E amortization from 2009 (accrual switch); net = gross - Schedule E sales and user charges; population StatCan 17-10-0155 July 1 estimates, 2021 boundaries; 2025 board membership applied to all years"
edmonton,member,devon,ring,fcss,2015,289299,19950,269349,6876,42.07,39.17,,"nominal dollars; gross operating cost = FIR Schedule C operating expenditure to 2008, Schedule C expense - Schedule E amortization from 2009 (accrual switch); net = gross - Schedule E sales and user charges; population StatCan 17-10-0155 July 1 estimates, 2021 boundaries; 2025 board membership applied to all years"
edmonton,member,devon,ring,fcss,2016,358098,1165,356933,6682,53.59,53.42,,"nominal dollars; gross operating cost = FIR Schedule C operating expenditure to 2008, Schedule C expense - Schedule E amortization from 2009 (accrual switch); net = gross - Schedule E sales and user charges; population StatCan 17-10-0155 July 1 estimates, 2021 boundaries; 2025 board membership applied to all years"
edmonton,member,devon,ring,fcss,2017,322055,4961,317094,6626,48.6,47.86,,"nominal dollars; gross operating cost = FIR Schedule C operating expenditure to 2008, Schedule C expense - Schedule E amortization from 2009 (accrual switch); net = gross - Schedule E sales and user charges; population StatCan 17-10-0155 July 1 estimates, 2021 boundaries; 2025 board membership applied to all years"
edmonton,member,devon,ring,fcss,2018,334445,3203,331242,6635,50.41,49.92,,"nominal dollars; gross operating cost = FIR Schedule C operating expenditure to 2008, Schedule C expense - Schedule E amortization from 2009 (accrual switch); net = gross - Schedule E sales and user charges; population StatCan 17-10-0155 July 1 estimates, 2021 boundaries; 2025 board membership applied to all years"
edmonton,member,devon,ring,fcss,2019,343654,3034,340620,6579,52.23,51.77,,"nominal dollars; gross operating cost = FIR Schedule C operating expenditure to 2008, Schedule C expense - Schedule E amortization from 2009 (accrual switch); net = gross - Schedule E sales and user charges; population StatCan 17-10-0155 July 1 estimates, 2021 boundaries; 2025 board membership applied to all years"
edmonton,member,devon,ring,fcss,2020,324116,2976,321140,6643,48.79,48.34,,"nominal dollars; gross operating cost = FIR Schedule C operating expenditure to 2008, Schedule C expense - Schedule E amortization from 2009 (accrual switch); net = gross - Schedule E sales and user charges; population StatCan 17-10-0155 July 1 estimates, 2021 boundaries; 2025 board membership applied to all years"
edmonton,member,devon,ring,fcss,2021,0,0,0,6740,0.0,0.0,,"nominal dollars; gross operating cost = FIR Schedule C operating expenditure to 2008, Schedule C expense - Schedule E amortization from 2009 (accrual switch); net = gross - Schedule E sales and user charges; population StatCan 17-10-0155 July 1 estimates, 2021 boundaries; 2025 board membership applied to all years"
edmonton,member,devon,ring,fcss,2022,347358,0,347358,6787,51.18,51.18,,"nominal dollars; gross operating cost = FIR Schedule C operating expenditure to 2008, Schedule C expense - Schedule E amortization from 2009 (accrual switch); net = gross - Schedule E sales and user charges; population StatCan 17-10-0155 July 1 estimates, 2021 boundaries; 2025 board membership applied to all years"
edmonton,member,devon,ring,fcss,2023,349275,4036,345239,6786,51.47,50.88,,"nominal dollars; gross operating cost = FIR Schedule C operating expenditure to 2008, Schedule C expense - Schedule E amortization from 2009 (accrual switch); net = gross - Schedule E sales and user charges; population StatCan 17-10-0155 July 1 estimates, 2021 boundaries; 2025 board membership applied to all years"
edmonton,member,devon,ring,fcss,2024,341766,0,341766,6865,49.78,49.78,,"nominal dollars; gross operating cost = FIR Schedule C operating expenditure to 2008, Schedule C expense - Schedule E amortization from 2009 (accrual switch); net = gross - Schedule E sales and user charges; population StatCan 17-10-0155 July 1 estimates, 2021 boundaries; 2025 board membership applied to all years"
edmonton,member,devon,ring,fcss,2025,359632,409,359223,6965,51.63,51.58,,"nominal dollars; gross operating cost = FIR Schedule C operating expenditure to 2008, Schedule C expense - Schedule E amortization from 2009 (accrual switch); net = gross - Schedule E sales and user charges; population StatCan 17-10-0155 July 1 estimates, 2021 boundaries; 2025 board membership applied to all years"
edmonton,member,devon,ring,housing,2009,0,0,0,6669,0.0,0.0,,"nominal dollars; gross operating cost = FIR Schedule C operating expenditure to 2008, Schedule C expense - Schedule E amortization from 2009 (accrual switch); net = gross - Schedule E sales and user charges; population StatCan 17-10-0155 July 1 estimates, 2021 boundaries; 2025 board membership applied to all years"
edmonton,member,devon,ring,housing,2010,0,0,0,6728,0.0,0.0,,"nominal dollars; gross operating cost = FIR Schedule C operating expenditure to 2008, Schedule C expense - Schedule E amortization from 2009 (accrual switch); net = gross - Schedule E sales and user charges; population StatCan 17-10-0155 July 1 estimates, 2021 boundaries; 2025 board membership applied to all years"
edmonton,member,devon,ring,housing,2011,0,0,0,6752,0.0,0.0,,"nominal dollars; gross operating cost = FIR Schedule C operating expenditure to 2008, Schedule C expense - Schedule E amortization from 2009 (accrual switch); net = gross - Schedule E sales and user charges; population StatCan 17-10-0155 July 1 estimates, 2021 boundaries; 2025 board membership applied to all years"
edmonton,member,devon,ring,housing,2012,0,0,0,6839,0.0,0.0,,"nominal dollars; gross operating cost = FIR Schedule C operating expenditure to 2008, Schedule C expense - Schedule E amortization from 2009 (accrual switch); net = gross - Schedule E sales and user charges; population StatCan 17-10-0155 July 1 estimates, 2021 boundaries; 2025 board membership applied to all years"
edmonton,member,devon,ring,housing,2013,0,0,0,6908,0.0,0.0,,"nominal dollars; gross operating cost = FIR Schedule C operating expenditure to 2008, Schedule C expense - Schedule E amortization from 2009 (accrual switch); net = gross - Schedule E sales and user charges; population StatCan 17-10-0155 July 1 estimates, 2021 boundaries; 2025 board membership applied to all years"
edmonton,member,devon,ring,housing,2014,0,0,0,6955,0.0,0.0,,"nominal dollars; gross operating cost = FIR Schedule C operating expenditure to 2008, Schedule C expense - Schedule E amortization from 2009 (accrual switch); net = gross - Schedule E sales and user charges; population StatCan 17-10-0155 July 1 estimates, 2021 boundaries; 2025 board membership applied to all years"
edmonton,member,devon,ring,housing,2015,0,0,0,6876,0.0,0.0,,"nominal dollars; gross operating cost = FIR Schedule C operating expenditure to 2008, Schedule C expense - Schedule E amortization from 2009 (accrual switch); net = gross - Schedule E sales and user charges; population StatCan 17-10-0155 July 1 estimates, 2021 boundaries; 2025 board membership applied to all years"
edmonton,member,devon,ring,housing,2016,0,0,0,6682,0.0,0.0,,"nominal dollars; gross operating cost = FIR Schedule C operating expenditure to 2008, Schedule C expense - Schedule E amortization from 2009 (accrual switch); net = gross - Schedule E sales and user charges; population StatCan 17-10-0155 July 1 estimates, 2021 boundaries; 2025 board membership applied to all years"
edmonton,member,devon,ring,housing,2017,0,0,0,6626,0.0,0.0,,"nominal dollars; gross operating cost = FIR Schedule C operating expenditure to 2008, Schedule C expense - Schedule E amortization from 2009 (accrual switch); net = gross - Schedule E sales and user charges; population StatCan 17-10-0155 July 1 estimates, 2021 boundaries; 2025 board membership applied to all years"
edmonton,member,devon,ring,housing,2018,0,0,0,6635,0.0,0.0,,"nominal dollars; gross operating cost = FIR Schedule C operating expenditure to 2008, Schedule C expense - Schedule E amortization from 2009 (accrual switch); net = gross - Schedule E sales and user charges; population StatCan 17-10-0155 July 1 estimates, 2021 boundaries; 2025 board membership applied to all years"
edmonton,member,devon,ring,housing,2019,0,0,0,6579,0.0,0.0,,"nominal dollars; gross operating cost = FIR Schedule C operating expenditure to 2008, Schedule C expense - Schedule E amortization from 2009 (accrual switch); net = gross - Schedule E sales and user charges; population StatCan 17-10-0155 July 1 estimates, 2021 boundaries; 2025 board membership applied to all years"
edmonton,member,devon,ring,housing,2020,0,0,0,6643,0.0,0.0,,"nominal dollars; gross operating cost = FIR Schedule C operating expenditure to 2008, Schedule C expense - Schedule E amortization from 2009 (accrual switch); net = gross - Schedule E sales and user charges; population StatCan 17-10-0155 July 1 estimates, 2021 boundaries; 2025 board membership applied to all years"
edmonton,member,devon,ring,housing,2021,0,0,0,6740,0.0,0.0,,"nominal dollars; gross operating cost = FIR Schedule C operating expenditure to 2008, Schedule C expense - Schedule E amortization from 2009 (accrual switch); net = gross - Schedule E sales and user charges; population StatCan 17-10-0155 July 1 estimates, 2021 boundaries; 2025 board membership applied to all years"
edmonton,member,devon,ring,housing,2022,0,0,0,6787,0.0,0.0,,"nominal dollars; gross operating cost = FIR Schedule C operating expenditure to 2008, Schedule C expense - Schedule E amortization from 2009 (accrual switch); net = gross - Schedule E sales and user charges; population StatCan 17-10-0155 July 1 estimates, 2021 boundaries; 2025 board membership applied to all years"
edmonton,member,devon,ring,housing,2023,0,0,0,6786,0.0,0.0,,"nominal dollars; gross operating cost = FIR Schedule C operating expenditure to 2008, Schedule C expense - Schedule E amortization from 2009 (accrual switch); net = gross - Schedule E sales and user charges; population StatCan 17-10-0155 July 1 estimates, 2021 boundaries; 2025 board membership applied to all years"
edmonton,member,devon,ring,housing,2024,0,0,0,6865,0.0,0.0,,"nominal dollars; gross operating cost = FIR Schedule C operating expenditure to 2008, Schedule C expense - Schedule E amortization from 2009 (accrual switch); net = gross - Schedule E sales and user charges; population StatCan 17-10-0155 July 1 estimates, 2021 boundaries; 2025 board membership applied to all years"
edmonton,member,devon,ring,housing,2025,0,0,0,6965,0.0,0.0,,"nominal dollars; gross operating cost = FIR Schedule C operating expenditure to 2008, Schedule C expense - Schedule E amortization from 2009 (accrual switch); net = gross - Schedule E sales and user charges; population StatCan 17-10-0155 July 1 estimates, 2021 boundaries; 2025 board membership applied to all years"
edmonton,member,edmonton,core,police,2001,142361000,6191000,136170000,685188,207.77,198.73,,"nominal dollars; gross operating cost = FIR Schedule C operating expenditure to 2008, Schedule C expense - Schedule E amortization from 2009 (accrual switch); net = gross - Schedule E sales and user charges; population StatCan 17-10-0155 July 1 estimates, 2021 boundaries; 2025 board membership applied to all years"
edmonton,member,edmonton,core,police,2002,153774000,7033000,146741000,700266,219.59,209.55,,"nominal dollars; gross operating cost = FIR Schedule C operating expenditure to 2008, Schedule C expense - Schedule E amortization from 2009 (accrual switch); net = gross - Schedule E sales and user charges; population StatCan 17-10-0155 July 1 estimates, 2021 boundaries; 2025 board membership applied to all years"
edmonton,member,edmonton,core,police,2003,165905000,6961000,158944000,710998,233.34,223.55,,"nominal dollars; gross operating cost = FIR Schedule C operating expenditure to 2008, Schedule C expense - Schedule E amortization from 2009 (accrual switch); net = gross - Schedule E sales and user charges; population StatCan 17-10-0155 July 1 estimates, 2021 boundaries; 2025 board membership applied to all years"
edmonton,member,edmonton,core,police,2004,178103000,9089000,169014000,721622,246.81,234.21,,"nominal dollars; gross operating cost = FIR Schedule C operating expenditure to 2008, Schedule C expense - Schedule E amortization from 2009 (accrual switch); net = gross - Schedule E sales and user charges; population StatCan 17-10-0155 July 1 estimates, 2021 boundaries; 2025 board membership applied to all years"
edmonton,member,edmonton,core,police,2005,193319000,9964000,183355000,738537,261.76,248.27,,"nominal dollars; gross operating cost = FIR Schedule C operating expenditure to 2008, Schedule C expense - Schedule E amortization from 2009 (accrual switch); net = gross - Schedule E sales and user charges; population StatCan 17-10-0155 July 1 estimates, 2021 boundaries; 2025 board membership applied to all years"
edmonton,member,edmonton,core,police,2006,203765000,10320000,193445000,759605,268.25,254.67,,"nominal dollars; gross operating cost = FIR Schedule C operating expenditure to 2008, Schedule C expense - Schedule E amortization from 2009 (accrual switch); net = gross - Schedule E sales and user charges; population StatCan 17-10-0155 July 1 estimates, 2021 boundaries; 2025 board membership applied to all years"
edmonton,member,edmonton,core,police,2007,219111000,11275000,207836000,779360,281.14,266.68,,"nominal dollars; gross operating cost = FIR Schedule C operating expenditure to 2008, Schedule C expense - Schedule E amortization from 2009 (accrual switch); net = gross - Schedule E sales and user charges; population StatCan 17-10-0155 July 1 estimates, 2021 boundaries; 2025 board membership applied to all years"
edmonton,member,edmonton,core,police,2008,243442000,12920000,230522000,797133,305.4,289.19,,"nominal dollars; gross operating cost = FIR Schedule C operating expenditure to 2008, Schedule C expense - Schedule E amortization from 2009 (accrual switch); net = gross - Schedule E sales and user charges; population StatCan 17-10-0155 July 1 estimates, 2021 boundaries; 2025 board membership applied to all years"
edmonton,member,edmonton,core,police,2009,249897000,12778000,237119000,818052,305.48,289.86,,"nominal dollars; gross operating cost = FIR Schedule C operating expenditure to 2008, Schedule C expense - Schedule E amortization from 2009 (accrual switch); net = gross - Schedule E sales and user charges; population StatCan 17-10-0155 July 1 estimates, 2021 boundaries; 2025 board membership applied to all years"
edmonton,member,edmonton,core,police,2010,284091000,22664000,261427000,831589,341.62,314.37,,"nominal dollars; gross operating cost = FIR Schedule C operating expenditure to 2008, Schedule C expense - Schedule E amortization from 2009 (accrual switch); net = gross - Schedule E sales and user charges; population StatCan 17-10-0155 July 1 estimates, 2021 boundaries; 2025 board membership applied to all years"
edmonton,member,edmonton,core,police,2011,301549000,22429000,279120000,845596,356.61,330.09,,"nominal dollars; gross operating cost = FIR Schedule C operating expenditure to 2008, Schedule C expense - Schedule E amortization from 2009 (accrual switch); net = gross - Schedule E sales and user charges; population StatCan 17-10-0155 July 1 estimates, 2021 boundaries; 2025 board membership applied to all years"
edmonton,member,edmonton,core,police,2012,319051000,22469000,296582000,864962,368.86,342.88,,"nominal dollars; gross operating cost = FIR Schedule C operating expenditure to 2008, Schedule C expense - Schedule E amortization from 2009 (accrual switch); net = gross - Schedule E sales and user charges; population StatCan 17-10-0155 July 1 estimates, 2021 boundaries; 2025 board membership applied to all years"
edmonton,member,edmonton,core,police,2013,336331000,23424000,312907000,893025,376.62,350.39,,"nominal dollars; gross operating cost = FIR Schedule C operating expenditure to 2008, Schedule C expense - Schedule E amortization from 2009 (accrual switch); net = gross - Schedule E sales and user charges; population StatCan 17-10-0155 July 1 estimates, 2021 boundaries; 2025 board membership applied to all years"
edmonton,member,edmonton,core,police,2014,343942000,23480000,320462000,923701,372.35,346.93,,"nominal dollars; gross operating cost = FIR Schedule C operating expenditure to 2008, Schedule C expense - Schedule E amortization from 2009 (accrual switch); net = gross - Schedule E sales and user charges; population StatCan 17-10-0155 July 1 estimates, 2021 boundaries; 2025 board membership applied to all years"
edmonton,member,edmonton,core,police,2015,357782000,24069000,333713000,946855,377.86,352.44,,"nominal dollars; gross operating cost = FIR Schedule C operating expenditure to 2008, Schedule C expense - Schedule E amortization from 2009 (accrual switch); net = gross - Schedule E sales and user charges; population StatCan 17-10-0155 July 1 estimates, 2021 boundaries; 2025 board membership applied to all years"
edmonton,member,edmonton,core,police,2016,389899000,24829000,365070000,957435,407.23,381.3,,"nominal dollars; gross operating cost = FIR Schedule C operating expenditure to 2008, Schedule C expense - Schedule E amortization from 2009 (accrual switch); net = gross - Schedule E sales and user charges; population StatCan 17-10-0155 July 1 estimates, 2021 boundaries; 2025 board membership applied to all years"
edmonton,member,edmonton,core,police,2017,405147000,26407000,378740000,975972,415.12,388.06,,"nominal dollars; gross operating cost = FIR Schedule C operating expenditure to 2008, Schedule C expense - Schedule E amortization from 2009 (accrual switch); net = gross - Schedule E sales and user charges; population StatCan 17-10-0155 July 1 estimates, 2021 boundaries; 2025 board membership applied to all years"
edmonton,member,edmonton,core,police,2018,423130000,27215000,395915000,1003493,421.66,394.54,,"nominal dollars; gross operating cost = FIR Schedule C operating expenditure to 2008, Schedule C expense - Schedule E amortization from 2009 (accrual switch); net = gross - Schedule E sales and user charges; population StatCan 17-10-0155 July 1 estimates, 2021 boundaries; 2025 board membership applied to all years"
edmonton,member,edmonton,core,police,2019,441813000,27200000,414613000,1026499,430.41,403.91,,"nominal dollars; gross operating cost = FIR Schedule C operating expenditure to 2008, Schedule C expense - Schedule E amortization from 2009 (accrual switch); net = gross - Schedule E sales and user charges; population StatCan 17-10-0155 July 1 estimates, 2021 boundaries; 2025 board membership applied to all years"
edmonton,member,edmonton,core,police,2020,457854000,28406000,429448000,1046556,437.49,410.34,,"nominal dollars; gross operating cost = FIR Schedule C operating expenditure to 2008, Schedule C expense - Schedule E amortization from 2009 (accrual switch); net = gross - Schedule E sales and user charges; population StatCan 17-10-0155 July 1 estimates, 2021 boundaries; 2025 board membership applied to all years"
edmonton,member,edmonton,core,police,2021,474534000,29132000,445402000,1050945,451.53,423.81,,"nominal dollars; gross operating cost = FIR Schedule C operating expenditure to 2008, Schedule C expense - Schedule E amortization from 2009 (accrual switch); net = gross - Schedule E sales and user charges; population StatCan 17-10-0155 July 1 estimates, 2021 boundaries; 2025 board membership applied to all years"
edmonton,member,edmonton,core,police,2022,480830000,31344000,449486000,1074178,447.63,418.45,,"nominal dollars; gross operating cost = FIR Schedule C operating expenditure to 2008, Schedule C expense - Schedule E amortization from 2009 (accrual switch); net = gross - Schedule E sales and user charges; population StatCan 17-10-0155 July 1 estimates, 2021 boundaries; 2025 board membership applied to all years"
edmonton,member,edmonton,core,police,2023,504895000,33996000,470899000,1127183,447.93,417.77,,"nominal dollars; gross operating cost = FIR Schedule C operating expenditure to 2008, Schedule C expense - Schedule E amortization from 2009 (accrual switch); net = gross - Schedule E sales and user charges; population StatCan 17-10-0155 July 1 estimates, 2021 boundaries; 2025 board membership applied to all years"
edmonton,member,edmonton,core,police,2024,560218000,36665000,523553000,1197771,467.72,437.11,,"nominal dollars; gross operating cost = FIR Schedule C operating expenditure to 2008, Schedule C expense - Schedule E amortization from 2009 (accrual switch); net = gross - Schedule E sales and user charges; population StatCan 17-10-0155 July 1 estimates, 2021 boundaries; 2025 board membership applied to all years"
edmonton,member,edmonton,core,police,2025,603337000,40721000,562616000,1238295,487.23,454.35,,"nominal dollars; gross operating cost = FIR Schedule C operating expenditure to 2008, Schedule C expense - Schedule E amortization from 2009 (accrual switch); net = gross - Schedule E sales and user charges; population StatCan 17-10-0155 July 1 estimates, 2021 boundaries; 2025 board membership applied to all years"
edmonton,member,edmonton,core,transit,2001,113024000,54101000,58923000,685188,164.95,86.0,,"nominal dollars; gross operating cost = FIR Schedule C operating expenditure to 2008, Schedule C expense - Schedule E amortization from 2009 (accrual switch); net = gross - Schedule E sales and user charges; population StatCan 17-10-0155 July 1 estimates, 2021 boundaries; 2025 board membership applied to all years"
edmonton,member,edmonton,core,transit,2002,117352000,57088000,60264000,700266,167.58,86.06,,"nominal dollars; gross operating cost = FIR Schedule C operating expenditure to 2008, Schedule C expense - Schedule E amortization from 2009 (accrual switch); net = gross - Schedule E sales and user charges; population StatCan 17-10-0155 July 1 estimates, 2021 boundaries; 2025 board membership applied to all years"
edmonton,member,edmonton,core,transit,2003,126122000,60783000,65339000,710998,177.39,91.9,,"nominal dollars; gross operating cost = FIR Schedule C operating expenditure to 2008, Schedule C expense - Schedule E amortization from 2009 (accrual switch); net = gross - Schedule E sales and user charges; population StatCan 17-10-0155 July 1 estimates, 2021 boundaries; 2025 board membership applied to all years"
edmonton,member,edmonton,core,transit,2004,148116000,64492000,83624000,721622,205.25,115.88,,"nominal dollars; gross operating cost = FIR Schedule C operating expenditure to 2008, Schedule C expense - Schedule E amortization from 2009 (accrual switch); net = gross - Schedule E sales and user charges; population StatCan 17-10-0155 July 1 estimates, 2021 boundaries; 2025 board membership applied to all years"
edmonton,member,edmonton,core,transit,2005,159315000,67983000,91332000,738537,215.72,123.67,,"nominal dollars; gross operating cost = FIR Schedule C operating expenditure to 2008, Schedule C expense - Schedule E amortization from 2009 (accrual switch); net = gross - Schedule E sales and user charges; population StatCan 17-10-0155 July 1 estimates, 2021 boundaries; 2025 board membership applied to all years"
edmonton,member,edmonton,core,transit,2006,163688000,75273000,88415000,759605,215.49,116.4,,"nominal dollars; gross operating cost = FIR Schedule C operating expenditure to 2008, Schedule C expense - Schedule E amortization from 2009 (accrual switch); net = gross - Schedule E sales and user charges; population StatCan 17-10-0155 July 1 estimates, 2021 boundaries; 2025 board membership applied to all years"
edmonton,member,edmonton,core,transit,2007,184413000,81869000,102544000,779360,236.62,131.57,,"nominal dollars; gross operating cost = FIR Schedule C operating expenditure to 2008, Schedule C expense - Schedule E amortization from 2009 (accrual switch); net = gross - Schedule E sales and user charges; population StatCan 17-10-0155 July 1 estimates, 2021 boundaries; 2025 board membership applied to all years"
edmonton,member,edmonton,core,transit,2008,209787000,88425000,121362000,797133,263.18,152.25,,"nominal dollars; gross operating cost = FIR Schedule C operating expenditure to 2008, Schedule C expense - Schedule E amortization from 2009 (accrual switch); net = gross - Schedule E sales and user charges; population StatCan 17-10-0155 July 1 estimates, 2021 boundaries; 2025 board membership applied to all years"
edmonton,member,edmonton,core,transit,2009,235283000,95400000,139883000,818052,287.61,171.0,,"nominal dollars; gross operating cost = FIR Schedule C operating expenditure to 2008, Schedule C expense - Schedule E amortization from 2009 (accrual switch); net = gross - Schedule E sales and user charges; population StatCan 17-10-0155 July 1 estimates, 2021 boundaries; 2025 board membership applied to all years"
edmonton,member,edmonton,core,transit,2010,267751000,102143000,165608000,831589,321.98,199.15,,"nominal dollars; gross operating cost = FIR Schedule C operating expenditure to 2008, Schedule C expense - Schedule E amortization from 2009 (accrual switch); net = gross - Schedule E sales and user charges; population StatCan 17-10-0155 July 1 estimates, 2021 boundaries; 2025 board membership applied to all years"
edmonton,member,edmonton,core,transit,2011,291693000,112068000,179625000,845596,344.96,212.42,,"nominal dollars; gross operating cost = FIR Schedule C operating expenditure to 2008, Schedule C expense - Schedule E amortization from 2009 (accrual switch); net = gross - Schedule E sales and user charges; population StatCan 17-10-0155 July 1 estimates, 2021 boundaries; 2025 board membership applied to all years"
edmonton,member,edmonton,core,transit,2012,302141000,118635000,183506000,864962,349.31,212.15,,"nominal dollars; gross operating cost = FIR Schedule C operating expenditure to 2008, Schedule C expense - Schedule E amortization from 2009 (accrual switch); net = gross - Schedule E sales and user charges; population StatCan 17-10-0155 July 1 estimates, 2021 boundaries; 2025 board membership applied to all years"
edmonton,member,edmonton,core,transit,2013,315096000,130426000,184670000,893025,352.84,206.79,,"nominal dollars; gross operating cost = FIR Schedule C operating expenditure to 2008, Schedule C expense - Schedule E amortization from 2009 (accrual switch); net = gross - Schedule E sales and user charges; population StatCan 17-10-0155 July 1 estimates, 2021 boundaries; 2025 board membership applied to all years"
edmonton,member,edmonton,core,transit,2014,320670000,132342000,188328000,923701,347.16,203.88,,"nominal dollars; gross operating cost = FIR Schedule C operating expenditure to 2008, Schedule C expense - Schedule E amortization from 2009 (accrual switch); net = gross - Schedule E sales and user charges; population StatCan 17-10-0155 July 1 estimates, 2021 boundaries; 2025 board membership applied to all years"
edmonton,member,edmonton,core,transit,2015,334895000,130515000,204380000,946855,353.69,215.85,,"nominal dollars; gross operating cost = FIR Schedule C operating expenditure to 2008, Schedule C expense - Schedule E amortization from 2009 (accrual switch); net = gross - Schedule E sales and user charges; population StatCan 17-10-0155 July 1 estimates, 2021 boundaries; 2025 board membership applied to all years"
edmonton,member,edmonton,core,transit,2016,350193000,130358000,219835000,957435,365.76,229.61,,"nominal dollars; gross operating cost = FIR Schedule C operating expenditure to 2008, Schedule C expense - Schedule E amortization from 2009 (accrual switch); net = gross - Schedule E sales and user charges; population StatCan 17-10-0155 July 1 estimates, 2021 boundaries; 2025 board membership applied to all years"
edmonton,member,edmonton,core,transit,2017,377573000,129897000,247676000,975972,386.87,253.77,,"nominal dollars; gross operating cost = FIR Schedule C operating expenditure to 2008, Schedule C expense - Schedule E amortization from 2009 (accrual switch); net = gross - Schedule E sales and user charges; population StatCan 17-10-0155 July 1 estimates, 2021 boundaries; 2025 board membership applied to all years"
edmonton,member,edmonton,core,transit,2018,387604000,130406000,257198000,1003493,386.25,256.3,,"nominal dollars; gross operating cost = FIR Schedule C operating expenditure to 2008, Schedule C expense - Schedule E amortization from 2009 (accrual switch); net = gross - Schedule E sales and user charges; population StatCan 17-10-0155 July 1 estimates, 2021 boundaries; 2025 board membership applied to all years"
edmonton,member,edmonton,core,transit,2019,459174000,129317000,329857000,1026499,447.32,321.34,,"nominal dollars; gross operating cost = FIR Schedule C operating expenditure to 2008, Schedule C expense - Schedule E amortization from 2009 (accrual switch); net = gross - Schedule E sales and user charges; population StatCan 17-10-0155 July 1 estimates, 2021 boundaries; 2025 board membership applied to all years"
edmonton,member,edmonton,core,transit,2020,388423000,59948000,328475000,1046556,371.14,313.86,,"nominal dollars; gross operating cost = FIR Schedule C operating expenditure to 2008, Schedule C expense - Schedule E amortization from 2009 (accrual switch); net = gross - Schedule E sales and user charges; population StatCan 17-10-0155 July 1 estimates, 2021 boundaries; 2025 board membership applied to all years"
edmonton,member,edmonton,core,transit,2021,377738000,56679000,321059000,1050945,359.43,305.5,,"nominal dollars; gross operating cost = FIR Schedule C operating expenditure to 2008, Schedule C expense - Schedule E amortization from 2009 (accrual switch); net = gross - Schedule E sales and user charges; population StatCan 17-10-0155 July 1 estimates, 2021 boundaries; 2025 board membership applied to all years"
edmonton,member,edmonton,core,transit,2022,416331000,81923000,334408000,1074178,387.58,311.32,,"nominal dollars; gross operating cost = FIR Schedule C operating expenditure to 2008, Schedule C expense - Schedule E amortization from 2009 (accrual switch); net = gross - Schedule E sales and user charges; population StatCan 17-10-0155 July 1 estimates, 2021 boundaries; 2025 board membership applied to all years"
edmonton,member,edmonton,core,transit,2023,435124000,96592000,338532000,1127183,386.03,300.33,,"nominal dollars; gross operating cost = FIR Schedule C operating expenditure to 2008, Schedule C expense - Schedule E amortization from 2009 (accrual switch); net = gross - Schedule E sales and user charges; population StatCan 17-10-0155 July 1 estimates, 2021 boundaries; 2025 board membership applied to all years"
edmonton,member,edmonton,core,transit,2024,491633000,105846000,385787000,1197771,410.46,322.09,,"nominal dollars; gross operating cost = FIR Schedule C operating expenditure to 2008, Schedule C expense - Schedule E amortization from 2009 (accrual switch); net = gross - Schedule E sales and user charges; population StatCan 17-10-0155 July 1 estimates, 2021 boundaries; 2025 board membership applied to all years"
edmonton,member,edmonton,core,transit,2025,505811000,107002000,398809000,1238295,408.47,322.06,,"nominal dollars; gross operating cost = FIR Schedule C operating expenditure to 2008, Schedule C expense - Schedule E amortization from 2009 (accrual switch); net = gross - Schedule E sales and user charges; population StatCan 17-10-0155 July 1 estimates, 2021 boundaries; 2025 board membership applied to all years"
edmonton,member,edmonton,core,fcss,2001,11626000,455000,11171000,685188,16.97,16.3,,"nominal dollars; gross operating cost = FIR Schedule C operating expenditure to 2008, Schedule C expense - Schedule E amortization from 2009 (accrual switch); net = gross - Schedule E sales and user charges; population StatCan 17-10-0155 July 1 estimates, 2021 boundaries; 2025 board membership applied to all years"
edmonton,member,edmonton,core,fcss,2002,13096000,414000,12682000,700266,18.7,18.11,,"nominal dollars; gross operating cost = FIR Schedule C operating expenditure to 2008, Schedule C expense - Schedule E amortization from 2009 (accrual switch); net = gross - Schedule E sales and user charges; population StatCan 17-10-0155 July 1 estimates, 2021 boundaries; 2025 board membership applied to all years"
edmonton,member,edmonton,core,fcss,2003,13543000,39000,13504000,710998,19.05,18.99,,"nominal dollars; gross operating cost = FIR Schedule C operating expenditure to 2008, Schedule C expense - Schedule E amortization from 2009 (accrual switch); net = gross - Schedule E sales and user charges; population StatCan 17-10-0155 July 1 estimates, 2021 boundaries; 2025 board membership applied to all years"
edmonton,member,edmonton,core,fcss,2004,14431000,111000,14320000,721622,20.0,19.84,,"nominal dollars; gross operating cost = FIR Schedule C operating expenditure to 2008, Schedule C expense - Schedule E amortization from 2009 (accrual switch); net = gross - Schedule E sales and user charges; population StatCan 17-10-0155 July 1 estimates, 2021 boundaries; 2025 board membership applied to all years"
edmonton,member,edmonton,core,fcss,2005,15031000,239000,14792000,738537,20.35,20.03,,"nominal dollars; gross operating cost = FIR Schedule C operating expenditure to 2008, Schedule C expense - Schedule E amortization from 2009 (accrual switch); net = gross - Schedule E sales and user charges; population StatCan 17-10-0155 July 1 estimates, 2021 boundaries; 2025 board membership applied to all years"
edmonton,member,edmonton,core,fcss,2006,20790000,306000,20484000,759605,27.37,26.97,,"nominal dollars; gross operating cost = FIR Schedule C operating expenditure to 2008, Schedule C expense - Schedule E amortization from 2009 (accrual switch); net = gross - Schedule E sales and user charges; population StatCan 17-10-0155 July 1 estimates, 2021 boundaries; 2025 board membership applied to all years"
edmonton,member,edmonton,core,fcss,2007,42634000,1194000,41440000,779360,54.7,53.17,,"nominal dollars; gross operating cost = FIR Schedule C operating expenditure to 2008, Schedule C expense - Schedule E amortization from 2009 (accrual switch); net = gross - Schedule E sales and user charges; population StatCan 17-10-0155 July 1 estimates, 2021 boundaries; 2025 board membership applied to all years"
edmonton,member,edmonton,core,fcss,2008,48965000,1694000,47271000,797133,61.43,59.3,,"nominal dollars; gross operating cost = FIR Schedule C operating expenditure to 2008, Schedule C expense - Schedule E amortization from 2009 (accrual switch); net = gross - Schedule E sales and user charges; population StatCan 17-10-0155 July 1 estimates, 2021 boundaries; 2025 board membership applied to all years"
edmonton,member,edmonton,core,fcss,2009,39344000,835000,38509000,818052,48.09,47.07,,"nominal dollars; gross operating cost = FIR Schedule C operating expenditure to 2008, Schedule C expense - Schedule E amortization from 2009 (accrual switch); net = gross - Schedule E sales and user charges; population StatCan 17-10-0155 July 1 estimates, 2021 boundaries; 2025 board membership applied to all years"
edmonton,member,edmonton,core,fcss,2010,45534000,1626000,43908000,831589,54.76,52.8,,"nominal dollars; gross operating cost = FIR Schedule C operating expenditure to 2008, Schedule C expense - Schedule E amortization from 2009 (accrual switch); net = gross - Schedule E sales and user charges; population StatCan 17-10-0155 July 1 estimates, 2021 boundaries; 2025 board membership applied to all years"
edmonton,member,edmonton,core,fcss,2011,36393000,2063000,34330000,845596,43.04,40.6,,"nominal dollars; gross operating cost = FIR Schedule C operating expenditure to 2008, Schedule C expense - Schedule E amortization from 2009 (accrual switch); net = gross - Schedule E sales and user charges; population StatCan 17-10-0155 July 1 estimates, 2021 boundaries; 2025 board membership applied to all years"
edmonton,member,edmonton,core,fcss,2012,41699000,581000,41118000,864962,48.21,47.54,,"nominal dollars; gross operating cost = FIR Schedule C operating expenditure to 2008, Schedule C expense - Schedule E amortization from 2009 (accrual switch); net = gross - Schedule E sales and user charges; population StatCan 17-10-0155 July 1 estimates, 2021 boundaries; 2025 board membership applied to all years"
edmonton,member,edmonton,core,fcss,2013,36609000,756000,35853000,893025,40.99,40.15,,"nominal dollars; gross operating cost = FIR Schedule C operating expenditure to 2008, Schedule C expense - Schedule E amortization from 2009 (accrual switch); net = gross - Schedule E sales and user charges; population StatCan 17-10-0155 July 1 estimates, 2021 boundaries; 2025 board membership applied to all years"
edmonton,member,edmonton,core,fcss,2014,40371000,653000,39718000,923701,43.71,43.0,,"nominal dollars; gross operating cost = FIR Schedule C operating expenditure to 2008, Schedule C expense - Schedule E amortization from 2009 (accrual switch); net = gross - Schedule E sales and user charges; population StatCan 17-10-0155 July 1 estimates, 2021 boundaries; 2025 board membership applied to all years"
edmonton,member,edmonton,core,fcss,2015,44050000,863000,43187000,946855,46.52,45.61,,"nominal dollars; gross operating cost = FIR Schedule C operating expenditure to 2008, Schedule C expense - Schedule E amortization from 2009 (accrual switch); net = gross - Schedule E sales and user charges; population StatCan 17-10-0155 July 1 estimates, 2021 boundaries; 2025 board membership applied to all years"
edmonton,member,edmonton,core,fcss,2016,57134000,1173000,55961000,957435,59.67,58.45,,"nominal dollars; gross operating cost = FIR Schedule C operating expenditure to 2008, Schedule C expense - Schedule E amortization from 2009 (accrual switch); net = gross - Schedule E sales and user charges; population StatCan 17-10-0155 July 1 estimates, 2021 boundaries; 2025 board membership applied to all years"
edmonton,member,edmonton,core,fcss,2017,61386000,941000,60445000,975972,62.9,61.93,,"nominal dollars; gross operating cost = FIR Schedule C operating expenditure to 2008, Schedule C expense - Schedule E amortization from 2009 (accrual switch); net = gross - Schedule E sales and user charges; population StatCan 17-10-0155 July 1 estimates, 2021 boundaries; 2025 board membership applied to all years"
edmonton,member,edmonton,core,fcss,2018,58992000,1363000,57629000,1003493,58.79,57.43,,"nominal dollars; gross operating cost = FIR Schedule C operating expenditure to 2008, Schedule C expense - Schedule E amortization from 2009 (accrual switch); net = gross - Schedule E sales and user charges; population StatCan 17-10-0155 July 1 estimates, 2021 boundaries; 2025 board membership applied to all years"
edmonton,member,edmonton,core,fcss,2019,57076000,1489000,55587000,1026499,55.6,54.15,,"nominal dollars; gross operating cost = FIR Schedule C operating expenditure to 2008, Schedule C expense - Schedule E amortization from 2009 (accrual switch); net = gross - Schedule E sales and user charges; population StatCan 17-10-0155 July 1 estimates, 2021 boundaries; 2025 board membership applied to all years"
edmonton,member,edmonton,core,fcss,2020,57317000,540000,56777000,1046556,54.77,54.25,,"nominal dollars; gross operating cost = FIR Schedule C operating expenditure to 2008, Schedule C expense - Schedule E amortization from 2009 (accrual switch); net = gross - Schedule E sales and user charges; population StatCan 17-10-0155 July 1 estimates, 2021 boundaries; 2025 board membership applied to all years"
edmonton,member,edmonton,core,fcss,2021,51622000,727000,50895000,1050945,49.12,48.43,,"nominal dollars; gross operating cost = FIR Schedule C operating expenditure to 2008, Schedule C expense - Schedule E amortization from 2009 (accrual switch); net = gross - Schedule E sales and user charges; population StatCan 17-10-0155 July 1 estimates, 2021 boundaries; 2025 board membership applied to all years"
edmonton,member,edmonton,core,fcss,2022,62122000,2051000,60071000,1074178,57.83,55.92,,"nominal dollars; gross operating cost = FIR Schedule C operating expenditure to 2008, Schedule C expense - Schedule E amortization from 2009 (accrual switch); net = gross - Schedule E sales and user charges; population StatCan 17-10-0155 July 1 estimates, 2021 boundaries; 2025 board membership applied to all years"
edmonton,member,edmonton,core,fcss,2023,59876000,1977000,57899000,1127183,53.12,51.37,,"nominal dollars; gross operating cost = FIR Schedule C operating expenditure to 2008, Schedule C expense - Schedule E amortization from 2009 (accrual switch); net = gross - Schedule E sales and user charges; population StatCan 17-10-0155 July 1 estimates, 2021 boundaries; 2025 board membership applied to all years"
edmonton,member,edmonton,core,fcss,2024,71688000,2159000,69529000,1197771,59.85,58.05,,"nominal dollars; gross operating cost = FIR Schedule C operating expenditure to 2008, Schedule C expense - Schedule E amortization from 2009 (accrual switch); net = gross - Schedule E sales and user charges; population StatCan 17-10-0155 July 1 estimates, 2021 boundaries; 2025 board membership applied to all years"
edmonton,member,edmonton,core,fcss,2025,78434000,2189000,76245000,1238295,63.34,61.57,,"nominal dollars; gross operating cost = FIR Schedule C operating expenditure to 2008, Schedule C expense - Schedule E amortization from 2009 (accrual switch); net = gross - Schedule E sales and user charges; population StatCan 17-10-0155 July 1 estimates, 2021 boundaries; 2025 board membership applied to all years"
edmonton,member,edmonton,core,housing,2009,33160000,238000,32922000,818052,40.54,40.24,,"nominal dollars; gross operating cost = FIR Schedule C operating expenditure to 2008, Schedule C expense - Schedule E amortization from 2009 (accrual switch); net = gross - Schedule E sales and user charges; population StatCan 17-10-0155 July 1 estimates, 2021 boundaries; 2025 board membership applied to all years"
edmonton,member,edmonton,core,housing,2010,36206000,407000,35799000,831589,43.54,43.05,,"nominal dollars; gross operating cost = FIR Schedule C operating expenditure to 2008, Schedule C expense - Schedule E amortization from 2009 (accrual switch); net = gross - Schedule E sales and user charges; population StatCan 17-10-0155 July 1 estimates, 2021 boundaries; 2025 board membership applied to all years"
edmonton,member,edmonton,core,housing,2011,32721000,7850000,24871000,845596,38.7,29.41,,"nominal dollars; gross operating cost = FIR Schedule C operating expenditure to 2008, Schedule C expense - Schedule E amortization from 2009 (accrual switch); net = gross - Schedule E sales and user charges; population StatCan 17-10-0155 July 1 estimates, 2021 boundaries; 2025 board membership applied to all years"
edmonton,member,edmonton,core,housing,2012,33333000,550000,32783000,864962,38.54,37.9,,"nominal dollars; gross operating cost = FIR Schedule C operating expenditure to 2008, Schedule C expense - Schedule E amortization from 2009 (accrual switch); net = gross - Schedule E sales and user charges; population StatCan 17-10-0155 July 1 estimates, 2021 boundaries; 2025 board membership applied to all years"
edmonton,member,edmonton,core,housing,2013,22301000,223000,22078000,893025,24.97,24.72,,"nominal dollars; gross operating cost = FIR Schedule C operating expenditure to 2008, Schedule C expense - Schedule E amortization from 2009 (accrual switch); net = gross - Schedule E sales and user charges; population StatCan 17-10-0155 July 1 estimates, 2021 boundaries; 2025 board membership applied to all years"
edmonton,member,edmonton,core,housing,2014,25416000,180000,25236000,923701,27.52,27.32,,"nominal dollars; gross operating cost = FIR Schedule C operating expenditure to 2008, Schedule C expense - Schedule E amortization from 2009 (accrual switch); net = gross - Schedule E sales and user charges; population StatCan 17-10-0155 July 1 estimates, 2021 boundaries; 2025 board membership applied to all years"
edmonton,member,edmonton,core,housing,2015,15931000,170000,15761000,946855,16.83,16.65,,"nominal dollars; gross operating cost = FIR Schedule C operating expenditure to 2008, Schedule C expense - Schedule E amortization from 2009 (accrual switch); net = gross - Schedule E sales and user charges; population StatCan 17-10-0155 July 1 estimates, 2021 boundaries; 2025 board membership applied to all years"
edmonton,member,edmonton,core,housing,2016,30723000,147000,30576000,957435,32.09,31.94,,"nominal dollars; gross operating cost = FIR Schedule C operating expenditure to 2008, Schedule C expense - Schedule E amortization from 2009 (accrual switch); net = gross - Schedule E sales and user charges; population StatCan 17-10-0155 July 1 estimates, 2021 boundaries; 2025 board membership applied to all years"
edmonton,member,edmonton,core,housing,2017,30882000,179000,30703000,975972,31.64,31.46,,"nominal dollars; gross operating cost = FIR Schedule C operating expenditure to 2008, Schedule C expense - Schedule E amortization from 2009 (accrual switch); net = gross - Schedule E sales and user charges; population StatCan 17-10-0155 July 1 estimates, 2021 boundaries; 2025 board membership applied to all years"
edmonton,member,edmonton,core,housing,2018,31786000,149000,31637000,1003493,31.68,31.53,,"nominal dollars; gross operating cost = FIR Schedule C operating expenditure to 2008, Schedule C expense - Schedule E amortization from 2009 (accrual switch); net = gross - Schedule E sales and user charges; population StatCan 17-10-0155 July 1 estimates, 2021 boundaries; 2025 board membership applied to all years"
edmonton,member,edmonton,core,housing,2019,37029000,137000,36892000,1026499,36.07,35.94,,"nominal dollars; gross operating cost = FIR Schedule C operating expenditure to 2008, Schedule C expense - Schedule E amortization from 2009 (accrual switch); net = gross - Schedule E sales and user charges; population StatCan 17-10-0155 July 1 estimates, 2021 boundaries; 2025 board membership applied to all years"
edmonton,member,edmonton,core,housing,2020,44493000,9792000,34701000,1046556,42.51,33.16,,"nominal dollars; gross operating cost = FIR Schedule C operating expenditure to 2008, Schedule C expense - Schedule E amortization from 2009 (accrual switch); net = gross - Schedule E sales and user charges; population StatCan 17-10-0155 July 1 estimates, 2021 boundaries; 2025 board membership applied to all years"
edmonton,member,edmonton,core,housing,2021,84928000,8987000,75941000,1050945,80.81,72.26,,"nominal dollars; gross operating cost = FIR Schedule C operating expenditure to 2008, Schedule C expense - Schedule E amortization from 2009 (accrual switch); net = gross - Schedule E sales and user charges; population StatCan 17-10-0155 July 1 estimates, 2021 boundaries; 2025 board membership applied to all years"
edmonton,member,edmonton,core,housing,2022,150883000,-33000,150916000,1074178,140.46,140.49,,"nominal dollars; gross operating cost = FIR Schedule C operating expenditure to 2008, Schedule C expense - Schedule E amortization from 2009 (accrual switch); net = gross - Schedule E sales and user charges; population StatCan 17-10-0155 July 1 estimates, 2021 boundaries; 2025 board membership applied to all years"
edmonton,member,edmonton,core,housing,2023,85255000,0,85255000,1127183,75.64,75.64,,"nominal dollars; gross operating cost = FIR Schedule C operating expenditure to 2008, Schedule C expense - Schedule E amortization from 2009 (accrual switch); net = gross - Schedule E sales and user charges; population StatCan 17-10-0155 July 1 estimates, 2021 boundaries; 2025 board membership applied to all years"
edmonton,member,edmonton,core,housing,2024,78485000,205000,78280000,1197771,65.53,65.35,,"nominal dollars; gross operating cost = FIR Schedule C operating expenditure to 2008, Schedule C expense - Schedule E amortization from 2009 (accrual switch); net = gross - Schedule E sales and user charges; population StatCan 17-10-0155 July 1 estimates, 2021 boundaries; 2025 board membership applied to all years"
edmonton,member,edmonton,core,housing,2025,86210000,310000,85900000,1238295,69.62,69.37,,"nominal dollars; gross operating cost = FIR Schedule C operating expenditure to 2008, Schedule C expense - Schedule E amortization from 2009 (accrual switch); net = gross - Schedule E sales and user charges; population StatCan 17-10-0155 July 1 estimates, 2021 boundaries; 2025 board membership applied to all years"
edmonton,member,fort_saskatchewan,ring,police,2001,1442483,10870,1431613,13469,107.1,106.29,,"nominal dollars; gross operating cost = FIR Schedule C operating expenditure to 2008, Schedule C expense - Schedule E amortization from 2009 (accrual switch); net = gross - Schedule E sales and user charges; population StatCan 17-10-0155 July 1 estimates, 2021 boundaries; 2025 board membership applied to all years"
edmonton,member,fort_saskatchewan,ring,police,2002,1570135,13403,1556732,13872,113.19,112.22,,"nominal dollars; gross operating cost = FIR Schedule C operating expenditure to 2008, Schedule C expense - Schedule E amortization from 2009 (accrual switch); net = gross - Schedule E sales and user charges; population StatCan 17-10-0155 July 1 estimates, 2021 boundaries; 2025 board membership applied to all years"
edmonton,member,fort_saskatchewan,ring,police,2003,1589994,12717,1577277,14202,111.96,111.06,,"nominal dollars; gross operating cost = FIR Schedule C operating expenditure to 2008, Schedule C expense - Schedule E amortization from 2009 (accrual switch); net = gross - Schedule E sales and user charges; population StatCan 17-10-0155 July 1 estimates, 2021 boundaries; 2025 board membership applied to all years"
edmonton,member,fort_saskatchewan,ring,police,2004,1648501,13157,1635344,14519,113.54,112.63,,"nominal dollars; gross operating cost = FIR Schedule C operating expenditure to 2008, Schedule C expense - Schedule E amortization from 2009 (accrual switch); net = gross - Schedule E sales and user charges; population StatCan 17-10-0155 July 1 estimates, 2021 boundaries; 2025 board membership applied to all years"
edmonton,member,fort_saskatchewan,ring,police,2005,1571889,19490,1552399,14961,105.07,103.76,,"nominal dollars; gross operating cost = FIR Schedule C operating expenditure to 2008, Schedule C expense - Schedule E amortization from 2009 (accrual switch); net = gross - Schedule E sales and user charges; population StatCan 17-10-0155 July 1 estimates, 2021 boundaries; 2025 board membership applied to all years"
edmonton,member,fort_saskatchewan,ring,police,2006,1839267,18802,1820465,15569,118.14,116.93,,"nominal dollars; gross operating cost = FIR Schedule C operating expenditure to 2008, Schedule C expense - Schedule E amortization from 2009 (accrual switch); net = gross - Schedule E sales and user charges; population StatCan 17-10-0155 July 1 estimates, 2021 boundaries; 2025 board membership applied to all years"
edmonton,member,fort_saskatchewan,ring,police,2007,2103586,26468,2077118,16237,129.56,127.92,,"nominal dollars; gross operating cost = FIR Schedule C operating expenditure to 2008, Schedule C expense - Schedule E amortization from 2009 (accrual switch); net = gross - Schedule E sales and user charges; population StatCan 17-10-0155 July 1 estimates, 2021 boundaries; 2025 board membership applied to all years"
edmonton,member,fort_saskatchewan,ring,police,2008,2388422,28523,2359899,16889,141.42,139.73,,"nominal dollars; gross operating cost = FIR Schedule C operating expenditure to 2008, Schedule C expense - Schedule E amortization from 2009 (accrual switch); net = gross - Schedule E sales and user charges; population StatCan 17-10-0155 July 1 estimates, 2021 boundaries; 2025 board membership applied to all years"
edmonton,member,fort_saskatchewan,ring,police,2009,2474038,28969,2445069,17882,138.35,136.73,,"nominal dollars; gross operating cost = FIR Schedule C operating expenditure to 2008, Schedule C expense - Schedule E amortization from 2009 (accrual switch); net = gross - Schedule E sales and user charges; population StatCan 17-10-0155 July 1 estimates, 2021 boundaries; 2025 board membership applied to all years"
edmonton,member,fort_saskatchewan,ring,police,2010,2761171,23489,2737682,18868,146.34,145.1,,"nominal dollars; gross operating cost = FIR Schedule C operating expenditure to 2008, Schedule C expense - Schedule E amortization from 2009 (accrual switch); net = gross - Schedule E sales and user charges; population StatCan 17-10-0155 July 1 estimates, 2021 boundaries; 2025 board membership applied to all years"
edmonton,member,fort_saskatchewan,ring,police,2011,2602966,28492,2574474,19904,130.78,129.34,,"nominal dollars; gross operating cost = FIR Schedule C operating expenditure to 2008, Schedule C expense - Schedule E amortization from 2009 (accrual switch); net = gross - Schedule E sales and user charges; population StatCan 17-10-0155 July 1 estimates, 2021 boundaries; 2025 board membership applied to all years"
edmonton,member,fort_saskatchewan,ring,police,2012,3882968,27405,3855563,21138,183.7,182.4,,"nominal dollars; gross operating cost = FIR Schedule C operating expenditure to 2008, Schedule C expense - Schedule E amortization from 2009 (accrual switch); net = gross - Schedule E sales and user charges; population StatCan 17-10-0155 July 1 estimates, 2021 boundaries; 2025 board membership applied to all years"
edmonton,member,fort_saskatchewan,ring,police,2013,4134942,29442,4105500,22295,185.46,184.14,,"nominal dollars; gross operating cost = FIR Schedule C operating expenditure to 2008, Schedule C expense - Schedule E amortization from 2009 (accrual switch); net = gross - Schedule E sales and user charges; population StatCan 17-10-0155 July 1 estimates, 2021 boundaries; 2025 board membership applied to all years"
edmonton,member,fort_saskatchewan,ring,police,2014,4554038,39085,4514953,23104,197.11,195.42,,"nominal dollars; gross operating cost = FIR Schedule C operating expenditure to 2008, Schedule C expense - Schedule E amortization from 2009 (accrual switch); net = gross - Schedule E sales and user charges; population StatCan 17-10-0155 July 1 estimates, 2021 boundaries; 2025 board membership applied to all years"
edmonton,member,fort_saskatchewan,ring,police,2015,5413804,32180,5381624,23924,226.29,224.95,,"nominal dollars; gross operating cost = FIR Schedule C operating expenditure to 2008, Schedule C expense - Schedule E amortization from 2009 (accrual switch); net = gross - Schedule E sales and user charges; population StatCan 17-10-0155 July 1 estimates, 2021 boundaries; 2025 board membership applied to all years"
edmonton,member,fort_saskatchewan,ring,police,2016,5807929,37068,5770861,24879,233.45,231.96,,"nominal dollars; gross operating cost = FIR Schedule C operating expenditure to 2008, Schedule C expense - Schedule E amortization from 2009 (accrual switch); net = gross - Schedule E sales and user charges; population StatCan 17-10-0155 July 1 estimates, 2021 boundaries; 2025 board membership applied to all years"
edmonton,member,fort_saskatchewan,ring,police,2017,5907000,34000,5873000,25900,228.07,226.76,,"nominal dollars; gross operating cost = FIR Schedule C operating expenditure to 2008, Schedule C expense - Schedule E amortization from 2009 (accrual switch); net = gross - Schedule E sales and user charges; population StatCan 17-10-0155 July 1 estimates, 2021 boundaries; 2025 board membership applied to all years"
edmonton,member,fort_saskatchewan,ring,police,2018,5346000,58000,5288000,26691,200.29,198.12,,"nominal dollars; gross operating cost = FIR Schedule C operating expenditure to 2008, Schedule C expense - Schedule E amortization from 2009 (accrual switch); net = gross - Schedule E sales and user charges; population StatCan 17-10-0155 July 1 estimates, 2021 boundaries; 2025 board membership applied to all years"
edmonton,member,fort_saskatchewan,ring,police,2019,5911000,65000,5846000,27221,217.15,214.76,,"nominal dollars; gross operating cost = FIR Schedule C operating expenditure to 2008, Schedule C expense - Schedule E amortization from 2009 (accrual switch); net = gross - Schedule E sales and user charges; population StatCan 17-10-0155 July 1 estimates, 2021 boundaries; 2025 board membership applied to all years"
edmonton,member,fort_saskatchewan,ring,police,2020,5838000,42000,5796000,27549,211.91,210.39,,"nominal dollars; gross operating cost = FIR Schedule C operating expenditure to 2008, Schedule C expense - Schedule E amortization from 2009 (accrual switch); net = gross - Schedule E sales and user charges; population StatCan 17-10-0155 July 1 estimates, 2021 boundaries; 2025 board membership applied to all years"
edmonton,member,fort_saskatchewan,ring,police,2021,7439000,55000,7384000,28567,260.41,258.48,,"nominal dollars; gross operating cost = FIR Schedule C operating expenditure to 2008, Schedule C expense - Schedule E amortization from 2009 (accrual switch); net = gross - Schedule E sales and user charges; population StatCan 17-10-0155 July 1 estimates, 2021 boundaries; 2025 board membership applied to all years"
edmonton,member,fort_saskatchewan,ring,police,2022,6711000,63000,6648000,28994,231.46,229.29,,"nominal dollars; gross operating cost = FIR Schedule C operating expenditure to 2008, Schedule C expense - Schedule E amortization from 2009 (accrual switch); net = gross - Schedule E sales and user charges; population StatCan 17-10-0155 July 1 estimates, 2021 boundaries; 2025 board membership applied to all years"
edmonton,member,fort_saskatchewan,ring,police,2023,8575000,77000,8498000,29303,292.63,290.0,,"nominal dollars; gross operating cost = FIR Schedule C operating expenditure to 2008, Schedule C expense - Schedule E amortization from 2009 (accrual switch); net = gross - Schedule E sales and user charges; population StatCan 17-10-0155 July 1 estimates, 2021 boundaries; 2025 board membership applied to all years"
edmonton,member,fort_saskatchewan,ring,police,2024,7881000,81000,7800000,29900,263.58,260.87,,"nominal dollars; gross operating cost = FIR Schedule C operating expenditure to 2008, Schedule C expense - Schedule E amortization from 2009 (accrual switch); net = gross - Schedule E sales and user charges; population StatCan 17-10-0155 July 1 estimates, 2021 boundaries; 2025 board membership applied to all years"
edmonton,member,fort_saskatchewan,ring,police,2025,7477000,85000,7392000,30575,244.55,241.77,,"nominal dollars; gross operating cost = FIR Schedule C operating expenditure to 2008, Schedule C expense - Schedule E amortization from 2009 (accrual switch); net = gross - Schedule E sales and user charges; population StatCan 17-10-0155 July 1 estimates, 2021 boundaries; 2025 board membership applied to all years"
edmonton,member,fort_saskatchewan,ring,transit,2001,0,0,0,13469,0.0,0.0,,"nominal dollars; gross operating cost = FIR Schedule C operating expenditure to 2008, Schedule C expense - Schedule E amortization from 2009 (accrual switch); net = gross - Schedule E sales and user charges; population StatCan 17-10-0155 July 1 estimates, 2021 boundaries; 2025 board membership applied to all years"
edmonton,member,fort_saskatchewan,ring,transit,2002,0,0,0,13872,0.0,0.0,,"nominal dollars; gross operating cost = FIR Schedule C operating expenditure to 2008, Schedule C expense - Schedule E amortization from 2009 (accrual switch); net = gross - Schedule E sales and user charges; population StatCan 17-10-0155 July 1 estimates, 2021 boundaries; 2025 board membership applied to all years"
edmonton,member,fort_saskatchewan,ring,transit,2003,0,0,0,14202,0.0,0.0,,"nominal dollars; gross operating cost = FIR Schedule C operating expenditure to 2008, Schedule C expense - Schedule E amortization from 2009 (accrual switch); net = gross - Schedule E sales and user charges; population StatCan 17-10-0155 July 1 estimates, 2021 boundaries; 2025 board membership applied to all years"
edmonton,member,fort_saskatchewan,ring,transit,2004,0,0,0,14519,0.0,0.0,,"nominal dollars; gross operating cost = FIR Schedule C operating expenditure to 2008, Schedule C expense - Schedule E amortization from 2009 (accrual switch); net = gross - Schedule E sales and user charges; population StatCan 17-10-0155 July 1 estimates, 2021 boundaries; 2025 board membership applied to all years"
edmonton,member,fort_saskatchewan,ring,transit,2005,0,0,0,14961,0.0,0.0,,"nominal dollars; gross operating cost = FIR Schedule C operating expenditure to 2008, Schedule C expense - Schedule E amortization from 2009 (accrual switch); net = gross - Schedule E sales and user charges; population StatCan 17-10-0155 July 1 estimates, 2021 boundaries; 2025 board membership applied to all years"
edmonton,member,fort_saskatchewan,ring,transit,2006,0,0,0,15569,0.0,0.0,,"nominal dollars; gross operating cost = FIR Schedule C operating expenditure to 2008, Schedule C expense - Schedule E amortization from 2009 (accrual switch); net = gross - Schedule E sales and user charges; population StatCan 17-10-0155 July 1 estimates, 2021 boundaries; 2025 board membership applied to all years"
edmonton,member,fort_saskatchewan,ring,transit,2007,0,0,0,16237,0.0,0.0,,"nominal dollars; gross operating cost = FIR Schedule C operating expenditure to 2008, Schedule C expense - Schedule E amortization from 2009 (accrual switch); net = gross - Schedule E sales and user charges; population StatCan 17-10-0155 July 1 estimates, 2021 boundaries; 2025 board membership applied to all years"
edmonton,member,fort_saskatchewan,ring,transit,2008,0,0,0,16889,0.0,0.0,,"nominal dollars; gross operating cost = FIR Schedule C operating expenditure to 2008, Schedule C expense - Schedule E amortization from 2009 (accrual switch); net = gross - Schedule E sales and user charges; population StatCan 17-10-0155 July 1 estimates, 2021 boundaries; 2025 board membership applied to all years"
edmonton,member,fort_saskatchewan,ring,transit,2009,0,0,0,17882,0.0,0.0,,"nominal dollars; gross operating cost = FIR Schedule C operating expenditure to 2008, Schedule C expense - Schedule E amortization from 2009 (accrual switch); net = gross - Schedule E sales and user charges; population StatCan 17-10-0155 July 1 estimates, 2021 boundaries; 2025 board membership applied to all years"
edmonton,member,fort_saskatchewan,ring,transit,2010,0,0,0,18868,0.0,0.0,,"nominal dollars; gross operating cost = FIR Schedule C operating expenditure to 2008, Schedule C expense - Schedule E amortization from 2009 (accrual switch); net = gross - Schedule E sales and user charges; population StatCan 17-10-0155 July 1 estimates, 2021 boundaries; 2025 board membership applied to all years"
edmonton,member,fort_saskatchewan,ring,transit,2011,0,0,0,19904,0.0,0.0,,"nominal dollars; gross operating cost = FIR Schedule C operating expenditure to 2008, Schedule C expense - Schedule E amortization from 2009 (accrual switch); net = gross - Schedule E sales and user charges; population StatCan 17-10-0155 July 1 estimates, 2021 boundaries; 2025 board membership applied to all years"
edmonton,member,fort_saskatchewan,ring,transit,2012,0,0,0,21138,0.0,0.0,,"nominal dollars; gross operating cost = FIR Schedule C operating expenditure to 2008, Schedule C expense - Schedule E amortization from 2009 (accrual switch); net = gross - Schedule E sales and user charges; population StatCan 17-10-0155 July 1 estimates, 2021 boundaries; 2025 board membership applied to all years"
edmonton,member,fort_saskatchewan,ring,transit,2013,0,0,0,22295,0.0,0.0,,"nominal dollars; gross operating cost = FIR Schedule C operating expenditure to 2008, Schedule C expense - Schedule E amortization from 2009 (accrual switch); net = gross - Schedule E sales and user charges; population StatCan 17-10-0155 July 1 estimates, 2021 boundaries; 2025 board membership applied to all years"
edmonton,member,fort_saskatchewan,ring,transit,2014,0,0,0,23104,0.0,0.0,,"nominal dollars; gross operating cost = FIR Schedule C operating expenditure to 2008, Schedule C expense - Schedule E amortization from 2009 (accrual switch); net = gross - Schedule E sales and user charges; population StatCan 17-10-0155 July 1 estimates, 2021 boundaries; 2025 board membership applied to all years"
edmonton,member,fort_saskatchewan,ring,transit,2015,1325239,142935,1182304,23924,55.39,49.42,,"nominal dollars; gross operating cost = FIR Schedule C operating expenditure to 2008, Schedule C expense - Schedule E amortization from 2009 (accrual switch); net = gross - Schedule E sales and user charges; population StatCan 17-10-0155 July 1 estimates, 2021 boundaries; 2025 board membership applied to all years"
edmonton,member,fort_saskatchewan,ring,transit,2016,1387556,147808,1239748,24879,55.77,49.83,,"nominal dollars; gross operating cost = FIR Schedule C operating expenditure to 2008, Schedule C expense - Schedule E amortization from 2009 (accrual switch); net = gross - Schedule E sales and user charges; population StatCan 17-10-0155 July 1 estimates, 2021 boundaries; 2025 board membership applied to all years"
edmonton,member,fort_saskatchewan,ring,transit,2017,1273000,238000,1035000,25900,49.15,39.96,,"nominal dollars; gross operating cost = FIR Schedule C operating expenditure to 2008, Schedule C expense - Schedule E amortization from 2009 (accrual switch); net = gross - Schedule E sales and user charges; population StatCan 17-10-0155 July 1 estimates, 2021 boundaries; 2025 board membership applied to all years"
edmonton,member,fort_saskatchewan,ring,transit,2018,1357000,264000,1093000,26691,50.84,40.95,,"nominal dollars; gross operating cost = FIR Schedule C operating expenditure to 2008, Schedule C expense - Schedule E amortization from 2009 (accrual switch); net = gross - Schedule E sales and user charges; population StatCan 17-10-0155 July 1 estimates, 2021 boundaries; 2025 board membership applied to all years"
edmonton,member,fort_saskatchewan,ring,transit,2019,1447000,248000,1199000,27221,53.16,44.05,,"nominal dollars; gross operating cost = FIR Schedule C operating expenditure to 2008, Schedule C expense - Schedule E amortization from 2009 (accrual switch); net = gross - Schedule E sales and user charges; population StatCan 17-10-0155 July 1 estimates, 2021 boundaries; 2025 board membership applied to all years"
edmonton,member,fort_saskatchewan,ring,transit,2020,1257000,114000,1143000,27549,45.63,41.49,,"nominal dollars; gross operating cost = FIR Schedule C operating expenditure to 2008, Schedule C expense - Schedule E amortization from 2009 (accrual switch); net = gross - Schedule E sales and user charges; population StatCan 17-10-0155 July 1 estimates, 2021 boundaries; 2025 board membership applied to all years"
edmonton,member,fort_saskatchewan,ring,transit,2021,990000,106000,884000,28567,34.66,30.94,,"nominal dollars; gross operating cost = FIR Schedule C operating expenditure to 2008, Schedule C expense - Schedule E amortization from 2009 (accrual switch); net = gross - Schedule E sales and user charges; population StatCan 17-10-0155 July 1 estimates, 2021 boundaries; 2025 board membership applied to all years"
edmonton,member,fort_saskatchewan,ring,transit,2022,1095000,175000,920000,28994,37.77,31.73,,"nominal dollars; gross operating cost = FIR Schedule C operating expenditure to 2008, Schedule C expense - Schedule E amortization from 2009 (accrual switch); net = gross - Schedule E sales and user charges; population StatCan 17-10-0155 July 1 estimates, 2021 boundaries; 2025 board membership applied to all years"
edmonton,member,fort_saskatchewan,ring,transit,2023,1136000,203000,933000,29303,38.77,31.84,,"nominal dollars; gross operating cost = FIR Schedule C operating expenditure to 2008, Schedule C expense - Schedule E amortization from 2009 (accrual switch); net = gross - Schedule E sales and user charges; population StatCan 17-10-0155 July 1 estimates, 2021 boundaries; 2025 board membership applied to all years"
edmonton,member,fort_saskatchewan,ring,transit,2024,1125000,170000,955000,29900,37.63,31.94,,"nominal dollars; gross operating cost = FIR Schedule C operating expenditure to 2008, Schedule C expense - Schedule E amortization from 2009 (accrual switch); net = gross - Schedule E sales and user charges; population StatCan 17-10-0155 July 1 estimates, 2021 boundaries; 2025 board membership applied to all years"
edmonton,member,fort_saskatchewan,ring,transit,2025,1160000,163000,997000,30575,37.94,32.61,,"nominal dollars; gross operating cost = FIR Schedule C operating expenditure to 2008, Schedule C expense - Schedule E amortization from 2009 (accrual switch); net = gross - Schedule E sales and user charges; population StatCan 17-10-0155 July 1 estimates, 2021 boundaries; 2025 board membership applied to all years"
edmonton,member,fort_saskatchewan,ring,fcss,2001,795223,313937,481286,13469,59.04,35.73,,"nominal dollars; gross operating cost = FIR Schedule C operating expenditure to 2008, Schedule C expense - Schedule E amortization from 2009 (accrual switch); net = gross - Schedule E sales and user charges; population StatCan 17-10-0155 July 1 estimates, 2021 boundaries; 2025 board membership applied to all years"
edmonton,member,fort_saskatchewan,ring,fcss,2002,925054,356446,568608,13872,66.68,40.99,,"nominal dollars; gross operating cost = FIR Schedule C operating expenditure to 2008, Schedule C expense - Schedule E amortization from 2009 (accrual switch); net = gross - Schedule E sales and user charges; population StatCan 17-10-0155 July 1 estimates, 2021 boundaries; 2025 board membership applied to all years"
edmonton,member,fort_saskatchewan,ring,fcss,2003,881079,306432,574647,14202,62.04,40.46,,"nominal dollars; gross operating cost = FIR Schedule C operating expenditure to 2008, Schedule C expense - Schedule E amortization from 2009 (accrual switch); net = gross - Schedule E sales and user charges; population StatCan 17-10-0155 July 1 estimates, 2021 boundaries; 2025 board membership applied to all years"
edmonton,member,fort_saskatchewan,ring,fcss,2004,919211,358206,561005,14519,63.31,38.64,,"nominal dollars; gross operating cost = FIR Schedule C operating expenditure to 2008, Schedule C expense - Schedule E amortization from 2009 (accrual switch); net = gross - Schedule E sales and user charges; population StatCan 17-10-0155 July 1 estimates, 2021 boundaries; 2025 board membership applied to all years"
edmonton,member,fort_saskatchewan,ring,fcss,2005,1141002,525490,615512,14961,76.27,41.14,,"nominal dollars; gross operating cost = FIR Schedule C operating expenditure to 2008, Schedule C expense - Schedule E amortization from 2009 (accrual switch); net = gross - Schedule E sales and user charges; population StatCan 17-10-0155 July 1 estimates, 2021 boundaries; 2025 board membership applied to all years"
edmonton,member,fort_saskatchewan,ring,fcss,2006,1163184,482447,680737,15569,74.71,43.72,,"nominal dollars; gross operating cost = FIR Schedule C operating expenditure to 2008, Schedule C expense - Schedule E amortization from 2009 (accrual switch); net = gross - Schedule E sales and user charges; population StatCan 17-10-0155 July 1 estimates, 2021 boundaries; 2025 board membership applied to all years"
edmonton,member,fort_saskatchewan,ring,fcss,2007,625549,48135,577414,16237,38.53,35.56,,"nominal dollars; gross operating cost = FIR Schedule C operating expenditure to 2008, Schedule C expense - Schedule E amortization from 2009 (accrual switch); net = gross - Schedule E sales and user charges; population StatCan 17-10-0155 July 1 estimates, 2021 boundaries; 2025 board membership applied to all years"
edmonton,member,fort_saskatchewan,ring,fcss,2008,717011,50110,666901,16889,42.45,39.49,,"nominal dollars; gross operating cost = FIR Schedule C operating expenditure to 2008, Schedule C expense - Schedule E amortization from 2009 (accrual switch); net = gross - Schedule E sales and user charges; population StatCan 17-10-0155 July 1 estimates, 2021 boundaries; 2025 board membership applied to all years"
edmonton,member,fort_saskatchewan,ring,fcss,2009,788273,53562,734711,17882,44.08,41.09,,"nominal dollars; gross operating cost = FIR Schedule C operating expenditure to 2008, Schedule C expense - Schedule E amortization from 2009 (accrual switch); net = gross - Schedule E sales and user charges; population StatCan 17-10-0155 July 1 estimates, 2021 boundaries; 2025 board membership applied to all years"
edmonton,member,fort_saskatchewan,ring,fcss,2010,823064,59481,763583,18868,43.62,40.47,,"nominal dollars; gross operating cost = FIR Schedule C operating expenditure to 2008, Schedule C expense - Schedule E amortization from 2009 (accrual switch); net = gross - Schedule E sales and user charges; population StatCan 17-10-0155 July 1 estimates, 2021 boundaries; 2025 board membership applied to all years"
edmonton,member,fort_saskatchewan,ring,fcss,2011,813533,50910,762623,19904,40.87,38.32,,"nominal dollars; gross operating cost = FIR Schedule C operating expenditure to 2008, Schedule C expense - Schedule E amortization from 2009 (accrual switch); net = gross - Schedule E sales and user charges; population StatCan 17-10-0155 July 1 estimates, 2021 boundaries; 2025 board membership applied to all years"
edmonton,member,fort_saskatchewan,ring,fcss,2012,931488,59597,871891,21138,44.07,41.25,,"nominal dollars; gross operating cost = FIR Schedule C operating expenditure to 2008, Schedule C expense - Schedule E amortization from 2009 (accrual switch); net = gross - Schedule E sales and user charges; population StatCan 17-10-0155 July 1 estimates, 2021 boundaries; 2025 board membership applied to all years"
edmonton,member,fort_saskatchewan,ring,fcss,2013,1037622,79184,958438,22295,46.54,42.99,,"nominal dollars; gross operating cost = FIR Schedule C operating expenditure to 2008, Schedule C expense - Schedule E amortization from 2009 (accrual switch); net = gross - Schedule E sales and user charges; population StatCan 17-10-0155 July 1 estimates, 2021 boundaries; 2025 board membership applied to all years"
edmonton,member,fort_saskatchewan,ring,fcss,2014,1078727,67223,1011504,23104,46.69,43.78,,"nominal dollars; gross operating cost = FIR Schedule C operating expenditure to 2008, Schedule C expense - Schedule E amortization from 2009 (accrual switch); net = gross - Schedule E sales and user charges; population StatCan 17-10-0155 July 1 estimates, 2021 boundaries; 2025 board membership applied to all years"
edmonton,member,fort_saskatchewan,ring,fcss,2015,1226424,74569,1151855,23924,51.26,48.15,,"nominal dollars; gross operating cost = FIR Schedule C operating expenditure to 2008, Schedule C expense - Schedule E amortization from 2009 (accrual switch); net = gross - Schedule E sales and user charges; population StatCan 17-10-0155 July 1 estimates, 2021 boundaries; 2025 board membership applied to all years"
edmonton,member,fort_saskatchewan,ring,fcss,2016,1239294,84537,1154757,24879,49.81,46.41,,"nominal dollars; gross operating cost = FIR Schedule C operating expenditure to 2008, Schedule C expense - Schedule E amortization from 2009 (accrual switch); net = gross - Schedule E sales and user charges; population StatCan 17-10-0155 July 1 estimates, 2021 boundaries; 2025 board membership applied to all years"
edmonton,member,fort_saskatchewan,ring,fcss,2017,1221000,80000,1141000,25900,47.14,44.05,,"nominal dollars; gross operating cost = FIR Schedule C operating expenditure to 2008, Schedule C expense - Schedule E amortization from 2009 (accrual switch); net = gross - Schedule E sales and user charges; population StatCan 17-10-0155 July 1 estimates, 2021 boundaries; 2025 board membership applied to all years"
edmonton,member,fort_saskatchewan,ring,fcss,2018,1490000,81000,1409000,26691,55.82,52.79,,"nominal dollars; gross operating cost = FIR Schedule C operating expenditure to 2008, Schedule C expense - Schedule E amortization from 2009 (accrual switch); net = gross - Schedule E sales and user charges; population StatCan 17-10-0155 July 1 estimates, 2021 boundaries; 2025 board membership applied to all years"
edmonton,member,fort_saskatchewan,ring,fcss,2019,1408000,89000,1319000,27221,51.72,48.46,,"nominal dollars; gross operating cost = FIR Schedule C operating expenditure to 2008, Schedule C expense - Schedule E amortization from 2009 (accrual switch); net = gross - Schedule E sales and user charges; population StatCan 17-10-0155 July 1 estimates, 2021 boundaries; 2025 board membership applied to all years"
edmonton,member,fort_saskatchewan,ring,fcss,2020,1149000,62000,1087000,27549,41.71,39.46,,"nominal dollars; gross operating cost = FIR Schedule C operating expenditure to 2008, Schedule C expense - Schedule E amortization from 2009 (accrual switch); net = gross - Schedule E sales and user charges; population StatCan 17-10-0155 July 1 estimates, 2021 boundaries; 2025 board membership applied to all years"
edmonton,member,fort_saskatchewan,ring,fcss,2021,1178000,66000,1112000,28567,41.24,38.93,,"nominal dollars; gross operating cost = FIR Schedule C operating expenditure to 2008, Schedule C expense - Schedule E amortization from 2009 (accrual switch); net = gross - Schedule E sales and user charges; population StatCan 17-10-0155 July 1 estimates, 2021 boundaries; 2025 board membership applied to all years"
edmonton,member,fort_saskatchewan,ring,fcss,2022,1204000,62000,1142000,28994,41.53,39.39,,"nominal dollars; gross operating cost = FIR Schedule C operating expenditure to 2008, Schedule C expense - Schedule E amortization from 2009 (accrual switch); net = gross - Schedule E sales and user charges; population StatCan 17-10-0155 July 1 estimates, 2021 boundaries; 2025 board membership applied to all years"
edmonton,member,fort_saskatchewan,ring,fcss,2023,1224000,63000,1161000,29303,41.77,39.62,,"nominal dollars; gross operating cost = FIR Schedule C operating expenditure to 2008, Schedule C expense - Schedule E amortization from 2009 (accrual switch); net = gross - Schedule E sales and user charges; population StatCan 17-10-0155 July 1 estimates, 2021 boundaries; 2025 board membership applied to all years"
edmonton,member,fort_saskatchewan,ring,fcss,2024,1277000,62000,1215000,29900,42.71,40.64,,"nominal dollars; gross operating cost = FIR Schedule C operating expenditure to 2008, Schedule C expense - Schedule E amortization from 2009 (accrual switch); net = gross - Schedule E sales and user charges; population StatCan 17-10-0155 July 1 estimates, 2021 boundaries; 2025 board membership applied to all years"
edmonton,member,fort_saskatchewan,ring,fcss,2025,1396000,62000,1334000,30575,45.66,43.63,,"nominal dollars; gross operating cost = FIR Schedule C operating expenditure to 2008, Schedule C expense - Schedule E amortization from 2009 (accrual switch); net = gross - Schedule E sales and user charges; population StatCan 17-10-0155 July 1 estimates, 2021 boundaries; 2025 board membership applied to all years"
edmonton,member,fort_saskatchewan,ring,housing,2009,0,0,0,17882,0.0,0.0,,"nominal dollars; gross operating cost = FIR Schedule C operating expenditure to 2008, Schedule C expense - Schedule E amortization from 2009 (accrual switch); net = gross - Schedule E sales and user charges; population StatCan 17-10-0155 July 1 estimates, 2021 boundaries; 2025 board membership applied to all years"
edmonton,member,fort_saskatchewan,ring,housing,2010,0,0,0,18868,0.0,0.0,,"nominal dollars; gross operating cost = FIR Schedule C operating expenditure to 2008, Schedule C expense - Schedule E amortization from 2009 (accrual switch); net = gross - Schedule E sales and user charges; population StatCan 17-10-0155 July 1 estimates, 2021 boundaries; 2025 board membership applied to all years"
edmonton,member,fort_saskatchewan,ring,housing,2011,0,0,0,19904,0.0,0.0,,"nominal dollars; gross operating cost = FIR Schedule C operating expenditure to 2008, Schedule C expense - Schedule E amortization from 2009 (accrual switch); net = gross - Schedule E sales and user charges; population StatCan 17-10-0155 July 1 estimates, 2021 boundaries; 2025 board membership applied to all years"
edmonton,member,fort_saskatchewan,ring,housing,2012,0,0,0,21138,0.0,0.0,,"nominal dollars; gross operating cost = FIR Schedule C operating expenditure to 2008, Schedule C expense - Schedule E amortization from 2009 (accrual switch); net = gross - Schedule E sales and user charges; population StatCan 17-10-0155 July 1 estimates, 2021 boundaries; 2025 board membership applied to all years"
edmonton,member,fort_saskatchewan,ring,housing,2013,0,0,0,22295,0.0,0.0,,"nominal dollars; gross operating cost = FIR Schedule C operating expenditure to 2008, Schedule C expense - Schedule E amortization from 2009 (accrual switch); net = gross - Schedule E sales and user charges; population StatCan 17-10-0155 July 1 estimates, 2021 boundaries; 2025 board membership applied to all years"
edmonton,member,fort_saskatchewan,ring,housing,2014,0,0,0,23104,0.0,0.0,,"nominal dollars; gross operating cost = FIR Schedule C operating expenditure to 2008, Schedule C expense - Schedule E amortization from 2009 (accrual switch); net = gross - Schedule E sales and user charges; population StatCan 17-10-0155 July 1 estimates, 2021 boundaries; 2025 board membership applied to all years"
edmonton,member,fort_saskatchewan,ring,housing,2015,0,0,0,23924,0.0,0.0,,"nominal dollars; gross operating cost = FIR Schedule C operating expenditure to 2008, Schedule C expense - Schedule E amortization from 2009 (accrual switch); net = gross - Schedule E sales and user charges; population StatCan 17-10-0155 July 1 estimates, 2021 boundaries; 2025 board membership applied to all years"
edmonton,member,fort_saskatchewan,ring,housing,2016,0,0,0,24879,0.0,0.0,,"nominal dollars; gross operating cost = FIR Schedule C operating expenditure to 2008, Schedule C expense - Schedule E amortization from 2009 (accrual switch); net = gross - Schedule E sales and user charges; population StatCan 17-10-0155 July 1 estimates, 2021 boundaries; 2025 board membership applied to all years"
edmonton,member,fort_saskatchewan,ring,housing,2017,0,0,0,25900,0.0,0.0,,"nominal dollars; gross operating cost = FIR Schedule C operating expenditure to 2008, Schedule C expense - Schedule E amortization from 2009 (accrual switch); net = gross - Schedule E sales and user charges; population StatCan 17-10-0155 July 1 estimates, 2021 boundaries; 2025 board membership applied to all years"
edmonton,member,fort_saskatchewan,ring,housing,2018,0,0,0,26691,0.0,0.0,,"nominal dollars; gross operating cost = FIR Schedule C operating expenditure to 2008, Schedule C expense - Schedule E amortization from 2009 (accrual switch); net = gross - Schedule E sales and user charges; population StatCan 17-10-0155 July 1 estimates, 2021 boundaries; 2025 board membership applied to all years"
edmonton,member,fort_saskatchewan,ring,housing,2019,0,0,0,27221,0.0,0.0,,"nominal dollars; gross operating cost = FIR Schedule C operating expenditure to 2008, Schedule C expense - Schedule E amortization from 2009 (accrual switch); net = gross - Schedule E sales and user charges; population StatCan 17-10-0155 July 1 estimates, 2021 boundaries; 2025 board membership applied to all years"
edmonton,member,fort_saskatchewan,ring,housing,2020,0,0,0,27549,0.0,0.0,,"nominal dollars; gross operating cost = FIR Schedule C operating expenditure to 2008, Schedule C expense - Schedule E amortization from 2009 (accrual switch); net = gross - Schedule E sales and user charges; population StatCan 17-10-0155 July 1 estimates, 2021 boundaries; 2025 board membership applied to all years"
edmonton,member,fort_saskatchewan,ring,housing,2021,0,0,0,28567,0.0,0.0,,"nominal dollars; gross operating cost = FIR Schedule C operating expenditure to 2008, Schedule C expense - Schedule E amortization from 2009 (accrual switch); net = gross - Schedule E sales and user charges; population StatCan 17-10-0155 July 1 estimates, 2021 boundaries; 2025 board membership applied to all years"
edmonton,member,fort_saskatchewan,ring,housing,2022,0,0,0,28994,0.0,0.0,,"nominal dollars; gross operating cost = FIR Schedule C operating expenditure to 2008, Schedule C expense - Schedule E amortization from 2009 (accrual switch); net = gross - Schedule E sales and user charges; population StatCan 17-10-0155 July 1 estimates, 2021 boundaries; 2025 board membership applied to all years"
edmonton,member,fort_saskatchewan,ring,housing,2023,0,0,0,29303,0.0,0.0,,"nominal dollars; gross operating cost = FIR Schedule C operating expenditure to 2008, Schedule C expense - Schedule E amortization from 2009 (accrual switch); net = gross - Schedule E sales and user charges; population StatCan 17-10-0155 July 1 estimates, 2021 boundaries; 2025 board membership applied to all years"
edmonton,member,fort_saskatchewan,ring,housing,2024,0,0,0,29900,0.0,0.0,,"nominal dollars; gross operating cost = FIR Schedule C operating expenditure to 2008, Schedule C expense - Schedule E amortization from 2009 (accrual switch); net = gross - Schedule E sales and user charges; population StatCan 17-10-0155 July 1 estimates, 2021 boundaries; 2025 board membership applied to all years"
edmonton,member,fort_saskatchewan,ring,housing,2025,0,0,0,30575,0.0,0.0,,"nominal dollars; gross operating cost = FIR Schedule C operating expenditure to 2008, Schedule C expense - Schedule E amortization from 2009 (accrual switch); net = gross - Schedule E sales and user charges; population StatCan 17-10-0155 July 1 estimates, 2021 boundaries; 2025 board membership applied to all years"
edmonton,member,leduc_city,ring,police,2001,1263567,0,1263567,15446,81.81,81.81,,"nominal dollars; gross operating cost = FIR Schedule C operating expenditure to 2008, Schedule C expense - Schedule E amortization from 2009 (accrual switch); net = gross - Schedule E sales and user charges; population StatCan 17-10-0155 July 1 estimates, 2021 boundaries; 2025 board membership applied to all years"
edmonton,member,leduc_city,ring,police,2002,1446976,0,1446976,15865,91.21,91.21,,"nominal dollars; gross operating cost = FIR Schedule C operating expenditure to 2008, Schedule C expense - Schedule E amortization from 2009 (accrual switch); net = gross - Schedule E sales and user charges; population StatCan 17-10-0155 July 1 estimates, 2021 boundaries; 2025 board membership applied to all years"
edmonton,member,leduc_city,ring,police,2003,1736517,0,1736517,16193,107.24,107.24,,"nominal dollars; gross operating cost = FIR Schedule C operating expenditure to 2008, Schedule C expense - Schedule E amortization from 2009 (accrual switch); net = gross - Schedule E sales and user charges; population StatCan 17-10-0155 July 1 estimates, 2021 boundaries; 2025 board membership applied to all years"
edmonton,member,leduc_city,ring,police,2004,1727451,0,1727451,16528,104.52,104.52,,"nominal dollars; gross operating cost = FIR Schedule C operating expenditure to 2008, Schedule C expense - Schedule E amortization from 2009 (accrual switch); net = gross - Schedule E sales and user charges; population StatCan 17-10-0155 July 1 estimates, 2021 boundaries; 2025 board membership applied to all years"
edmonton,member,leduc_city,ring,police,2005,1854435,0,1854435,17017,108.98,108.98,,"nominal dollars; gross operating cost = FIR Schedule C operating expenditure to 2008, Schedule C expense - Schedule E amortization from 2009 (accrual switch); net = gross - Schedule E sales and user charges; population StatCan 17-10-0155 July 1 estimates, 2021 boundaries; 2025 board membership applied to all years"
edmonton,member,leduc_city,ring,police,2006,2140437,0,2140437,17696,120.96,120.96,,"nominal dollars; gross operating cost = FIR Schedule C operating expenditure to 2008, Schedule C expense - Schedule E amortization from 2009 (accrual switch); net = gross - Schedule E sales and user charges; population StatCan 17-10-0155 July 1 estimates, 2021 boundaries; 2025 board membership applied to all years"
edmonton,member,leduc_city,ring,police,2007,2300385,0,2300385,18915,121.62,121.62,,"nominal dollars; gross operating cost = FIR Schedule C operating expenditure to 2008, Schedule C expense - Schedule E amortization from 2009 (accrual switch); net = gross - Schedule E sales and user charges; population StatCan 17-10-0155 July 1 estimates, 2021 boundaries; 2025 board membership applied to all years"
edmonton,member,leduc_city,ring,police,2008,2485945,0,2485945,20248,122.77,122.77,,"nominal dollars; gross operating cost = FIR Schedule C operating expenditure to 2008, Schedule C expense - Schedule E amortization from 2009 (accrual switch); net = gross - Schedule E sales and user charges; population StatCan 17-10-0155 July 1 estimates, 2021 boundaries; 2025 board membership applied to all years"
edmonton,member,leduc_city,ring,police,2009,2871635,0,2871635,22133,129.74,129.74,,"nominal dollars; gross operating cost = FIR Schedule C operating expenditure to 2008, Schedule C expense - Schedule E amortization from 2009 (accrual switch); net = gross - Schedule E sales and user charges; population StatCan 17-10-0155 July 1 estimates, 2021 boundaries; 2025 board membership applied to all years"
edmonton,member,leduc_city,ring,police,2010,3018404,0,3018404,23720,127.25,127.25,,"nominal dollars; gross operating cost = FIR Schedule C operating expenditure to 2008, Schedule C expense - Schedule E amortization from 2009 (accrual switch); net = gross - Schedule E sales and user charges; population StatCan 17-10-0155 July 1 estimates, 2021 boundaries; 2025 board membership applied to all years"
edmonton,member,leduc_city,ring,police,2011,3591704,0,3591704,25387,141.48,141.48,,"nominal dollars; gross operating cost = FIR Schedule C operating expenditure to 2008, Schedule C expense - Schedule E amortization from 2009 (accrual switch); net = gross - Schedule E sales and user charges; population StatCan 17-10-0155 July 1 estimates, 2021 boundaries; 2025 board membership applied to all years"
edmonton,member,leduc_city,ring,police,2012,3191155,0,3191155,26756,119.27,119.27,,"nominal dollars; gross operating cost = FIR Schedule C operating expenditure to 2008, Schedule C expense - Schedule E amortization from 2009 (accrual switch); net = gross - Schedule E sales and user charges; population StatCan 17-10-0155 July 1 estimates, 2021 boundaries; 2025 board membership applied to all years"
edmonton,member,leduc_city,ring,police,2013,4328749,0,4328749,28122,153.93,153.93,,"nominal dollars; gross operating cost = FIR Schedule C operating expenditure to 2008, Schedule C expense - Schedule E amortization from 2009 (accrual switch); net = gross - Schedule E sales and user charges; population StatCan 17-10-0155 July 1 estimates, 2021 boundaries; 2025 board membership applied to all years"
edmonton,member,leduc_city,ring,police,2014,4574480,0,4574480,29435,155.41,155.41,,"nominal dollars; gross operating cost = FIR Schedule C operating expenditure to 2008, Schedule C expense - Schedule E amortization from 2009 (accrual switch); net = gross - Schedule E sales and user charges; population StatCan 17-10-0155 July 1 estimates, 2021 boundaries; 2025 board membership applied to all years"
edmonton,member,leduc_city,ring,police,2015,5303858,0,5303858,30613,173.26,173.26,,"nominal dollars; gross operating cost = FIR Schedule C operating expenditure to 2008, Schedule C expense - Schedule E amortization from 2009 (accrual switch); net = gross - Schedule E sales and user charges; population StatCan 17-10-0155 July 1 estimates, 2021 boundaries; 2025 board membership applied to all years"
edmonton,member,leduc_city,ring,police,2016,6346261,0,6346261,30724,206.56,206.56,,"nominal dollars; gross operating cost = FIR Schedule C operating expenditure to 2008, Schedule C expense - Schedule E amortization from 2009 (accrual switch); net = gross - Schedule E sales and user charges; population StatCan 17-10-0155 July 1 estimates, 2021 boundaries; 2025 board membership applied to all years"
edmonton,member,leduc_city,ring,police,2017,5987256,1512,5985744,31731,188.69,188.64,,"nominal dollars; gross operating cost = FIR Schedule C operating expenditure to 2008, Schedule C expense - Schedule E amortization from 2009 (accrual switch); net = gross - Schedule E sales and user charges; population StatCan 17-10-0155 July 1 estimates, 2021 boundaries; 2025 board membership applied to all years"
edmonton,member,leduc_city,ring,police,2018,6340796,23186,6317610,32650,194.21,193.49,,"nominal dollars; gross operating cost = FIR Schedule C operating expenditure to 2008, Schedule C expense - Schedule E amortization from 2009 (accrual switch); net = gross - Schedule E sales and user charges; population StatCan 17-10-0155 July 1 estimates, 2021 boundaries; 2025 board membership applied to all years"
edmonton,member,leduc_city,ring,police,2019,7568294,22840,7545454,33313,227.19,226.5,,"nominal dollars; gross operating cost = FIR Schedule C operating expenditure to 2008, Schedule C expense - Schedule E amortization from 2009 (accrual switch); net = gross - Schedule E sales and user charges; population StatCan 17-10-0155 July 1 estimates, 2021 boundaries; 2025 board membership applied to all years"
edmonton,member,leduc_city,ring,police,2020,7609730,79643,7530087,34126,222.99,220.66,,"nominal dollars; gross operating cost = FIR Schedule C operating expenditure to 2008, Schedule C expense - Schedule E amortization from 2009 (accrual switch); net = gross - Schedule E sales and user charges; population StatCan 17-10-0155 July 1 estimates, 2021 boundaries; 2025 board membership applied to all years"
edmonton,member,leduc_city,ring,police,2021,7140128,0,7140128,35368,201.88,201.88,,"nominal dollars; gross operating cost = FIR Schedule C operating expenditure to 2008, Schedule C expense - Schedule E amortization from 2009 (accrual switch); net = gross - Schedule E sales and user charges; population StatCan 17-10-0155 July 1 estimates, 2021 boundaries; 2025 board membership applied to all years"
edmonton,member,leduc_city,ring,police,2022,8072509,0,8072509,36054,223.9,223.9,,"nominal dollars; gross operating cost = FIR Schedule C operating expenditure to 2008, Schedule C expense - Schedule E amortization from 2009 (accrual switch); net = gross - Schedule E sales and user charges; population StatCan 17-10-0155 July 1 estimates, 2021 boundaries; 2025 board membership applied to all years"
edmonton,member,leduc_city,ring,police,2023,7378214,0,7378214,37196,198.36,198.36,,"nominal dollars; gross operating cost = FIR Schedule C operating expenditure to 2008, Schedule C expense - Schedule E amortization from 2009 (accrual switch); net = gross - Schedule E sales and user charges; population StatCan 17-10-0155 July 1 estimates, 2021 boundaries; 2025 board membership applied to all years"
edmonton,member,leduc_city,ring,police,2024,7597386,0,7597386,38798,195.82,195.82,,"nominal dollars; gross operating cost = FIR Schedule C operating expenditure to 2008, Schedule C expense - Schedule E amortization from 2009 (accrual switch); net = gross - Schedule E sales and user charges; population StatCan 17-10-0155 July 1 estimates, 2021 boundaries; 2025 board membership applied to all years"
edmonton,member,leduc_city,ring,police,2025,8124134,0,8124134,39966,203.28,203.28,,"nominal dollars; gross operating cost = FIR Schedule C operating expenditure to 2008, Schedule C expense - Schedule E amortization from 2009 (accrual switch); net = gross - Schedule E sales and user charges; population StatCan 17-10-0155 July 1 estimates, 2021 boundaries; 2025 board membership applied to all years"
edmonton,member,leduc_city,ring,transit,2001,0,0,0,15446,0.0,0.0,,"nominal dollars; gross operating cost = FIR Schedule C operating expenditure to 2008, Schedule C expense - Schedule E amortization from 2009 (accrual switch); net = gross - Schedule E sales and user charges; population StatCan 17-10-0155 July 1 estimates, 2021 boundaries; 2025 board membership applied to all years"
edmonton,member,leduc_city,ring,transit,2002,0,0,0,15865,0.0,0.0,,"nominal dollars; gross operating cost = FIR Schedule C operating expenditure to 2008, Schedule C expense - Schedule E amortization from 2009 (accrual switch); net = gross - Schedule E sales and user charges; population StatCan 17-10-0155 July 1 estimates, 2021 boundaries; 2025 board membership applied to all years"
edmonton,member,leduc_city,ring,transit,2003,0,0,0,16193,0.0,0.0,,"nominal dollars; gross operating cost = FIR Schedule C operating expenditure to 2008, Schedule C expense - Schedule E amortization from 2009 (accrual switch); net = gross - Schedule E sales and user charges; population StatCan 17-10-0155 July 1 estimates, 2021 boundaries; 2025 board membership applied to all years"
edmonton,member,leduc_city,ring,transit,2004,0,0,0,16528,0.0,0.0,,"nominal dollars; gross operating cost = FIR Schedule C operating expenditure to 2008, Schedule C expense - Schedule E amortization from 2009 (accrual switch); net = gross - Schedule E sales and user charges; population StatCan 17-10-0155 July 1 estimates, 2021 boundaries; 2025 board membership applied to all years"
edmonton,member,leduc_city,ring,transit,2005,0,0,0,17017,0.0,0.0,,"nominal dollars; gross operating cost = FIR Schedule C operating expenditure to 2008, Schedule C expense - Schedule E amortization from 2009 (accrual switch); net = gross - Schedule E sales and user charges; population StatCan 17-10-0155 July 1 estimates, 2021 boundaries; 2025 board membership applied to all years"
edmonton,member,leduc_city,ring,transit,2006,0,0,0,17696,0.0,0.0,,"nominal dollars; gross operating cost = FIR Schedule C operating expenditure to 2008, Schedule C expense - Schedule E amortization from 2009 (accrual switch); net = gross - Schedule E sales and user charges; population StatCan 17-10-0155 July 1 estimates, 2021 boundaries; 2025 board membership applied to all years"
edmonton,member,leduc_city,ring,transit,2007,98781,84704,14077,18915,5.22,0.74,,"nominal dollars; gross operating cost = FIR Schedule C operating expenditure to 2008, Schedule C expense - Schedule E amortization from 2009 (accrual switch); net = gross - Schedule E sales and user charges; population StatCan 17-10-0155 July 1 estimates, 2021 boundaries; 2025 board membership applied to all years"
edmonton,member,leduc_city,ring,transit,2008,217958,89055,128903,20248,10.76,6.37,,"nominal dollars; gross operating cost = FIR Schedule C operating expenditure to 2008, Schedule C expense - Schedule E amortization from 2009 (accrual switch); net = gross - Schedule E sales and user charges; population StatCan 17-10-0155 July 1 estimates, 2021 boundaries; 2025 board membership applied to all years"
edmonton,member,leduc_city,ring,transit,2009,229627,63423,166204,22133,10.37,7.51,,"nominal dollars; gross operating cost = FIR Schedule C operating expenditure to 2008, Schedule C expense - Schedule E amortization from 2009 (accrual switch); net = gross - Schedule E sales and user charges; population StatCan 17-10-0155 July 1 estimates, 2021 boundaries; 2025 board membership applied to all years"
edmonton,member,leduc_city,ring,transit,2010,327992,104322,223670,23720,13.83,9.43,,"nominal dollars; gross operating cost = FIR Schedule C operating expenditure to 2008, Schedule C expense - Schedule E amortization from 2009 (accrual switch); net = gross - Schedule E sales and user charges; population StatCan 17-10-0155 July 1 estimates, 2021 boundaries; 2025 board membership applied to all years"
edmonton,member,leduc_city,ring,transit,2011,804137,246995,557142,25387,31.68,21.95,,"nominal dollars; gross operating cost = FIR Schedule C operating expenditure to 2008, Schedule C expense - Schedule E amortization from 2009 (accrual switch); net = gross - Schedule E sales and user charges; population StatCan 17-10-0155 July 1 estimates, 2021 boundaries; 2025 board membership applied to all years"
edmonton,member,leduc_city,ring,transit,2012,881435,228890,652545,26756,32.94,24.39,,"nominal dollars; gross operating cost = FIR Schedule C operating expenditure to 2008, Schedule C expense - Schedule E amortization from 2009 (accrual switch); net = gross - Schedule E sales and user charges; population StatCan 17-10-0155 July 1 estimates, 2021 boundaries; 2025 board membership applied to all years"
edmonton,member,leduc_city,ring,transit,2013,1000391,221504,778887,28122,35.57,27.7,,"nominal dollars; gross operating cost = FIR Schedule C operating expenditure to 2008, Schedule C expense - Schedule E amortization from 2009 (accrual switch); net = gross - Schedule E sales and user charges; population StatCan 17-10-0155 July 1 estimates, 2021 boundaries; 2025 board membership applied to all years"
edmonton,member,leduc_city,ring,transit,2014,1379761,454846,924915,29435,46.87,31.42,,"nominal dollars; gross operating cost = FIR Schedule C operating expenditure to 2008, Schedule C expense - Schedule E amortization from 2009 (accrual switch); net = gross - Schedule E sales and user charges; population StatCan 17-10-0155 July 1 estimates, 2021 boundaries; 2025 board membership applied to all years"
edmonton,member,leduc_city,ring,transit,2015,2046575,546785,1499790,30613,66.85,48.99,,"nominal dollars; gross operating cost = FIR Schedule C operating expenditure to 2008, Schedule C expense - Schedule E amortization from 2009 (accrual switch); net = gross - Schedule E sales and user charges; population StatCan 17-10-0155 July 1 estimates, 2021 boundaries; 2025 board membership applied to all years"
edmonton,member,leduc_city,ring,transit,2016,1645268,239444,1405824,30724,53.55,45.76,,"nominal dollars; gross operating cost = FIR Schedule C operating expenditure to 2008, Schedule C expense - Schedule E amortization from 2009 (accrual switch); net = gross - Schedule E sales and user charges; population StatCan 17-10-0155 July 1 estimates, 2021 boundaries; 2025 board membership applied to all years"
edmonton,member,leduc_city,ring,transit,2017,1589119,293537,1295582,31731,50.08,40.83,,"nominal dollars; gross operating cost = FIR Schedule C operating expenditure to 2008, Schedule C expense - Schedule E amortization from 2009 (accrual switch); net = gross - Schedule E sales and user charges; population StatCan 17-10-0155 July 1 estimates, 2021 boundaries; 2025 board membership applied to all years"
edmonton,member,leduc_city,ring,transit,2018,2242376,322547,1919829,32650,68.68,58.8,,"nominal dollars; gross operating cost = FIR Schedule C operating expenditure to 2008, Schedule C expense - Schedule E amortization from 2009 (accrual switch); net = gross - Schedule E sales and user charges; population StatCan 17-10-0155 July 1 estimates, 2021 boundaries; 2025 board membership applied to all years"
edmonton,member,leduc_city,ring,transit,2019,2401701,307828,2093873,33313,72.1,62.85,,"nominal dollars; gross operating cost = FIR Schedule C operating expenditure to 2008, Schedule C expense - Schedule E amortization from 2009 (accrual switch); net = gross - Schedule E sales and user charges; population StatCan 17-10-0155 July 1 estimates, 2021 boundaries; 2025 board membership applied to all years"
edmonton,member,leduc_city,ring,transit,2020,2185294,126837,2058457,34126,64.04,60.32,,"nominal dollars; gross operating cost = FIR Schedule C operating expenditure to 2008, Schedule C expense - Schedule E amortization from 2009 (accrual switch); net = gross - Schedule E sales and user charges; population StatCan 17-10-0155 July 1 estimates, 2021 boundaries; 2025 board membership applied to all years"
edmonton,member,leduc_city,ring,transit,2021,2303429,144443,2158986,35368,65.13,61.04,,"nominal dollars; gross operating cost = FIR Schedule C operating expenditure to 2008, Schedule C expense - Schedule E amortization from 2009 (accrual switch); net = gross - Schedule E sales and user charges; population StatCan 17-10-0155 July 1 estimates, 2021 boundaries; 2025 board membership applied to all years"
edmonton,member,leduc_city,ring,transit,2022,2507529,200683,2306846,36054,69.55,63.98,,"nominal dollars; gross operating cost = FIR Schedule C operating expenditure to 2008, Schedule C expense - Schedule E amortization from 2009 (accrual switch); net = gross - Schedule E sales and user charges; population StatCan 17-10-0155 July 1 estimates, 2021 boundaries; 2025 board membership applied to all years"
edmonton,member,leduc_city,ring,transit,2023,2536833,254051,2282782,37196,68.2,61.37,,"nominal dollars; gross operating cost = FIR Schedule C operating expenditure to 2008, Schedule C expense - Schedule E amortization from 2009 (accrual switch); net = gross - Schedule E sales and user charges; population StatCan 17-10-0155 July 1 estimates, 2021 boundaries; 2025 board membership applied to all years"
edmonton,member,leduc_city,ring,transit,2024,2830064,304911,2525153,38798,72.94,65.08,,"nominal dollars; gross operating cost = FIR Schedule C operating expenditure to 2008, Schedule C expense - Schedule E amortization from 2009 (accrual switch); net = gross - Schedule E sales and user charges; population StatCan 17-10-0155 July 1 estimates, 2021 boundaries; 2025 board membership applied to all years"
edmonton,member,leduc_city,ring,transit,2025,3217153,330471,2886682,39966,80.5,72.23,,"nominal dollars; gross operating cost = FIR Schedule C operating expenditure to 2008, Schedule C expense - Schedule E amortization from 2009 (accrual switch); net = gross - Schedule E sales and user charges; population StatCan 17-10-0155 July 1 estimates, 2021 boundaries; 2025 board membership applied to all years"
edmonton,member,leduc_city,ring,fcss,2001,902982,395574,507408,15446,58.46,32.85,,"nominal dollars; gross operating cost = FIR Schedule C operating expenditure to 2008, Schedule C expense - Schedule E amortization from 2009 (accrual switch); net = gross - Schedule E sales and user charges; population StatCan 17-10-0155 July 1 estimates, 2021 boundaries; 2025 board membership applied to all years"
edmonton,member,leduc_city,ring,fcss,2002,899177,351937,547240,15865,56.68,34.49,,"nominal dollars; gross operating cost = FIR Schedule C operating expenditure to 2008, Schedule C expense - Schedule E amortization from 2009 (accrual switch); net = gross - Schedule E sales and user charges; population StatCan 17-10-0155 July 1 estimates, 2021 boundaries; 2025 board membership applied to all years"
edmonton,member,leduc_city,ring,fcss,2003,990075,392489,597586,16193,61.14,36.9,,"nominal dollars; gross operating cost = FIR Schedule C operating expenditure to 2008, Schedule C expense - Schedule E amortization from 2009 (accrual switch); net = gross - Schedule E sales and user charges; population StatCan 17-10-0155 July 1 estimates, 2021 boundaries; 2025 board membership applied to all years"
edmonton,member,leduc_city,ring,fcss,2004,1074454,396613,677841,16528,65.01,41.01,,"nominal dollars; gross operating cost = FIR Schedule C operating expenditure to 2008, Schedule C expense - Schedule E amortization from 2009 (accrual switch); net = gross - Schedule E sales and user charges; population StatCan 17-10-0155 July 1 estimates, 2021 boundaries; 2025 board membership applied to all years"
edmonton,member,leduc_city,ring,fcss,2005,1263097,584302,678795,17017,74.23,39.89,,"nominal dollars; gross operating cost = FIR Schedule C operating expenditure to 2008, Schedule C expense - Schedule E amortization from 2009 (accrual switch); net = gross - Schedule E sales and user charges; population StatCan 17-10-0155 July 1 estimates, 2021 boundaries; 2025 board membership applied to all years"
edmonton,member,leduc_city,ring,fcss,2006,1227576,589175,638401,17696,69.37,36.08,,"nominal dollars; gross operating cost = FIR Schedule C operating expenditure to 2008, Schedule C expense - Schedule E amortization from 2009 (accrual switch); net = gross - Schedule E sales and user charges; population StatCan 17-10-0155 July 1 estimates, 2021 boundaries; 2025 board membership applied to all years"
edmonton,member,leduc_city,ring,fcss,2007,1567000,595835,971165,18915,82.84,51.34,,"nominal dollars; gross operating cost = FIR Schedule C operating expenditure to 2008, Schedule C expense - Schedule E amortization from 2009 (accrual switch); net = gross - Schedule E sales and user charges; population StatCan 17-10-0155 July 1 estimates, 2021 boundaries; 2025 board membership applied to all years"
edmonton,member,leduc_city,ring,fcss,2008,1596125,763044,833081,20248,78.83,41.14,,"nominal dollars; gross operating cost = FIR Schedule C operating expenditure to 2008, Schedule C expense - Schedule E amortization from 2009 (accrual switch); net = gross - Schedule E sales and user charges; population StatCan 17-10-0155 July 1 estimates, 2021 boundaries; 2025 board membership applied to all years"
edmonton,member,leduc_city,ring,fcss,2009,1775131,855294,919837,22133,80.2,41.56,,"nominal dollars; gross operating cost = FIR Schedule C operating expenditure to 2008, Schedule C expense - Schedule E amortization from 2009 (accrual switch); net = gross - Schedule E sales and user charges; population StatCan 17-10-0155 July 1 estimates, 2021 boundaries; 2025 board membership applied to all years"
edmonton,member,leduc_city,ring,fcss,2010,1936445,923089,1013356,23720,81.64,42.72,,"nominal dollars; gross operating cost = FIR Schedule C operating expenditure to 2008, Schedule C expense - Schedule E amortization from 2009 (accrual switch); net = gross - Schedule E sales and user charges; population StatCan 17-10-0155 July 1 estimates, 2021 boundaries; 2025 board membership applied to all years"
edmonton,member,leduc_city,ring,fcss,2011,2054321,1034116,1020205,25387,80.92,40.19,,"nominal dollars; gross operating cost = FIR Schedule C operating expenditure to 2008, Schedule C expense - Schedule E amortization from 2009 (accrual switch); net = gross - Schedule E sales and user charges; population StatCan 17-10-0155 July 1 estimates, 2021 boundaries; 2025 board membership applied to all years"
edmonton,member,leduc_city,ring,fcss,2012,2174902,1139131,1035771,26756,81.29,38.71,,"nominal dollars; gross operating cost = FIR Schedule C operating expenditure to 2008, Schedule C expense - Schedule E amortization from 2009 (accrual switch); net = gross - Schedule E sales and user charges; population StatCan 17-10-0155 July 1 estimates, 2021 boundaries; 2025 board membership applied to all years"
edmonton,member,leduc_city,ring,fcss,2013,1780472,639708,1140764,28122,63.31,40.56,,"nominal dollars; gross operating cost = FIR Schedule C operating expenditure to 2008, Schedule C expense - Schedule E amortization from 2009 (accrual switch); net = gross - Schedule E sales and user charges; population StatCan 17-10-0155 July 1 estimates, 2021 boundaries; 2025 board membership applied to all years"
edmonton,member,leduc_city,ring,fcss,2014,981909,58292,923617,29435,33.36,31.38,,"nominal dollars; gross operating cost = FIR Schedule C operating expenditure to 2008, Schedule C expense - Schedule E amortization from 2009 (accrual switch); net = gross - Schedule E sales and user charges; population StatCan 17-10-0155 July 1 estimates, 2021 boundaries; 2025 board membership applied to all years"
edmonton,member,leduc_city,ring,fcss,2015,1224946,45301,1179645,30613,40.01,38.53,,"nominal dollars; gross operating cost = FIR Schedule C operating expenditure to 2008, Schedule C expense - Schedule E amortization from 2009 (accrual switch); net = gross - Schedule E sales and user charges; population StatCan 17-10-0155 July 1 estimates, 2021 boundaries; 2025 board membership applied to all years"
edmonton,member,leduc_city,ring,fcss,2016,1273999,52212,1221787,30724,41.47,39.77,,"nominal dollars; gross operating cost = FIR Schedule C operating expenditure to 2008, Schedule C expense - Schedule E amortization from 2009 (accrual switch); net = gross - Schedule E sales and user charges; population StatCan 17-10-0155 July 1 estimates, 2021 boundaries; 2025 board membership applied to all years"
edmonton,member,leduc_city,ring,fcss,2017,1355172,49049,1306123,31731,42.71,41.16,,"nominal dollars; gross operating cost = FIR Schedule C operating expenditure to 2008, Schedule C expense - Schedule E amortization from 2009 (accrual switch); net = gross - Schedule E sales and user charges; population StatCan 17-10-0155 July 1 estimates, 2021 boundaries; 2025 board membership applied to all years"
edmonton,member,leduc_city,ring,fcss,2018,1461829,50663,1411166,32650,44.77,43.22,,"nominal dollars; gross operating cost = FIR Schedule C operating expenditure to 2008, Schedule C expense - Schedule E amortization from 2009 (accrual switch); net = gross - Schedule E sales and user charges; population StatCan 17-10-0155 July 1 estimates, 2021 boundaries; 2025 board membership applied to all years"
edmonton,member,leduc_city,ring,fcss,2019,1389705,43633,1346072,33313,41.72,40.41,,"nominal dollars; gross operating cost = FIR Schedule C operating expenditure to 2008, Schedule C expense - Schedule E amortization from 2009 (accrual switch); net = gross - Schedule E sales and user charges; population StatCan 17-10-0155 July 1 estimates, 2021 boundaries; 2025 board membership applied to all years"
edmonton,member,leduc_city,ring,fcss,2020,1770053,35048,1735005,34126,51.87,50.84,,"nominal dollars; gross operating cost = FIR Schedule C operating expenditure to 2008, Schedule C expense - Schedule E amortization from 2009 (accrual switch); net = gross - Schedule E sales and user charges; population StatCan 17-10-0155 July 1 estimates, 2021 boundaries; 2025 board membership applied to all years"
edmonton,member,leduc_city,ring,fcss,2021,1558703,27133,1531570,35368,44.07,43.3,,"nominal dollars; gross operating cost = FIR Schedule C operating expenditure to 2008, Schedule C expense - Schedule E amortization from 2009 (accrual switch); net = gross - Schedule E sales and user charges; population StatCan 17-10-0155 July 1 estimates, 2021 boundaries; 2025 board membership applied to all years"
edmonton,member,leduc_city,ring,fcss,2022,1797702,21135,1776567,36054,49.86,49.28,,"nominal dollars; gross operating cost = FIR Schedule C operating expenditure to 2008, Schedule C expense - Schedule E amortization from 2009 (accrual switch); net = gross - Schedule E sales and user charges; population StatCan 17-10-0155 July 1 estimates, 2021 boundaries; 2025 board membership applied to all years"
edmonton,member,leduc_city,ring,fcss,2023,1656024,21202,1634822,37196,44.52,43.95,,"nominal dollars; gross operating cost = FIR Schedule C operating expenditure to 2008, Schedule C expense - Schedule E amortization from 2009 (accrual switch); net = gross - Schedule E sales and user charges; population StatCan 17-10-0155 July 1 estimates, 2021 boundaries; 2025 board membership applied to all years"
edmonton,member,leduc_city,ring,fcss,2024,1708980,19303,1689677,38798,44.05,43.55,,"nominal dollars; gross operating cost = FIR Schedule C operating expenditure to 2008, Schedule C expense - Schedule E amortization from 2009 (accrual switch); net = gross - Schedule E sales and user charges; population StatCan 17-10-0155 July 1 estimates, 2021 boundaries; 2025 board membership applied to all years"
edmonton,member,leduc_city,ring,fcss,2025,2014069,12089,2001980,39966,50.39,50.09,,"nominal dollars; gross operating cost = FIR Schedule C operating expenditure to 2008, Schedule C expense - Schedule E amortization from 2009 (accrual switch); net = gross - Schedule E sales and user charges; population StatCan 17-10-0155 July 1 estimates, 2021 boundaries; 2025 board membership applied to all years"
edmonton,member,leduc_city,ring,housing,2009,0,0,0,22133,0.0,0.0,,"nominal dollars; gross operating cost = FIR Schedule C operating expenditure to 2008, Schedule C expense - Schedule E amortization from 2009 (accrual switch); net = gross - Schedule E sales and user charges; population StatCan 17-10-0155 July 1 estimates, 2021 boundaries; 2025 board membership applied to all years"
edmonton,member,leduc_city,ring,housing,2010,0,0,0,23720,0.0,0.0,,"nominal dollars; gross operating cost = FIR Schedule C operating expenditure to 2008, Schedule C expense - Schedule E amortization from 2009 (accrual switch); net = gross - Schedule E sales and user charges; population StatCan 17-10-0155 July 1 estimates, 2021 boundaries; 2025 board membership applied to all years"
edmonton,member,leduc_city,ring,housing,2011,0,0,0,25387,0.0,0.0,,"nominal dollars; gross operating cost = FIR Schedule C operating expenditure to 2008, Schedule C expense - Schedule E amortization from 2009 (accrual switch); net = gross - Schedule E sales and user charges; population StatCan 17-10-0155 July 1 estimates, 2021 boundaries; 2025 board membership applied to all years"
edmonton,member,leduc_city,ring,housing,2012,0,0,0,26756,0.0,0.0,,"nominal dollars; gross operating cost = FIR Schedule C operating expenditure to 2008, Schedule C expense - Schedule E amortization from 2009 (accrual switch); net = gross - Schedule E sales and user charges; population StatCan 17-10-0155 July 1 estimates, 2021 boundaries; 2025 board membership applied to all years"
edmonton,member,leduc_city,ring,housing,2013,0,0,0,28122,0.0,0.0,,"nominal dollars; gross operating cost = FIR Schedule C operating expenditure to 2008, Schedule C expense - Schedule E amortization from 2009 (accrual switch); net = gross - Schedule E sales and user charges; population StatCan 17-10-0155 July 1 estimates, 2021 boundaries; 2025 board membership applied to all years"
edmonton,member,leduc_city,ring,housing,2014,0,0,0,29435,0.0,0.0,,"nominal dollars; gross operating cost = FIR Schedule C operating expenditure to 2008, Schedule C expense - Schedule E amortization from 2009 (accrual switch); net = gross - Schedule E sales and user charges; population StatCan 17-10-0155 July 1 estimates, 2021 boundaries; 2025 board membership applied to all years"
edmonton,member,leduc_city,ring,housing,2015,0,0,0,30613,0.0,0.0,,"nominal dollars; gross operating cost = FIR Schedule C operating expenditure to 2008, Schedule C expense - Schedule E amortization from 2009 (accrual switch); net = gross - Schedule E sales and user charges; population StatCan 17-10-0155 July 1 estimates, 2021 boundaries; 2025 board membership applied to all years"
edmonton,member,leduc_city,ring,housing,2016,0,0,0,30724,0.0,0.0,,"nominal dollars; gross operating cost = FIR Schedule C operating expenditure to 2008, Schedule C expense - Schedule E amortization from 2009 (accrual switch); net = gross - Schedule E sales and user charges; population StatCan 17-10-0155 July 1 estimates, 2021 boundaries; 2025 board membership applied to all years"
edmonton,member,leduc_city,ring,housing,2017,0,0,0,31731,0.0,0.0,,"nominal dollars; gross operating cost = FIR Schedule C operating expenditure to 2008, Schedule C expense - Schedule E amortization from 2009 (accrual switch); net = gross - Schedule E sales and user charges; population StatCan 17-10-0155 July 1 estimates, 2021 boundaries; 2025 board membership applied to all years"
edmonton,member,leduc_city,ring,housing,2018,0,0,0,32650,0.0,0.0,,"nominal dollars; gross operating cost = FIR Schedule C operating expenditure to 2008, Schedule C expense - Schedule E amortization from 2009 (accrual switch); net = gross - Schedule E sales and user charges; population StatCan 17-10-0155 July 1 estimates, 2021 boundaries; 2025 board membership applied to all years"
edmonton,member,leduc_city,ring,housing,2019,0,0,0,33313,0.0,0.0,,"nominal dollars; gross operating cost = FIR Schedule C operating expenditure to 2008, Schedule C expense - Schedule E amortization from 2009 (accrual switch); net = gross - Schedule E sales and user charges; population StatCan 17-10-0155 July 1 estimates, 2021 boundaries; 2025 board membership applied to all years"
edmonton,member,leduc_city,ring,housing,2020,0,0,0,34126,0.0,0.0,,"nominal dollars; gross operating cost = FIR Schedule C operating expenditure to 2008, Schedule C expense - Schedule E amortization from 2009 (accrual switch); net = gross - Schedule E sales and user charges; population StatCan 17-10-0155 July 1 estimates, 2021 boundaries; 2025 board membership applied to all years"
edmonton,member,leduc_city,ring,housing,2021,0,0,0,35368,0.0,0.0,,"nominal dollars; gross operating cost = FIR Schedule C operating expenditure to 2008, Schedule C expense - Schedule E amortization from 2009 (accrual switch); net = gross - Schedule E sales and user charges; population StatCan 17-10-0155 July 1 estimates, 2021 boundaries; 2025 board membership applied to all years"
edmonton,member,leduc_city,ring,housing,2022,0,0,0,36054,0.0,0.0,,"nominal dollars; gross operating cost = FIR Schedule C operating expenditure to 2008, Schedule C expense - Schedule E amortization from 2009 (accrual switch); net = gross - Schedule E sales and user charges; population StatCan 17-10-0155 July 1 estimates, 2021 boundaries; 2025 board membership applied to all years"
edmonton,member,leduc_city,ring,housing,2023,0,0,0,37196,0.0,0.0,,"nominal dollars; gross operating cost = FIR Schedule C operating expenditure to 2008, Schedule C expense - Schedule E amortization from 2009 (accrual switch); net = gross - Schedule E sales and user charges; population StatCan 17-10-0155 July 1 estimates, 2021 boundaries; 2025 board membership applied to all years"
edmonton,member,leduc_city,ring,housing,2024,0,0,0,38798,0.0,0.0,,"nominal dollars; gross operating cost = FIR Schedule C operating expenditure to 2008, Schedule C expense - Schedule E amortization from 2009 (accrual switch); net = gross - Schedule E sales and user charges; population StatCan 17-10-0155 July 1 estimates, 2021 boundaries; 2025 board membership applied to all years"
edmonton,member,leduc_city,ring,housing,2025,0,0,0,39966,0.0,0.0,,"nominal dollars; gross operating cost = FIR Schedule C operating expenditure to 2008, Schedule C expense - Schedule E amortization from 2009 (accrual switch); net = gross - Schedule E sales and user charges; population StatCan 17-10-0155 July 1 estimates, 2021 boundaries; 2025 board membership applied to all years"
edmonton,member,leduc_county,ring,police,2001,186822,0,186822,12567,14.87,14.87,,"nominal dollars; gross operating cost = FIR Schedule C operating expenditure to 2008, Schedule C expense - Schedule E amortization from 2009 (accrual switch); net = gross - Schedule E sales and user charges; population StatCan 17-10-0155 July 1 estimates, 2021 boundaries; 2025 board membership applied to all years"
edmonton,member,leduc_county,ring,police,2002,200270,0,200270,12660,15.82,15.82,,"nominal dollars; gross operating cost = FIR Schedule C operating expenditure to 2008, Schedule C expense - Schedule E amortization from 2009 (accrual switch); net = gross - Schedule E sales and user charges; population StatCan 17-10-0155 July 1 estimates, 2021 boundaries; 2025 board membership applied to all years"
edmonton,member,leduc_county,ring,police,2003,238891,0,238891,12684,18.83,18.83,,"nominal dollars; gross operating cost = FIR Schedule C operating expenditure to 2008, Schedule C expense - Schedule E amortization from 2009 (accrual switch); net = gross - Schedule E sales and user charges; population StatCan 17-10-0155 July 1 estimates, 2021 boundaries; 2025 board membership applied to all years"
edmonton,member,leduc_county,ring,police,2004,222844,0,222844,12696,17.55,17.55,,"nominal dollars; gross operating cost = FIR Schedule C operating expenditure to 2008, Schedule C expense - Schedule E amortization from 2009 (accrual switch); net = gross - Schedule E sales and user charges; population StatCan 17-10-0155 July 1 estimates, 2021 boundaries; 2025 board membership applied to all years"
edmonton,member,leduc_county,ring,police,2005,319915,0,319915,12791,25.01,25.01,,"nominal dollars; gross operating cost = FIR Schedule C operating expenditure to 2008, Schedule C expense - Schedule E amortization from 2009 (accrual switch); net = gross - Schedule E sales and user charges; population StatCan 17-10-0155 July 1 estimates, 2021 boundaries; 2025 board membership applied to all years"
edmonton,member,leduc_county,ring,police,2006,309637,0,309637,12888,24.03,24.03,,"nominal dollars; gross operating cost = FIR Schedule C operating expenditure to 2008, Schedule C expense - Schedule E amortization from 2009 (accrual switch); net = gross - Schedule E sales and user charges; population StatCan 17-10-0155 July 1 estimates, 2021 boundaries; 2025 board membership applied to all years"
edmonton,member,leduc_county,ring,police,2007,536594,0,536594,13187,40.69,40.69,,"nominal dollars; gross operating cost = FIR Schedule C operating expenditure to 2008, Schedule C expense - Schedule E amortization from 2009 (accrual switch); net = gross - Schedule E sales and user charges; population StatCan 17-10-0155 July 1 estimates, 2021 boundaries; 2025 board membership applied to all years"
edmonton,member,leduc_county,ring,police,2008,707148,0,707148,13193,53.6,53.6,,"nominal dollars; gross operating cost = FIR Schedule C operating expenditure to 2008, Schedule C expense - Schedule E amortization from 2009 (accrual switch); net = gross - Schedule E sales and user charges; population StatCan 17-10-0155 July 1 estimates, 2021 boundaries; 2025 board membership applied to all years"
edmonton,member,leduc_county,ring,police,2009,824797,0,824797,13220,62.39,62.39,,"nominal dollars; gross operating cost = FIR Schedule C operating expenditure to 2008, Schedule C expense - Schedule E amortization from 2009 (accrual switch); net = gross - Schedule E sales and user charges; population StatCan 17-10-0155 July 1 estimates, 2021 boundaries; 2025 board membership applied to all years"
edmonton,member,leduc_county,ring,police,2010,819750,0,819750,13345,61.43,61.43,,"nominal dollars; gross operating cost = FIR Schedule C operating expenditure to 2008, Schedule C expense - Schedule E amortization from 2009 (accrual switch); net = gross - Schedule E sales and user charges; population StatCan 17-10-0155 July 1 estimates, 2021 boundaries; 2025 board membership applied to all years"
edmonton,member,leduc_county,ring,police,2011,777680,0,777680,13252,58.68,58.68,,"nominal dollars; gross operating cost = FIR Schedule C operating expenditure to 2008, Schedule C expense - Schedule E amortization from 2009 (accrual switch); net = gross - Schedule E sales and user charges; population StatCan 17-10-0155 July 1 estimates, 2021 boundaries; 2025 board membership applied to all years"
edmonton,member,leduc_county,ring,police,2012,854352,0,854352,13769,62.05,62.05,,"nominal dollars; gross operating cost = FIR Schedule C operating expenditure to 2008, Schedule C expense - Schedule E amortization from 2009 (accrual switch); net = gross - Schedule E sales and user charges; population StatCan 17-10-0155 July 1 estimates, 2021 boundaries; 2025 board membership applied to all years"
edmonton,member,leduc_county,ring,police,2013,1009594,0,1009594,13911,72.58,72.58,,"nominal dollars; gross operating cost = FIR Schedule C operating expenditure to 2008, Schedule C expense - Schedule E amortization from 2009 (accrual switch); net = gross - Schedule E sales and user charges; population StatCan 17-10-0155 July 1 estimates, 2021 boundaries; 2025 board membership applied to all years"
edmonton,member,leduc_county,ring,police,2014,952947,0,952947,13637,69.88,69.88,,"nominal dollars; gross operating cost = FIR Schedule C operating expenditure to 2008, Schedule C expense - Schedule E amortization from 2009 (accrual switch); net = gross - Schedule E sales and user charges; population StatCan 17-10-0155 July 1 estimates, 2021 boundaries; 2025 board membership applied to all years"
edmonton,member,leduc_county,ring,police,2015,1183116,0,1183116,13719,86.24,86.24,,"nominal dollars; gross operating cost = FIR Schedule C operating expenditure to 2008, Schedule C expense - Schedule E amortization from 2009 (accrual switch); net = gross - Schedule E sales and user charges; population StatCan 17-10-0155 July 1 estimates, 2021 boundaries; 2025 board membership applied to all years"
edmonton,member,leduc_county,ring,police,2016,1163913,0,1163913,13395,86.89,86.89,,"nominal dollars; gross operating cost = FIR Schedule C operating expenditure to 2008, Schedule C expense - Schedule E amortization from 2009 (accrual switch); net = gross - Schedule E sales and user charges; population StatCan 17-10-0155 July 1 estimates, 2021 boundaries; 2025 board membership applied to all years"
edmonton,member,leduc_county,ring,police,2017,1266408,0,1266408,13749,92.11,92.11,,"nominal dollars; gross operating cost = FIR Schedule C operating expenditure to 2008, Schedule C expense - Schedule E amortization from 2009 (accrual switch); net = gross - Schedule E sales and user charges; population StatCan 17-10-0155 July 1 estimates, 2021 boundaries; 2025 board membership applied to all years"
edmonton,member,leduc_county,ring,police,2018,1397273,0,1397273,14001,99.8,99.8,,"nominal dollars; gross operating cost = FIR Schedule C operating expenditure to 2008, Schedule C expense - Schedule E amortization from 2009 (accrual switch); net = gross - Schedule E sales and user charges; population StatCan 17-10-0155 July 1 estimates, 2021 boundaries; 2025 board membership applied to all years"
edmonton,member,leduc_county,ring,police,2019,1278817,0,1278817,14122,90.55,90.55,,"nominal dollars; gross operating cost = FIR Schedule C operating expenditure to 2008, Schedule C expense - Schedule E amortization from 2009 (accrual switch); net = gross - Schedule E sales and user charges; population StatCan 17-10-0155 July 1 estimates, 2021 boundaries; 2025 board membership applied to all years"
edmonton,member,leduc_county,ring,police,2020,1445386,0,1445386,14138,102.23,102.23,,"nominal dollars; gross operating cost = FIR Schedule C operating expenditure to 2008, Schedule C expense - Schedule E amortization from 2009 (accrual switch); net = gross - Schedule E sales and user charges; population StatCan 17-10-0155 July 1 estimates, 2021 boundaries; 2025 board membership applied to all years"
edmonton,member,leduc_county,ring,police,2021,1667129,0,1667129,14886,111.99,111.99,,"nominal dollars; gross operating cost = FIR Schedule C operating expenditure to 2008, Schedule C expense - Schedule E amortization from 2009 (accrual switch); net = gross - Schedule E sales and user charges; population StatCan 17-10-0155 July 1 estimates, 2021 boundaries; 2025 board membership applied to all years"
edmonton,member,leduc_county,ring,police,2022,1932997,0,1932997,15114,127.89,127.89,,"nominal dollars; gross operating cost = FIR Schedule C operating expenditure to 2008, Schedule C expense - Schedule E amortization from 2009 (accrual switch); net = gross - Schedule E sales and user charges; population StatCan 17-10-0155 July 1 estimates, 2021 boundaries; 2025 board membership applied to all years"
edmonton,member,leduc_county,ring,police,2023,2517115,0,2517115,15408,163.36,163.36,,"nominal dollars; gross operating cost = FIR Schedule C operating expenditure to 2008, Schedule C expense - Schedule E amortization from 2009 (accrual switch); net = gross - Schedule E sales and user charges; population StatCan 17-10-0155 July 1 estimates, 2021 boundaries; 2025 board membership applied to all years"
edmonton,member,leduc_county,ring,police,2024,2755609,0,2755609,15672,175.83,175.83,,"nominal dollars; gross operating cost = FIR Schedule C operating expenditure to 2008, Schedule C expense - Schedule E amortization from 2009 (accrual switch); net = gross - Schedule E sales and user charges; population StatCan 17-10-0155 July 1 estimates, 2021 boundaries; 2025 board membership applied to all years"
edmonton,member,leduc_county,ring,police,2025,2734920,0,2734920,16400,166.76,166.76,,"nominal dollars; gross operating cost = FIR Schedule C operating expenditure to 2008, Schedule C expense - Schedule E amortization from 2009 (accrual switch); net = gross - Schedule E sales and user charges; population StatCan 17-10-0155 July 1 estimates, 2021 boundaries; 2025 board membership applied to all years"
edmonton,member,leduc_county,ring,transit,2001,0,0,0,12567,0.0,0.0,,"nominal dollars; gross operating cost = FIR Schedule C operating expenditure to 2008, Schedule C expense - Schedule E amortization from 2009 (accrual switch); net = gross - Schedule E sales and user charges; population StatCan 17-10-0155 July 1 estimates, 2021 boundaries; 2025 board membership applied to all years"
edmonton,member,leduc_county,ring,transit,2002,0,0,0,12660,0.0,0.0,,"nominal dollars; gross operating cost = FIR Schedule C operating expenditure to 2008, Schedule C expense - Schedule E amortization from 2009 (accrual switch); net = gross - Schedule E sales and user charges; population StatCan 17-10-0155 July 1 estimates, 2021 boundaries; 2025 board membership applied to all years"
edmonton,member,leduc_county,ring,transit,2003,0,0,0,12684,0.0,0.0,,"nominal dollars; gross operating cost = FIR Schedule C operating expenditure to 2008, Schedule C expense - Schedule E amortization from 2009 (accrual switch); net = gross - Schedule E sales and user charges; population StatCan 17-10-0155 July 1 estimates, 2021 boundaries; 2025 board membership applied to all years"
edmonton,member,leduc_county,ring,transit,2004,0,0,0,12696,0.0,0.0,,"nominal dollars; gross operating cost = FIR Schedule C operating expenditure to 2008, Schedule C expense - Schedule E amortization from 2009 (accrual switch); net = gross - Schedule E sales and user charges; population StatCan 17-10-0155 July 1 estimates, 2021 boundaries; 2025 board membership applied to all years"
edmonton,member,leduc_county,ring,transit,2005,0,0,0,12791,0.0,0.0,,"nominal dollars; gross operating cost = FIR Schedule C operating expenditure to 2008, Schedule C expense - Schedule E amortization from 2009 (accrual switch); net = gross - Schedule E sales and user charges; population StatCan 17-10-0155 July 1 estimates, 2021 boundaries; 2025 board membership applied to all years"
edmonton,member,leduc_county,ring,transit,2006,0,0,0,12888,0.0,0.0,,"nominal dollars; gross operating cost = FIR Schedule C operating expenditure to 2008, Schedule C expense - Schedule E amortization from 2009 (accrual switch); net = gross - Schedule E sales and user charges; population StatCan 17-10-0155 July 1 estimates, 2021 boundaries; 2025 board membership applied to all years"
edmonton,member,leduc_county,ring,transit,2007,0,0,0,13187,0.0,0.0,,"nominal dollars; gross operating cost = FIR Schedule C operating expenditure to 2008, Schedule C expense - Schedule E amortization from 2009 (accrual switch); net = gross - Schedule E sales and user charges; population StatCan 17-10-0155 July 1 estimates, 2021 boundaries; 2025 board membership applied to all years"
edmonton,member,leduc_county,ring,transit,2008,0,0,0,13193,0.0,0.0,,"nominal dollars; gross operating cost = FIR Schedule C operating expenditure to 2008, Schedule C expense - Schedule E amortization from 2009 (accrual switch); net = gross - Schedule E sales and user charges; population StatCan 17-10-0155 July 1 estimates, 2021 boundaries; 2025 board membership applied to all years"
edmonton,member,leduc_county,ring,transit,2009,0,0,0,13220,0.0,0.0,,"nominal dollars; gross operating cost = FIR Schedule C operating expenditure to 2008, Schedule C expense - Schedule E amortization from 2009 (accrual switch); net = gross - Schedule E sales and user charges; population StatCan 17-10-0155 July 1 estimates, 2021 boundaries; 2025 board membership applied to all years"
edmonton,member,leduc_county,ring,transit,2010,52586,0,52586,13345,3.94,3.94,,"nominal dollars; gross operating cost = FIR Schedule C operating expenditure to 2008, Schedule C expense - Schedule E amortization from 2009 (accrual switch); net = gross - Schedule E sales and user charges; population StatCan 17-10-0155 July 1 estimates, 2021 boundaries; 2025 board membership applied to all years"
edmonton,member,leduc_county,ring,transit,2011,166855,0,166855,13252,12.59,12.59,,"nominal dollars; gross operating cost = FIR Schedule C operating expenditure to 2008, Schedule C expense - Schedule E amortization from 2009 (accrual switch); net = gross - Schedule E sales and user charges; population StatCan 17-10-0155 July 1 estimates, 2021 boundaries; 2025 board membership applied to all years"
edmonton,member,leduc_county,ring,transit,2012,197071,50475,146596,13769,14.31,10.65,,"nominal dollars; gross operating cost = FIR Schedule C operating expenditure to 2008, Schedule C expense - Schedule E amortization from 2009 (accrual switch); net = gross - Schedule E sales and user charges; population StatCan 17-10-0155 July 1 estimates, 2021 boundaries; 2025 board membership applied to all years"
edmonton,member,leduc_county,ring,transit,2013,214867,62138,152729,13911,15.45,10.98,,"nominal dollars; gross operating cost = FIR Schedule C operating expenditure to 2008, Schedule C expense - Schedule E amortization from 2009 (accrual switch); net = gross - Schedule E sales and user charges; population StatCan 17-10-0155 July 1 estimates, 2021 boundaries; 2025 board membership applied to all years"
edmonton,member,leduc_county,ring,transit,2014,534920,59917,475003,13637,39.23,34.83,,"nominal dollars; gross operating cost = FIR Schedule C operating expenditure to 2008, Schedule C expense - Schedule E amortization from 2009 (accrual switch); net = gross - Schedule E sales and user charges; population StatCan 17-10-0155 July 1 estimates, 2021 boundaries; 2025 board membership applied to all years"
edmonton,member,leduc_county,ring,transit,2015,339474,18969,320505,13719,24.74,23.36,,"nominal dollars; gross operating cost = FIR Schedule C operating expenditure to 2008, Schedule C expense - Schedule E amortization from 2009 (accrual switch); net = gross - Schedule E sales and user charges; population StatCan 17-10-0155 July 1 estimates, 2021 boundaries; 2025 board membership applied to all years"
edmonton,member,leduc_county,ring,transit,2016,408299,8521,399778,13395,30.48,29.85,,"nominal dollars; gross operating cost = FIR Schedule C operating expenditure to 2008, Schedule C expense - Schedule E amortization from 2009 (accrual switch); net = gross - Schedule E sales and user charges; population StatCan 17-10-0155 July 1 estimates, 2021 boundaries; 2025 board membership applied to all years"
edmonton,member,leduc_county,ring,transit,2017,452652,9519,443133,13749,32.92,32.23,,"nominal dollars; gross operating cost = FIR Schedule C operating expenditure to 2008, Schedule C expense - Schedule E amortization from 2009 (accrual switch); net = gross - Schedule E sales and user charges; population StatCan 17-10-0155 July 1 estimates, 2021 boundaries; 2025 board membership applied to all years"
edmonton,member,leduc_county,ring,transit,2018,946649,10142,936507,14001,67.61,66.89,,"nominal dollars; gross operating cost = FIR Schedule C operating expenditure to 2008, Schedule C expense - Schedule E amortization from 2009 (accrual switch); net = gross - Schedule E sales and user charges; population StatCan 17-10-0155 July 1 estimates, 2021 boundaries; 2025 board membership applied to all years"
edmonton,member,leduc_county,ring,transit,2019,1071069,16181,1054888,14122,75.84,74.7,,"nominal dollars; gross operating cost = FIR Schedule C operating expenditure to 2008, Schedule C expense - Schedule E amortization from 2009 (accrual switch); net = gross - Schedule E sales and user charges; population StatCan 17-10-0155 July 1 estimates, 2021 boundaries; 2025 board membership applied to all years"
edmonton,member,leduc_county,ring,transit,2020,1055395,9498,1045897,14138,74.65,73.98,,"nominal dollars; gross operating cost = FIR Schedule C operating expenditure to 2008, Schedule C expense - Schedule E amortization from 2009 (accrual switch); net = gross - Schedule E sales and user charges; population StatCan 17-10-0155 July 1 estimates, 2021 boundaries; 2025 board membership applied to all years"
edmonton,member,leduc_county,ring,transit,2021,858790,11216,847574,14886,57.69,56.94,,"nominal dollars; gross operating cost = FIR Schedule C operating expenditure to 2008, Schedule C expense - Schedule E amortization from 2009 (accrual switch); net = gross - Schedule E sales and user charges; population StatCan 17-10-0155 July 1 estimates, 2021 boundaries; 2025 board membership applied to all years"
edmonton,member,leduc_county,ring,transit,2022,1407622,17607,1390015,15114,93.13,91.97,,"nominal dollars; gross operating cost = FIR Schedule C operating expenditure to 2008, Schedule C expense - Schedule E amortization from 2009 (accrual switch); net = gross - Schedule E sales and user charges; population StatCan 17-10-0155 July 1 estimates, 2021 boundaries; 2025 board membership applied to all years"
edmonton,member,leduc_county,ring,transit,2023,1181089,21723,1159366,15408,76.65,75.24,,"nominal dollars; gross operating cost = FIR Schedule C operating expenditure to 2008, Schedule C expense - Schedule E amortization from 2009 (accrual switch); net = gross - Schedule E sales and user charges; population StatCan 17-10-0155 July 1 estimates, 2021 boundaries; 2025 board membership applied to all years"
edmonton,member,leduc_county,ring,transit,2024,1197874,41332,1156542,15672,76.43,73.8,,"nominal dollars; gross operating cost = FIR Schedule C operating expenditure to 2008, Schedule C expense - Schedule E amortization from 2009 (accrual switch); net = gross - Schedule E sales and user charges; population StatCan 17-10-0155 July 1 estimates, 2021 boundaries; 2025 board membership applied to all years"
edmonton,member,leduc_county,ring,transit,2025,1392835,46364,1346471,16400,84.93,82.1,,"nominal dollars; gross operating cost = FIR Schedule C operating expenditure to 2008, Schedule C expense - Schedule E amortization from 2009 (accrual switch); net = gross - Schedule E sales and user charges; population StatCan 17-10-0155 July 1 estimates, 2021 boundaries; 2025 board membership applied to all years"
edmonton,member,leduc_county,ring,fcss,2001,557247,35017,522230,12567,44.34,41.56,,"nominal dollars; gross operating cost = FIR Schedule C operating expenditure to 2008, Schedule C expense - Schedule E amortization from 2009 (accrual switch); net = gross - Schedule E sales and user charges; population StatCan 17-10-0155 July 1 estimates, 2021 boundaries; 2025 board membership applied to all years"
edmonton,member,leduc_county,ring,fcss,2002,657935,18316,639619,12660,51.97,50.52,,"nominal dollars; gross operating cost = FIR Schedule C operating expenditure to 2008, Schedule C expense - Schedule E amortization from 2009 (accrual switch); net = gross - Schedule E sales and user charges; population StatCan 17-10-0155 July 1 estimates, 2021 boundaries; 2025 board membership applied to all years"
edmonton,member,leduc_county,ring,fcss,2003,854702,36372,818330,12684,67.38,64.52,,"nominal dollars; gross operating cost = FIR Schedule C operating expenditure to 2008, Schedule C expense - Schedule E amortization from 2009 (accrual switch); net = gross - Schedule E sales and user charges; population StatCan 17-10-0155 July 1 estimates, 2021 boundaries; 2025 board membership applied to all years"
edmonton,member,leduc_county,ring,fcss,2004,976672,18376,958296,12696,76.93,75.48,,"nominal dollars; gross operating cost = FIR Schedule C operating expenditure to 2008, Schedule C expense - Schedule E amortization from 2009 (accrual switch); net = gross - Schedule E sales and user charges; population StatCan 17-10-0155 July 1 estimates, 2021 boundaries; 2025 board membership applied to all years"
edmonton,member,leduc_county,ring,fcss,2005,870970,20884,850086,12791,68.09,66.46,,"nominal dollars; gross operating cost = FIR Schedule C operating expenditure to 2008, Schedule C expense - Schedule E amortization from 2009 (accrual switch); net = gross - Schedule E sales and user charges; population StatCan 17-10-0155 July 1 estimates, 2021 boundaries; 2025 board membership applied to all years"
edmonton,member,leduc_county,ring,fcss,2006,1015861,23273,992588,12888,78.82,77.02,,"nominal dollars; gross operating cost = FIR Schedule C operating expenditure to 2008, Schedule C expense - Schedule E amortization from 2009 (accrual switch); net = gross - Schedule E sales and user charges; population StatCan 17-10-0155 July 1 estimates, 2021 boundaries; 2025 board membership applied to all years"
edmonton,member,leduc_county,ring,fcss,2007,1204330,41181,1163149,13187,91.33,88.2,,"nominal dollars; gross operating cost = FIR Schedule C operating expenditure to 2008, Schedule C expense - Schedule E amortization from 2009 (accrual switch); net = gross - Schedule E sales and user charges; population StatCan 17-10-0155 July 1 estimates, 2021 boundaries; 2025 board membership applied to all years"
edmonton,member,leduc_county,ring,fcss,2008,1388503,27822,1360681,13193,105.25,103.14,,"nominal dollars; gross operating cost = FIR Schedule C operating expenditure to 2008, Schedule C expense - Schedule E amortization from 2009 (accrual switch); net = gross - Schedule E sales and user charges; population StatCan 17-10-0155 July 1 estimates, 2021 boundaries; 2025 board membership applied to all years"
edmonton,member,leduc_county,ring,fcss,2009,1512657,33623,1479034,13220,114.42,111.88,,"nominal dollars; gross operating cost = FIR Schedule C operating expenditure to 2008, Schedule C expense - Schedule E amortization from 2009 (accrual switch); net = gross - Schedule E sales and user charges; population StatCan 17-10-0155 July 1 estimates, 2021 boundaries; 2025 board membership applied to all years"
edmonton,member,leduc_county,ring,fcss,2010,1515843,40502,1475341,13345,113.59,110.55,,"nominal dollars; gross operating cost = FIR Schedule C operating expenditure to 2008, Schedule C expense - Schedule E amortization from 2009 (accrual switch); net = gross - Schedule E sales and user charges; population StatCan 17-10-0155 July 1 estimates, 2021 boundaries; 2025 board membership applied to all years"
edmonton,member,leduc_county,ring,fcss,2011,1461210,41596,1419614,13252,110.26,107.12,,"nominal dollars; gross operating cost = FIR Schedule C operating expenditure to 2008, Schedule C expense - Schedule E amortization from 2009 (accrual switch); net = gross - Schedule E sales and user charges; population StatCan 17-10-0155 July 1 estimates, 2021 boundaries; 2025 board membership applied to all years"
edmonton,member,leduc_county,ring,fcss,2012,1646096,56821,1589275,13769,119.55,115.42,,"nominal dollars; gross operating cost = FIR Schedule C operating expenditure to 2008, Schedule C expense - Schedule E amortization from 2009 (accrual switch); net = gross - Schedule E sales and user charges; population StatCan 17-10-0155 July 1 estimates, 2021 boundaries; 2025 board membership applied to all years"
edmonton,member,leduc_county,ring,fcss,2013,1577804,16372,1561432,13911,113.42,112.24,,"nominal dollars; gross operating cost = FIR Schedule C operating expenditure to 2008, Schedule C expense - Schedule E amortization from 2009 (accrual switch); net = gross - Schedule E sales and user charges; population StatCan 17-10-0155 July 1 estimates, 2021 boundaries; 2025 board membership applied to all years"
edmonton,member,leduc_county,ring,fcss,2014,1695150,30158,1664992,13637,124.31,122.09,,"nominal dollars; gross operating cost = FIR Schedule C operating expenditure to 2008, Schedule C expense - Schedule E amortization from 2009 (accrual switch); net = gross - Schedule E sales and user charges; population StatCan 17-10-0155 July 1 estimates, 2021 boundaries; 2025 board membership applied to all years"
edmonton,member,leduc_county,ring,fcss,2015,1994098,27497,1966601,13719,145.35,143.35,,"nominal dollars; gross operating cost = FIR Schedule C operating expenditure to 2008, Schedule C expense - Schedule E amortization from 2009 (accrual switch); net = gross - Schedule E sales and user charges; population StatCan 17-10-0155 July 1 estimates, 2021 boundaries; 2025 board membership applied to all years"
edmonton,member,leduc_county,ring,fcss,2016,2163784,29345,2134439,13395,161.54,159.35,,"nominal dollars; gross operating cost = FIR Schedule C operating expenditure to 2008, Schedule C expense - Schedule E amortization from 2009 (accrual switch); net = gross - Schedule E sales and user charges; population StatCan 17-10-0155 July 1 estimates, 2021 boundaries; 2025 board membership applied to all years"
edmonton,member,leduc_county,ring,fcss,2017,2153209,57162,2096047,13749,156.61,152.45,,"nominal dollars; gross operating cost = FIR Schedule C operating expenditure to 2008, Schedule C expense - Schedule E amortization from 2009 (accrual switch); net = gross - Schedule E sales and user charges; population StatCan 17-10-0155 July 1 estimates, 2021 boundaries; 2025 board membership applied to all years"
edmonton,member,leduc_county,ring,fcss,2018,2086058,35073,2050985,14001,148.99,146.49,,"nominal dollars; gross operating cost = FIR Schedule C operating expenditure to 2008, Schedule C expense - Schedule E amortization from 2009 (accrual switch); net = gross - Schedule E sales and user charges; population StatCan 17-10-0155 July 1 estimates, 2021 boundaries; 2025 board membership applied to all years"
edmonton,member,leduc_county,ring,fcss,2019,1955414,20085,1935329,14122,138.47,137.04,,"nominal dollars; gross operating cost = FIR Schedule C operating expenditure to 2008, Schedule C expense - Schedule E amortization from 2009 (accrual switch); net = gross - Schedule E sales and user charges; population StatCan 17-10-0155 July 1 estimates, 2021 boundaries; 2025 board membership applied to all years"
edmonton,member,leduc_county,ring,fcss,2020,1836373,42603,1793770,14138,129.89,126.88,,"nominal dollars; gross operating cost = FIR Schedule C operating expenditure to 2008, Schedule C expense - Schedule E amortization from 2009 (accrual switch); net = gross - Schedule E sales and user charges; population StatCan 17-10-0155 July 1 estimates, 2021 boundaries; 2025 board membership applied to all years"
edmonton,member,leduc_county,ring,fcss,2021,1594617,5787,1588830,14886,107.12,106.73,,"nominal dollars; gross operating cost = FIR Schedule C operating expenditure to 2008, Schedule C expense - Schedule E amortization from 2009 (accrual switch); net = gross - Schedule E sales and user charges; population StatCan 17-10-0155 July 1 estimates, 2021 boundaries; 2025 board membership applied to all years"
edmonton,member,leduc_county,ring,fcss,2022,1695996,0,1695996,15114,112.21,112.21,,"nominal dollars; gross operating cost = FIR Schedule C operating expenditure to 2008, Schedule C expense - Schedule E amortization from 2009 (accrual switch); net = gross - Schedule E sales and user charges; population StatCan 17-10-0155 July 1 estimates, 2021 boundaries; 2025 board membership applied to all years"
edmonton,member,leduc_county,ring,fcss,2023,2028574,1042,2027532,15408,131.66,131.59,,"nominal dollars; gross operating cost = FIR Schedule C operating expenditure to 2008, Schedule C expense - Schedule E amortization from 2009 (accrual switch); net = gross - Schedule E sales and user charges; population StatCan 17-10-0155 July 1 estimates, 2021 boundaries; 2025 board membership applied to all years"
edmonton,member,leduc_county,ring,fcss,2024,1885601,1450,1884151,15672,120.32,120.22,,"nominal dollars; gross operating cost = FIR Schedule C operating expenditure to 2008, Schedule C expense - Schedule E amortization from 2009 (accrual switch); net = gross - Schedule E sales and user charges; population StatCan 17-10-0155 July 1 estimates, 2021 boundaries; 2025 board membership applied to all years"
edmonton,member,leduc_county,ring,fcss,2025,2037670,1365,2036305,16400,124.25,124.16,,"nominal dollars; gross operating cost = FIR Schedule C operating expenditure to 2008, Schedule C expense - Schedule E amortization from 2009 (accrual switch); net = gross - Schedule E sales and user charges; population StatCan 17-10-0155 July 1 estimates, 2021 boundaries; 2025 board membership applied to all years"
edmonton,member,leduc_county,ring,housing,2009,0,0,0,13220,0.0,0.0,,"nominal dollars; gross operating cost = FIR Schedule C operating expenditure to 2008, Schedule C expense - Schedule E amortization from 2009 (accrual switch); net = gross - Schedule E sales and user charges; population StatCan 17-10-0155 July 1 estimates, 2021 boundaries; 2025 board membership applied to all years"
edmonton,member,leduc_county,ring,housing,2010,0,0,0,13345,0.0,0.0,,"nominal dollars; gross operating cost = FIR Schedule C operating expenditure to 2008, Schedule C expense - Schedule E amortization from 2009 (accrual switch); net = gross - Schedule E sales and user charges; population StatCan 17-10-0155 July 1 estimates, 2021 boundaries; 2025 board membership applied to all years"
edmonton,member,leduc_county,ring,housing,2011,0,0,0,13252,0.0,0.0,,"nominal dollars; gross operating cost = FIR Schedule C operating expenditure to 2008, Schedule C expense - Schedule E amortization from 2009 (accrual switch); net = gross - Schedule E sales and user charges; population StatCan 17-10-0155 July 1 estimates, 2021 boundaries; 2025 board membership applied to all years"
edmonton,member,leduc_county,ring,housing,2012,0,0,0,13769,0.0,0.0,,"nominal dollars; gross operating cost = FIR Schedule C operating expenditure to 2008, Schedule C expense - Schedule E amortization from 2009 (accrual switch); net = gross - Schedule E sales and user charges; population StatCan 17-10-0155 July 1 estimates, 2021 boundaries; 2025 board membership applied to all years"
edmonton,member,leduc_county,ring,housing,2013,0,0,0,13911,0.0,0.0,,"nominal dollars; gross operating cost = FIR Schedule C operating expenditure to 2008, Schedule C expense - Schedule E amortization from 2009 (accrual switch); net = gross - Schedule E sales and user charges; population StatCan 17-10-0155 July 1 estimates, 2021 boundaries; 2025 board membership applied to all years"
edmonton,member,leduc_county,ring,housing,2014,0,0,0,13637,0.0,0.0,,"nominal dollars; gross operating cost = FIR Schedule C operating expenditure to 2008, Schedule C expense - Schedule E amortization from 2009 (accrual switch); net = gross - Schedule E sales and user charges; population StatCan 17-10-0155 July 1 estimates, 2021 boundaries; 2025 board membership applied to all years"
edmonton,member,leduc_county,ring,housing,2015,0,0,0,13719,0.0,0.0,,"nominal dollars; gross operating cost = FIR Schedule C operating expenditure to 2008, Schedule C expense - Schedule E amortization from 2009 (accrual switch); net = gross - Schedule E sales and user charges; population StatCan 17-10-0155 July 1 estimates, 2021 boundaries; 2025 board membership applied to all years"
edmonton,member,leduc_county,ring,housing,2016,0,0,0,13395,0.0,0.0,,"nominal dollars; gross operating cost = FIR Schedule C operating expenditure to 2008, Schedule C expense - Schedule E amortization from 2009 (accrual switch); net = gross - Schedule E sales and user charges; population StatCan 17-10-0155 July 1 estimates, 2021 boundaries; 2025 board membership applied to all years"
edmonton,member,leduc_county,ring,housing,2017,0,0,0,13749,0.0,0.0,,"nominal dollars; gross operating cost = FIR Schedule C operating expenditure to 2008, Schedule C expense - Schedule E amortization from 2009 (accrual switch); net = gross - Schedule E sales and user charges; population StatCan 17-10-0155 July 1 estimates, 2021 boundaries; 2025 board membership applied to all years"
edmonton,member,leduc_county,ring,housing,2018,0,0,0,14001,0.0,0.0,,"nominal dollars; gross operating cost = FIR Schedule C operating expenditure to 2008, Schedule C expense - Schedule E amortization from 2009 (accrual switch); net = gross - Schedule E sales and user charges; population StatCan 17-10-0155 July 1 estimates, 2021 boundaries; 2025 board membership applied to all years"
edmonton,member,leduc_county,ring,housing,2019,0,0,0,14122,0.0,0.0,,"nominal dollars; gross operating cost = FIR Schedule C operating expenditure to 2008, Schedule C expense - Schedule E amortization from 2009 (accrual switch); net = gross - Schedule E sales and user charges; population StatCan 17-10-0155 July 1 estimates, 2021 boundaries; 2025 board membership applied to all years"
edmonton,member,leduc_county,ring,housing,2020,0,0,0,14138,0.0,0.0,,"nominal dollars; gross operating cost = FIR Schedule C operating expenditure to 2008, Schedule C expense - Schedule E amortization from 2009 (accrual switch); net = gross - Schedule E sales and user charges; population StatCan 17-10-0155 July 1 estimates, 2021 boundaries; 2025 board membership applied to all years"
edmonton,member,leduc_county,ring,housing,2021,0,0,0,14886,0.0,0.0,,"nominal dollars; gross operating cost = FIR Schedule C operating expenditure to 2008, Schedule C expense - Schedule E amortization from 2009 (accrual switch); net = gross - Schedule E sales and user charges; population StatCan 17-10-0155 July 1 estimates, 2021 boundaries; 2025 board membership applied to all years"
edmonton,member,leduc_county,ring,housing,2022,0,0,0,15114,0.0,0.0,,"nominal dollars; gross operating cost = FIR Schedule C operating expenditure to 2008, Schedule C expense - Schedule E amortization from 2009 (accrual switch); net = gross - Schedule E sales and user charges; population StatCan 17-10-0155 July 1 estimates, 2021 boundaries; 2025 board membership applied to all years"
edmonton,member,leduc_county,ring,housing,2023,0,0,0,15408,0.0,0.0,,"nominal dollars; gross operating cost = FIR Schedule C operating expenditure to 2008, Schedule C expense - Schedule E amortization from 2009 (accrual switch); net = gross - Schedule E sales and user charges; population StatCan 17-10-0155 July 1 estimates, 2021 boundaries; 2025 board membership applied to all years"
edmonton,member,leduc_county,ring,housing,2024,0,0,0,15672,0.0,0.0,,"nominal dollars; gross operating cost = FIR Schedule C operating expenditure to 2008, Schedule C expense - Schedule E amortization from 2009 (accrual switch); net = gross - Schedule E sales and user charges; population StatCan 17-10-0155 July 1 estimates, 2021 boundaries; 2025 board membership applied to all years"
edmonton,member,leduc_county,ring,housing,2025,0,0,0,16400,0.0,0.0,,"nominal dollars; gross operating cost = FIR Schedule C operating expenditure to 2008, Schedule C expense - Schedule E amortization from 2009 (accrual switch); net = gross - Schedule E sales and user charges; population StatCan 17-10-0155 July 1 estimates, 2021 boundaries; 2025 board membership applied to all years"
edmonton,member,morinville,ring,police,2001,556982,0,556982,6691,83.24,83.24,,"nominal dollars; gross operating cost = FIR Schedule C operating expenditure to 2008, Schedule C expense - Schedule E amortization from 2009 (accrual switch); net = gross - Schedule E sales and user charges; population StatCan 17-10-0155 July 1 estimates, 2021 boundaries; 2025 board membership applied to all years"
edmonton,member,morinville,ring,police,2002,579838,0,579838,6753,85.86,85.86,,"nominal dollars; gross operating cost = FIR Schedule C operating expenditure to 2008, Schedule C expense - Schedule E amortization from 2009 (accrual switch); net = gross - Schedule E sales and user charges; population StatCan 17-10-0155 July 1 estimates, 2021 boundaries; 2025 board membership applied to all years"
edmonton,member,morinville,ring,police,2003,608174,0,608174,6775,89.77,89.77,,"nominal dollars; gross operating cost = FIR Schedule C operating expenditure to 2008, Schedule C expense - Schedule E amortization from 2009 (accrual switch); net = gross - Schedule E sales and user charges; population StatCan 17-10-0155 July 1 estimates, 2021 boundaries; 2025 board membership applied to all years"
edmonton,member,morinville,ring,police,2004,626829,0,626829,6797,92.22,92.22,,"nominal dollars; gross operating cost = FIR Schedule C operating expenditure to 2008, Schedule C expense - Schedule E amortization from 2009 (accrual switch); net = gross - Schedule E sales and user charges; population StatCan 17-10-0155 July 1 estimates, 2021 boundaries; 2025 board membership applied to all years"
edmonton,member,morinville,ring,police,2005,777452,0,777452,6883,112.95,112.95,,"nominal dollars; gross operating cost = FIR Schedule C operating expenditure to 2008, Schedule C expense - Schedule E amortization from 2009 (accrual switch); net = gross - Schedule E sales and user charges; population StatCan 17-10-0155 July 1 estimates, 2021 boundaries; 2025 board membership applied to all years"
edmonton,member,morinville,ring,police,2006,795353,0,795353,7027,113.19,113.19,,"nominal dollars; gross operating cost = FIR Schedule C operating expenditure to 2008, Schedule C expense - Schedule E amortization from 2009 (accrual switch); net = gross - Schedule E sales and user charges; population StatCan 17-10-0155 July 1 estimates, 2021 boundaries; 2025 board membership applied to all years"
edmonton,member,morinville,ring,police,2007,823412,0,823412,7339,112.2,112.2,,"nominal dollars; gross operating cost = FIR Schedule C operating expenditure to 2008, Schedule C expense - Schedule E amortization from 2009 (accrual switch); net = gross - Schedule E sales and user charges; population StatCan 17-10-0155 July 1 estimates, 2021 boundaries; 2025 board membership applied to all years"
edmonton,member,morinville,ring,police,2008,970213,0,970213,7540,128.68,128.68,,"nominal dollars; gross operating cost = FIR Schedule C operating expenditure to 2008, Schedule C expense - Schedule E amortization from 2009 (accrual switch); net = gross - Schedule E sales and user charges; population StatCan 17-10-0155 July 1 estimates, 2021 boundaries; 2025 board membership applied to all years"
edmonton,member,morinville,ring,police,2009,1255442,0,1255442,7987,157.19,157.19,,"nominal dollars; gross operating cost = FIR Schedule C operating expenditure to 2008, Schedule C expense - Schedule E amortization from 2009 (accrual switch); net = gross - Schedule E sales and user charges; population StatCan 17-10-0155 July 1 estimates, 2021 boundaries; 2025 board membership applied to all years"
edmonton,member,morinville,ring,police,2010,1216986,0,1216986,8389,145.07,145.07,,"nominal dollars; gross operating cost = FIR Schedule C operating expenditure to 2008, Schedule C expense - Schedule E amortization from 2009 (accrual switch); net = gross - Schedule E sales and user charges; population StatCan 17-10-0155 July 1 estimates, 2021 boundaries; 2025 board membership applied to all years"
edmonton,member,morinville,ring,police,2011,1329078,0,1329078,8963,148.28,148.28,,"nominal dollars; gross operating cost = FIR Schedule C operating expenditure to 2008, Schedule C expense - Schedule E amortization from 2009 (accrual switch); net = gross - Schedule E sales and user charges; population StatCan 17-10-0155 July 1 estimates, 2021 boundaries; 2025 board membership applied to all years"
edmonton,member,morinville,ring,police,2012,1348147,0,1348147,9201,146.52,146.52,,"nominal dollars; gross operating cost = FIR Schedule C operating expenditure to 2008, Schedule C expense - Schedule E amortization from 2009 (accrual switch); net = gross - Schedule E sales and user charges; population StatCan 17-10-0155 July 1 estimates, 2021 boundaries; 2025 board membership applied to all years"
edmonton,member,morinville,ring,police,2013,1462580,0,1462580,9373,156.04,156.04,,"nominal dollars; gross operating cost = FIR Schedule C operating expenditure to 2008, Schedule C expense - Schedule E amortization from 2009 (accrual switch); net = gross - Schedule E sales and user charges; population StatCan 17-10-0155 July 1 estimates, 2021 boundaries; 2025 board membership applied to all years"
edmonton,member,morinville,ring,police,2014,1283376,0,1283376,9618,133.43,133.43,,"nominal dollars; gross operating cost = FIR Schedule C operating expenditure to 2008, Schedule C expense - Schedule E amortization from 2009 (accrual switch); net = gross - Schedule E sales and user charges; population StatCan 17-10-0155 July 1 estimates, 2021 boundaries; 2025 board membership applied to all years"
edmonton,member,morinville,ring,police,2015,1295106,0,1295106,10098,128.25,128.25,,"nominal dollars; gross operating cost = FIR Schedule C operating expenditure to 2008, Schedule C expense - Schedule E amortization from 2009 (accrual switch); net = gross - Schedule E sales and user charges; population StatCan 17-10-0155 July 1 estimates, 2021 boundaries; 2025 board membership applied to all years"
edmonton,member,morinville,ring,police,2016,1307547,0,1307547,10085,129.65,129.65,,"nominal dollars; gross operating cost = FIR Schedule C operating expenditure to 2008, Schedule C expense - Schedule E amortization from 2009 (accrual switch); net = gross - Schedule E sales and user charges; population StatCan 17-10-0155 July 1 estimates, 2021 boundaries; 2025 board membership applied to all years"
edmonton,member,morinville,ring,police,2017,1354792,0,1354792,10201,132.81,132.81,,"nominal dollars; gross operating cost = FIR Schedule C operating expenditure to 2008, Schedule C expense - Schedule E amortization from 2009 (accrual switch); net = gross - Schedule E sales and user charges; population StatCan 17-10-0155 July 1 estimates, 2021 boundaries; 2025 board membership applied to all years"
edmonton,member,morinville,ring,police,2018,1491923,0,1491923,10337,144.33,144.33,,"nominal dollars; gross operating cost = FIR Schedule C operating expenditure to 2008, Schedule C expense - Schedule E amortization from 2009 (accrual switch); net = gross - Schedule E sales and user charges; population StatCan 17-10-0155 July 1 estimates, 2021 boundaries; 2025 board membership applied to all years"
edmonton,member,morinville,ring,police,2019,1698781,0,1698781,10485,162.02,162.02,,"nominal dollars; gross operating cost = FIR Schedule C operating expenditure to 2008, Schedule C expense - Schedule E amortization from 2009 (accrual switch); net = gross - Schedule E sales and user charges; population StatCan 17-10-0155 July 1 estimates, 2021 boundaries; 2025 board membership applied to all years"
edmonton,member,morinville,ring,police,2020,1654707,0,1654707,10462,158.16,158.16,,"nominal dollars; gross operating cost = FIR Schedule C operating expenditure to 2008, Schedule C expense - Schedule E amortization from 2009 (accrual switch); net = gross - Schedule E sales and user charges; population StatCan 17-10-0155 July 1 estimates, 2021 boundaries; 2025 board membership applied to all years"
edmonton,member,morinville,ring,police,2021,2447280,0,2447280,10753,227.59,227.59,,"nominal dollars; gross operating cost = FIR Schedule C operating expenditure to 2008, Schedule C expense - Schedule E amortization from 2009 (accrual switch); net = gross - Schedule E sales and user charges; population StatCan 17-10-0155 July 1 estimates, 2021 boundaries; 2025 board membership applied to all years"
edmonton,member,morinville,ring,police,2022,1759710,0,1759710,10762,163.51,163.51,,"nominal dollars; gross operating cost = FIR Schedule C operating expenditure to 2008, Schedule C expense - Schedule E amortization from 2009 (accrual switch); net = gross - Schedule E sales and user charges; population StatCan 17-10-0155 July 1 estimates, 2021 boundaries; 2025 board membership applied to all years"
edmonton,member,morinville,ring,police,2023,1873614,0,1873614,10761,174.11,174.11,,"nominal dollars; gross operating cost = FIR Schedule C operating expenditure to 2008, Schedule C expense - Schedule E amortization from 2009 (accrual switch); net = gross - Schedule E sales and user charges; population StatCan 17-10-0155 July 1 estimates, 2021 boundaries; 2025 board membership applied to all years"
edmonton,member,morinville,ring,police,2024,1739473,0,1739473,10819,160.78,160.78,,"nominal dollars; gross operating cost = FIR Schedule C operating expenditure to 2008, Schedule C expense - Schedule E amortization from 2009 (accrual switch); net = gross - Schedule E sales and user charges; population StatCan 17-10-0155 July 1 estimates, 2021 boundaries; 2025 board membership applied to all years"
edmonton,member,morinville,ring,police,2025,4029845,0,4029845,10763,374.42,374.42,,"nominal dollars; gross operating cost = FIR Schedule C operating expenditure to 2008, Schedule C expense - Schedule E amortization from 2009 (accrual switch); net = gross - Schedule E sales and user charges; population StatCan 17-10-0155 July 1 estimates, 2021 boundaries; 2025 board membership applied to all years"
edmonton,member,morinville,ring,transit,2001,44575,20360,24215,6691,6.66,3.62,,"nominal dollars; gross operating cost = FIR Schedule C operating expenditure to 2008, Schedule C expense - Schedule E amortization from 2009 (accrual switch); net = gross - Schedule E sales and user charges; population StatCan 17-10-0155 July 1 estimates, 2021 boundaries; 2025 board membership applied to all years"
edmonton,member,morinville,ring,transit,2002,79161,28181,50980,6753,11.72,7.55,,"nominal dollars; gross operating cost = FIR Schedule C operating expenditure to 2008, Schedule C expense - Schedule E amortization from 2009 (accrual switch); net = gross - Schedule E sales and user charges; population StatCan 17-10-0155 July 1 estimates, 2021 boundaries; 2025 board membership applied to all years"
edmonton,member,morinville,ring,transit,2003,77844,31811,46033,6775,11.49,6.79,,"nominal dollars; gross operating cost = FIR Schedule C operating expenditure to 2008, Schedule C expense - Schedule E amortization from 2009 (accrual switch); net = gross - Schedule E sales and user charges; population StatCan 17-10-0155 July 1 estimates, 2021 boundaries; 2025 board membership applied to all years"
edmonton,member,morinville,ring,transit,2004,61646,31546,30100,6797,9.07,4.43,,"nominal dollars; gross operating cost = FIR Schedule C operating expenditure to 2008, Schedule C expense - Schedule E amortization from 2009 (accrual switch); net = gross - Schedule E sales and user charges; population StatCan 17-10-0155 July 1 estimates, 2021 boundaries; 2025 board membership applied to all years"
edmonton,member,morinville,ring,transit,2005,60409,30067,30342,6883,8.78,4.41,,"nominal dollars; gross operating cost = FIR Schedule C operating expenditure to 2008, Schedule C expense - Schedule E amortization from 2009 (accrual switch); net = gross - Schedule E sales and user charges; population StatCan 17-10-0155 July 1 estimates, 2021 boundaries; 2025 board membership applied to all years"
edmonton,member,morinville,ring,transit,2006,54460,33505,20955,7027,7.75,2.98,,"nominal dollars; gross operating cost = FIR Schedule C operating expenditure to 2008, Schedule C expense - Schedule E amortization from 2009 (accrual switch); net = gross - Schedule E sales and user charges; population StatCan 17-10-0155 July 1 estimates, 2021 boundaries; 2025 board membership applied to all years"
edmonton,member,morinville,ring,transit,2007,70370,32605,37765,7339,9.59,5.15,,"nominal dollars; gross operating cost = FIR Schedule C operating expenditure to 2008, Schedule C expense - Schedule E amortization from 2009 (accrual switch); net = gross - Schedule E sales and user charges; population StatCan 17-10-0155 July 1 estimates, 2021 boundaries; 2025 board membership applied to all years"
edmonton,member,morinville,ring,transit,2008,96021,25672,70349,7540,12.73,9.33,,"nominal dollars; gross operating cost = FIR Schedule C operating expenditure to 2008, Schedule C expense - Schedule E amortization from 2009 (accrual switch); net = gross - Schedule E sales and user charges; population StatCan 17-10-0155 July 1 estimates, 2021 boundaries; 2025 board membership applied to all years"
edmonton,member,morinville,ring,transit,2009,83395,26990,56405,7987,10.44,7.06,,"nominal dollars; gross operating cost = FIR Schedule C operating expenditure to 2008, Schedule C expense - Schedule E amortization from 2009 (accrual switch); net = gross - Schedule E sales and user charges; population StatCan 17-10-0155 July 1 estimates, 2021 boundaries; 2025 board membership applied to all years"
edmonton,member,morinville,ring,transit,2010,29924,6609,23315,8389,3.57,2.78,,"nominal dollars; gross operating cost = FIR Schedule C operating expenditure to 2008, Schedule C expense - Schedule E amortization from 2009 (accrual switch); net = gross - Schedule E sales and user charges; population StatCan 17-10-0155 July 1 estimates, 2021 boundaries; 2025 board membership applied to all years"
edmonton,member,morinville,ring,transit,2011,14861,2100,12761,8963,1.66,1.42,,"nominal dollars; gross operating cost = FIR Schedule C operating expenditure to 2008, Schedule C expense - Schedule E amortization from 2009 (accrual switch); net = gross - Schedule E sales and user charges; population StatCan 17-10-0155 July 1 estimates, 2021 boundaries; 2025 board membership applied to all years"
edmonton,member,morinville,ring,transit,2012,15039,2100,12939,9201,1.63,1.41,,"nominal dollars; gross operating cost = FIR Schedule C operating expenditure to 2008, Schedule C expense - Schedule E amortization from 2009 (accrual switch); net = gross - Schedule E sales and user charges; population StatCan 17-10-0155 July 1 estimates, 2021 boundaries; 2025 board membership applied to all years"
edmonton,member,morinville,ring,transit,2013,20259,2175,18084,9373,2.16,1.93,,"nominal dollars; gross operating cost = FIR Schedule C operating expenditure to 2008, Schedule C expense - Schedule E amortization from 2009 (accrual switch); net = gross - Schedule E sales and user charges; population StatCan 17-10-0155 July 1 estimates, 2021 boundaries; 2025 board membership applied to all years"
edmonton,member,morinville,ring,transit,2014,19810,1500,18310,9618,2.06,1.9,,"nominal dollars; gross operating cost = FIR Schedule C operating expenditure to 2008, Schedule C expense - Schedule E amortization from 2009 (accrual switch); net = gross - Schedule E sales and user charges; population StatCan 17-10-0155 July 1 estimates, 2021 boundaries; 2025 board membership applied to all years"
edmonton,member,morinville,ring,transit,2015,17363,1500,15863,10098,1.72,1.57,,"nominal dollars; gross operating cost = FIR Schedule C operating expenditure to 2008, Schedule C expense - Schedule E amortization from 2009 (accrual switch); net = gross - Schedule E sales and user charges; population StatCan 17-10-0155 July 1 estimates, 2021 boundaries; 2025 board membership applied to all years"
edmonton,member,morinville,ring,transit,2016,16221,1500,14721,10085,1.61,1.46,,"nominal dollars; gross operating cost = FIR Schedule C operating expenditure to 2008, Schedule C expense - Schedule E amortization from 2009 (accrual switch); net = gross - Schedule E sales and user charges; population StatCan 17-10-0155 July 1 estimates, 2021 boundaries; 2025 board membership applied to all years"
edmonton,member,morinville,ring,transit,2017,175522,41643,133879,10201,17.21,13.12,,"nominal dollars; gross operating cost = FIR Schedule C operating expenditure to 2008, Schedule C expense - Schedule E amortization from 2009 (accrual switch); net = gross - Schedule E sales and user charges; population StatCan 17-10-0155 July 1 estimates, 2021 boundaries; 2025 board membership applied to all years"
edmonton,member,morinville,ring,transit,2018,185776,25944,159832,10337,17.97,15.46,,"nominal dollars; gross operating cost = FIR Schedule C operating expenditure to 2008, Schedule C expense - Schedule E amortization from 2009 (accrual switch); net = gross - Schedule E sales and user charges; population StatCan 17-10-0155 July 1 estimates, 2021 boundaries; 2025 board membership applied to all years"
edmonton,member,morinville,ring,transit,2019,181625,30752,150873,10485,17.32,14.39,,"nominal dollars; gross operating cost = FIR Schedule C operating expenditure to 2008, Schedule C expense - Schedule E amortization from 2009 (accrual switch); net = gross - Schedule E sales and user charges; population StatCan 17-10-0155 July 1 estimates, 2021 boundaries; 2025 board membership applied to all years"
edmonton,member,morinville,ring,transit,2020,-11730,0,-11730,10462,-1.12,-1.12,,"nominal dollars; gross operating cost = FIR Schedule C operating expenditure to 2008, Schedule C expense - Schedule E amortization from 2009 (accrual switch); net = gross - Schedule E sales and user charges; population StatCan 17-10-0155 July 1 estimates, 2021 boundaries; 2025 board membership applied to all years; negative gross kept as printed (amortization above expense): morinville -11,730"
edmonton,member,morinville,ring,transit,2021,-11730,0,-11730,10753,-1.09,-1.09,,"nominal dollars; gross operating cost = FIR Schedule C operating expenditure to 2008, Schedule C expense - Schedule E amortization from 2009 (accrual switch); net = gross - Schedule E sales and user charges; population StatCan 17-10-0155 July 1 estimates, 2021 boundaries; 2025 board membership applied to all years; negative gross kept as printed (amortization above expense): morinville -11,730"
edmonton,member,morinville,ring,transit,2022,-11730,0,-11730,10762,-1.09,-1.09,,"nominal dollars; gross operating cost = FIR Schedule C operating expenditure to 2008, Schedule C expense - Schedule E amortization from 2009 (accrual switch); net = gross - Schedule E sales and user charges; population StatCan 17-10-0155 July 1 estimates, 2021 boundaries; 2025 board membership applied to all years; negative gross kept as printed (amortization above expense): morinville -11,730"
edmonton,member,morinville,ring,transit,2023,-11730,0,-11730,10761,-1.09,-1.09,,"nominal dollars; gross operating cost = FIR Schedule C operating expenditure to 2008, Schedule C expense - Schedule E amortization from 2009 (accrual switch); net = gross - Schedule E sales and user charges; population StatCan 17-10-0155 July 1 estimates, 2021 boundaries; 2025 board membership applied to all years; negative gross kept as printed (amortization above expense): morinville -11,730"
edmonton,member,morinville,ring,transit,2024,-11730,0,-11730,10819,-1.08,-1.08,,"nominal dollars; gross operating cost = FIR Schedule C operating expenditure to 2008, Schedule C expense - Schedule E amortization from 2009 (accrual switch); net = gross - Schedule E sales and user charges; population StatCan 17-10-0155 July 1 estimates, 2021 boundaries; 2025 board membership applied to all years; negative gross kept as printed (amortization above expense): morinville -11,730"
edmonton,member,morinville,ring,transit,2025,0,0,0,10763,0.0,0.0,,"nominal dollars; gross operating cost = FIR Schedule C operating expenditure to 2008, Schedule C expense - Schedule E amortization from 2009 (accrual switch); net = gross - Schedule E sales and user charges; population StatCan 17-10-0155 July 1 estimates, 2021 boundaries; 2025 board membership applied to all years"
edmonton,member,morinville,ring,fcss,2001,137529,0,137529,6691,20.55,20.55,,"nominal dollars; gross operating cost = FIR Schedule C operating expenditure to 2008, Schedule C expense - Schedule E amortization from 2009 (accrual switch); net = gross - Schedule E sales and user charges; population StatCan 17-10-0155 July 1 estimates, 2021 boundaries; 2025 board membership applied to all years"
edmonton,member,morinville,ring,fcss,2002,125498,0,125498,6753,18.58,18.58,,"nominal dollars; gross operating cost = FIR Schedule C operating expenditure to 2008, Schedule C expense - Schedule E amortization from 2009 (accrual switch); net = gross - Schedule E sales and user charges; population StatCan 17-10-0155 July 1 estimates, 2021 boundaries; 2025 board membership applied to all years"
edmonton,member,morinville,ring,fcss,2003,171328,0,171328,6775,25.29,25.29,,"nominal dollars; gross operating cost = FIR Schedule C operating expenditure to 2008, Schedule C expense - Schedule E amortization from 2009 (accrual switch); net = gross - Schedule E sales and user charges; population StatCan 17-10-0155 July 1 estimates, 2021 boundaries; 2025 board membership applied to all years"
edmonton,member,morinville,ring,fcss,2004,160475,0,160475,6797,23.61,23.61,,"nominal dollars; gross operating cost = FIR Schedule C operating expenditure to 2008, Schedule C expense - Schedule E amortization from 2009 (accrual switch); net = gross - Schedule E sales and user charges; population StatCan 17-10-0155 July 1 estimates, 2021 boundaries; 2025 board membership applied to all years"
edmonton,member,morinville,ring,fcss,2005,155215,0,155215,6883,22.55,22.55,,"nominal dollars; gross operating cost = FIR Schedule C operating expenditure to 2008, Schedule C expense - Schedule E amortization from 2009 (accrual switch); net = gross - Schedule E sales and user charges; population StatCan 17-10-0155 July 1 estimates, 2021 boundaries; 2025 board membership applied to all years"
edmonton,member,morinville,ring,fcss,2006,196117,0,196117,7027,27.91,27.91,,"nominal dollars; gross operating cost = FIR Schedule C operating expenditure to 2008, Schedule C expense - Schedule E amortization from 2009 (accrual switch); net = gross - Schedule E sales and user charges; population StatCan 17-10-0155 July 1 estimates, 2021 boundaries; 2025 board membership applied to all years"
edmonton,member,morinville,ring,fcss,2007,148805,-283,149088,7339,20.28,20.31,,"nominal dollars; gross operating cost = FIR Schedule C operating expenditure to 2008, Schedule C expense - Schedule E amortization from 2009 (accrual switch); net = gross - Schedule E sales and user charges; population StatCan 17-10-0155 July 1 estimates, 2021 boundaries; 2025 board membership applied to all years"
edmonton,member,morinville,ring,fcss,2008,200515,13991,186524,7540,26.59,24.74,,"nominal dollars; gross operating cost = FIR Schedule C operating expenditure to 2008, Schedule C expense - Schedule E amortization from 2009 (accrual switch); net = gross - Schedule E sales and user charges; population StatCan 17-10-0155 July 1 estimates, 2021 boundaries; 2025 board membership applied to all years"
edmonton,member,morinville,ring,fcss,2009,213292,20640,192652,7987,26.7,24.12,,"nominal dollars; gross operating cost = FIR Schedule C operating expenditure to 2008, Schedule C expense - Schedule E amortization from 2009 (accrual switch); net = gross - Schedule E sales and user charges; population StatCan 17-10-0155 July 1 estimates, 2021 boundaries; 2025 board membership applied to all years"
edmonton,member,morinville,ring,fcss,2010,210595,13804,196791,8389,25.1,23.46,,"nominal dollars; gross operating cost = FIR Schedule C operating expenditure to 2008, Schedule C expense - Schedule E amortization from 2009 (accrual switch); net = gross - Schedule E sales and user charges; population StatCan 17-10-0155 July 1 estimates, 2021 boundaries; 2025 board membership applied to all years"
edmonton,member,morinville,ring,fcss,2011,214966,13803,201163,8963,23.98,22.44,,"nominal dollars; gross operating cost = FIR Schedule C operating expenditure to 2008, Schedule C expense - Schedule E amortization from 2009 (accrual switch); net = gross - Schedule E sales and user charges; population StatCan 17-10-0155 July 1 estimates, 2021 boundaries; 2025 board membership applied to all years"
edmonton,member,morinville,ring,fcss,2012,226557,11518,215039,9201,24.62,23.37,,"nominal dollars; gross operating cost = FIR Schedule C operating expenditure to 2008, Schedule C expense - Schedule E amortization from 2009 (accrual switch); net = gross - Schedule E sales and user charges; population StatCan 17-10-0155 July 1 estimates, 2021 boundaries; 2025 board membership applied to all years"
edmonton,member,morinville,ring,fcss,2013,199867,5815,194052,9373,21.32,20.7,,"nominal dollars; gross operating cost = FIR Schedule C operating expenditure to 2008, Schedule C expense - Schedule E amortization from 2009 (accrual switch); net = gross - Schedule E sales and user charges; population StatCan 17-10-0155 July 1 estimates, 2021 boundaries; 2025 board membership applied to all years"
edmonton,member,morinville,ring,fcss,2014,196978,4093,192885,9618,20.48,20.05,,"nominal dollars; gross operating cost = FIR Schedule C operating expenditure to 2008, Schedule C expense - Schedule E amortization from 2009 (accrual switch); net = gross - Schedule E sales and user charges; population StatCan 17-10-0155 July 1 estimates, 2021 boundaries; 2025 board membership applied to all years"
edmonton,member,morinville,ring,fcss,2015,238492,11055,227437,10098,23.62,22.52,,"nominal dollars; gross operating cost = FIR Schedule C operating expenditure to 2008, Schedule C expense - Schedule E amortization from 2009 (accrual switch); net = gross - Schedule E sales and user charges; population StatCan 17-10-0155 July 1 estimates, 2021 boundaries; 2025 board membership applied to all years"
edmonton,member,morinville,ring,fcss,2016,361675,20211,341464,10085,35.86,33.86,,"nominal dollars; gross operating cost = FIR Schedule C operating expenditure to 2008, Schedule C expense - Schedule E amortization from 2009 (accrual switch); net = gross - Schedule E sales and user charges; population StatCan 17-10-0155 July 1 estimates, 2021 boundaries; 2025 board membership applied to all years"
edmonton,member,morinville,ring,fcss,2017,368307,55706,312601,10201,36.1,30.64,,"nominal dollars; gross operating cost = FIR Schedule C operating expenditure to 2008, Schedule C expense - Schedule E amortization from 2009 (accrual switch); net = gross - Schedule E sales and user charges; population StatCan 17-10-0155 July 1 estimates, 2021 boundaries; 2025 board membership applied to all years"
edmonton,member,morinville,ring,fcss,2018,376014,60156,315858,10337,36.38,30.56,,"nominal dollars; gross operating cost = FIR Schedule C operating expenditure to 2008, Schedule C expense - Schedule E amortization from 2009 (accrual switch); net = gross - Schedule E sales and user charges; population StatCan 17-10-0155 July 1 estimates, 2021 boundaries; 2025 board membership applied to all years"
edmonton,member,morinville,ring,fcss,2019,464101,71918,392183,10485,44.26,37.4,,"nominal dollars; gross operating cost = FIR Schedule C operating expenditure to 2008, Schedule C expense - Schedule E amortization from 2009 (accrual switch); net = gross - Schedule E sales and user charges; population StatCan 17-10-0155 July 1 estimates, 2021 boundaries; 2025 board membership applied to all years"
edmonton,member,morinville,ring,fcss,2020,374958,0,374958,10462,35.84,35.84,,"nominal dollars; gross operating cost = FIR Schedule C operating expenditure to 2008, Schedule C expense - Schedule E amortization from 2009 (accrual switch); net = gross - Schedule E sales and user charges; population StatCan 17-10-0155 July 1 estimates, 2021 boundaries; 2025 board membership applied to all years"
edmonton,member,morinville,ring,fcss,2021,380777,0,380777,10753,35.41,35.41,,"nominal dollars; gross operating cost = FIR Schedule C operating expenditure to 2008, Schedule C expense - Schedule E amortization from 2009 (accrual switch); net = gross - Schedule E sales and user charges; population StatCan 17-10-0155 July 1 estimates, 2021 boundaries; 2025 board membership applied to all years"
edmonton,member,morinville,ring,fcss,2022,392521,0,392521,10762,36.47,36.47,,"nominal dollars; gross operating cost = FIR Schedule C operating expenditure to 2008, Schedule C expense - Schedule E amortization from 2009 (accrual switch); net = gross - Schedule E sales and user charges; population StatCan 17-10-0155 July 1 estimates, 2021 boundaries; 2025 board membership applied to all years"
edmonton,member,morinville,ring,fcss,2023,400762,0,400762,10761,37.24,37.24,,"nominal dollars; gross operating cost = FIR Schedule C operating expenditure to 2008, Schedule C expense - Schedule E amortization from 2009 (accrual switch); net = gross - Schedule E sales and user charges; population StatCan 17-10-0155 July 1 estimates, 2021 boundaries; 2025 board membership applied to all years"
edmonton,member,morinville,ring,fcss,2024,519601,0,519601,10819,48.03,48.03,,"nominal dollars; gross operating cost = FIR Schedule C operating expenditure to 2008, Schedule C expense - Schedule E amortization from 2009 (accrual switch); net = gross - Schedule E sales and user charges; population StatCan 17-10-0155 July 1 estimates, 2021 boundaries; 2025 board membership applied to all years"
edmonton,member,morinville,ring,fcss,2025,616419,0,616419,10763,57.27,57.27,,"nominal dollars; gross operating cost = FIR Schedule C operating expenditure to 2008, Schedule C expense - Schedule E amortization from 2009 (accrual switch); net = gross - Schedule E sales and user charges; population StatCan 17-10-0155 July 1 estimates, 2021 boundaries; 2025 board membership applied to all years"
edmonton,member,morinville,ring,housing,2009,0,0,0,7987,0.0,0.0,,"nominal dollars; gross operating cost = FIR Schedule C operating expenditure to 2008, Schedule C expense - Schedule E amortization from 2009 (accrual switch); net = gross - Schedule E sales and user charges; population StatCan 17-10-0155 July 1 estimates, 2021 boundaries; 2025 board membership applied to all years"
edmonton,member,morinville,ring,housing,2010,0,0,0,8389,0.0,0.0,,"nominal dollars; gross operating cost = FIR Schedule C operating expenditure to 2008, Schedule C expense - Schedule E amortization from 2009 (accrual switch); net = gross - Schedule E sales and user charges; population StatCan 17-10-0155 July 1 estimates, 2021 boundaries; 2025 board membership applied to all years"
edmonton,member,morinville,ring,housing,2011,0,0,0,8963,0.0,0.0,,"nominal dollars; gross operating cost = FIR Schedule C operating expenditure to 2008, Schedule C expense - Schedule E amortization from 2009 (accrual switch); net = gross - Schedule E sales and user charges; population StatCan 17-10-0155 July 1 estimates, 2021 boundaries; 2025 board membership applied to all years"
edmonton,member,morinville,ring,housing,2012,0,0,0,9201,0.0,0.0,,"nominal dollars; gross operating cost = FIR Schedule C operating expenditure to 2008, Schedule C expense - Schedule E amortization from 2009 (accrual switch); net = gross - Schedule E sales and user charges; population StatCan 17-10-0155 July 1 estimates, 2021 boundaries; 2025 board membership applied to all years"
edmonton,member,morinville,ring,housing,2013,0,0,0,9373,0.0,0.0,,"nominal dollars; gross operating cost = FIR Schedule C operating expenditure to 2008, Schedule C expense - Schedule E amortization from 2009 (accrual switch); net = gross - Schedule E sales and user charges; population StatCan 17-10-0155 July 1 estimates, 2021 boundaries; 2025 board membership applied to all years"
edmonton,member,morinville,ring,housing,2014,0,0,0,9618,0.0,0.0,,"nominal dollars; gross operating cost = FIR Schedule C operating expenditure to 2008, Schedule C expense - Schedule E amortization from 2009 (accrual switch); net = gross - Schedule E sales and user charges; population StatCan 17-10-0155 July 1 estimates, 2021 boundaries; 2025 board membership applied to all years"
edmonton,member,morinville,ring,housing,2015,0,0,0,10098,0.0,0.0,,"nominal dollars; gross operating cost = FIR Schedule C operating expenditure to 2008, Schedule C expense - Schedule E amortization from 2009 (accrual switch); net = gross - Schedule E sales and user charges; population StatCan 17-10-0155 July 1 estimates, 2021 boundaries; 2025 board membership applied to all years"
edmonton,member,morinville,ring,housing,2016,0,0,0,10085,0.0,0.0,,"nominal dollars; gross operating cost = FIR Schedule C operating expenditure to 2008, Schedule C expense - Schedule E amortization from 2009 (accrual switch); net = gross - Schedule E sales and user charges; population StatCan 17-10-0155 July 1 estimates, 2021 boundaries; 2025 board membership applied to all years"
edmonton,member,morinville,ring,housing,2017,0,0,0,10201,0.0,0.0,,"nominal dollars; gross operating cost = FIR Schedule C operating expenditure to 2008, Schedule C expense - Schedule E amortization from 2009 (accrual switch); net = gross - Schedule E sales and user charges; population StatCan 17-10-0155 July 1 estimates, 2021 boundaries; 2025 board membership applied to all years"
edmonton,member,morinville,ring,housing,2018,0,0,0,10337,0.0,0.0,,"nominal dollars; gross operating cost = FIR Schedule C operating expenditure to 2008, Schedule C expense - Schedule E amortization from 2009 (accrual switch); net = gross - Schedule E sales and user charges; population StatCan 17-10-0155 July 1 estimates, 2021 boundaries; 2025 board membership applied to all years"
edmonton,member,morinville,ring,housing,2019,0,0,0,10485,0.0,0.0,,"nominal dollars; gross operating cost = FIR Schedule C operating expenditure to 2008, Schedule C expense - Schedule E amortization from 2009 (accrual switch); net = gross - Schedule E sales and user charges; population StatCan 17-10-0155 July 1 estimates, 2021 boundaries; 2025 board membership applied to all years"
edmonton,member,morinville,ring,housing,2020,0,0,0,10462,0.0,0.0,,"nominal dollars; gross operating cost = FIR Schedule C operating expenditure to 2008, Schedule C expense - Schedule E amortization from 2009 (accrual switch); net = gross - Schedule E sales and user charges; population StatCan 17-10-0155 July 1 estimates, 2021 boundaries; 2025 board membership applied to all years"
edmonton,member,morinville,ring,housing,2021,0,0,0,10753,0.0,0.0,,"nominal dollars; gross operating cost = FIR Schedule C operating expenditure to 2008, Schedule C expense - Schedule E amortization from 2009 (accrual switch); net = gross - Schedule E sales and user charges; population StatCan 17-10-0155 July 1 estimates, 2021 boundaries; 2025 board membership applied to all years"
edmonton,member,morinville,ring,housing,2022,0,0,0,10762,0.0,0.0,,"nominal dollars; gross operating cost = FIR Schedule C operating expenditure to 2008, Schedule C expense - Schedule E amortization from 2009 (accrual switch); net = gross - Schedule E sales and user charges; population StatCan 17-10-0155 July 1 estimates, 2021 boundaries; 2025 board membership applied to all years"
edmonton,member,morinville,ring,housing,2023,0,0,0,10761,0.0,0.0,,"nominal dollars; gross operating cost = FIR Schedule C operating expenditure to 2008, Schedule C expense - Schedule E amortization from 2009 (accrual switch); net = gross - Schedule E sales and user charges; population StatCan 17-10-0155 July 1 estimates, 2021 boundaries; 2025 board membership applied to all years"
edmonton,member,morinville,ring,housing,2024,0,0,0,10819,0.0,0.0,,"nominal dollars; gross operating cost = FIR Schedule C operating expenditure to 2008, Schedule C expense - Schedule E amortization from 2009 (accrual switch); net = gross - Schedule E sales and user charges; population StatCan 17-10-0155 July 1 estimates, 2021 boundaries; 2025 board membership applied to all years"
edmonton,member,morinville,ring,housing,2025,0,0,0,10763,0.0,0.0,,"nominal dollars; gross operating cost = FIR Schedule C operating expenditure to 2008, Schedule C expense - Schedule E amortization from 2009 (accrual switch); net = gross - Schedule E sales and user charges; population StatCan 17-10-0155 July 1 estimates, 2021 boundaries; 2025 board membership applied to all years"
edmonton,member,parkland,ring,police,2001,0,0,0,0,,,parkland,"nominal dollars; gross operating cost = FIR Schedule C operating expenditure to 2008, Schedule C expense - Schedule E amortization from 2009 (accrual switch); net = gross - Schedule E sales and user charges; population StatCan 17-10-0155 July 1 estimates, 2021 boundaries; 2025 board membership applied to all years"
edmonton,member,parkland,ring,police,2002,0,0,0,0,,,parkland,"nominal dollars; gross operating cost = FIR Schedule C operating expenditure to 2008, Schedule C expense - Schedule E amortization from 2009 (accrual switch); net = gross - Schedule E sales and user charges; population StatCan 17-10-0155 July 1 estimates, 2021 boundaries; 2025 board membership applied to all years"
edmonton,member,parkland,ring,police,2003,0,0,0,0,,,parkland,"nominal dollars; gross operating cost = FIR Schedule C operating expenditure to 2008, Schedule C expense - Schedule E amortization from 2009 (accrual switch); net = gross - Schedule E sales and user charges; population StatCan 17-10-0155 July 1 estimates, 2021 boundaries; 2025 board membership applied to all years"
edmonton,member,parkland,ring,police,2004,0,0,0,0,,,parkland,"nominal dollars; gross operating cost = FIR Schedule C operating expenditure to 2008, Schedule C expense - Schedule E amortization from 2009 (accrual switch); net = gross - Schedule E sales and user charges; population StatCan 17-10-0155 July 1 estimates, 2021 boundaries; 2025 board membership applied to all years"
edmonton,member,parkland,ring,police,2005,0,0,0,0,,,parkland,"nominal dollars; gross operating cost = FIR Schedule C operating expenditure to 2008, Schedule C expense - Schedule E amortization from 2009 (accrual switch); net = gross - Schedule E sales and user charges; population StatCan 17-10-0155 July 1 estimates, 2021 boundaries; 2025 board membership applied to all years"
edmonton,member,parkland,ring,police,2006,0,0,0,0,,,parkland,"nominal dollars; gross operating cost = FIR Schedule C operating expenditure to 2008, Schedule C expense - Schedule E amortization from 2009 (accrual switch); net = gross - Schedule E sales and user charges; population StatCan 17-10-0155 July 1 estimates, 2021 boundaries; 2025 board membership applied to all years"
edmonton,member,parkland,ring,police,2007,0,0,0,0,,,parkland,"nominal dollars; gross operating cost = FIR Schedule C operating expenditure to 2008, Schedule C expense - Schedule E amortization from 2009 (accrual switch); net = gross - Schedule E sales and user charges; population StatCan 17-10-0155 July 1 estimates, 2021 boundaries; 2025 board membership applied to all years"
edmonton,member,parkland,ring,police,2008,0,0,0,0,,,parkland,"nominal dollars; gross operating cost = FIR Schedule C operating expenditure to 2008, Schedule C expense - Schedule E amortization from 2009 (accrual switch); net = gross - Schedule E sales and user charges; population StatCan 17-10-0155 July 1 estimates, 2021 boundaries; 2025 board membership applied to all years"
edmonton,member,parkland,ring,police,2009,0,0,0,0,,,parkland,"nominal dollars; gross operating cost = FIR Schedule C operating expenditure to 2008, Schedule C expense - Schedule E amortization from 2009 (accrual switch); net = gross - Schedule E sales and user charges; population StatCan 17-10-0155 July 1 estimates, 2021 boundaries; 2025 board membership applied to all years"
edmonton,member,parkland,ring,police,2010,0,0,0,0,,,parkland,"nominal dollars; gross operating cost = FIR Schedule C operating expenditure to 2008, Schedule C expense - Schedule E amortization from 2009 (accrual switch); net = gross - Schedule E sales and user charges; population StatCan 17-10-0155 July 1 estimates, 2021 boundaries; 2025 board membership applied to all years"
edmonton,member,parkland,ring,police,2011,0,0,0,0,,,parkland,"nominal dollars; gross operating cost = FIR Schedule C operating expenditure to 2008, Schedule C expense - Schedule E amortization from 2009 (accrual switch); net = gross - Schedule E sales and user charges; population StatCan 17-10-0155 July 1 estimates, 2021 boundaries; 2025 board membership applied to all years"
edmonton,member,parkland,ring,police,2012,0,0,0,0,,,parkland,"nominal dollars; gross operating cost = FIR Schedule C operating expenditure to 2008, Schedule C expense - Schedule E amortization from 2009 (accrual switch); net = gross - Schedule E sales and user charges; population StatCan 17-10-0155 July 1 estimates, 2021 boundaries; 2025 board membership applied to all years"
edmonton,member,parkland,ring,police,2013,0,0,0,0,,,parkland,"nominal dollars; gross operating cost = FIR Schedule C operating expenditure to 2008, Schedule C expense - Schedule E amortization from 2009 (accrual switch); net = gross - Schedule E sales and user charges; population StatCan 17-10-0155 July 1 estimates, 2021 boundaries; 2025 board membership applied to all years"
edmonton,member,parkland,ring,police,2014,0,0,0,0,,,parkland,"nominal dollars; gross operating cost = FIR Schedule C operating expenditure to 2008, Schedule C expense - Schedule E amortization from 2009 (accrual switch); net = gross - Schedule E sales and user charges; population StatCan 17-10-0155 July 1 estimates, 2021 boundaries; 2025 board membership applied to all years"
edmonton,member,parkland,ring,police,2015,0,0,0,0,,,parkland,"nominal dollars; gross operating cost = FIR Schedule C operating expenditure to 2008, Schedule C expense - Schedule E amortization from 2009 (accrual switch); net = gross - Schedule E sales and user charges; population StatCan 17-10-0155 July 1 estimates, 2021 boundaries; 2025 board membership applied to all years"
edmonton,member,parkland,ring,police,2016,0,0,0,0,,,parkland,"nominal dollars; gross operating cost = FIR Schedule C operating expenditure to 2008, Schedule C expense - Schedule E amortization from 2009 (accrual switch); net = gross - Schedule E sales and user charges; population StatCan 17-10-0155 July 1 estimates, 2021 boundaries; 2025 board membership applied to all years"
edmonton,member,parkland,ring,police,2017,0,0,0,0,,,parkland,"nominal dollars; gross operating cost = FIR Schedule C operating expenditure to 2008, Schedule C expense - Schedule E amortization from 2009 (accrual switch); net = gross - Schedule E sales and user charges; population StatCan 17-10-0155 July 1 estimates, 2021 boundaries; 2025 board membership applied to all years"
edmonton,member,parkland,ring,police,2018,0,0,0,0,,,parkland,"nominal dollars; gross operating cost = FIR Schedule C operating expenditure to 2008, Schedule C expense - Schedule E amortization from 2009 (accrual switch); net = gross - Schedule E sales and user charges; population StatCan 17-10-0155 July 1 estimates, 2021 boundaries; 2025 board membership applied to all years"
edmonton,member,parkland,ring,police,2019,0,0,0,0,,,parkland,"nominal dollars; gross operating cost = FIR Schedule C operating expenditure to 2008, Schedule C expense - Schedule E amortization from 2009 (accrual switch); net = gross - Schedule E sales and user charges; population StatCan 17-10-0155 July 1 estimates, 2021 boundaries; 2025 board membership applied to all years"
edmonton,member,parkland,ring,police,2020,0,0,0,0,,,parkland,"nominal dollars; gross operating cost = FIR Schedule C operating expenditure to 2008, Schedule C expense - Schedule E amortization from 2009 (accrual switch); net = gross - Schedule E sales and user charges; population StatCan 17-10-0155 July 1 estimates, 2021 boundaries; 2025 board membership applied to all years"
edmonton,member,parkland,ring,police,2021,0,0,0,0,,,parkland,"nominal dollars; gross operating cost = FIR Schedule C operating expenditure to 2008, Schedule C expense - Schedule E amortization from 2009 (accrual switch); net = gross - Schedule E sales and user charges; population StatCan 17-10-0155 July 1 estimates, 2021 boundaries; 2025 board membership applied to all years"
edmonton,member,parkland,ring,police,2022,0,0,0,0,,,parkland,"nominal dollars; gross operating cost = FIR Schedule C operating expenditure to 2008, Schedule C expense - Schedule E amortization from 2009 (accrual switch); net = gross - Schedule E sales and user charges; population StatCan 17-10-0155 July 1 estimates, 2021 boundaries; 2025 board membership applied to all years"
edmonton,member,parkland,ring,police,2023,0,0,0,0,,,parkland,"nominal dollars; gross operating cost = FIR Schedule C operating expenditure to 2008, Schedule C expense - Schedule E amortization from 2009 (accrual switch); net = gross - Schedule E sales and user charges; population StatCan 17-10-0155 July 1 estimates, 2021 boundaries; 2025 board membership applied to all years"
edmonton,member,parkland,ring,police,2024,0,0,0,0,,,parkland,"nominal dollars; gross operating cost = FIR Schedule C operating expenditure to 2008, Schedule C expense - Schedule E amortization from 2009 (accrual switch); net = gross - Schedule E sales and user charges; population StatCan 17-10-0155 July 1 estimates, 2021 boundaries; 2025 board membership applied to all years"
edmonton,member,parkland,ring,police,2025,0,0,0,0,,,parkland,"nominal dollars; gross operating cost = FIR Schedule C operating expenditure to 2008, Schedule C expense - Schedule E amortization from 2009 (accrual switch); net = gross - Schedule E sales and user charges; population StatCan 17-10-0155 July 1 estimates, 2021 boundaries; 2025 board membership applied to all years"
edmonton,member,parkland,ring,transit,2001,0,0,0,28367,0.0,0.0,,"nominal dollars; gross operating cost = FIR Schedule C operating expenditure to 2008, Schedule C expense - Schedule E amortization from 2009 (accrual switch); net = gross - Schedule E sales and user charges; population StatCan 17-10-0155 July 1 estimates, 2021 boundaries; 2025 board membership applied to all years"
edmonton,member,parkland,ring,transit,2002,0,0,0,28866,0.0,0.0,,"nominal dollars; gross operating cost = FIR Schedule C operating expenditure to 2008, Schedule C expense - Schedule E amortization from 2009 (accrual switch); net = gross - Schedule E sales and user charges; population StatCan 17-10-0155 July 1 estimates, 2021 boundaries; 2025 board membership applied to all years"
edmonton,member,parkland,ring,transit,2003,0,0,0,29199,0.0,0.0,,"nominal dollars; gross operating cost = FIR Schedule C operating expenditure to 2008, Schedule C expense - Schedule E amortization from 2009 (accrual switch); net = gross - Schedule E sales and user charges; population StatCan 17-10-0155 July 1 estimates, 2021 boundaries; 2025 board membership applied to all years"
edmonton,member,parkland,ring,transit,2004,0,0,0,29524,0.0,0.0,,"nominal dollars; gross operating cost = FIR Schedule C operating expenditure to 2008, Schedule C expense - Schedule E amortization from 2009 (accrual switch); net = gross - Schedule E sales and user charges; population StatCan 17-10-0155 July 1 estimates, 2021 boundaries; 2025 board membership applied to all years"
edmonton,member,parkland,ring,transit,2005,0,0,0,30039,0.0,0.0,,"nominal dollars; gross operating cost = FIR Schedule C operating expenditure to 2008, Schedule C expense - Schedule E amortization from 2009 (accrual switch); net = gross - Schedule E sales and user charges; population StatCan 17-10-0155 July 1 estimates, 2021 boundaries; 2025 board membership applied to all years"
edmonton,member,parkland,ring,transit,2006,0,0,0,30701,0.0,0.0,,"nominal dollars; gross operating cost = FIR Schedule C operating expenditure to 2008, Schedule C expense - Schedule E amortization from 2009 (accrual switch); net = gross - Schedule E sales and user charges; population StatCan 17-10-0155 July 1 estimates, 2021 boundaries; 2025 board membership applied to all years"
edmonton,member,parkland,ring,transit,2007,0,0,0,31300,0.0,0.0,,"nominal dollars; gross operating cost = FIR Schedule C operating expenditure to 2008, Schedule C expense - Schedule E amortization from 2009 (accrual switch); net = gross - Schedule E sales and user charges; population StatCan 17-10-0155 July 1 estimates, 2021 boundaries; 2025 board membership applied to all years"
edmonton,member,parkland,ring,transit,2008,0,0,0,31839,0.0,0.0,,"nominal dollars; gross operating cost = FIR Schedule C operating expenditure to 2008, Schedule C expense - Schedule E amortization from 2009 (accrual switch); net = gross - Schedule E sales and user charges; population StatCan 17-10-0155 July 1 estimates, 2021 boundaries; 2025 board membership applied to all years"
edmonton,member,parkland,ring,transit,2009,0,0,0,31959,0.0,0.0,,"nominal dollars; gross operating cost = FIR Schedule C operating expenditure to 2008, Schedule C expense - Schedule E amortization from 2009 (accrual switch); net = gross - Schedule E sales and user charges; population StatCan 17-10-0155 July 1 estimates, 2021 boundaries; 2025 board membership applied to all years"
edmonton,member,parkland,ring,transit,2010,0,0,0,32261,0.0,0.0,,"nominal dollars; gross operating cost = FIR Schedule C operating expenditure to 2008, Schedule C expense - Schedule E amortization from 2009 (accrual switch); net = gross - Schedule E sales and user charges; population StatCan 17-10-0155 July 1 estimates, 2021 boundaries; 2025 board membership applied to all years"
edmonton,member,parkland,ring,transit,2011,0,0,0,32124,0.0,0.0,,"nominal dollars; gross operating cost = FIR Schedule C operating expenditure to 2008, Schedule C expense - Schedule E amortization from 2009 (accrual switch); net = gross - Schedule E sales and user charges; population StatCan 17-10-0155 July 1 estimates, 2021 boundaries; 2025 board membership applied to all years"
edmonton,member,parkland,ring,transit,2012,0,0,0,32299,0.0,0.0,,"nominal dollars; gross operating cost = FIR Schedule C operating expenditure to 2008, Schedule C expense - Schedule E amortization from 2009 (accrual switch); net = gross - Schedule E sales and user charges; population StatCan 17-10-0155 July 1 estimates, 2021 boundaries; 2025 board membership applied to all years"
edmonton,member,parkland,ring,transit,2013,0,0,0,32814,0.0,0.0,,"nominal dollars; gross operating cost = FIR Schedule C operating expenditure to 2008, Schedule C expense - Schedule E amortization from 2009 (accrual switch); net = gross - Schedule E sales and user charges; population StatCan 17-10-0155 July 1 estimates, 2021 boundaries; 2025 board membership applied to all years"
edmonton,member,parkland,ring,transit,2014,0,0,0,33423,0.0,0.0,,"nominal dollars; gross operating cost = FIR Schedule C operating expenditure to 2008, Schedule C expense - Schedule E amortization from 2009 (accrual switch); net = gross - Schedule E sales and user charges; population StatCan 17-10-0155 July 1 estimates, 2021 boundaries; 2025 board membership applied to all years"
edmonton,member,parkland,ring,transit,2015,240,0,240,33405,0.01,0.01,,"nominal dollars; gross operating cost = FIR Schedule C operating expenditure to 2008, Schedule C expense - Schedule E amortization from 2009 (accrual switch); net = gross - Schedule E sales and user charges; population StatCan 17-10-0155 July 1 estimates, 2021 boundaries; 2025 board membership applied to all years"
edmonton,member,parkland,ring,transit,2016,271710,142451,129259,33221,8.18,3.89,,"nominal dollars; gross operating cost = FIR Schedule C operating expenditure to 2008, Schedule C expense - Schedule E amortization from 2009 (accrual switch); net = gross - Schedule E sales and user charges; population StatCan 17-10-0155 July 1 estimates, 2021 boundaries; 2025 board membership applied to all years"
edmonton,member,parkland,ring,transit,2017,562254,537863,24391,33448,16.81,0.73,,"nominal dollars; gross operating cost = FIR Schedule C operating expenditure to 2008, Schedule C expense - Schedule E amortization from 2009 (accrual switch); net = gross - Schedule E sales and user charges; population StatCan 17-10-0155 July 1 estimates, 2021 boundaries; 2025 board membership applied to all years"
edmonton,member,parkland,ring,transit,2018,610545,300011,310534,33763,18.08,9.2,,"nominal dollars; gross operating cost = FIR Schedule C operating expenditure to 2008, Schedule C expense - Schedule E amortization from 2009 (accrual switch); net = gross - Schedule E sales and user charges; population StatCan 17-10-0155 July 1 estimates, 2021 boundaries; 2025 board membership applied to all years"
edmonton,member,parkland,ring,transit,2019,569632,351203,218429,33878,16.81,6.45,,"nominal dollars; gross operating cost = FIR Schedule C operating expenditure to 2008, Schedule C expense - Schedule E amortization from 2009 (accrual switch); net = gross - Schedule E sales and user charges; population StatCan 17-10-0155 July 1 estimates, 2021 boundaries; 2025 board membership applied to all years"
edmonton,member,parkland,ring,transit,2020,357329,0,357329,33766,10.58,10.58,,"nominal dollars; gross operating cost = FIR Schedule C operating expenditure to 2008, Schedule C expense - Schedule E amortization from 2009 (accrual switch); net = gross - Schedule E sales and user charges; population StatCan 17-10-0155 July 1 estimates, 2021 boundaries; 2025 board membership applied to all years"
edmonton,member,parkland,ring,transit,2021,0,0,0,33151,0.0,0.0,,"nominal dollars; gross operating cost = FIR Schedule C operating expenditure to 2008, Schedule C expense - Schedule E amortization from 2009 (accrual switch); net = gross - Schedule E sales and user charges; population StatCan 17-10-0155 July 1 estimates, 2021 boundaries; 2025 board membership applied to all years"
edmonton,member,parkland,ring,transit,2022,0,0,0,33312,0.0,0.0,,"nominal dollars; gross operating cost = FIR Schedule C operating expenditure to 2008, Schedule C expense - Schedule E amortization from 2009 (accrual switch); net = gross - Schedule E sales and user charges; population StatCan 17-10-0155 July 1 estimates, 2021 boundaries; 2025 board membership applied to all years"
edmonton,member,parkland,ring,transit,2023,0,0,0,33484,0.0,0.0,,"nominal dollars; gross operating cost = FIR Schedule C operating expenditure to 2008, Schedule C expense - Schedule E amortization from 2009 (accrual switch); net = gross - Schedule E sales and user charges; population StatCan 17-10-0155 July 1 estimates, 2021 boundaries; 2025 board membership applied to all years"
edmonton,member,parkland,ring,transit,2024,0,0,0,33897,0.0,0.0,,"nominal dollars; gross operating cost = FIR Schedule C operating expenditure to 2008, Schedule C expense - Schedule E amortization from 2009 (accrual switch); net = gross - Schedule E sales and user charges; population StatCan 17-10-0155 July 1 estimates, 2021 boundaries; 2025 board membership applied to all years"
edmonton,member,parkland,ring,transit,2025,496812,101221,395591,34286,14.49,11.54,,"nominal dollars; gross operating cost = FIR Schedule C operating expenditure to 2008, Schedule C expense - Schedule E amortization from 2009 (accrual switch); net = gross - Schedule E sales and user charges; population StatCan 17-10-0155 July 1 estimates, 2021 boundaries; 2025 board membership applied to all years"
edmonton,member,parkland,ring,fcss,2001,0,0,0,28367,0.0,0.0,,"nominal dollars; gross operating cost = FIR Schedule C operating expenditure to 2008, Schedule C expense - Schedule E amortization from 2009 (accrual switch); net = gross - Schedule E sales and user charges; population StatCan 17-10-0155 July 1 estimates, 2021 boundaries; 2025 board membership applied to all years"
edmonton,member,parkland,ring,fcss,2002,0,0,0,28866,0.0,0.0,,"nominal dollars; gross operating cost = FIR Schedule C operating expenditure to 2008, Schedule C expense - Schedule E amortization from 2009 (accrual switch); net = gross - Schedule E sales and user charges; population StatCan 17-10-0155 July 1 estimates, 2021 boundaries; 2025 board membership applied to all years"
edmonton,member,parkland,ring,fcss,2003,564251,0,564251,29199,19.32,19.32,,"nominal dollars; gross operating cost = FIR Schedule C operating expenditure to 2008, Schedule C expense - Schedule E amortization from 2009 (accrual switch); net = gross - Schedule E sales and user charges; population StatCan 17-10-0155 July 1 estimates, 2021 boundaries; 2025 board membership applied to all years"
edmonton,member,parkland,ring,fcss,2004,280327,0,280327,29524,9.49,9.49,,"nominal dollars; gross operating cost = FIR Schedule C operating expenditure to 2008, Schedule C expense - Schedule E amortization from 2009 (accrual switch); net = gross - Schedule E sales and user charges; population StatCan 17-10-0155 July 1 estimates, 2021 boundaries; 2025 board membership applied to all years"
edmonton,member,parkland,ring,fcss,2005,295901,0,295901,30039,9.85,9.85,,"nominal dollars; gross operating cost = FIR Schedule C operating expenditure to 2008, Schedule C expense - Schedule E amortization from 2009 (accrual switch); net = gross - Schedule E sales and user charges; population StatCan 17-10-0155 July 1 estimates, 2021 boundaries; 2025 board membership applied to all years"
edmonton,member,parkland,ring,fcss,2006,299871,0,299871,30701,9.77,9.77,,"nominal dollars; gross operating cost = FIR Schedule C operating expenditure to 2008, Schedule C expense - Schedule E amortization from 2009 (accrual switch); net = gross - Schedule E sales and user charges; population StatCan 17-10-0155 July 1 estimates, 2021 boundaries; 2025 board membership applied to all years"
edmonton,member,parkland,ring,fcss,2007,316058,0,316058,31300,10.1,10.1,,"nominal dollars; gross operating cost = FIR Schedule C operating expenditure to 2008, Schedule C expense - Schedule E amortization from 2009 (accrual switch); net = gross - Schedule E sales and user charges; population StatCan 17-10-0155 July 1 estimates, 2021 boundaries; 2025 board membership applied to all years"
edmonton,member,parkland,ring,fcss,2008,432717,0,432717,31839,13.59,13.59,,"nominal dollars; gross operating cost = FIR Schedule C operating expenditure to 2008, Schedule C expense - Schedule E amortization from 2009 (accrual switch); net = gross - Schedule E sales and user charges; population StatCan 17-10-0155 July 1 estimates, 2021 boundaries; 2025 board membership applied to all years"
edmonton,member,parkland,ring,fcss,2009,804620,0,804620,31959,25.18,25.18,,"nominal dollars; gross operating cost = FIR Schedule C operating expenditure to 2008, Schedule C expense - Schedule E amortization from 2009 (accrual switch); net = gross - Schedule E sales and user charges; population StatCan 17-10-0155 July 1 estimates, 2021 boundaries; 2025 board membership applied to all years"
edmonton,member,parkland,ring,fcss,2010,891504,0,891504,32261,27.63,27.63,,"nominal dollars; gross operating cost = FIR Schedule C operating expenditure to 2008, Schedule C expense - Schedule E amortization from 2009 (accrual switch); net = gross - Schedule E sales and user charges; population StatCan 17-10-0155 July 1 estimates, 2021 boundaries; 2025 board membership applied to all years"
edmonton,member,parkland,ring,fcss,2011,788376,0,788376,32124,24.54,24.54,,"nominal dollars; gross operating cost = FIR Schedule C operating expenditure to 2008, Schedule C expense - Schedule E amortization from 2009 (accrual switch); net = gross - Schedule E sales and user charges; population StatCan 17-10-0155 July 1 estimates, 2021 boundaries; 2025 board membership applied to all years"
edmonton,member,parkland,ring,fcss,2012,804623,0,804623,32299,24.91,24.91,,"nominal dollars; gross operating cost = FIR Schedule C operating expenditure to 2008, Schedule C expense - Schedule E amortization from 2009 (accrual switch); net = gross - Schedule E sales and user charges; population StatCan 17-10-0155 July 1 estimates, 2021 boundaries; 2025 board membership applied to all years"
edmonton,member,parkland,ring,fcss,2013,807304,0,807304,32814,24.6,24.6,,"nominal dollars; gross operating cost = FIR Schedule C operating expenditure to 2008, Schedule C expense - Schedule E amortization from 2009 (accrual switch); net = gross - Schedule E sales and user charges; population StatCan 17-10-0155 July 1 estimates, 2021 boundaries; 2025 board membership applied to all years"
edmonton,member,parkland,ring,fcss,2014,902214,0,902214,33423,26.99,26.99,,"nominal dollars; gross operating cost = FIR Schedule C operating expenditure to 2008, Schedule C expense - Schedule E amortization from 2009 (accrual switch); net = gross - Schedule E sales and user charges; population StatCan 17-10-0155 July 1 estimates, 2021 boundaries; 2025 board membership applied to all years"
edmonton,member,parkland,ring,fcss,2015,930405,4305,926100,33405,27.85,27.72,,"nominal dollars; gross operating cost = FIR Schedule C operating expenditure to 2008, Schedule C expense - Schedule E amortization from 2009 (accrual switch); net = gross - Schedule E sales and user charges; population StatCan 17-10-0155 July 1 estimates, 2021 boundaries; 2025 board membership applied to all years"
edmonton,member,parkland,ring,fcss,2016,922387,3995,918392,33221,27.77,27.64,,"nominal dollars; gross operating cost = FIR Schedule C operating expenditure to 2008, Schedule C expense - Schedule E amortization from 2009 (accrual switch); net = gross - Schedule E sales and user charges; population StatCan 17-10-0155 July 1 estimates, 2021 boundaries; 2025 board membership applied to all years"
edmonton,member,parkland,ring,fcss,2017,975760,4594,971166,33448,29.17,29.04,,"nominal dollars; gross operating cost = FIR Schedule C operating expenditure to 2008, Schedule C expense - Schedule E amortization from 2009 (accrual switch); net = gross - Schedule E sales and user charges; population StatCan 17-10-0155 July 1 estimates, 2021 boundaries; 2025 board membership applied to all years"
edmonton,member,parkland,ring,fcss,2018,1023622,1408,1022214,33763,30.32,30.28,,"nominal dollars; gross operating cost = FIR Schedule C operating expenditure to 2008, Schedule C expense - Schedule E amortization from 2009 (accrual switch); net = gross - Schedule E sales and user charges; population StatCan 17-10-0155 July 1 estimates, 2021 boundaries; 2025 board membership applied to all years"
edmonton,member,parkland,ring,fcss,2019,1343917,662,1343255,33878,39.67,39.65,,"nominal dollars; gross operating cost = FIR Schedule C operating expenditure to 2008, Schedule C expense - Schedule E amortization from 2009 (accrual switch); net = gross - Schedule E sales and user charges; population StatCan 17-10-0155 July 1 estimates, 2021 boundaries; 2025 board membership applied to all years"
edmonton,member,parkland,ring,fcss,2020,954366,264,954102,33766,28.26,28.26,,"nominal dollars; gross operating cost = FIR Schedule C operating expenditure to 2008, Schedule C expense - Schedule E amortization from 2009 (accrual switch); net = gross - Schedule E sales and user charges; population StatCan 17-10-0155 July 1 estimates, 2021 boundaries; 2025 board membership applied to all years"
edmonton,member,parkland,ring,fcss,2021,1039916,0,1039916,33151,31.37,31.37,,"nominal dollars; gross operating cost = FIR Schedule C operating expenditure to 2008, Schedule C expense - Schedule E amortization from 2009 (accrual switch); net = gross - Schedule E sales and user charges; population StatCan 17-10-0155 July 1 estimates, 2021 boundaries; 2025 board membership applied to all years"
edmonton,member,parkland,ring,fcss,2022,1033609,0,1033609,33312,31.03,31.03,,"nominal dollars; gross operating cost = FIR Schedule C operating expenditure to 2008, Schedule C expense - Schedule E amortization from 2009 (accrual switch); net = gross - Schedule E sales and user charges; population StatCan 17-10-0155 July 1 estimates, 2021 boundaries; 2025 board membership applied to all years"
edmonton,member,parkland,ring,fcss,2023,954732,3265,951467,33484,28.51,28.42,,"nominal dollars; gross operating cost = FIR Schedule C operating expenditure to 2008, Schedule C expense - Schedule E amortization from 2009 (accrual switch); net = gross - Schedule E sales and user charges; population StatCan 17-10-0155 July 1 estimates, 2021 boundaries; 2025 board membership applied to all years"
edmonton,member,parkland,ring,fcss,2024,967960,5200,962760,33897,28.56,28.4,,"nominal dollars; gross operating cost = FIR Schedule C operating expenditure to 2008, Schedule C expense - Schedule E amortization from 2009 (accrual switch); net = gross - Schedule E sales and user charges; population StatCan 17-10-0155 July 1 estimates, 2021 boundaries; 2025 board membership applied to all years"
edmonton,member,parkland,ring,fcss,2025,1060451,8310,1052141,34286,30.93,30.69,,"nominal dollars; gross operating cost = FIR Schedule C operating expenditure to 2008, Schedule C expense - Schedule E amortization from 2009 (accrual switch); net = gross - Schedule E sales and user charges; population StatCan 17-10-0155 July 1 estimates, 2021 boundaries; 2025 board membership applied to all years"
edmonton,member,parkland,ring,housing,2009,0,0,0,31959,0.0,0.0,,"nominal dollars; gross operating cost = FIR Schedule C operating expenditure to 2008, Schedule C expense - Schedule E amortization from 2009 (accrual switch); net = gross - Schedule E sales and user charges; population StatCan 17-10-0155 July 1 estimates, 2021 boundaries; 2025 board membership applied to all years"
edmonton,member,parkland,ring,housing,2010,0,0,0,32261,0.0,0.0,,"nominal dollars; gross operating cost = FIR Schedule C operating expenditure to 2008, Schedule C expense - Schedule E amortization from 2009 (accrual switch); net = gross - Schedule E sales and user charges; population StatCan 17-10-0155 July 1 estimates, 2021 boundaries; 2025 board membership applied to all years"
edmonton,member,parkland,ring,housing,2011,0,0,0,32124,0.0,0.0,,"nominal dollars; gross operating cost = FIR Schedule C operating expenditure to 2008, Schedule C expense - Schedule E amortization from 2009 (accrual switch); net = gross - Schedule E sales and user charges; population StatCan 17-10-0155 July 1 estimates, 2021 boundaries; 2025 board membership applied to all years"
edmonton,member,parkland,ring,housing,2012,0,73929,-73929,32299,0.0,-2.29,,"nominal dollars; gross operating cost = FIR Schedule C operating expenditure to 2008, Schedule C expense - Schedule E amortization from 2009 (accrual switch); net = gross - Schedule E sales and user charges; population StatCan 17-10-0155 July 1 estimates, 2021 boundaries; 2025 board membership applied to all years"
edmonton,member,parkland,ring,housing,2013,0,0,0,32814,0.0,0.0,,"nominal dollars; gross operating cost = FIR Schedule C operating expenditure to 2008, Schedule C expense - Schedule E amortization from 2009 (accrual switch); net = gross - Schedule E sales and user charges; population StatCan 17-10-0155 July 1 estimates, 2021 boundaries; 2025 board membership applied to all years"
edmonton,member,parkland,ring,housing,2014,0,0,0,33423,0.0,0.0,,"nominal dollars; gross operating cost = FIR Schedule C operating expenditure to 2008, Schedule C expense - Schedule E amortization from 2009 (accrual switch); net = gross - Schedule E sales and user charges; population StatCan 17-10-0155 July 1 estimates, 2021 boundaries; 2025 board membership applied to all years"
edmonton,member,parkland,ring,housing,2015,0,0,0,33405,0.0,0.0,,"nominal dollars; gross operating cost = FIR Schedule C operating expenditure to 2008, Schedule C expense - Schedule E amortization from 2009 (accrual switch); net = gross - Schedule E sales and user charges; population StatCan 17-10-0155 July 1 estimates, 2021 boundaries; 2025 board membership applied to all years"
edmonton,member,parkland,ring,housing,2016,0,0,0,33221,0.0,0.0,,"nominal dollars; gross operating cost = FIR Schedule C operating expenditure to 2008, Schedule C expense - Schedule E amortization from 2009 (accrual switch); net = gross - Schedule E sales and user charges; population StatCan 17-10-0155 July 1 estimates, 2021 boundaries; 2025 board membership applied to all years"
edmonton,member,parkland,ring,housing,2017,0,0,0,33448,0.0,0.0,,"nominal dollars; gross operating cost = FIR Schedule C operating expenditure to 2008, Schedule C expense - Schedule E amortization from 2009 (accrual switch); net = gross - Schedule E sales and user charges; population StatCan 17-10-0155 July 1 estimates, 2021 boundaries; 2025 board membership applied to all years"
edmonton,member,parkland,ring,housing,2018,0,0,0,33763,0.0,0.0,,"nominal dollars; gross operating cost = FIR Schedule C operating expenditure to 2008, Schedule C expense - Schedule E amortization from 2009 (accrual switch); net = gross - Schedule E sales and user charges; population StatCan 17-10-0155 July 1 estimates, 2021 boundaries; 2025 board membership applied to all years"
edmonton,member,parkland,ring,housing,2019,0,0,0,33878,0.0,0.0,,"nominal dollars; gross operating cost = FIR Schedule C operating expenditure to 2008, Schedule C expense - Schedule E amortization from 2009 (accrual switch); net = gross - Schedule E sales and user charges; population StatCan 17-10-0155 July 1 estimates, 2021 boundaries; 2025 board membership applied to all years"
edmonton,member,parkland,ring,housing,2020,0,0,0,33766,0.0,0.0,,"nominal dollars; gross operating cost = FIR Schedule C operating expenditure to 2008, Schedule C expense - Schedule E amortization from 2009 (accrual switch); net = gross - Schedule E sales and user charges; population StatCan 17-10-0155 July 1 estimates, 2021 boundaries; 2025 board membership applied to all years"
edmonton,member,parkland,ring,housing,2021,0,0,0,33151,0.0,0.0,,"nominal dollars; gross operating cost = FIR Schedule C operating expenditure to 2008, Schedule C expense - Schedule E amortization from 2009 (accrual switch); net = gross - Schedule E sales and user charges; population StatCan 17-10-0155 July 1 estimates, 2021 boundaries; 2025 board membership applied to all years"
edmonton,member,parkland,ring,housing,2022,0,0,0,33312,0.0,0.0,,"nominal dollars; gross operating cost = FIR Schedule C operating expenditure to 2008, Schedule C expense - Schedule E amortization from 2009 (accrual switch); net = gross - Schedule E sales and user charges; population StatCan 17-10-0155 July 1 estimates, 2021 boundaries; 2025 board membership applied to all years"
edmonton,member,parkland,ring,housing,2023,0,0,0,33484,0.0,0.0,,"nominal dollars; gross operating cost = FIR Schedule C operating expenditure to 2008, Schedule C expense - Schedule E amortization from 2009 (accrual switch); net = gross - Schedule E sales and user charges; population StatCan 17-10-0155 July 1 estimates, 2021 boundaries; 2025 board membership applied to all years"
edmonton,member,parkland,ring,housing,2024,0,0,0,33897,0.0,0.0,,"nominal dollars; gross operating cost = FIR Schedule C operating expenditure to 2008, Schedule C expense - Schedule E amortization from 2009 (accrual switch); net = gross - Schedule E sales and user charges; population StatCan 17-10-0155 July 1 estimates, 2021 boundaries; 2025 board membership applied to all years"
edmonton,member,parkland,ring,housing,2025,0,0,0,34286,0.0,0.0,,"nominal dollars; gross operating cost = FIR Schedule C operating expenditure to 2008, Schedule C expense - Schedule E amortization from 2009 (accrual switch); net = gross - Schedule E sales and user charges; population StatCan 17-10-0155 July 1 estimates, 2021 boundaries; 2025 board membership applied to all years"
edmonton,member,spruce_grove,ring,police,2001,1288657,0,1288657,16528,77.97,77.97,,"nominal dollars; gross operating cost = FIR Schedule C operating expenditure to 2008, Schedule C expense - Schedule E amortization from 2009 (accrual switch); net = gross - Schedule E sales and user charges; population StatCan 17-10-0155 July 1 estimates, 2021 boundaries; 2025 board membership applied to all years"
edmonton,member,spruce_grove,ring,police,2002,1446699,0,1446699,17253,83.85,83.85,,"nominal dollars; gross operating cost = FIR Schedule C operating expenditure to 2008, Schedule C expense - Schedule E amortization from 2009 (accrual switch); net = gross - Schedule E sales and user charges; population StatCan 17-10-0155 July 1 estimates, 2021 boundaries; 2025 board membership applied to all years"
edmonton,member,spruce_grove,ring,police,2003,1648679,0,1648679,17889,92.16,92.16,,"nominal dollars; gross operating cost = FIR Schedule C operating expenditure to 2008, Schedule C expense - Schedule E amortization from 2009 (accrual switch); net = gross - Schedule E sales and user charges; population StatCan 17-10-0155 July 1 estimates, 2021 boundaries; 2025 board membership applied to all years"
edmonton,member,spruce_grove,ring,police,2004,1629109,0,1629109,18548,87.83,87.83,,"nominal dollars; gross operating cost = FIR Schedule C operating expenditure to 2008, Schedule C expense - Schedule E amortization from 2009 (accrual switch); net = gross - Schedule E sales and user charges; population StatCan 17-10-0155 July 1 estimates, 2021 boundaries; 2025 board membership applied to all years"
edmonton,member,spruce_grove,ring,police,2005,1839859,0,1839859,19387,94.9,94.9,,"nominal dollars; gross operating cost = FIR Schedule C operating expenditure to 2008, Schedule C expense - Schedule E amortization from 2009 (accrual switch); net = gross - Schedule E sales and user charges; population StatCan 17-10-0155 July 1 estimates, 2021 boundaries; 2025 board membership applied to all years"
edmonton,member,spruce_grove,ring,police,2006,1965364,0,1965364,20424,96.23,96.23,,"nominal dollars; gross operating cost = FIR Schedule C operating expenditure to 2008, Schedule C expense - Schedule E amortization from 2009 (accrual switch); net = gross - Schedule E sales and user charges; population StatCan 17-10-0155 July 1 estimates, 2021 boundaries; 2025 board membership applied to all years"
edmonton,member,spruce_grove,ring,police,2007,1922636,0,1922636,21762,88.35,88.35,,"nominal dollars; gross operating cost = FIR Schedule C operating expenditure to 2008, Schedule C expense - Schedule E amortization from 2009 (accrual switch); net = gross - Schedule E sales and user charges; population StatCan 17-10-0155 July 1 estimates, 2021 boundaries; 2025 board membership applied to all years"
edmonton,member,spruce_grove,ring,police,2008,2293596,0,2293596,23122,99.2,99.2,,"nominal dollars; gross operating cost = FIR Schedule C operating expenditure to 2008, Schedule C expense - Schedule E amortization from 2009 (accrual switch); net = gross - Schedule E sales and user charges; population StatCan 17-10-0155 July 1 estimates, 2021 boundaries; 2025 board membership applied to all years"
edmonton,member,spruce_grove,ring,police,2009,2682979,32408,2650571,24658,108.81,107.49,,"nominal dollars; gross operating cost = FIR Schedule C operating expenditure to 2008, Schedule C expense - Schedule E amortization from 2009 (accrual switch); net = gross - Schedule E sales and user charges; population StatCan 17-10-0155 July 1 estimates, 2021 boundaries; 2025 board membership applied to all years"
edmonton,member,spruce_grove,ring,police,2010,2918989,34318,2884671,26104,111.82,110.51,,"nominal dollars; gross operating cost = FIR Schedule C operating expenditure to 2008, Schedule C expense - Schedule E amortization from 2009 (accrual switch); net = gross - Schedule E sales and user charges; population StatCan 17-10-0155 July 1 estimates, 2021 boundaries; 2025 board membership applied to all years"
edmonton,member,spruce_grove,ring,police,2011,2793006,39567,2753439,27357,102.09,100.65,,"nominal dollars; gross operating cost = FIR Schedule C operating expenditure to 2008, Schedule C expense - Schedule E amortization from 2009 (accrual switch); net = gross - Schedule E sales and user charges; population StatCan 17-10-0155 July 1 estimates, 2021 boundaries; 2025 board membership applied to all years"
edmonton,member,spruce_grove,ring,police,2012,2979175,37040,2942135,28498,104.54,103.24,,"nominal dollars; gross operating cost = FIR Schedule C operating expenditure to 2008, Schedule C expense - Schedule E amortization from 2009 (accrual switch); net = gross - Schedule E sales and user charges; population StatCan 17-10-0155 July 1 estimates, 2021 boundaries; 2025 board membership applied to all years"
edmonton,member,spruce_grove,ring,police,2013,3273340,41270,3232070,30182,108.45,107.09,,"nominal dollars; gross operating cost = FIR Schedule C operating expenditure to 2008, Schedule C expense - Schedule E amortization from 2009 (accrual switch); net = gross - Schedule E sales and user charges; population StatCan 17-10-0155 July 1 estimates, 2021 boundaries; 2025 board membership applied to all years"
edmonton,member,spruce_grove,ring,police,2014,3678080,40740,3637340,31821,115.59,114.31,,"nominal dollars; gross operating cost = FIR Schedule C operating expenditure to 2008, Schedule C expense - Schedule E amortization from 2009 (accrual switch); net = gross - Schedule E sales and user charges; population StatCan 17-10-0155 July 1 estimates, 2021 boundaries; 2025 board membership applied to all years"
edmonton,member,spruce_grove,ring,police,2015,3617670,43960,3573710,33739,107.23,105.92,,"nominal dollars; gross operating cost = FIR Schedule C operating expenditure to 2008, Schedule C expense - Schedule E amortization from 2009 (accrual switch); net = gross - Schedule E sales and user charges; population StatCan 17-10-0155 July 1 estimates, 2021 boundaries; 2025 board membership applied to all years"
edmonton,member,spruce_grove,ring,police,2016,4387682,41852,4345830,35083,125.07,123.87,,"nominal dollars; gross operating cost = FIR Schedule C operating expenditure to 2008, Schedule C expense - Schedule E amortization from 2009 (accrual switch); net = gross - Schedule E sales and user charges; population StatCan 17-10-0155 July 1 estimates, 2021 boundaries; 2025 board membership applied to all years"
edmonton,member,spruce_grove,ring,police,2017,4756810,41120,4715690,36148,131.59,130.46,,"nominal dollars; gross operating cost = FIR Schedule C operating expenditure to 2008, Schedule C expense - Schedule E amortization from 2009 (accrual switch); net = gross - Schedule E sales and user charges; population StatCan 17-10-0155 July 1 estimates, 2021 boundaries; 2025 board membership applied to all years"
edmonton,member,spruce_grove,ring,police,2018,4993720,41560,4952160,37481,133.23,132.12,,"nominal dollars; gross operating cost = FIR Schedule C operating expenditure to 2008, Schedule C expense - Schedule E amortization from 2009 (accrual switch); net = gross - Schedule E sales and user charges; population StatCan 17-10-0155 July 1 estimates, 2021 boundaries; 2025 board membership applied to all years"
edmonton,member,spruce_grove,ring,police,2019,5839730,30339,5809391,38141,153.11,152.31,,"nominal dollars; gross operating cost = FIR Schedule C operating expenditure to 2008, Schedule C expense - Schedule E amortization from 2009 (accrual switch); net = gross - Schedule E sales and user charges; population StatCan 17-10-0155 July 1 estimates, 2021 boundaries; 2025 board membership applied to all years"
edmonton,member,spruce_grove,ring,police,2020,5788835,331810,5457025,38927,148.71,140.19,,"nominal dollars; gross operating cost = FIR Schedule C operating expenditure to 2008, Schedule C expense - Schedule E amortization from 2009 (accrual switch); net = gross - Schedule E sales and user charges; population StatCan 17-10-0155 July 1 estimates, 2021 boundaries; 2025 board membership applied to all years"
edmonton,member,spruce_grove,ring,police,2021,6226664,-29028,6255692,39068,159.38,160.12,,"nominal dollars; gross operating cost = FIR Schedule C operating expenditure to 2008, Schedule C expense - Schedule E amortization from 2009 (accrual switch); net = gross - Schedule E sales and user charges; population StatCan 17-10-0155 July 1 estimates, 2021 boundaries; 2025 board membership applied to all years"
edmonton,member,spruce_grove,ring,police,2022,6744272,0,6744272,40005,168.59,168.59,,"nominal dollars; gross operating cost = FIR Schedule C operating expenditure to 2008, Schedule C expense - Schedule E amortization from 2009 (accrual switch); net = gross - Schedule E sales and user charges; population StatCan 17-10-0155 July 1 estimates, 2021 boundaries; 2025 board membership applied to all years"
edmonton,member,spruce_grove,ring,police,2023,7920152,0,7920152,41032,193.02,193.02,,"nominal dollars; gross operating cost = FIR Schedule C operating expenditure to 2008, Schedule C expense - Schedule E amortization from 2009 (accrual switch); net = gross - Schedule E sales and user charges; population StatCan 17-10-0155 July 1 estimates, 2021 boundaries; 2025 board membership applied to all years"
edmonton,member,spruce_grove,ring,police,2024,7738555,0,7738555,42794,180.83,180.83,,"nominal dollars; gross operating cost = FIR Schedule C operating expenditure to 2008, Schedule C expense - Schedule E amortization from 2009 (accrual switch); net = gross - Schedule E sales and user charges; population StatCan 17-10-0155 July 1 estimates, 2021 boundaries; 2025 board membership applied to all years"
edmonton,member,spruce_grove,ring,police,2025,8065000,0,8065000,44575,180.93,180.93,,"nominal dollars; gross operating cost = FIR Schedule C operating expenditure to 2008, Schedule C expense - Schedule E amortization from 2009 (accrual switch); net = gross - Schedule E sales and user charges; population StatCan 17-10-0155 July 1 estimates, 2021 boundaries; 2025 board membership applied to all years"
edmonton,member,spruce_grove,ring,transit,2001,0,0,0,16528,0.0,0.0,,"nominal dollars; gross operating cost = FIR Schedule C operating expenditure to 2008, Schedule C expense - Schedule E amortization from 2009 (accrual switch); net = gross - Schedule E sales and user charges; population StatCan 17-10-0155 July 1 estimates, 2021 boundaries; 2025 board membership applied to all years"
edmonton,member,spruce_grove,ring,transit,2002,0,0,0,17253,0.0,0.0,,"nominal dollars; gross operating cost = FIR Schedule C operating expenditure to 2008, Schedule C expense - Schedule E amortization from 2009 (accrual switch); net = gross - Schedule E sales and user charges; population StatCan 17-10-0155 July 1 estimates, 2021 boundaries; 2025 board membership applied to all years"
edmonton,member,spruce_grove,ring,transit,2003,0,0,0,17889,0.0,0.0,,"nominal dollars; gross operating cost = FIR Schedule C operating expenditure to 2008, Schedule C expense - Schedule E amortization from 2009 (accrual switch); net = gross - Schedule E sales and user charges; population StatCan 17-10-0155 July 1 estimates, 2021 boundaries; 2025 board membership applied to all years"
edmonton,member,spruce_grove,ring,transit,2004,0,0,0,18548,0.0,0.0,,"nominal dollars; gross operating cost = FIR Schedule C operating expenditure to 2008, Schedule C expense - Schedule E amortization from 2009 (accrual switch); net = gross - Schedule E sales and user charges; population StatCan 17-10-0155 July 1 estimates, 2021 boundaries; 2025 board membership applied to all years"
edmonton,member,spruce_grove,ring,transit,2005,0,0,0,19387,0.0,0.0,,"nominal dollars; gross operating cost = FIR Schedule C operating expenditure to 2008, Schedule C expense - Schedule E amortization from 2009 (accrual switch); net = gross - Schedule E sales and user charges; population StatCan 17-10-0155 July 1 estimates, 2021 boundaries; 2025 board membership applied to all years"
edmonton,member,spruce_grove,ring,transit,2006,558077,197976,360101,20424,27.32,17.63,,"nominal dollars; gross operating cost = FIR Schedule C operating expenditure to 2008, Schedule C expense - Schedule E amortization from 2009 (accrual switch); net = gross - Schedule E sales and user charges; population StatCan 17-10-0155 July 1 estimates, 2021 boundaries; 2025 board membership applied to all years"
edmonton,member,spruce_grove,ring,transit,2007,535122,254349,280773,21762,24.59,12.9,,"nominal dollars; gross operating cost = FIR Schedule C operating expenditure to 2008, Schedule C expense - Schedule E amortization from 2009 (accrual switch); net = gross - Schedule E sales and user charges; population StatCan 17-10-0155 July 1 estimates, 2021 boundaries; 2025 board membership applied to all years"
edmonton,member,spruce_grove,ring,transit,2008,618856,332868,285988,23122,26.76,12.37,,"nominal dollars; gross operating cost = FIR Schedule C operating expenditure to 2008, Schedule C expense - Schedule E amortization from 2009 (accrual switch); net = gross - Schedule E sales and user charges; population StatCan 17-10-0155 July 1 estimates, 2021 boundaries; 2025 board membership applied to all years"
edmonton,member,spruce_grove,ring,transit,2009,765355,388236,377119,24658,31.04,15.29,,"nominal dollars; gross operating cost = FIR Schedule C operating expenditure to 2008, Schedule C expense - Schedule E amortization from 2009 (accrual switch); net = gross - Schedule E sales and user charges; population StatCan 17-10-0155 July 1 estimates, 2021 boundaries; 2025 board membership applied to all years"
edmonton,member,spruce_grove,ring,transit,2010,938907,421889,517018,26104,35.97,19.81,,"nominal dollars; gross operating cost = FIR Schedule C operating expenditure to 2008, Schedule C expense - Schedule E amortization from 2009 (accrual switch); net = gross - Schedule E sales and user charges; population StatCan 17-10-0155 July 1 estimates, 2021 boundaries; 2025 board membership applied to all years"
edmonton,member,spruce_grove,ring,transit,2011,934172,392926,541246,27357,34.15,19.78,,"nominal dollars; gross operating cost = FIR Schedule C operating expenditure to 2008, Schedule C expense - Schedule E amortization from 2009 (accrual switch); net = gross - Schedule E sales and user charges; population StatCan 17-10-0155 July 1 estimates, 2021 boundaries; 2025 board membership applied to all years"
edmonton,member,spruce_grove,ring,transit,2012,1000592,415518,585074,28498,35.11,20.53,,"nominal dollars; gross operating cost = FIR Schedule C operating expenditure to 2008, Schedule C expense - Schedule E amortization from 2009 (accrual switch); net = gross - Schedule E sales and user charges; population StatCan 17-10-0155 July 1 estimates, 2021 boundaries; 2025 board membership applied to all years"
edmonton,member,spruce_grove,ring,transit,2013,1106120,426590,679530,30182,36.65,22.51,,"nominal dollars; gross operating cost = FIR Schedule C operating expenditure to 2008, Schedule C expense - Schedule E amortization from 2009 (accrual switch); net = gross - Schedule E sales and user charges; population StatCan 17-10-0155 July 1 estimates, 2021 boundaries; 2025 board membership applied to all years"
edmonton,member,spruce_grove,ring,transit,2014,1130000,449500,680500,31821,35.51,21.39,,"nominal dollars; gross operating cost = FIR Schedule C operating expenditure to 2008, Schedule C expense - Schedule E amortization from 2009 (accrual switch); net = gross - Schedule E sales and user charges; population StatCan 17-10-0155 July 1 estimates, 2021 boundaries; 2025 board membership applied to all years"
edmonton,member,spruce_grove,ring,transit,2015,1202600,450420,752180,33739,35.64,22.29,,"nominal dollars; gross operating cost = FIR Schedule C operating expenditure to 2008, Schedule C expense - Schedule E amortization from 2009 (accrual switch); net = gross - Schedule E sales and user charges; population StatCan 17-10-0155 July 1 estimates, 2021 boundaries; 2025 board membership applied to all years"
edmonton,member,spruce_grove,ring,transit,2016,1309645,406433,903212,35083,37.33,25.75,,"nominal dollars; gross operating cost = FIR Schedule C operating expenditure to 2008, Schedule C expense - Schedule E amortization from 2009 (accrual switch); net = gross - Schedule E sales and user charges; population StatCan 17-10-0155 July 1 estimates, 2021 boundaries; 2025 board membership applied to all years"
edmonton,member,spruce_grove,ring,transit,2017,1949410,498220,1451190,36148,53.93,40.15,,"nominal dollars; gross operating cost = FIR Schedule C operating expenditure to 2008, Schedule C expense - Schedule E amortization from 2009 (accrual switch); net = gross - Schedule E sales and user charges; population StatCan 17-10-0155 July 1 estimates, 2021 boundaries; 2025 board membership applied to all years"
edmonton,member,spruce_grove,ring,transit,2018,1996180,498890,1497290,37481,53.26,39.95,,"nominal dollars; gross operating cost = FIR Schedule C operating expenditure to 2008, Schedule C expense - Schedule E amortization from 2009 (accrual switch); net = gross - Schedule E sales and user charges; population StatCan 17-10-0155 July 1 estimates, 2021 boundaries; 2025 board membership applied to all years"
edmonton,member,spruce_grove,ring,transit,2019,2298542,628933,1669609,38141,60.26,43.77,,"nominal dollars; gross operating cost = FIR Schedule C operating expenditure to 2008, Schedule C expense - Schedule E amortization from 2009 (accrual switch); net = gross - Schedule E sales and user charges; population StatCan 17-10-0155 July 1 estimates, 2021 boundaries; 2025 board membership applied to all years"
edmonton,member,spruce_grove,ring,transit,2020,2030554,284228,1746326,38927,52.16,44.86,,"nominal dollars; gross operating cost = FIR Schedule C operating expenditure to 2008, Schedule C expense - Schedule E amortization from 2009 (accrual switch); net = gross - Schedule E sales and user charges; population StatCan 17-10-0155 July 1 estimates, 2021 boundaries; 2025 board membership applied to all years"
edmonton,member,spruce_grove,ring,transit,2021,1827310,235710,1591600,39068,46.77,40.74,,"nominal dollars; gross operating cost = FIR Schedule C operating expenditure to 2008, Schedule C expense - Schedule E amortization from 2009 (accrual switch); net = gross - Schedule E sales and user charges; population StatCan 17-10-0155 July 1 estimates, 2021 boundaries; 2025 board membership applied to all years"
edmonton,member,spruce_grove,ring,transit,2022,2240515,414607,1825908,40005,56.01,45.64,,"nominal dollars; gross operating cost = FIR Schedule C operating expenditure to 2008, Schedule C expense - Schedule E amortization from 2009 (accrual switch); net = gross - Schedule E sales and user charges; population StatCan 17-10-0155 July 1 estimates, 2021 boundaries; 2025 board membership applied to all years"
edmonton,member,spruce_grove,ring,transit,2023,2923291,603872,2319419,41032,71.24,56.53,,"nominal dollars; gross operating cost = FIR Schedule C operating expenditure to 2008, Schedule C expense - Schedule E amortization from 2009 (accrual switch); net = gross - Schedule E sales and user charges; population StatCan 17-10-0155 July 1 estimates, 2021 boundaries; 2025 board membership applied to all years"
edmonton,member,spruce_grove,ring,transit,2024,3193279,685779,2507500,42794,74.62,58.59,,"nominal dollars; gross operating cost = FIR Schedule C operating expenditure to 2008, Schedule C expense - Schedule E amortization from 2009 (accrual switch); net = gross - Schedule E sales and user charges; population StatCan 17-10-0155 July 1 estimates, 2021 boundaries; 2025 board membership applied to all years"
edmonton,member,spruce_grove,ring,transit,2025,4049000,814000,3235000,44575,90.84,72.57,,"nominal dollars; gross operating cost = FIR Schedule C operating expenditure to 2008, Schedule C expense - Schedule E amortization from 2009 (accrual switch); net = gross - Schedule E sales and user charges; population StatCan 17-10-0155 July 1 estimates, 2021 boundaries; 2025 board membership applied to all years"
edmonton,member,spruce_grove,ring,fcss,2001,269491,8582,260909,16528,16.31,15.79,,"nominal dollars; gross operating cost = FIR Schedule C operating expenditure to 2008, Schedule C expense - Schedule E amortization from 2009 (accrual switch); net = gross - Schedule E sales and user charges; population StatCan 17-10-0155 July 1 estimates, 2021 boundaries; 2025 board membership applied to all years"
edmonton,member,spruce_grove,ring,fcss,2002,334927,9131,325796,17253,19.41,18.88,,"nominal dollars; gross operating cost = FIR Schedule C operating expenditure to 2008, Schedule C expense - Schedule E amortization from 2009 (accrual switch); net = gross - Schedule E sales and user charges; population StatCan 17-10-0155 July 1 estimates, 2021 boundaries; 2025 board membership applied to all years"
edmonton,member,spruce_grove,ring,fcss,2003,546265,31405,514860,17889,30.54,28.78,,"nominal dollars; gross operating cost = FIR Schedule C operating expenditure to 2008, Schedule C expense - Schedule E amortization from 2009 (accrual switch); net = gross - Schedule E sales and user charges; population StatCan 17-10-0155 July 1 estimates, 2021 boundaries; 2025 board membership applied to all years"
edmonton,member,spruce_grove,ring,fcss,2004,467676,6325,461351,18548,25.21,24.87,,"nominal dollars; gross operating cost = FIR Schedule C operating expenditure to 2008, Schedule C expense - Schedule E amortization from 2009 (accrual switch); net = gross - Schedule E sales and user charges; population StatCan 17-10-0155 July 1 estimates, 2021 boundaries; 2025 board membership applied to all years"
edmonton,member,spruce_grove,ring,fcss,2005,534857,11592,523265,19387,27.59,26.99,,"nominal dollars; gross operating cost = FIR Schedule C operating expenditure to 2008, Schedule C expense - Schedule E amortization from 2009 (accrual switch); net = gross - Schedule E sales and user charges; population StatCan 17-10-0155 July 1 estimates, 2021 boundaries; 2025 board membership applied to all years"
edmonton,member,spruce_grove,ring,fcss,2006,586758,17986,568772,20424,28.73,27.85,,"nominal dollars; gross operating cost = FIR Schedule C operating expenditure to 2008, Schedule C expense - Schedule E amortization from 2009 (accrual switch); net = gross - Schedule E sales and user charges; population StatCan 17-10-0155 July 1 estimates, 2021 boundaries; 2025 board membership applied to all years"
edmonton,member,spruce_grove,ring,fcss,2007,596069,14249,581820,21762,27.39,26.74,,"nominal dollars; gross operating cost = FIR Schedule C operating expenditure to 2008, Schedule C expense - Schedule E amortization from 2009 (accrual switch); net = gross - Schedule E sales and user charges; population StatCan 17-10-0155 July 1 estimates, 2021 boundaries; 2025 board membership applied to all years"
edmonton,member,spruce_grove,ring,fcss,2008,829088,18916,810172,23122,35.86,35.04,,"nominal dollars; gross operating cost = FIR Schedule C operating expenditure to 2008, Schedule C expense - Schedule E amortization from 2009 (accrual switch); net = gross - Schedule E sales and user charges; population StatCan 17-10-0155 July 1 estimates, 2021 boundaries; 2025 board membership applied to all years"
edmonton,member,spruce_grove,ring,fcss,2009,1078585,27431,1051154,24658,43.74,42.63,,"nominal dollars; gross operating cost = FIR Schedule C operating expenditure to 2008, Schedule C expense - Schedule E amortization from 2009 (accrual switch); net = gross - Schedule E sales and user charges; population StatCan 17-10-0155 July 1 estimates, 2021 boundaries; 2025 board membership applied to all years"
edmonton,member,spruce_grove,ring,fcss,2010,1037425,25817,1011608,26104,39.74,38.75,,"nominal dollars; gross operating cost = FIR Schedule C operating expenditure to 2008, Schedule C expense - Schedule E amortization from 2009 (accrual switch); net = gross - Schedule E sales and user charges; population StatCan 17-10-0155 July 1 estimates, 2021 boundaries; 2025 board membership applied to all years"
edmonton,member,spruce_grove,ring,fcss,2011,1092181,21786,1070395,27357,39.92,39.13,,"nominal dollars; gross operating cost = FIR Schedule C operating expenditure to 2008, Schedule C expense - Schedule E amortization from 2009 (accrual switch); net = gross - Schedule E sales and user charges; population StatCan 17-10-0155 July 1 estimates, 2021 boundaries; 2025 board membership applied to all years"
edmonton,member,spruce_grove,ring,fcss,2012,1182421,25451,1156970,28498,41.49,40.6,,"nominal dollars; gross operating cost = FIR Schedule C operating expenditure to 2008, Schedule C expense - Schedule E amortization from 2009 (accrual switch); net = gross - Schedule E sales and user charges; population StatCan 17-10-0155 July 1 estimates, 2021 boundaries; 2025 board membership applied to all years"
edmonton,member,spruce_grove,ring,fcss,2013,1207180,22190,1184990,30182,40.0,39.26,,"nominal dollars; gross operating cost = FIR Schedule C operating expenditure to 2008, Schedule C expense - Schedule E amortization from 2009 (accrual switch); net = gross - Schedule E sales and user charges; population StatCan 17-10-0155 July 1 estimates, 2021 boundaries; 2025 board membership applied to all years"
edmonton,member,spruce_grove,ring,fcss,2014,1434440,26960,1407480,31821,45.08,44.23,,"nominal dollars; gross operating cost = FIR Schedule C operating expenditure to 2008, Schedule C expense - Schedule E amortization from 2009 (accrual switch); net = gross - Schedule E sales and user charges; population StatCan 17-10-0155 July 1 estimates, 2021 boundaries; 2025 board membership applied to all years"
edmonton,member,spruce_grove,ring,fcss,2015,1537890,42660,1495230,33739,45.58,44.32,,"nominal dollars; gross operating cost = FIR Schedule C operating expenditure to 2008, Schedule C expense - Schedule E amortization from 2009 (accrual switch); net = gross - Schedule E sales and user charges; population StatCan 17-10-0155 July 1 estimates, 2021 boundaries; 2025 board membership applied to all years"
edmonton,member,spruce_grove,ring,fcss,2016,1689880,91526,1598354,35083,48.17,45.56,,"nominal dollars; gross operating cost = FIR Schedule C operating expenditure to 2008, Schedule C expense - Schedule E amortization from 2009 (accrual switch); net = gross - Schedule E sales and user charges; population StatCan 17-10-0155 July 1 estimates, 2021 boundaries; 2025 board membership applied to all years"
edmonton,member,spruce_grove,ring,fcss,2017,1714500,56760,1657740,36148,47.43,45.86,,"nominal dollars; gross operating cost = FIR Schedule C operating expenditure to 2008, Schedule C expense - Schedule E amortization from 2009 (accrual switch); net = gross - Schedule E sales and user charges; population StatCan 17-10-0155 July 1 estimates, 2021 boundaries; 2025 board membership applied to all years"
edmonton,member,spruce_grove,ring,fcss,2018,1774440,46470,1727970,37481,47.34,46.1,,"nominal dollars; gross operating cost = FIR Schedule C operating expenditure to 2008, Schedule C expense - Schedule E amortization from 2009 (accrual switch); net = gross - Schedule E sales and user charges; population StatCan 17-10-0155 July 1 estimates, 2021 boundaries; 2025 board membership applied to all years"
edmonton,member,spruce_grove,ring,fcss,2019,1364394,31553,1332841,38141,35.77,34.95,,"nominal dollars; gross operating cost = FIR Schedule C operating expenditure to 2008, Schedule C expense - Schedule E amortization from 2009 (accrual switch); net = gross - Schedule E sales and user charges; population StatCan 17-10-0155 July 1 estimates, 2021 boundaries; 2025 board membership applied to all years"
edmonton,member,spruce_grove,ring,fcss,2020,1290207,306,1289901,38927,33.14,33.14,,"nominal dollars; gross operating cost = FIR Schedule C operating expenditure to 2008, Schedule C expense - Schedule E amortization from 2009 (accrual switch); net = gross - Schedule E sales and user charges; population StatCan 17-10-0155 July 1 estimates, 2021 boundaries; 2025 board membership applied to all years"
edmonton,member,spruce_grove,ring,fcss,2021,1210339,0,1210339,39068,30.98,30.98,,"nominal dollars; gross operating cost = FIR Schedule C operating expenditure to 2008, Schedule C expense - Schedule E amortization from 2009 (accrual switch); net = gross - Schedule E sales and user charges; population StatCan 17-10-0155 July 1 estimates, 2021 boundaries; 2025 board membership applied to all years"
edmonton,member,spruce_grove,ring,fcss,2022,1236384,1415,1234969,40005,30.91,30.87,,"nominal dollars; gross operating cost = FIR Schedule C operating expenditure to 2008, Schedule C expense - Schedule E amortization from 2009 (accrual switch); net = gross - Schedule E sales and user charges; population StatCan 17-10-0155 July 1 estimates, 2021 boundaries; 2025 board membership applied to all years"
edmonton,member,spruce_grove,ring,fcss,2023,2549074,0,2549074,41032,62.12,62.12,,"nominal dollars; gross operating cost = FIR Schedule C operating expenditure to 2008, Schedule C expense - Schedule E amortization from 2009 (accrual switch); net = gross - Schedule E sales and user charges; population StatCan 17-10-0155 July 1 estimates, 2021 boundaries; 2025 board membership applied to all years"
edmonton,member,spruce_grove,ring,fcss,2024,2598373,625,2597748,42794,60.72,60.7,,"nominal dollars; gross operating cost = FIR Schedule C operating expenditure to 2008, Schedule C expense - Schedule E amortization from 2009 (accrual switch); net = gross - Schedule E sales and user charges; population StatCan 17-10-0155 July 1 estimates, 2021 boundaries; 2025 board membership applied to all years"
edmonton,member,spruce_grove,ring,fcss,2025,2798000,0,2798000,44575,62.77,62.77,,"nominal dollars; gross operating cost = FIR Schedule C operating expenditure to 2008, Schedule C expense - Schedule E amortization from 2009 (accrual switch); net = gross - Schedule E sales and user charges; population StatCan 17-10-0155 July 1 estimates, 2021 boundaries; 2025 board membership applied to all years"
edmonton,member,spruce_grove,ring,housing,2009,0,0,0,24658,0.0,0.0,,"nominal dollars; gross operating cost = FIR Schedule C operating expenditure to 2008, Schedule C expense - Schedule E amortization from 2009 (accrual switch); net = gross - Schedule E sales and user charges; population StatCan 17-10-0155 July 1 estimates, 2021 boundaries; 2025 board membership applied to all years"
edmonton,member,spruce_grove,ring,housing,2010,0,0,0,26104,0.0,0.0,,"nominal dollars; gross operating cost = FIR Schedule C operating expenditure to 2008, Schedule C expense - Schedule E amortization from 2009 (accrual switch); net = gross - Schedule E sales and user charges; population StatCan 17-10-0155 July 1 estimates, 2021 boundaries; 2025 board membership applied to all years"
edmonton,member,spruce_grove,ring,housing,2011,0,0,0,27357,0.0,0.0,,"nominal dollars; gross operating cost = FIR Schedule C operating expenditure to 2008, Schedule C expense - Schedule E amortization from 2009 (accrual switch); net = gross - Schedule E sales and user charges; population StatCan 17-10-0155 July 1 estimates, 2021 boundaries; 2025 board membership applied to all years"
edmonton,member,spruce_grove,ring,housing,2012,0,0,0,28498,0.0,0.0,,"nominal dollars; gross operating cost = FIR Schedule C operating expenditure to 2008, Schedule C expense - Schedule E amortization from 2009 (accrual switch); net = gross - Schedule E sales and user charges; population StatCan 17-10-0155 July 1 estimates, 2021 boundaries; 2025 board membership applied to all years"
edmonton,member,spruce_grove,ring,housing,2013,0,0,0,30182,0.0,0.0,,"nominal dollars; gross operating cost = FIR Schedule C operating expenditure to 2008, Schedule C expense - Schedule E amortization from 2009 (accrual switch); net = gross - Schedule E sales and user charges; population StatCan 17-10-0155 July 1 estimates, 2021 boundaries; 2025 board membership applied to all years"
edmonton,member,spruce_grove,ring,housing,2014,0,0,0,31821,0.0,0.0,,"nominal dollars; gross operating cost = FIR Schedule C operating expenditure to 2008, Schedule C expense - Schedule E amortization from 2009 (accrual switch); net = gross - Schedule E sales and user charges; population StatCan 17-10-0155 July 1 estimates, 2021 boundaries; 2025 board membership applied to all years"
edmonton,member,spruce_grove,ring,housing,2015,0,0,0,33739,0.0,0.0,,"nominal dollars; gross operating cost = FIR Schedule C operating expenditure to 2008, Schedule C expense - Schedule E amortization from 2009 (accrual switch); net = gross - Schedule E sales and user charges; population StatCan 17-10-0155 July 1 estimates, 2021 boundaries; 2025 board membership applied to all years"
edmonton,member,spruce_grove,ring,housing,2016,0,0,0,35083,0.0,0.0,,"nominal dollars; gross operating cost = FIR Schedule C operating expenditure to 2008, Schedule C expense - Schedule E amortization from 2009 (accrual switch); net = gross - Schedule E sales and user charges; population StatCan 17-10-0155 July 1 estimates, 2021 boundaries; 2025 board membership applied to all years"
edmonton,member,spruce_grove,ring,housing,2017,0,0,0,36148,0.0,0.0,,"nominal dollars; gross operating cost = FIR Schedule C operating expenditure to 2008, Schedule C expense - Schedule E amortization from 2009 (accrual switch); net = gross - Schedule E sales and user charges; population StatCan 17-10-0155 July 1 estimates, 2021 boundaries; 2025 board membership applied to all years"
edmonton,member,spruce_grove,ring,housing,2018,0,0,0,37481,0.0,0.0,,"nominal dollars; gross operating cost = FIR Schedule C operating expenditure to 2008, Schedule C expense - Schedule E amortization from 2009 (accrual switch); net = gross - Schedule E sales and user charges; population StatCan 17-10-0155 July 1 estimates, 2021 boundaries; 2025 board membership applied to all years"
edmonton,member,spruce_grove,ring,housing,2019,0,0,0,38141,0.0,0.0,,"nominal dollars; gross operating cost = FIR Schedule C operating expenditure to 2008, Schedule C expense - Schedule E amortization from 2009 (accrual switch); net = gross - Schedule E sales and user charges; population StatCan 17-10-0155 July 1 estimates, 2021 boundaries; 2025 board membership applied to all years"
edmonton,member,spruce_grove,ring,housing,2020,0,0,0,38927,0.0,0.0,,"nominal dollars; gross operating cost = FIR Schedule C operating expenditure to 2008, Schedule C expense - Schedule E amortization from 2009 (accrual switch); net = gross - Schedule E sales and user charges; population StatCan 17-10-0155 July 1 estimates, 2021 boundaries; 2025 board membership applied to all years"
edmonton,member,spruce_grove,ring,housing,2021,0,0,0,39068,0.0,0.0,,"nominal dollars; gross operating cost = FIR Schedule C operating expenditure to 2008, Schedule C expense - Schedule E amortization from 2009 (accrual switch); net = gross - Schedule E sales and user charges; population StatCan 17-10-0155 July 1 estimates, 2021 boundaries; 2025 board membership applied to all years"
edmonton,member,spruce_grove,ring,housing,2022,0,0,0,40005,0.0,0.0,,"nominal dollars; gross operating cost = FIR Schedule C operating expenditure to 2008, Schedule C expense - Schedule E amortization from 2009 (accrual switch); net = gross - Schedule E sales and user charges; population StatCan 17-10-0155 July 1 estimates, 2021 boundaries; 2025 board membership applied to all years"
edmonton,member,spruce_grove,ring,housing,2023,0,0,0,41032,0.0,0.0,,"nominal dollars; gross operating cost = FIR Schedule C operating expenditure to 2008, Schedule C expense - Schedule E amortization from 2009 (accrual switch); net = gross - Schedule E sales and user charges; population StatCan 17-10-0155 July 1 estimates, 2021 boundaries; 2025 board membership applied to all years"
edmonton,member,spruce_grove,ring,housing,2024,0,0,0,42794,0.0,0.0,,"nominal dollars; gross operating cost = FIR Schedule C operating expenditure to 2008, Schedule C expense - Schedule E amortization from 2009 (accrual switch); net = gross - Schedule E sales and user charges; population StatCan 17-10-0155 July 1 estimates, 2021 boundaries; 2025 board membership applied to all years"
edmonton,member,spruce_grove,ring,housing,2025,0,0,0,44575,0.0,0.0,,"nominal dollars; gross operating cost = FIR Schedule C operating expenditure to 2008, Schedule C expense - Schedule E amortization from 2009 (accrual switch); net = gross - Schedule E sales and user charges; population StatCan 17-10-0155 July 1 estimates, 2021 boundaries; 2025 board membership applied to all years"
edmonton,member,st_albert,ring,police,2001,5262038,153844,5108194,54385,96.76,93.93,,"nominal dollars; gross operating cost = FIR Schedule C operating expenditure to 2008, Schedule C expense - Schedule E amortization from 2009 (accrual switch); net = gross - Schedule E sales and user charges; population StatCan 17-10-0155 July 1 estimates, 2021 boundaries; 2025 board membership applied to all years"
edmonton,member,st_albert,ring,police,2002,5617422,207041,5410381,55466,101.28,97.54,,"nominal dollars; gross operating cost = FIR Schedule C operating expenditure to 2008, Schedule C expense - Schedule E amortization from 2009 (accrual switch); net = gross - Schedule E sales and user charges; population StatCan 17-10-0155 July 1 estimates, 2021 boundaries; 2025 board membership applied to all years"
edmonton,member,st_albert,ring,police,2003,6093449,219845,5873604,56241,108.35,104.44,,"nominal dollars; gross operating cost = FIR Schedule C operating expenditure to 2008, Schedule C expense - Schedule E amortization from 2009 (accrual switch); net = gross - Schedule E sales and user charges; population StatCan 17-10-0155 July 1 estimates, 2021 boundaries; 2025 board membership applied to all years"
edmonton,member,st_albert,ring,police,2004,6390231,296280,6093951,56990,112.13,106.93,,"nominal dollars; gross operating cost = FIR Schedule C operating expenditure to 2008, Schedule C expense - Schedule E amortization from 2009 (accrual switch); net = gross - Schedule E sales and user charges; population StatCan 17-10-0155 July 1 estimates, 2021 boundaries; 2025 board membership applied to all years"
edmonton,member,st_albert,ring,police,2005,6681003,350640,6330363,58201,114.79,108.77,,"nominal dollars; gross operating cost = FIR Schedule C operating expenditure to 2008, Schedule C expense - Schedule E amortization from 2009 (accrual switch); net = gross - Schedule E sales and user charges; population StatCan 17-10-0155 July 1 estimates, 2021 boundaries; 2025 board membership applied to all years"
edmonton,member,st_albert,ring,police,2006,6705512,354951,6350561,59811,112.11,106.18,,"nominal dollars; gross operating cost = FIR Schedule C operating expenditure to 2008, Schedule C expense - Schedule E amortization from 2009 (accrual switch); net = gross - Schedule E sales and user charges; population StatCan 17-10-0155 July 1 estimates, 2021 boundaries; 2025 board membership applied to all years"
edmonton,member,st_albert,ring,police,2007,6751298,395807,6355491,61239,110.25,103.78,,"nominal dollars; gross operating cost = FIR Schedule C operating expenditure to 2008, Schedule C expense - Schedule E amortization from 2009 (accrual switch); net = gross - Schedule E sales and user charges; population StatCan 17-10-0155 July 1 estimates, 2021 boundaries; 2025 board membership applied to all years"
edmonton,member,st_albert,ring,police,2008,6877278,358158,6519120,62848,109.43,103.73,,"nominal dollars; gross operating cost = FIR Schedule C operating expenditure to 2008, Schedule C expense - Schedule E amortization from 2009 (accrual switch); net = gross - Schedule E sales and user charges; population StatCan 17-10-0155 July 1 estimates, 2021 boundaries; 2025 board membership applied to all years"
edmonton,member,st_albert,ring,police,2009,8139223,403256,7735967,64297,126.59,120.32,,"nominal dollars; gross operating cost = FIR Schedule C operating expenditure to 2008, Schedule C expense - Schedule E amortization from 2009 (accrual switch); net = gross - Schedule E sales and user charges; population StatCan 17-10-0155 July 1 estimates, 2021 boundaries; 2025 board membership applied to all years"
edmonton,member,st_albert,ring,police,2010,8266800,536827,7729973,63022,131.17,122.66,,"nominal dollars; gross operating cost = FIR Schedule C operating expenditure to 2008, Schedule C expense - Schedule E amortization from 2009 (accrual switch); net = gross - Schedule E sales and user charges; population StatCan 17-10-0155 July 1 estimates, 2021 boundaries; 2025 board membership applied to all years"
edmonton,member,st_albert,ring,police,2011,9239806,410933,8828873,63401,145.74,139.25,,"nominal dollars; gross operating cost = FIR Schedule C operating expenditure to 2008, Schedule C expense - Schedule E amortization from 2009 (accrual switch); net = gross - Schedule E sales and user charges; population StatCan 17-10-0155 July 1 estimates, 2021 boundaries; 2025 board membership applied to all years"
edmonton,member,st_albert,ring,police,2012,10196515,395111,9801404,63653,160.19,153.98,,"nominal dollars; gross operating cost = FIR Schedule C operating expenditure to 2008, Schedule C expense - Schedule E amortization from 2009 (accrual switch); net = gross - Schedule E sales and user charges; population StatCan 17-10-0155 July 1 estimates, 2021 boundaries; 2025 board membership applied to all years"
edmonton,member,st_albert,ring,police,2013,11527023,418367,11108656,64442,178.87,172.38,,"nominal dollars; gross operating cost = FIR Schedule C operating expenditure to 2008, Schedule C expense - Schedule E amortization from 2009 (accrual switch); net = gross - Schedule E sales and user charges; population StatCan 17-10-0155 July 1 estimates, 2021 boundaries; 2025 board membership applied to all years"
edmonton,member,st_albert,ring,police,2014,11118586,324642,10793944,65643,169.38,164.43,,"nominal dollars; gross operating cost = FIR Schedule C operating expenditure to 2008, Schedule C expense - Schedule E amortization from 2009 (accrual switch); net = gross - Schedule E sales and user charges; population StatCan 17-10-0155 July 1 estimates, 2021 boundaries; 2025 board membership applied to all years"
edmonton,member,st_albert,ring,police,2015,12926803,371324,12555479,66392,194.7,189.11,,"nominal dollars; gross operating cost = FIR Schedule C operating expenditure to 2008, Schedule C expense - Schedule E amortization from 2009 (accrual switch); net = gross - Schedule E sales and user charges; population StatCan 17-10-0155 July 1 estimates, 2021 boundaries; 2025 board membership applied to all years"
edmonton,member,st_albert,ring,police,2016,13867311,375790,13491521,66812,207.56,201.93,,"nominal dollars; gross operating cost = FIR Schedule C operating expenditure to 2008, Schedule C expense - Schedule E amortization from 2009 (accrual switch); net = gross - Schedule E sales and user charges; population StatCan 17-10-0155 July 1 estimates, 2021 boundaries; 2025 board membership applied to all years"
edmonton,member,st_albert,ring,police,2017,15255620,330750,14924870,67704,225.33,220.44,,"nominal dollars; gross operating cost = FIR Schedule C operating expenditure to 2008, Schedule C expense - Schedule E amortization from 2009 (accrual switch); net = gross - Schedule E sales and user charges; population StatCan 17-10-0155 July 1 estimates, 2021 boundaries; 2025 board membership applied to all years"
edmonton,member,st_albert,ring,police,2018,14756543,357227,14399316,68769,214.58,209.39,,"nominal dollars; gross operating cost = FIR Schedule C operating expenditure to 2008, Schedule C expense - Schedule E amortization from 2009 (accrual switch); net = gross - Schedule E sales and user charges; population StatCan 17-10-0155 July 1 estimates, 2021 boundaries; 2025 board membership applied to all years"
edmonton,member,st_albert,ring,police,2019,13865617,334372,13531245,69154,200.5,195.67,,"nominal dollars; gross operating cost = FIR Schedule C operating expenditure to 2008, Schedule C expense - Schedule E amortization from 2009 (accrual switch); net = gross - Schedule E sales and user charges; population StatCan 17-10-0155 July 1 estimates, 2021 boundaries; 2025 board membership applied to all years"
edmonton,member,st_albert,ring,police,2020,14305330,250310,14055020,69650,205.39,201.79,,"nominal dollars; gross operating cost = FIR Schedule C operating expenditure to 2008, Schedule C expense - Schedule E amortization from 2009 (accrual switch); net = gross - Schedule E sales and user charges; population StatCan 17-10-0155 July 1 estimates, 2021 boundaries; 2025 board membership applied to all years"
edmonton,member,st_albert,ring,police,2021,14876608,254726,14621882,70389,211.35,207.73,,"nominal dollars; gross operating cost = FIR Schedule C operating expenditure to 2008, Schedule C expense - Schedule E amortization from 2009 (accrual switch); net = gross - Schedule E sales and user charges; population StatCan 17-10-0155 July 1 estimates, 2021 boundaries; 2025 board membership applied to all years"
edmonton,member,st_albert,ring,police,2022,17428855,318122,17110733,70720,246.45,241.95,,"nominal dollars; gross operating cost = FIR Schedule C operating expenditure to 2008, Schedule C expense - Schedule E amortization from 2009 (accrual switch); net = gross - Schedule E sales and user charges; population StatCan 17-10-0155 July 1 estimates, 2021 boundaries; 2025 board membership applied to all years"
edmonton,member,st_albert,ring,police,2023,19998303,320432,19677871,71859,278.3,273.84,,"nominal dollars; gross operating cost = FIR Schedule C operating expenditure to 2008, Schedule C expense - Schedule E amortization from 2009 (accrual switch); net = gross - Schedule E sales and user charges; population StatCan 17-10-0155 July 1 estimates, 2021 boundaries; 2025 board membership applied to all years"
edmonton,member,st_albert,ring,police,2024,16786463,320109,16466354,73459,228.51,224.16,,"nominal dollars; gross operating cost = FIR Schedule C operating expenditure to 2008, Schedule C expense - Schedule E amortization from 2009 (accrual switch); net = gross - Schedule E sales and user charges; population StatCan 17-10-0155 July 1 estimates, 2021 boundaries; 2025 board membership applied to all years"
edmonton,member,st_albert,ring,police,2025,19290746,326910,18963836,74621,258.52,254.14,,"nominal dollars; gross operating cost = FIR Schedule C operating expenditure to 2008, Schedule C expense - Schedule E amortization from 2009 (accrual switch); net = gross - Schedule E sales and user charges; population StatCan 17-10-0155 July 1 estimates, 2021 boundaries; 2025 board membership applied to all years"
edmonton,member,st_albert,ring,transit,2001,3695419,1797873,1897546,54385,67.95,34.89,,"nominal dollars; gross operating cost = FIR Schedule C operating expenditure to 2008, Schedule C expense - Schedule E amortization from 2009 (accrual switch); net = gross - Schedule E sales and user charges; population StatCan 17-10-0155 July 1 estimates, 2021 boundaries; 2025 board membership applied to all years"
edmonton,member,st_albert,ring,transit,2002,3890451,1912163,1978288,55466,70.14,35.67,,"nominal dollars; gross operating cost = FIR Schedule C operating expenditure to 2008, Schedule C expense - Schedule E amortization from 2009 (accrual switch); net = gross - Schedule E sales and user charges; population StatCan 17-10-0155 July 1 estimates, 2021 boundaries; 2025 board membership applied to all years"
edmonton,member,st_albert,ring,transit,2003,4191917,2072920,2118997,56241,74.53,37.68,,"nominal dollars; gross operating cost = FIR Schedule C operating expenditure to 2008, Schedule C expense - Schedule E amortization from 2009 (accrual switch); net = gross - Schedule E sales and user charges; population StatCan 17-10-0155 July 1 estimates, 2021 boundaries; 2025 board membership applied to all years"
edmonton,member,st_albert,ring,transit,2004,4671146,2229452,2441694,56990,81.96,42.84,,"nominal dollars; gross operating cost = FIR Schedule C operating expenditure to 2008, Schedule C expense - Schedule E amortization from 2009 (accrual switch); net = gross - Schedule E sales and user charges; population StatCan 17-10-0155 July 1 estimates, 2021 boundaries; 2025 board membership applied to all years"
edmonton,member,st_albert,ring,transit,2005,5532474,2311816,3220658,58201,95.06,55.34,,"nominal dollars; gross operating cost = FIR Schedule C operating expenditure to 2008, Schedule C expense - Schedule E amortization from 2009 (accrual switch); net = gross - Schedule E sales and user charges; population StatCan 17-10-0155 July 1 estimates, 2021 boundaries; 2025 board membership applied to all years"
edmonton,member,st_albert,ring,transit,2006,6128297,2528164,3600133,59811,102.46,60.19,,"nominal dollars; gross operating cost = FIR Schedule C operating expenditure to 2008, Schedule C expense - Schedule E amortization from 2009 (accrual switch); net = gross - Schedule E sales and user charges; population StatCan 17-10-0155 July 1 estimates, 2021 boundaries; 2025 board membership applied to all years"
edmonton,member,st_albert,ring,transit,2007,7153354,2702807,4450547,61239,116.81,72.68,,"nominal dollars; gross operating cost = FIR Schedule C operating expenditure to 2008, Schedule C expense - Schedule E amortization from 2009 (accrual switch); net = gross - Schedule E sales and user charges; population StatCan 17-10-0155 July 1 estimates, 2021 boundaries; 2025 board membership applied to all years"
edmonton,member,st_albert,ring,transit,2008,8114263,2988436,5125827,62848,129.11,81.56,,"nominal dollars; gross operating cost = FIR Schedule C operating expenditure to 2008, Schedule C expense - Schedule E amortization from 2009 (accrual switch); net = gross - Schedule E sales and user charges; population StatCan 17-10-0155 July 1 estimates, 2021 boundaries; 2025 board membership applied to all years"
edmonton,member,st_albert,ring,transit,2009,8510294,3018881,5491413,64297,132.36,85.41,,"nominal dollars; gross operating cost = FIR Schedule C operating expenditure to 2008, Schedule C expense - Schedule E amortization from 2009 (accrual switch); net = gross - Schedule E sales and user charges; population StatCan 17-10-0155 July 1 estimates, 2021 boundaries; 2025 board membership applied to all years"
edmonton,member,st_albert,ring,transit,2010,9201809,3358676,5843133,63022,146.01,92.72,,"nominal dollars; gross operating cost = FIR Schedule C operating expenditure to 2008, Schedule C expense - Schedule E amortization from 2009 (accrual switch); net = gross - Schedule E sales and user charges; population StatCan 17-10-0155 July 1 estimates, 2021 boundaries; 2025 board membership applied to all years"
edmonton,member,st_albert,ring,transit,2011,9521612,3513029,6008583,63401,150.18,94.77,,"nominal dollars; gross operating cost = FIR Schedule C operating expenditure to 2008, Schedule C expense - Schedule E amortization from 2009 (accrual switch); net = gross - Schedule E sales and user charges; population StatCan 17-10-0155 July 1 estimates, 2021 boundaries; 2025 board membership applied to all years"
edmonton,member,st_albert,ring,transit,2012,11289956,3771008,7518948,63653,177.37,118.12,,"nominal dollars; gross operating cost = FIR Schedule C operating expenditure to 2008, Schedule C expense - Schedule E amortization from 2009 (accrual switch); net = gross - Schedule E sales and user charges; population StatCan 17-10-0155 July 1 estimates, 2021 boundaries; 2025 board membership applied to all years"
edmonton,member,st_albert,ring,transit,2013,11260096,4357345,6902751,64442,174.73,107.12,,"nominal dollars; gross operating cost = FIR Schedule C operating expenditure to 2008, Schedule C expense - Schedule E amortization from 2009 (accrual switch); net = gross - Schedule E sales and user charges; population StatCan 17-10-0155 July 1 estimates, 2021 boundaries; 2025 board membership applied to all years"
edmonton,member,st_albert,ring,transit,2014,11630135,4150264,7479871,65643,177.17,113.95,,"nominal dollars; gross operating cost = FIR Schedule C operating expenditure to 2008, Schedule C expense - Schedule E amortization from 2009 (accrual switch); net = gross - Schedule E sales and user charges; population StatCan 17-10-0155 July 1 estimates, 2021 boundaries; 2025 board membership applied to all years"
edmonton,member,st_albert,ring,transit,2015,12254939,4398534,7856405,66392,184.58,118.33,,"nominal dollars; gross operating cost = FIR Schedule C operating expenditure to 2008, Schedule C expense - Schedule E amortization from 2009 (accrual switch); net = gross - Schedule E sales and user charges; population StatCan 17-10-0155 July 1 estimates, 2021 boundaries; 2025 board membership applied to all years"
edmonton,member,st_albert,ring,transit,2016,12046452,4372143,7674309,66812,180.3,114.86,,"nominal dollars; gross operating cost = FIR Schedule C operating expenditure to 2008, Schedule C expense - Schedule E amortization from 2009 (accrual switch); net = gross - Schedule E sales and user charges; population StatCan 17-10-0155 July 1 estimates, 2021 boundaries; 2025 board membership applied to all years"
edmonton,member,st_albert,ring,transit,2017,12888480,4455540,8432940,67704,190.37,124.56,,"nominal dollars; gross operating cost = FIR Schedule C operating expenditure to 2008, Schedule C expense - Schedule E amortization from 2009 (accrual switch); net = gross - Schedule E sales and user charges; population StatCan 17-10-0155 July 1 estimates, 2021 boundaries; 2025 board membership applied to all years"
edmonton,member,st_albert,ring,transit,2018,13811999,4500115,9311884,68769,200.85,135.41,,"nominal dollars; gross operating cost = FIR Schedule C operating expenditure to 2008, Schedule C expense - Schedule E amortization from 2009 (accrual switch); net = gross - Schedule E sales and user charges; population StatCan 17-10-0155 July 1 estimates, 2021 boundaries; 2025 board membership applied to all years"
edmonton,member,st_albert,ring,transit,2019,13495979,4408138,9087841,69154,195.16,131.41,,"nominal dollars; gross operating cost = FIR Schedule C operating expenditure to 2008, Schedule C expense - Schedule E amortization from 2009 (accrual switch); net = gross - Schedule E sales and user charges; population StatCan 17-10-0155 July 1 estimates, 2021 boundaries; 2025 board membership applied to all years"
edmonton,member,st_albert,ring,transit,2020,13001260,2117095,10884165,69650,186.67,156.27,,"nominal dollars; gross operating cost = FIR Schedule C operating expenditure to 2008, Schedule C expense - Schedule E amortization from 2009 (accrual switch); net = gross - Schedule E sales and user charges; population StatCan 17-10-0155 July 1 estimates, 2021 boundaries; 2025 board membership applied to all years"
edmonton,member,st_albert,ring,transit,2021,12472135,1720544,10751591,70389,177.19,152.75,,"nominal dollars; gross operating cost = FIR Schedule C operating expenditure to 2008, Schedule C expense - Schedule E amortization from 2009 (accrual switch); net = gross - Schedule E sales and user charges; population StatCan 17-10-0155 July 1 estimates, 2021 boundaries; 2025 board membership applied to all years"
edmonton,member,st_albert,ring,transit,2022,15583931,3069579,12514352,70720,220.36,176.96,,"nominal dollars; gross operating cost = FIR Schedule C operating expenditure to 2008, Schedule C expense - Schedule E amortization from 2009 (accrual switch); net = gross - Schedule E sales and user charges; population StatCan 17-10-0155 July 1 estimates, 2021 boundaries; 2025 board membership applied to all years"
edmonton,member,st_albert,ring,transit,2023,15962865,3754185,12208680,71859,222.14,169.9,,"nominal dollars; gross operating cost = FIR Schedule C operating expenditure to 2008, Schedule C expense - Schedule E amortization from 2009 (accrual switch); net = gross - Schedule E sales and user charges; population StatCan 17-10-0155 July 1 estimates, 2021 boundaries; 2025 board membership applied to all years"
edmonton,member,st_albert,ring,transit,2024,16415344,4117114,12298230,73459,223.46,167.42,,"nominal dollars; gross operating cost = FIR Schedule C operating expenditure to 2008, Schedule C expense - Schedule E amortization from 2009 (accrual switch); net = gross - Schedule E sales and user charges; population StatCan 17-10-0155 July 1 estimates, 2021 boundaries; 2025 board membership applied to all years"
edmonton,member,st_albert,ring,transit,2025,17003775,4620106,12383669,74621,227.87,165.95,,"nominal dollars; gross operating cost = FIR Schedule C operating expenditure to 2008, Schedule C expense - Schedule E amortization from 2009 (accrual switch); net = gross - Schedule E sales and user charges; population StatCan 17-10-0155 July 1 estimates, 2021 boundaries; 2025 board membership applied to all years"
edmonton,member,st_albert,ring,fcss,2001,1315875,77598,1238277,54385,24.2,22.77,,"nominal dollars; gross operating cost = FIR Schedule C operating expenditure to 2008, Schedule C expense - Schedule E amortization from 2009 (accrual switch); net = gross - Schedule E sales and user charges; population StatCan 17-10-0155 July 1 estimates, 2021 boundaries; 2025 board membership applied to all years"
edmonton,member,st_albert,ring,fcss,2002,1430685,96059,1334626,55466,25.79,24.06,,"nominal dollars; gross operating cost = FIR Schedule C operating expenditure to 2008, Schedule C expense - Schedule E amortization from 2009 (accrual switch); net = gross - Schedule E sales and user charges; population StatCan 17-10-0155 July 1 estimates, 2021 boundaries; 2025 board membership applied to all years"
edmonton,member,st_albert,ring,fcss,2003,1424334,80199,1344135,56241,25.33,23.9,,"nominal dollars; gross operating cost = FIR Schedule C operating expenditure to 2008, Schedule C expense - Schedule E amortization from 2009 (accrual switch); net = gross - Schedule E sales and user charges; population StatCan 17-10-0155 July 1 estimates, 2021 boundaries; 2025 board membership applied to all years"
edmonton,member,st_albert,ring,fcss,2004,1422680,52953,1369727,56990,24.96,24.03,,"nominal dollars; gross operating cost = FIR Schedule C operating expenditure to 2008, Schedule C expense - Schedule E amortization from 2009 (accrual switch); net = gross - Schedule E sales and user charges; population StatCan 17-10-0155 July 1 estimates, 2021 boundaries; 2025 board membership applied to all years"
edmonton,member,st_albert,ring,fcss,2005,1726711,168756,1557955,58201,29.67,26.77,,"nominal dollars; gross operating cost = FIR Schedule C operating expenditure to 2008, Schedule C expense - Schedule E amortization from 2009 (accrual switch); net = gross - Schedule E sales and user charges; population StatCan 17-10-0155 July 1 estimates, 2021 boundaries; 2025 board membership applied to all years"
edmonton,member,st_albert,ring,fcss,2006,1810693,155633,1655060,59811,30.27,27.67,,"nominal dollars; gross operating cost = FIR Schedule C operating expenditure to 2008, Schedule C expense - Schedule E amortization from 2009 (accrual switch); net = gross - Schedule E sales and user charges; population StatCan 17-10-0155 July 1 estimates, 2021 boundaries; 2025 board membership applied to all years"
edmonton,member,st_albert,ring,fcss,2007,1901353,169349,1732004,61239,31.05,28.28,,"nominal dollars; gross operating cost = FIR Schedule C operating expenditure to 2008, Schedule C expense - Schedule E amortization from 2009 (accrual switch); net = gross - Schedule E sales and user charges; population StatCan 17-10-0155 July 1 estimates, 2021 boundaries; 2025 board membership applied to all years"
edmonton,member,st_albert,ring,fcss,2008,2270991,230432,2040559,62848,36.13,32.47,,"nominal dollars; gross operating cost = FIR Schedule C operating expenditure to 2008, Schedule C expense - Schedule E amortization from 2009 (accrual switch); net = gross - Schedule E sales and user charges; population StatCan 17-10-0155 July 1 estimates, 2021 boundaries; 2025 board membership applied to all years"
edmonton,member,st_albert,ring,fcss,2009,2747631,195879,2551752,64297,42.73,39.69,,"nominal dollars; gross operating cost = FIR Schedule C operating expenditure to 2008, Schedule C expense - Schedule E amortization from 2009 (accrual switch); net = gross - Schedule E sales and user charges; population StatCan 17-10-0155 July 1 estimates, 2021 boundaries; 2025 board membership applied to all years"
edmonton,member,st_albert,ring,fcss,2010,2616968,199743,2417225,63022,41.52,38.36,,"nominal dollars; gross operating cost = FIR Schedule C operating expenditure to 2008, Schedule C expense - Schedule E amortization from 2009 (accrual switch); net = gross - Schedule E sales and user charges; population StatCan 17-10-0155 July 1 estimates, 2021 boundaries; 2025 board membership applied to all years"
edmonton,member,st_albert,ring,fcss,2011,2544256,138761,2405495,63401,40.13,37.94,,"nominal dollars; gross operating cost = FIR Schedule C operating expenditure to 2008, Schedule C expense - Schedule E amortization from 2009 (accrual switch); net = gross - Schedule E sales and user charges; population StatCan 17-10-0155 July 1 estimates, 2021 boundaries; 2025 board membership applied to all years"
edmonton,member,st_albert,ring,fcss,2012,2625402,140995,2484407,63653,41.25,39.03,,"nominal dollars; gross operating cost = FIR Schedule C operating expenditure to 2008, Schedule C expense - Schedule E amortization from 2009 (accrual switch); net = gross - Schedule E sales and user charges; population StatCan 17-10-0155 July 1 estimates, 2021 boundaries; 2025 board membership applied to all years"
edmonton,member,st_albert,ring,fcss,2013,2641160,167654,2473506,64442,40.99,38.38,,"nominal dollars; gross operating cost = FIR Schedule C operating expenditure to 2008, Schedule C expense - Schedule E amortization from 2009 (accrual switch); net = gross - Schedule E sales and user charges; population StatCan 17-10-0155 July 1 estimates, 2021 boundaries; 2025 board membership applied to all years"
edmonton,member,st_albert,ring,fcss,2014,2522184,160081,2362103,65643,38.42,35.98,,"nominal dollars; gross operating cost = FIR Schedule C operating expenditure to 2008, Schedule C expense - Schedule E amortization from 2009 (accrual switch); net = gross - Schedule E sales and user charges; population StatCan 17-10-0155 July 1 estimates, 2021 boundaries; 2025 board membership applied to all years"
edmonton,member,st_albert,ring,fcss,2015,2548766,164180,2384586,66392,38.39,35.92,,"nominal dollars; gross operating cost = FIR Schedule C operating expenditure to 2008, Schedule C expense - Schedule E amortization from 2009 (accrual switch); net = gross - Schedule E sales and user charges; population StatCan 17-10-0155 July 1 estimates, 2021 boundaries; 2025 board membership applied to all years"
edmonton,member,st_albert,ring,fcss,2016,3011787,182798,2828989,66812,45.08,42.34,,"nominal dollars; gross operating cost = FIR Schedule C operating expenditure to 2008, Schedule C expense - Schedule E amortization from 2009 (accrual switch); net = gross - Schedule E sales and user charges; population StatCan 17-10-0155 July 1 estimates, 2021 boundaries; 2025 board membership applied to all years"
edmonton,member,st_albert,ring,fcss,2017,3063460,182980,2880480,67704,45.25,42.55,,"nominal dollars; gross operating cost = FIR Schedule C operating expenditure to 2008, Schedule C expense - Schedule E amortization from 2009 (accrual switch); net = gross - Schedule E sales and user charges; population StatCan 17-10-0155 July 1 estimates, 2021 boundaries; 2025 board membership applied to all years"
edmonton,member,st_albert,ring,fcss,2018,3111896,137036,2974860,68769,45.25,43.26,,"nominal dollars; gross operating cost = FIR Schedule C operating expenditure to 2008, Schedule C expense - Schedule E amortization from 2009 (accrual switch); net = gross - Schedule E sales and user charges; population StatCan 17-10-0155 July 1 estimates, 2021 boundaries; 2025 board membership applied to all years"
edmonton,member,st_albert,ring,fcss,2019,2757200,141299,2615901,69154,39.87,37.83,,"nominal dollars; gross operating cost = FIR Schedule C operating expenditure to 2008, Schedule C expense - Schedule E amortization from 2009 (accrual switch); net = gross - Schedule E sales and user charges; population StatCan 17-10-0155 July 1 estimates, 2021 boundaries; 2025 board membership applied to all years"
edmonton,member,st_albert,ring,fcss,2020,2610390,90220,2520170,69650,37.48,36.18,,"nominal dollars; gross operating cost = FIR Schedule C operating expenditure to 2008, Schedule C expense - Schedule E amortization from 2009 (accrual switch); net = gross - Schedule E sales and user charges; population StatCan 17-10-0155 July 1 estimates, 2021 boundaries; 2025 board membership applied to all years"
edmonton,member,st_albert,ring,fcss,2021,2923409,24120,2899289,70389,41.53,41.19,,"nominal dollars; gross operating cost = FIR Schedule C operating expenditure to 2008, Schedule C expense - Schedule E amortization from 2009 (accrual switch); net = gross - Schedule E sales and user charges; population StatCan 17-10-0155 July 1 estimates, 2021 boundaries; 2025 board membership applied to all years"
edmonton,member,st_albert,ring,fcss,2022,2812306,34362,2777944,70720,39.77,39.28,,"nominal dollars; gross operating cost = FIR Schedule C operating expenditure to 2008, Schedule C expense - Schedule E amortization from 2009 (accrual switch); net = gross - Schedule E sales and user charges; population StatCan 17-10-0155 July 1 estimates, 2021 boundaries; 2025 board membership applied to all years"
edmonton,member,st_albert,ring,fcss,2023,3231719,31632,3200087,71859,44.97,44.53,,"nominal dollars; gross operating cost = FIR Schedule C operating expenditure to 2008, Schedule C expense - Schedule E amortization from 2009 (accrual switch); net = gross - Schedule E sales and user charges; population StatCan 17-10-0155 July 1 estimates, 2021 boundaries; 2025 board membership applied to all years"
edmonton,member,st_albert,ring,fcss,2024,3256666,26209,3230457,73459,44.33,43.98,,"nominal dollars; gross operating cost = FIR Schedule C operating expenditure to 2008, Schedule C expense - Schedule E amortization from 2009 (accrual switch); net = gross - Schedule E sales and user charges; population StatCan 17-10-0155 July 1 estimates, 2021 boundaries; 2025 board membership applied to all years"
edmonton,member,st_albert,ring,fcss,2025,3411416,26269,3385147,74621,45.72,45.36,,"nominal dollars; gross operating cost = FIR Schedule C operating expenditure to 2008, Schedule C expense - Schedule E amortization from 2009 (accrual switch); net = gross - Schedule E sales and user charges; population StatCan 17-10-0155 July 1 estimates, 2021 boundaries; 2025 board membership applied to all years"
edmonton,member,st_albert,ring,housing,2009,0,0,0,64297,0.0,0.0,,"nominal dollars; gross operating cost = FIR Schedule C operating expenditure to 2008, Schedule C expense - Schedule E amortization from 2009 (accrual switch); net = gross - Schedule E sales and user charges; population StatCan 17-10-0155 July 1 estimates, 2021 boundaries; 2025 board membership applied to all years"
edmonton,member,st_albert,ring,housing,2010,0,0,0,63022,0.0,0.0,,"nominal dollars; gross operating cost = FIR Schedule C operating expenditure to 2008, Schedule C expense - Schedule E amortization from 2009 (accrual switch); net = gross - Schedule E sales and user charges; population StatCan 17-10-0155 July 1 estimates, 2021 boundaries; 2025 board membership applied to all years"
edmonton,member,st_albert,ring,housing,2011,0,0,0,63401,0.0,0.0,,"nominal dollars; gross operating cost = FIR Schedule C operating expenditure to 2008, Schedule C expense - Schedule E amortization from 2009 (accrual switch); net = gross - Schedule E sales and user charges; population StatCan 17-10-0155 July 1 estimates, 2021 boundaries; 2025 board membership applied to all years"
edmonton,member,st_albert,ring,housing,2012,0,0,0,63653,0.0,0.0,,"nominal dollars; gross operating cost = FIR Schedule C operating expenditure to 2008, Schedule C expense - Schedule E amortization from 2009 (accrual switch); net = gross - Schedule E sales and user charges; population StatCan 17-10-0155 July 1 estimates, 2021 boundaries; 2025 board membership applied to all years"
edmonton,member,st_albert,ring,housing,2013,0,0,0,64442,0.0,0.0,,"nominal dollars; gross operating cost = FIR Schedule C operating expenditure to 2008, Schedule C expense - Schedule E amortization from 2009 (accrual switch); net = gross - Schedule E sales and user charges; population StatCan 17-10-0155 July 1 estimates, 2021 boundaries; 2025 board membership applied to all years"
edmonton,member,st_albert,ring,housing,2014,0,0,0,65643,0.0,0.0,,"nominal dollars; gross operating cost = FIR Schedule C operating expenditure to 2008, Schedule C expense - Schedule E amortization from 2009 (accrual switch); net = gross - Schedule E sales and user charges; population StatCan 17-10-0155 July 1 estimates, 2021 boundaries; 2025 board membership applied to all years"
edmonton,member,st_albert,ring,housing,2015,0,0,0,66392,0.0,0.0,,"nominal dollars; gross operating cost = FIR Schedule C operating expenditure to 2008, Schedule C expense - Schedule E amortization from 2009 (accrual switch); net = gross - Schedule E sales and user charges; population StatCan 17-10-0155 July 1 estimates, 2021 boundaries; 2025 board membership applied to all years"
edmonton,member,st_albert,ring,housing,2016,0,0,0,66812,0.0,0.0,,"nominal dollars; gross operating cost = FIR Schedule C operating expenditure to 2008, Schedule C expense - Schedule E amortization from 2009 (accrual switch); net = gross - Schedule E sales and user charges; population StatCan 17-10-0155 July 1 estimates, 2021 boundaries; 2025 board membership applied to all years"
edmonton,member,st_albert,ring,housing,2017,0,0,0,67704,0.0,0.0,,"nominal dollars; gross operating cost = FIR Schedule C operating expenditure to 2008, Schedule C expense - Schedule E amortization from 2009 (accrual switch); net = gross - Schedule E sales and user charges; population StatCan 17-10-0155 July 1 estimates, 2021 boundaries; 2025 board membership applied to all years"
edmonton,member,st_albert,ring,housing,2018,0,0,0,68769,0.0,0.0,,"nominal dollars; gross operating cost = FIR Schedule C operating expenditure to 2008, Schedule C expense - Schedule E amortization from 2009 (accrual switch); net = gross - Schedule E sales and user charges; population StatCan 17-10-0155 July 1 estimates, 2021 boundaries; 2025 board membership applied to all years"
edmonton,member,st_albert,ring,housing,2019,0,0,0,69154,0.0,0.0,,"nominal dollars; gross operating cost = FIR Schedule C operating expenditure to 2008, Schedule C expense - Schedule E amortization from 2009 (accrual switch); net = gross - Schedule E sales and user charges; population StatCan 17-10-0155 July 1 estimates, 2021 boundaries; 2025 board membership applied to all years"
edmonton,member,st_albert,ring,housing,2020,0,0,0,69650,0.0,0.0,,"nominal dollars; gross operating cost = FIR Schedule C operating expenditure to 2008, Schedule C expense - Schedule E amortization from 2009 (accrual switch); net = gross - Schedule E sales and user charges; population StatCan 17-10-0155 July 1 estimates, 2021 boundaries; 2025 board membership applied to all years"
edmonton,member,st_albert,ring,housing,2021,0,0,0,70389,0.0,0.0,,"nominal dollars; gross operating cost = FIR Schedule C operating expenditure to 2008, Schedule C expense - Schedule E amortization from 2009 (accrual switch); net = gross - Schedule E sales and user charges; population StatCan 17-10-0155 July 1 estimates, 2021 boundaries; 2025 board membership applied to all years"
edmonton,member,st_albert,ring,housing,2022,0,0,0,70720,0.0,0.0,,"nominal dollars; gross operating cost = FIR Schedule C operating expenditure to 2008, Schedule C expense - Schedule E amortization from 2009 (accrual switch); net = gross - Schedule E sales and user charges; population StatCan 17-10-0155 July 1 estimates, 2021 boundaries; 2025 board membership applied to all years"
edmonton,member,st_albert,ring,housing,2023,0,0,0,71859,0.0,0.0,,"nominal dollars; gross operating cost = FIR Schedule C operating expenditure to 2008, Schedule C expense - Schedule E amortization from 2009 (accrual switch); net = gross - Schedule E sales and user charges; population StatCan 17-10-0155 July 1 estimates, 2021 boundaries; 2025 board membership applied to all years"
edmonton,member,st_albert,ring,housing,2024,0,0,0,73459,0.0,0.0,,"nominal dollars; gross operating cost = FIR Schedule C operating expenditure to 2008, Schedule C expense - Schedule E amortization from 2009 (accrual switch); net = gross - Schedule E sales and user charges; population StatCan 17-10-0155 July 1 estimates, 2021 boundaries; 2025 board membership applied to all years"
edmonton,member,st_albert,ring,housing,2025,0,0,0,74621,0.0,0.0,,"nominal dollars; gross operating cost = FIR Schedule C operating expenditure to 2008, Schedule C expense - Schedule E amortization from 2009 (accrual switch); net = gross - Schedule E sales and user charges; population StatCan 17-10-0155 July 1 estimates, 2021 boundaries; 2025 board membership applied to all years"
edmonton,member,stony_plain,ring,police,2001,584649,0,584649,9893,59.1,59.1,,"nominal dollars; gross operating cost = FIR Schedule C operating expenditure to 2008, Schedule C expense - Schedule E amortization from 2009 (accrual switch); net = gross - Schedule E sales and user charges; population StatCan 17-10-0155 July 1 estimates, 2021 boundaries; 2025 board membership applied to all years"
edmonton,member,stony_plain,ring,police,2002,617821,0,617821,10456,59.09,59.09,,"nominal dollars; gross operating cost = FIR Schedule C operating expenditure to 2008, Schedule C expense - Schedule E amortization from 2009 (accrual switch); net = gross - Schedule E sales and user charges; population StatCan 17-10-0155 July 1 estimates, 2021 boundaries; 2025 board membership applied to all years"
edmonton,member,stony_plain,ring,police,2003,646286,0,646286,10960,58.97,58.97,,"nominal dollars; gross operating cost = FIR Schedule C operating expenditure to 2008, Schedule C expense - Schedule E amortization from 2009 (accrual switch); net = gross - Schedule E sales and user charges; population StatCan 17-10-0155 July 1 estimates, 2021 boundaries; 2025 board membership applied to all years"
edmonton,member,stony_plain,ring,police,2004,709759,0,709759,11486,61.79,61.79,,"nominal dollars; gross operating cost = FIR Schedule C operating expenditure to 2008, Schedule C expense - Schedule E amortization from 2009 (accrual switch); net = gross - Schedule E sales and user charges; population StatCan 17-10-0155 July 1 estimates, 2021 boundaries; 2025 board membership applied to all years"
edmonton,member,stony_plain,ring,police,2005,932125,0,932125,12120,76.91,76.91,,"nominal dollars; gross operating cost = FIR Schedule C operating expenditure to 2008, Schedule C expense - Schedule E amortization from 2009 (accrual switch); net = gross - Schedule E sales and user charges; population StatCan 17-10-0155 July 1 estimates, 2021 boundaries; 2025 board membership applied to all years"
edmonton,member,stony_plain,ring,police,2006,1696956,0,1696956,12814,132.43,132.43,,"nominal dollars; gross operating cost = FIR Schedule C operating expenditure to 2008, Schedule C expense - Schedule E amortization from 2009 (accrual switch); net = gross - Schedule E sales and user charges; population StatCan 17-10-0155 July 1 estimates, 2021 boundaries; 2025 board membership applied to all years"
edmonton,member,stony_plain,ring,police,2007,1700554,0,1700554,13446,126.47,126.47,,"nominal dollars; gross operating cost = FIR Schedule C operating expenditure to 2008, Schedule C expense - Schedule E amortization from 2009 (accrual switch); net = gross - Schedule E sales and user charges; population StatCan 17-10-0155 July 1 estimates, 2021 boundaries; 2025 board membership applied to all years"
edmonton,member,stony_plain,ring,police,2008,1751683,0,1751683,14030,124.85,124.85,,"nominal dollars; gross operating cost = FIR Schedule C operating expenditure to 2008, Schedule C expense - Schedule E amortization from 2009 (accrual switch); net = gross - Schedule E sales and user charges; population StatCan 17-10-0155 July 1 estimates, 2021 boundaries; 2025 board membership applied to all years"
edmonton,member,stony_plain,ring,police,2009,1869957,0,1869957,14755,126.73,126.73,,"nominal dollars; gross operating cost = FIR Schedule C operating expenditure to 2008, Schedule C expense - Schedule E amortization from 2009 (accrual switch); net = gross - Schedule E sales and user charges; population StatCan 17-10-0155 July 1 estimates, 2021 boundaries; 2025 board membership applied to all years"
edmonton,member,stony_plain,ring,police,2010,1591962,0,1591962,15159,105.02,105.02,,"nominal dollars; gross operating cost = FIR Schedule C operating expenditure to 2008, Schedule C expense - Schedule E amortization from 2009 (accrual switch); net = gross - Schedule E sales and user charges; population StatCan 17-10-0155 July 1 estimates, 2021 boundaries; 2025 board membership applied to all years"
edmonton,member,stony_plain,ring,police,2011,2270989,0,2270989,15619,145.4,145.4,,"nominal dollars; gross operating cost = FIR Schedule C operating expenditure to 2008, Schedule C expense - Schedule E amortization from 2009 (accrual switch); net = gross - Schedule E sales and user charges; population StatCan 17-10-0155 July 1 estimates, 2021 boundaries; 2025 board membership applied to all years"
edmonton,member,stony_plain,ring,police,2012,3299797,0,3299797,16060,205.47,205.47,,"nominal dollars; gross operating cost = FIR Schedule C operating expenditure to 2008, Schedule C expense - Schedule E amortization from 2009 (accrual switch); net = gross - Schedule E sales and user charges; population StatCan 17-10-0155 July 1 estimates, 2021 boundaries; 2025 board membership applied to all years"
edmonton,member,stony_plain,ring,police,2013,3550429,0,3550429,16610,213.75,213.75,,"nominal dollars; gross operating cost = FIR Schedule C operating expenditure to 2008, Schedule C expense - Schedule E amortization from 2009 (accrual switch); net = gross - Schedule E sales and user charges; population StatCan 17-10-0155 July 1 estimates, 2021 boundaries; 2025 board membership applied to all years"
edmonton,member,stony_plain,ring,police,2014,4235022,0,4235022,17058,248.27,248.27,,"nominal dollars; gross operating cost = FIR Schedule C operating expenditure to 2008, Schedule C expense - Schedule E amortization from 2009 (accrual switch); net = gross - Schedule E sales and user charges; population StatCan 17-10-0155 July 1 estimates, 2021 boundaries; 2025 board membership applied to all years"
edmonton,member,stony_plain,ring,police,2015,3490408,0,3490408,17425,200.31,200.31,,"nominal dollars; gross operating cost = FIR Schedule C operating expenditure to 2008, Schedule C expense - Schedule E amortization from 2009 (accrual switch); net = gross - Schedule E sales and user charges; population StatCan 17-10-0155 July 1 estimates, 2021 boundaries; 2025 board membership applied to all years"
edmonton,member,stony_plain,ring,police,2016,3892335,0,3892335,17536,221.96,221.96,,"nominal dollars; gross operating cost = FIR Schedule C operating expenditure to 2008, Schedule C expense - Schedule E amortization from 2009 (accrual switch); net = gross - Schedule E sales and user charges; population StatCan 17-10-0155 July 1 estimates, 2021 boundaries; 2025 board membership applied to all years"
edmonton,member,stony_plain,ring,police,2017,3917578,0,3917578,17865,219.29,219.29,,"nominal dollars; gross operating cost = FIR Schedule C operating expenditure to 2008, Schedule C expense - Schedule E amortization from 2009 (accrual switch); net = gross - Schedule E sales and user charges; population StatCan 17-10-0155 July 1 estimates, 2021 boundaries; 2025 board membership applied to all years"
edmonton,member,stony_plain,ring,police,2018,4429544,0,4429544,18174,243.73,243.73,,"nominal dollars; gross operating cost = FIR Schedule C operating expenditure to 2008, Schedule C expense - Schedule E amortization from 2009 (accrual switch); net = gross - Schedule E sales and user charges; population StatCan 17-10-0155 July 1 estimates, 2021 boundaries; 2025 board membership applied to all years"
edmonton,member,stony_plain,ring,police,2019,4246192,0,4246192,18316,231.83,231.83,,"nominal dollars; gross operating cost = FIR Schedule C operating expenditure to 2008, Schedule C expense - Schedule E amortization from 2009 (accrual switch); net = gross - Schedule E sales and user charges; population StatCan 17-10-0155 July 1 estimates, 2021 boundaries; 2025 board membership applied to all years"
edmonton,member,stony_plain,ring,police,2020,4315119,0,4315119,18273,236.15,236.15,,"nominal dollars; gross operating cost = FIR Schedule C operating expenditure to 2008, Schedule C expense - Schedule E amortization from 2009 (accrual switch); net = gross - Schedule E sales and user charges; population StatCan 17-10-0155 July 1 estimates, 2021 boundaries; 2025 board membership applied to all years"
edmonton,member,stony_plain,ring,police,2021,4878627,0,4878627,18556,262.91,262.91,,"nominal dollars; gross operating cost = FIR Schedule C operating expenditure to 2008, Schedule C expense - Schedule E amortization from 2009 (accrual switch); net = gross - Schedule E sales and user charges; population StatCan 17-10-0155 July 1 estimates, 2021 boundaries; 2025 board membership applied to all years"
edmonton,member,stony_plain,ring,police,2022,5018203,0,5018203,18749,267.65,267.65,,"nominal dollars; gross operating cost = FIR Schedule C operating expenditure to 2008, Schedule C expense - Schedule E amortization from 2009 (accrual switch); net = gross - Schedule E sales and user charges; population StatCan 17-10-0155 July 1 estimates, 2021 boundaries; 2025 board membership applied to all years"
edmonton,member,stony_plain,ring,police,2023,4952112,0,4952112,19081,259.53,259.53,,"nominal dollars; gross operating cost = FIR Schedule C operating expenditure to 2008, Schedule C expense - Schedule E amortization from 2009 (accrual switch); net = gross - Schedule E sales and user charges; population StatCan 17-10-0155 July 1 estimates, 2021 boundaries; 2025 board membership applied to all years"
edmonton,member,stony_plain,ring,police,2024,4675655,0,4675655,19424,240.72,240.72,,"nominal dollars; gross operating cost = FIR Schedule C operating expenditure to 2008, Schedule C expense - Schedule E amortization from 2009 (accrual switch); net = gross - Schedule E sales and user charges; population StatCan 17-10-0155 July 1 estimates, 2021 boundaries; 2025 board membership applied to all years"
edmonton,member,stony_plain,ring,police,2025,4916150,0,4916150,19662,250.03,250.03,,"nominal dollars; gross operating cost = FIR Schedule C operating expenditure to 2008, Schedule C expense - Schedule E amortization from 2009 (accrual switch); net = gross - Schedule E sales and user charges; population StatCan 17-10-0155 July 1 estimates, 2021 boundaries; 2025 board membership applied to all years"
edmonton,member,stony_plain,ring,transit,2001,0,0,0,9893,0.0,0.0,,"nominal dollars; gross operating cost = FIR Schedule C operating expenditure to 2008, Schedule C expense - Schedule E amortization from 2009 (accrual switch); net = gross - Schedule E sales and user charges; population StatCan 17-10-0155 July 1 estimates, 2021 boundaries; 2025 board membership applied to all years"
edmonton,member,stony_plain,ring,transit,2002,0,0,0,10456,0.0,0.0,,"nominal dollars; gross operating cost = FIR Schedule C operating expenditure to 2008, Schedule C expense - Schedule E amortization from 2009 (accrual switch); net = gross - Schedule E sales and user charges; population StatCan 17-10-0155 July 1 estimates, 2021 boundaries; 2025 board membership applied to all years"
edmonton,member,stony_plain,ring,transit,2003,0,0,0,10960,0.0,0.0,,"nominal dollars; gross operating cost = FIR Schedule C operating expenditure to 2008, Schedule C expense - Schedule E amortization from 2009 (accrual switch); net = gross - Schedule E sales and user charges; population StatCan 17-10-0155 July 1 estimates, 2021 boundaries; 2025 board membership applied to all years"
edmonton,member,stony_plain,ring,transit,2004,0,0,0,11486,0.0,0.0,,"nominal dollars; gross operating cost = FIR Schedule C operating expenditure to 2008, Schedule C expense - Schedule E amortization from 2009 (accrual switch); net = gross - Schedule E sales and user charges; population StatCan 17-10-0155 July 1 estimates, 2021 boundaries; 2025 board membership applied to all years"
edmonton,member,stony_plain,ring,transit,2005,0,0,0,12120,0.0,0.0,,"nominal dollars; gross operating cost = FIR Schedule C operating expenditure to 2008, Schedule C expense - Schedule E amortization from 2009 (accrual switch); net = gross - Schedule E sales and user charges; population StatCan 17-10-0155 July 1 estimates, 2021 boundaries; 2025 board membership applied to all years"
edmonton,member,stony_plain,ring,transit,2006,0,0,0,12814,0.0,0.0,,"nominal dollars; gross operating cost = FIR Schedule C operating expenditure to 2008, Schedule C expense - Schedule E amortization from 2009 (accrual switch); net = gross - Schedule E sales and user charges; population StatCan 17-10-0155 July 1 estimates, 2021 boundaries; 2025 board membership applied to all years"
edmonton,member,stony_plain,ring,transit,2007,0,0,0,13446,0.0,0.0,,"nominal dollars; gross operating cost = FIR Schedule C operating expenditure to 2008, Schedule C expense - Schedule E amortization from 2009 (accrual switch); net = gross - Schedule E sales and user charges; population StatCan 17-10-0155 July 1 estimates, 2021 boundaries; 2025 board membership applied to all years"
edmonton,member,stony_plain,ring,transit,2008,0,0,0,14030,0.0,0.0,,"nominal dollars; gross operating cost = FIR Schedule C operating expenditure to 2008, Schedule C expense - Schedule E amortization from 2009 (accrual switch); net = gross - Schedule E sales and user charges; population StatCan 17-10-0155 July 1 estimates, 2021 boundaries; 2025 board membership applied to all years"
edmonton,member,stony_plain,ring,transit,2009,0,0,0,14755,0.0,0.0,,"nominal dollars; gross operating cost = FIR Schedule C operating expenditure to 2008, Schedule C expense - Schedule E amortization from 2009 (accrual switch); net = gross - Schedule E sales and user charges; population StatCan 17-10-0155 July 1 estimates, 2021 boundaries; 2025 board membership applied to all years"
edmonton,member,stony_plain,ring,transit,2010,0,0,0,15159,0.0,0.0,,"nominal dollars; gross operating cost = FIR Schedule C operating expenditure to 2008, Schedule C expense - Schedule E amortization from 2009 (accrual switch); net = gross - Schedule E sales and user charges; population StatCan 17-10-0155 July 1 estimates, 2021 boundaries; 2025 board membership applied to all years"
edmonton,member,stony_plain,ring,transit,2011,0,0,0,15619,0.0,0.0,,"nominal dollars; gross operating cost = FIR Schedule C operating expenditure to 2008, Schedule C expense - Schedule E amortization from 2009 (accrual switch); net = gross - Schedule E sales and user charges; population StatCan 17-10-0155 July 1 estimates, 2021 boundaries; 2025 board membership applied to all years"
edmonton,member,stony_plain,ring,transit,2012,0,0,0,16060,0.0,0.0,,"nominal dollars; gross operating cost = FIR Schedule C operating expenditure to 2008, Schedule C expense - Schedule E amortization from 2009 (accrual switch); net = gross - Schedule E sales and user charges; population StatCan 17-10-0155 July 1 estimates, 2021 boundaries; 2025 board membership applied to all years"
edmonton,member,stony_plain,ring,transit,2013,0,0,0,16610,0.0,0.0,,"nominal dollars; gross operating cost = FIR Schedule C operating expenditure to 2008, Schedule C expense - Schedule E amortization from 2009 (accrual switch); net = gross - Schedule E sales and user charges; population StatCan 17-10-0155 July 1 estimates, 2021 boundaries; 2025 board membership applied to all years"
edmonton,member,stony_plain,ring,transit,2014,0,0,0,17058,0.0,0.0,,"nominal dollars; gross operating cost = FIR Schedule C operating expenditure to 2008, Schedule C expense - Schedule E amortization from 2009 (accrual switch); net = gross - Schedule E sales and user charges; population StatCan 17-10-0155 July 1 estimates, 2021 boundaries; 2025 board membership applied to all years"
edmonton,member,stony_plain,ring,transit,2015,0,0,0,17425,0.0,0.0,,"nominal dollars; gross operating cost = FIR Schedule C operating expenditure to 2008, Schedule C expense - Schedule E amortization from 2009 (accrual switch); net = gross - Schedule E sales and user charges; population StatCan 17-10-0155 July 1 estimates, 2021 boundaries; 2025 board membership applied to all years"
edmonton,member,stony_plain,ring,transit,2016,0,0,0,17536,0.0,0.0,,"nominal dollars; gross operating cost = FIR Schedule C operating expenditure to 2008, Schedule C expense - Schedule E amortization from 2009 (accrual switch); net = gross - Schedule E sales and user charges; population StatCan 17-10-0155 July 1 estimates, 2021 boundaries; 2025 board membership applied to all years"
edmonton,member,stony_plain,ring,transit,2017,0,0,0,17865,0.0,0.0,,"nominal dollars; gross operating cost = FIR Schedule C operating expenditure to 2008, Schedule C expense - Schedule E amortization from 2009 (accrual switch); net = gross - Schedule E sales and user charges; population StatCan 17-10-0155 July 1 estimates, 2021 boundaries; 2025 board membership applied to all years"
edmonton,member,stony_plain,ring,transit,2018,0,0,0,18174,0.0,0.0,,"nominal dollars; gross operating cost = FIR Schedule C operating expenditure to 2008, Schedule C expense - Schedule E amortization from 2009 (accrual switch); net = gross - Schedule E sales and user charges; population StatCan 17-10-0155 July 1 estimates, 2021 boundaries; 2025 board membership applied to all years"
edmonton,member,stony_plain,ring,transit,2019,0,0,0,18316,0.0,0.0,,"nominal dollars; gross operating cost = FIR Schedule C operating expenditure to 2008, Schedule C expense - Schedule E amortization from 2009 (accrual switch); net = gross - Schedule E sales and user charges; population StatCan 17-10-0155 July 1 estimates, 2021 boundaries; 2025 board membership applied to all years"
edmonton,member,stony_plain,ring,transit,2020,0,0,0,18273,0.0,0.0,,"nominal dollars; gross operating cost = FIR Schedule C operating expenditure to 2008, Schedule C expense - Schedule E amortization from 2009 (accrual switch); net = gross - Schedule E sales and user charges; population StatCan 17-10-0155 July 1 estimates, 2021 boundaries; 2025 board membership applied to all years"
edmonton,member,stony_plain,ring,transit,2021,-7867,75270,-83137,18556,-0.42,-4.48,,"nominal dollars; gross operating cost = FIR Schedule C operating expenditure to 2008, Schedule C expense - Schedule E amortization from 2009 (accrual switch); net = gross - Schedule E sales and user charges; population StatCan 17-10-0155 July 1 estimates, 2021 boundaries; 2025 board membership applied to all years; negative gross kept as printed (amortization above expense): stony_plain -7,867"
edmonton,member,stony_plain,ring,transit,2022,-7867,137231,-145098,18749,-0.42,-7.74,,"nominal dollars; gross operating cost = FIR Schedule C operating expenditure to 2008, Schedule C expense - Schedule E amortization from 2009 (accrual switch); net = gross - Schedule E sales and user charges; population StatCan 17-10-0155 July 1 estimates, 2021 boundaries; 2025 board membership applied to all years; negative gross kept as printed (amortization above expense): stony_plain -7,867"
edmonton,member,stony_plain,ring,transit,2023,-7867,176326,-184193,19081,-0.41,-9.65,,"nominal dollars; gross operating cost = FIR Schedule C operating expenditure to 2008, Schedule C expense - Schedule E amortization from 2009 (accrual switch); net = gross - Schedule E sales and user charges; population StatCan 17-10-0155 July 1 estimates, 2021 boundaries; 2025 board membership applied to all years; negative gross kept as printed (amortization above expense): stony_plain -7,867"
edmonton,member,stony_plain,ring,transit,2024,-7867,192582,-200449,19424,-0.41,-10.32,,"nominal dollars; gross operating cost = FIR Schedule C operating expenditure to 2008, Schedule C expense - Schedule E amortization from 2009 (accrual switch); net = gross - Schedule E sales and user charges; population StatCan 17-10-0155 July 1 estimates, 2021 boundaries; 2025 board membership applied to all years; negative gross kept as printed (amortization above expense): stony_plain -7,867"
edmonton,member,stony_plain,ring,transit,2025,0,218238,-218238,19662,0.0,-11.1,,"nominal dollars; gross operating cost = FIR Schedule C operating expenditure to 2008, Schedule C expense - Schedule E amortization from 2009 (accrual switch); net = gross - Schedule E sales and user charges; population StatCan 17-10-0155 July 1 estimates, 2021 boundaries; 2025 board membership applied to all years"
edmonton,member,stony_plain,ring,fcss,2001,186384,1085,185299,9893,18.84,18.73,,"nominal dollars; gross operating cost = FIR Schedule C operating expenditure to 2008, Schedule C expense - Schedule E amortization from 2009 (accrual switch); net = gross - Schedule E sales and user charges; population StatCan 17-10-0155 July 1 estimates, 2021 boundaries; 2025 board membership applied to all years"
edmonton,member,stony_plain,ring,fcss,2002,181134,5680,175454,10456,17.32,16.78,,"nominal dollars; gross operating cost = FIR Schedule C operating expenditure to 2008, Schedule C expense - Schedule E amortization from 2009 (accrual switch); net = gross - Schedule E sales and user charges; population StatCan 17-10-0155 July 1 estimates, 2021 boundaries; 2025 board membership applied to all years"
edmonton,member,stony_plain,ring,fcss,2003,451190,0,451190,10960,41.17,41.17,,"nominal dollars; gross operating cost = FIR Schedule C operating expenditure to 2008, Schedule C expense - Schedule E amortization from 2009 (accrual switch); net = gross - Schedule E sales and user charges; population StatCan 17-10-0155 July 1 estimates, 2021 boundaries; 2025 board membership applied to all years"
edmonton,member,stony_plain,ring,fcss,2004,378829,0,378829,11486,32.98,32.98,,"nominal dollars; gross operating cost = FIR Schedule C operating expenditure to 2008, Schedule C expense - Schedule E amortization from 2009 (accrual switch); net = gross - Schedule E sales and user charges; population StatCan 17-10-0155 July 1 estimates, 2021 boundaries; 2025 board membership applied to all years"
edmonton,member,stony_plain,ring,fcss,2005,463791,0,463791,12120,38.27,38.27,,"nominal dollars; gross operating cost = FIR Schedule C operating expenditure to 2008, Schedule C expense - Schedule E amortization from 2009 (accrual switch); net = gross - Schedule E sales and user charges; population StatCan 17-10-0155 July 1 estimates, 2021 boundaries; 2025 board membership applied to all years"
edmonton,member,stony_plain,ring,fcss,2006,428240,0,428240,12814,33.42,33.42,,"nominal dollars; gross operating cost = FIR Schedule C operating expenditure to 2008, Schedule C expense - Schedule E amortization from 2009 (accrual switch); net = gross - Schedule E sales and user charges; population StatCan 17-10-0155 July 1 estimates, 2021 boundaries; 2025 board membership applied to all years"
edmonton,member,stony_plain,ring,fcss,2007,455694,0,455694,13446,33.89,33.89,,"nominal dollars; gross operating cost = FIR Schedule C operating expenditure to 2008, Schedule C expense - Schedule E amortization from 2009 (accrual switch); net = gross - Schedule E sales and user charges; population StatCan 17-10-0155 July 1 estimates, 2021 boundaries; 2025 board membership applied to all years"
edmonton,member,stony_plain,ring,fcss,2008,492427,0,492427,14030,35.1,35.1,,"nominal dollars; gross operating cost = FIR Schedule C operating expenditure to 2008, Schedule C expense - Schedule E amortization from 2009 (accrual switch); net = gross - Schedule E sales and user charges; population StatCan 17-10-0155 July 1 estimates, 2021 boundaries; 2025 board membership applied to all years"
edmonton,member,stony_plain,ring,fcss,2009,575951,0,575951,14755,39.03,39.03,,"nominal dollars; gross operating cost = FIR Schedule C operating expenditure to 2008, Schedule C expense - Schedule E amortization from 2009 (accrual switch); net = gross - Schedule E sales and user charges; population StatCan 17-10-0155 July 1 estimates, 2021 boundaries; 2025 board membership applied to all years"
edmonton,member,stony_plain,ring,fcss,2010,631814,0,631814,15159,41.68,41.68,,"nominal dollars; gross operating cost = FIR Schedule C operating expenditure to 2008, Schedule C expense - Schedule E amortization from 2009 (accrual switch); net = gross - Schedule E sales and user charges; population StatCan 17-10-0155 July 1 estimates, 2021 boundaries; 2025 board membership applied to all years"
edmonton,member,stony_plain,ring,fcss,2011,536843,0,536843,15619,34.37,34.37,,"nominal dollars; gross operating cost = FIR Schedule C operating expenditure to 2008, Schedule C expense - Schedule E amortization from 2009 (accrual switch); net = gross - Schedule E sales and user charges; population StatCan 17-10-0155 July 1 estimates, 2021 boundaries; 2025 board membership applied to all years"
edmonton,member,stony_plain,ring,fcss,2012,536637,0,536637,16060,33.41,33.41,,"nominal dollars; gross operating cost = FIR Schedule C operating expenditure to 2008, Schedule C expense - Schedule E amortization from 2009 (accrual switch); net = gross - Schedule E sales and user charges; population StatCan 17-10-0155 July 1 estimates, 2021 boundaries; 2025 board membership applied to all years"
edmonton,member,stony_plain,ring,fcss,2013,563224,0,563224,16610,33.91,33.91,,"nominal dollars; gross operating cost = FIR Schedule C operating expenditure to 2008, Schedule C expense - Schedule E amortization from 2009 (accrual switch); net = gross - Schedule E sales and user charges; population StatCan 17-10-0155 July 1 estimates, 2021 boundaries; 2025 board membership applied to all years"
edmonton,member,stony_plain,ring,fcss,2014,611452,0,611452,17058,35.85,35.85,,"nominal dollars; gross operating cost = FIR Schedule C operating expenditure to 2008, Schedule C expense - Schedule E amortization from 2009 (accrual switch); net = gross - Schedule E sales and user charges; population StatCan 17-10-0155 July 1 estimates, 2021 boundaries; 2025 board membership applied to all years"
edmonton,member,stony_plain,ring,fcss,2015,638262,0,638262,17425,36.63,36.63,,"nominal dollars; gross operating cost = FIR Schedule C operating expenditure to 2008, Schedule C expense - Schedule E amortization from 2009 (accrual switch); net = gross - Schedule E sales and user charges; population StatCan 17-10-0155 July 1 estimates, 2021 boundaries; 2025 board membership applied to all years"
edmonton,member,stony_plain,ring,fcss,2016,771774,0,771774,17536,44.01,44.01,,"nominal dollars; gross operating cost = FIR Schedule C operating expenditure to 2008, Schedule C expense - Schedule E amortization from 2009 (accrual switch); net = gross - Schedule E sales and user charges; population StatCan 17-10-0155 July 1 estimates, 2021 boundaries; 2025 board membership applied to all years"
edmonton,member,stony_plain,ring,fcss,2017,863532,0,863532,17865,48.34,48.34,,"nominal dollars; gross operating cost = FIR Schedule C operating expenditure to 2008, Schedule C expense - Schedule E amortization from 2009 (accrual switch); net = gross - Schedule E sales and user charges; population StatCan 17-10-0155 July 1 estimates, 2021 boundaries; 2025 board membership applied to all years"
edmonton,member,stony_plain,ring,fcss,2018,980405,0,980405,18174,53.95,53.95,,"nominal dollars; gross operating cost = FIR Schedule C operating expenditure to 2008, Schedule C expense - Schedule E amortization from 2009 (accrual switch); net = gross - Schedule E sales and user charges; population StatCan 17-10-0155 July 1 estimates, 2021 boundaries; 2025 board membership applied to all years"
edmonton,member,stony_plain,ring,fcss,2019,1153672,0,1153672,18316,62.99,62.99,,"nominal dollars; gross operating cost = FIR Schedule C operating expenditure to 2008, Schedule C expense - Schedule E amortization from 2009 (accrual switch); net = gross - Schedule E sales and user charges; population StatCan 17-10-0155 July 1 estimates, 2021 boundaries; 2025 board membership applied to all years"
edmonton,member,stony_plain,ring,fcss,2020,874883,0,874883,18273,47.88,47.88,,"nominal dollars; gross operating cost = FIR Schedule C operating expenditure to 2008, Schedule C expense - Schedule E amortization from 2009 (accrual switch); net = gross - Schedule E sales and user charges; population StatCan 17-10-0155 July 1 estimates, 2021 boundaries; 2025 board membership applied to all years"
edmonton,member,stony_plain,ring,fcss,2021,905627,0,905627,18556,48.81,48.81,,"nominal dollars; gross operating cost = FIR Schedule C operating expenditure to 2008, Schedule C expense - Schedule E amortization from 2009 (accrual switch); net = gross - Schedule E sales and user charges; population StatCan 17-10-0155 July 1 estimates, 2021 boundaries; 2025 board membership applied to all years"
edmonton,member,stony_plain,ring,fcss,2022,1077914,0,1077914,18749,57.49,57.49,,"nominal dollars; gross operating cost = FIR Schedule C operating expenditure to 2008, Schedule C expense - Schedule E amortization from 2009 (accrual switch); net = gross - Schedule E sales and user charges; population StatCan 17-10-0155 July 1 estimates, 2021 boundaries; 2025 board membership applied to all years"
edmonton,member,stony_plain,ring,fcss,2023,1058428,0,1058428,19081,55.47,55.47,,"nominal dollars; gross operating cost = FIR Schedule C operating expenditure to 2008, Schedule C expense - Schedule E amortization from 2009 (accrual switch); net = gross - Schedule E sales and user charges; population StatCan 17-10-0155 July 1 estimates, 2021 boundaries; 2025 board membership applied to all years"
edmonton,member,stony_plain,ring,fcss,2024,1216504,0,1216504,19424,62.63,62.63,,"nominal dollars; gross operating cost = FIR Schedule C operating expenditure to 2008, Schedule C expense - Schedule E amortization from 2009 (accrual switch); net = gross - Schedule E sales and user charges; population StatCan 17-10-0155 July 1 estimates, 2021 boundaries; 2025 board membership applied to all years"
edmonton,member,stony_plain,ring,fcss,2025,1461385,0,1461385,19662,74.33,74.33,,"nominal dollars; gross operating cost = FIR Schedule C operating expenditure to 2008, Schedule C expense - Schedule E amortization from 2009 (accrual switch); net = gross - Schedule E sales and user charges; population StatCan 17-10-0155 July 1 estimates, 2021 boundaries; 2025 board membership applied to all years"
edmonton,member,stony_plain,ring,housing,2009,0,0,0,14755,0.0,0.0,,"nominal dollars; gross operating cost = FIR Schedule C operating expenditure to 2008, Schedule C expense - Schedule E amortization from 2009 (accrual switch); net = gross - Schedule E sales and user charges; population StatCan 17-10-0155 July 1 estimates, 2021 boundaries; 2025 board membership applied to all years"
edmonton,member,stony_plain,ring,housing,2010,0,0,0,15159,0.0,0.0,,"nominal dollars; gross operating cost = FIR Schedule C operating expenditure to 2008, Schedule C expense - Schedule E amortization from 2009 (accrual switch); net = gross - Schedule E sales and user charges; population StatCan 17-10-0155 July 1 estimates, 2021 boundaries; 2025 board membership applied to all years"
edmonton,member,stony_plain,ring,housing,2011,0,0,0,15619,0.0,0.0,,"nominal dollars; gross operating cost = FIR Schedule C operating expenditure to 2008, Schedule C expense - Schedule E amortization from 2009 (accrual switch); net = gross - Schedule E sales and user charges; population StatCan 17-10-0155 July 1 estimates, 2021 boundaries; 2025 board membership applied to all years"
edmonton,member,stony_plain,ring,housing,2012,0,0,0,16060,0.0,0.0,,"nominal dollars; gross operating cost = FIR Schedule C operating expenditure to 2008, Schedule C expense - Schedule E amortization from 2009 (accrual switch); net = gross - Schedule E sales and user charges; population StatCan 17-10-0155 July 1 estimates, 2021 boundaries; 2025 board membership applied to all years"
edmonton,member,stony_plain,ring,housing,2013,0,0,0,16610,0.0,0.0,,"nominal dollars; gross operating cost = FIR Schedule C operating expenditure to 2008, Schedule C expense - Schedule E amortization from 2009 (accrual switch); net = gross - Schedule E sales and user charges; population StatCan 17-10-0155 July 1 estimates, 2021 boundaries; 2025 board membership applied to all years"
edmonton,member,stony_plain,ring,housing,2014,0,0,0,17058,0.0,0.0,,"nominal dollars; gross operating cost = FIR Schedule C operating expenditure to 2008, Schedule C expense - Schedule E amortization from 2009 (accrual switch); net = gross - Schedule E sales and user charges; population StatCan 17-10-0155 July 1 estimates, 2021 boundaries; 2025 board membership applied to all years"
edmonton,member,stony_plain,ring,housing,2015,0,0,0,17425,0.0,0.0,,"nominal dollars; gross operating cost = FIR Schedule C operating expenditure to 2008, Schedule C expense - Schedule E amortization from 2009 (accrual switch); net = gross - Schedule E sales and user charges; population StatCan 17-10-0155 July 1 estimates, 2021 boundaries; 2025 board membership applied to all years"
edmonton,member,stony_plain,ring,housing,2016,0,0,0,17536,0.0,0.0,,"nominal dollars; gross operating cost = FIR Schedule C operating expenditure to 2008, Schedule C expense - Schedule E amortization from 2009 (accrual switch); net = gross - Schedule E sales and user charges; population StatCan 17-10-0155 July 1 estimates, 2021 boundaries; 2025 board membership applied to all years"
edmonton,member,stony_plain,ring,housing,2017,0,0,0,17865,0.0,0.0,,"nominal dollars; gross operating cost = FIR Schedule C operating expenditure to 2008, Schedule C expense - Schedule E amortization from 2009 (accrual switch); net = gross - Schedule E sales and user charges; population StatCan 17-10-0155 July 1 estimates, 2021 boundaries; 2025 board membership applied to all years"
edmonton,member,stony_plain,ring,housing,2018,0,0,0,18174,0.0,0.0,,"nominal dollars; gross operating cost = FIR Schedule C operating expenditure to 2008, Schedule C expense - Schedule E amortization from 2009 (accrual switch); net = gross - Schedule E sales and user charges; population StatCan 17-10-0155 July 1 estimates, 2021 boundaries; 2025 board membership applied to all years"
edmonton,member,stony_plain,ring,housing,2019,0,0,0,18316,0.0,0.0,,"nominal dollars; gross operating cost = FIR Schedule C operating expenditure to 2008, Schedule C expense - Schedule E amortization from 2009 (accrual switch); net = gross - Schedule E sales and user charges; population StatCan 17-10-0155 July 1 estimates, 2021 boundaries; 2025 board membership applied to all years"
edmonton,member,stony_plain,ring,housing,2020,0,0,0,18273,0.0,0.0,,"nominal dollars; gross operating cost = FIR Schedule C operating expenditure to 2008, Schedule C expense - Schedule E amortization from 2009 (accrual switch); net = gross - Schedule E sales and user charges; population StatCan 17-10-0155 July 1 estimates, 2021 boundaries; 2025 board membership applied to all years"
edmonton,member,stony_plain,ring,housing,2021,0,0,0,18556,0.0,0.0,,"nominal dollars; gross operating cost = FIR Schedule C operating expenditure to 2008, Schedule C expense - Schedule E amortization from 2009 (accrual switch); net = gross - Schedule E sales and user charges; population StatCan 17-10-0155 July 1 estimates, 2021 boundaries; 2025 board membership applied to all years"
edmonton,member,stony_plain,ring,housing,2022,0,0,0,18749,0.0,0.0,,"nominal dollars; gross operating cost = FIR Schedule C operating expenditure to 2008, Schedule C expense - Schedule E amortization from 2009 (accrual switch); net = gross - Schedule E sales and user charges; population StatCan 17-10-0155 July 1 estimates, 2021 boundaries; 2025 board membership applied to all years"
edmonton,member,stony_plain,ring,housing,2023,0,0,0,19081,0.0,0.0,,"nominal dollars; gross operating cost = FIR Schedule C operating expenditure to 2008, Schedule C expense - Schedule E amortization from 2009 (accrual switch); net = gross - Schedule E sales and user charges; population StatCan 17-10-0155 July 1 estimates, 2021 boundaries; 2025 board membership applied to all years"
edmonton,member,stony_plain,ring,housing,2024,0,0,0,19424,0.0,0.0,,"nominal dollars; gross operating cost = FIR Schedule C operating expenditure to 2008, Schedule C expense - Schedule E amortization from 2009 (accrual switch); net = gross - Schedule E sales and user charges; population StatCan 17-10-0155 July 1 estimates, 2021 boundaries; 2025 board membership applied to all years"
edmonton,member,stony_plain,ring,housing,2025,0,0,0,19662,0.0,0.0,,"nominal dollars; gross operating cost = FIR Schedule C operating expenditure to 2008, Schedule C expense - Schedule E amortization from 2009 (accrual switch); net = gross - Schedule E sales and user charges; population StatCan 17-10-0155 July 1 estimates, 2021 boundaries; 2025 board membership applied to all years"
edmonton,member,strathcona,ring,police,2001,5420595,180042,5240553,73807,73.44,71.0,,"nominal dollars; gross operating cost = FIR Schedule C operating expenditure to 2008, Schedule C expense - Schedule E amortization from 2009 (accrual switch); net = gross - Schedule E sales and user charges; population StatCan 17-10-0155 July 1 estimates, 2021 boundaries; 2025 board membership applied to all years"
edmonton,member,strathcona,ring,police,2002,5569397,226116,5343281,76074,73.21,70.24,,"nominal dollars; gross operating cost = FIR Schedule C operating expenditure to 2008, Schedule C expense - Schedule E amortization from 2009 (accrual switch); net = gross - Schedule E sales and user charges; population StatCan 17-10-0155 July 1 estimates, 2021 boundaries; 2025 board membership applied to all years"
edmonton,member,strathcona,ring,police,2003,5945053,300544,5644509,77942,76.28,72.42,,"nominal dollars; gross operating cost = FIR Schedule C operating expenditure to 2008, Schedule C expense - Schedule E amortization from 2009 (accrual switch); net = gross - Schedule E sales and user charges; population StatCan 17-10-0155 July 1 estimates, 2021 boundaries; 2025 board membership applied to all years"
edmonton,member,strathcona,ring,police,2004,6589611,360237,6229374,79840,82.54,78.02,,"nominal dollars; gross operating cost = FIR Schedule C operating expenditure to 2008, Schedule C expense - Schedule E amortization from 2009 (accrual switch); net = gross - Schedule E sales and user charges; population StatCan 17-10-0155 July 1 estimates, 2021 boundaries; 2025 board membership applied to all years"
edmonton,member,strathcona,ring,police,2005,7332523,442861,6889662,82400,88.99,83.61,,"nominal dollars; gross operating cost = FIR Schedule C operating expenditure to 2008, Schedule C expense - Schedule E amortization from 2009 (accrual switch); net = gross - Schedule E sales and user charges; population StatCan 17-10-0155 July 1 estimates, 2021 boundaries; 2025 board membership applied to all years"
edmonton,member,strathcona,ring,police,2006,8414529,690090,7724439,85502,98.41,90.34,,"nominal dollars; gross operating cost = FIR Schedule C operating expenditure to 2008, Schedule C expense - Schedule E amortization from 2009 (accrual switch); net = gross - Schedule E sales and user charges; population StatCan 17-10-0155 July 1 estimates, 2021 boundaries; 2025 board membership applied to all years"
edmonton,member,strathcona,ring,police,2007,9873195,1002377,8870818,87789,112.47,101.05,,"nominal dollars; gross operating cost = FIR Schedule C operating expenditure to 2008, Schedule C expense - Schedule E amortization from 2009 (accrual switch); net = gross - Schedule E sales and user charges; population StatCan 17-10-0155 July 1 estimates, 2021 boundaries; 2025 board membership applied to all years"
edmonton,member,strathcona,ring,police,2008,11620651,921624,10699027,89866,129.31,119.06,,"nominal dollars; gross operating cost = FIR Schedule C operating expenditure to 2008, Schedule C expense - Schedule E amortization from 2009 (accrual switch); net = gross - Schedule E sales and user charges; population StatCan 17-10-0155 July 1 estimates, 2021 boundaries; 2025 board membership applied to all years"
edmonton,member,strathcona,ring,police,2009,11490740,510361,10980379,92059,124.82,119.28,,"nominal dollars; gross operating cost = FIR Schedule C operating expenditure to 2008, Schedule C expense - Schedule E amortization from 2009 (accrual switch); net = gross - Schedule E sales and user charges; population StatCan 17-10-0155 July 1 estimates, 2021 boundaries; 2025 board membership applied to all years"
edmonton,member,strathcona,ring,police,2010,12290536,431485,11859051,94095,130.62,126.03,,"nominal dollars; gross operating cost = FIR Schedule C operating expenditure to 2008, Schedule C expense - Schedule E amortization from 2009 (accrual switch); net = gross - Schedule E sales and user charges; population StatCan 17-10-0155 July 1 estimates, 2021 boundaries; 2025 board membership applied to all years"
edmonton,member,strathcona,ring,police,2011,13437088,287723,13149365,95648,140.48,137.48,,"nominal dollars; gross operating cost = FIR Schedule C operating expenditure to 2008, Schedule C expense - Schedule E amortization from 2009 (accrual switch); net = gross - Schedule E sales and user charges; population StatCan 17-10-0155 July 1 estimates, 2021 boundaries; 2025 board membership applied to all years"
edmonton,member,strathcona,ring,police,2012,14848267,267567,14580700,96957,153.14,150.38,,"nominal dollars; gross operating cost = FIR Schedule C operating expenditure to 2008, Schedule C expense - Schedule E amortization from 2009 (accrual switch); net = gross - Schedule E sales and user charges; population StatCan 17-10-0155 July 1 estimates, 2021 boundaries; 2025 board membership applied to all years"
edmonton,member,strathcona,ring,police,2013,14871842,554926,14316916,98459,151.05,145.41,,"nominal dollars; gross operating cost = FIR Schedule C operating expenditure to 2008, Schedule C expense - Schedule E amortization from 2009 (accrual switch); net = gross - Schedule E sales and user charges; population StatCan 17-10-0155 July 1 estimates, 2021 boundaries; 2025 board membership applied to all years"
edmonton,member,strathcona,ring,police,2014,15857553,300225,15557328,99783,158.92,155.91,,"nominal dollars; gross operating cost = FIR Schedule C operating expenditure to 2008, Schedule C expense - Schedule E amortization from 2009 (accrual switch); net = gross - Schedule E sales and user charges; population StatCan 17-10-0155 July 1 estimates, 2021 boundaries; 2025 board membership applied to all years"
edmonton,member,strathcona,ring,police,2015,16284142,394064,15890078,99832,163.12,159.17,,"nominal dollars; gross operating cost = FIR Schedule C operating expenditure to 2008, Schedule C expense - Schedule E amortization from 2009 (accrual switch); net = gross - Schedule E sales and user charges; population StatCan 17-10-0155 July 1 estimates, 2021 boundaries; 2025 board membership applied to all years"
edmonton,member,strathcona,ring,police,2016,20287039,396185,19890854,99841,203.19,199.23,,"nominal dollars; gross operating cost = FIR Schedule C operating expenditure to 2008, Schedule C expense - Schedule E amortization from 2009 (accrual switch); net = gross - Schedule E sales and user charges; population StatCan 17-10-0155 July 1 estimates, 2021 boundaries; 2025 board membership applied to all years"
edmonton,member,strathcona,ring,police,2017,17805233,314795,17490438,100617,176.96,173.83,,"nominal dollars; gross operating cost = FIR Schedule C operating expenditure to 2008, Schedule C expense - Schedule E amortization from 2009 (accrual switch); net = gross - Schedule E sales and user charges; population StatCan 17-10-0155 July 1 estimates, 2021 boundaries; 2025 board membership applied to all years"
edmonton,member,strathcona,ring,police,2018,19504329,542864,18961465,101822,191.55,186.22,,"nominal dollars; gross operating cost = FIR Schedule C operating expenditure to 2008, Schedule C expense - Schedule E amortization from 2009 (accrual switch); net = gross - Schedule E sales and user charges; population StatCan 17-10-0155 July 1 estimates, 2021 boundaries; 2025 board membership applied to all years"
edmonton,member,strathcona,ring,police,2019,19707495,312318,19395177,102303,192.64,189.59,,"nominal dollars; gross operating cost = FIR Schedule C operating expenditure to 2008, Schedule C expense - Schedule E amortization from 2009 (accrual switch); net = gross - Schedule E sales and user charges; population StatCan 17-10-0155 July 1 estimates, 2021 boundaries; 2025 board membership applied to all years"
edmonton,member,strathcona,ring,police,2020,21495403,367109,21128294,102572,209.56,205.99,,"nominal dollars; gross operating cost = FIR Schedule C operating expenditure to 2008, Schedule C expense - Schedule E amortization from 2009 (accrual switch); net = gross - Schedule E sales and user charges; population StatCan 17-10-0155 July 1 estimates, 2021 boundaries; 2025 board membership applied to all years"
edmonton,member,strathcona,ring,police,2021,21706289,304823,21401466,102426,211.92,208.95,,"nominal dollars; gross operating cost = FIR Schedule C operating expenditure to 2008, Schedule C expense - Schedule E amortization from 2009 (accrual switch); net = gross - Schedule E sales and user charges; population StatCan 17-10-0155 July 1 estimates, 2021 boundaries; 2025 board membership applied to all years"
edmonton,member,strathcona,ring,police,2022,24046395,289917,23756478,103259,232.87,230.07,,"nominal dollars; gross operating cost = FIR Schedule C operating expenditure to 2008, Schedule C expense - Schedule E amortization from 2009 (accrual switch); net = gross - Schedule E sales and user charges; population StatCan 17-10-0155 July 1 estimates, 2021 boundaries; 2025 board membership applied to all years"
edmonton,member,strathcona,ring,police,2023,27255685,361090,26894595,104104,261.81,258.34,,"nominal dollars; gross operating cost = FIR Schedule C operating expenditure to 2008, Schedule C expense - Schedule E amortization from 2009 (accrual switch); net = gross - Schedule E sales and user charges; population StatCan 17-10-0155 July 1 estimates, 2021 boundaries; 2025 board membership applied to all years"
edmonton,member,strathcona,ring,police,2024,28834775,265153,28569622,105876,272.34,269.84,,"nominal dollars; gross operating cost = FIR Schedule C operating expenditure to 2008, Schedule C expense - Schedule E amortization from 2009 (accrual switch); net = gross - Schedule E sales and user charges; population StatCan 17-10-0155 July 1 estimates, 2021 boundaries; 2025 board membership applied to all years"
edmonton,member,strathcona,ring,police,2025,29921566,294924,29626642,107345,278.74,275.99,,"nominal dollars; gross operating cost = FIR Schedule C operating expenditure to 2008, Schedule C expense - Schedule E amortization from 2009 (accrual switch); net = gross - Schedule E sales and user charges; population StatCan 17-10-0155 July 1 estimates, 2021 boundaries; 2025 board membership applied to all years"
edmonton,member,strathcona,ring,transit,2001,3983894,1998562,1985332,73807,53.98,26.9,,"nominal dollars; gross operating cost = FIR Schedule C operating expenditure to 2008, Schedule C expense - Schedule E amortization from 2009 (accrual switch); net = gross - Schedule E sales and user charges; population StatCan 17-10-0155 July 1 estimates, 2021 boundaries; 2025 board membership applied to all years"
edmonton,member,strathcona,ring,transit,2002,4879271,2171447,2707824,76074,64.14,35.59,,"nominal dollars; gross operating cost = FIR Schedule C operating expenditure to 2008, Schedule C expense - Schedule E amortization from 2009 (accrual switch); net = gross - Schedule E sales and user charges; population StatCan 17-10-0155 July 1 estimates, 2021 boundaries; 2025 board membership applied to all years"
edmonton,member,strathcona,ring,transit,2003,5896377,2456217,3440160,77942,75.65,44.14,,"nominal dollars; gross operating cost = FIR Schedule C operating expenditure to 2008, Schedule C expense - Schedule E amortization from 2009 (accrual switch); net = gross - Schedule E sales and user charges; population StatCan 17-10-0155 July 1 estimates, 2021 boundaries; 2025 board membership applied to all years"
edmonton,member,strathcona,ring,transit,2004,7076678,2945428,4131250,79840,88.64,51.74,,"nominal dollars; gross operating cost = FIR Schedule C operating expenditure to 2008, Schedule C expense - Schedule E amortization from 2009 (accrual switch); net = gross - Schedule E sales and user charges; population StatCan 17-10-0155 July 1 estimates, 2021 boundaries; 2025 board membership applied to all years"
edmonton,member,strathcona,ring,transit,2005,7722549,3249209,4473340,82400,93.72,54.29,,"nominal dollars; gross operating cost = FIR Schedule C operating expenditure to 2008, Schedule C expense - Schedule E amortization from 2009 (accrual switch); net = gross - Schedule E sales and user charges; population StatCan 17-10-0155 July 1 estimates, 2021 boundaries; 2025 board membership applied to all years"
edmonton,member,strathcona,ring,transit,2006,8778838,3494375,5284463,85502,102.67,61.81,,"nominal dollars; gross operating cost = FIR Schedule C operating expenditure to 2008, Schedule C expense - Schedule E amortization from 2009 (accrual switch); net = gross - Schedule E sales and user charges; population StatCan 17-10-0155 July 1 estimates, 2021 boundaries; 2025 board membership applied to all years"
edmonton,member,strathcona,ring,transit,2007,10668889,3659378,7009511,87789,121.53,79.84,,"nominal dollars; gross operating cost = FIR Schedule C operating expenditure to 2008, Schedule C expense - Schedule E amortization from 2009 (accrual switch); net = gross - Schedule E sales and user charges; population StatCan 17-10-0155 July 1 estimates, 2021 boundaries; 2025 board membership applied to all years"
edmonton,member,strathcona,ring,transit,2008,12775921,3616302,9159619,89866,142.17,101.93,,"nominal dollars; gross operating cost = FIR Schedule C operating expenditure to 2008, Schedule C expense - Schedule E amortization from 2009 (accrual switch); net = gross - Schedule E sales and user charges; population StatCan 17-10-0155 July 1 estimates, 2021 boundaries; 2025 board membership applied to all years"
edmonton,member,strathcona,ring,transit,2009,12942180,3649527,9292653,92059,140.59,100.94,,"nominal dollars; gross operating cost = FIR Schedule C operating expenditure to 2008, Schedule C expense - Schedule E amortization from 2009 (accrual switch); net = gross - Schedule E sales and user charges; population StatCan 17-10-0155 July 1 estimates, 2021 boundaries; 2025 board membership applied to all years"
edmonton,member,strathcona,ring,transit,2010,13962568,3992573,9969995,94095,148.39,105.96,,"nominal dollars; gross operating cost = FIR Schedule C operating expenditure to 2008, Schedule C expense - Schedule E amortization from 2009 (accrual switch); net = gross - Schedule E sales and user charges; population StatCan 17-10-0155 July 1 estimates, 2021 boundaries; 2025 board membership applied to all years"
edmonton,member,strathcona,ring,transit,2011,14879098,4078926,10800172,95648,155.56,112.92,,"nominal dollars; gross operating cost = FIR Schedule C operating expenditure to 2008, Schedule C expense - Schedule E amortization from 2009 (accrual switch); net = gross - Schedule E sales and user charges; population StatCan 17-10-0155 July 1 estimates, 2021 boundaries; 2025 board membership applied to all years"
edmonton,member,strathcona,ring,transit,2012,15598081,4158170,11439911,96957,160.88,117.99,,"nominal dollars; gross operating cost = FIR Schedule C operating expenditure to 2008, Schedule C expense - Schedule E amortization from 2009 (accrual switch); net = gross - Schedule E sales and user charges; population StatCan 17-10-0155 July 1 estimates, 2021 boundaries; 2025 board membership applied to all years"
edmonton,member,strathcona,ring,transit,2013,16615612,4433747,12181865,98459,168.76,123.73,,"nominal dollars; gross operating cost = FIR Schedule C operating expenditure to 2008, Schedule C expense - Schedule E amortization from 2009 (accrual switch); net = gross - Schedule E sales and user charges; population StatCan 17-10-0155 July 1 estimates, 2021 boundaries; 2025 board membership applied to all years"
edmonton,member,strathcona,ring,transit,2014,17814706,4779530,13035176,99783,178.53,130.64,,"nominal dollars; gross operating cost = FIR Schedule C operating expenditure to 2008, Schedule C expense - Schedule E amortization from 2009 (accrual switch); net = gross - Schedule E sales and user charges; population StatCan 17-10-0155 July 1 estimates, 2021 boundaries; 2025 board membership applied to all years"
edmonton,member,strathcona,ring,transit,2015,17913798,4907958,13005840,99832,179.44,130.28,,"nominal dollars; gross operating cost = FIR Schedule C operating expenditure to 2008, Schedule C expense - Schedule E amortization from 2009 (accrual switch); net = gross - Schedule E sales and user charges; population StatCan 17-10-0155 July 1 estimates, 2021 boundaries; 2025 board membership applied to all years"
edmonton,member,strathcona,ring,transit,2016,17991675,4829720,13161955,99841,180.2,131.83,,"nominal dollars; gross operating cost = FIR Schedule C operating expenditure to 2008, Schedule C expense - Schedule E amortization from 2009 (accrual switch); net = gross - Schedule E sales and user charges; population StatCan 17-10-0155 July 1 estimates, 2021 boundaries; 2025 board membership applied to all years"
edmonton,member,strathcona,ring,transit,2017,14275681,4886465,9389216,100617,141.88,93.32,,"nominal dollars; gross operating cost = FIR Schedule C operating expenditure to 2008, Schedule C expense - Schedule E amortization from 2009 (accrual switch); net = gross - Schedule E sales and user charges; population StatCan 17-10-0155 July 1 estimates, 2021 boundaries; 2025 board membership applied to all years"
edmonton,member,strathcona,ring,transit,2018,16633150,4989649,11643501,101822,163.36,114.35,,"nominal dollars; gross operating cost = FIR Schedule C operating expenditure to 2008, Schedule C expense - Schedule E amortization from 2009 (accrual switch); net = gross - Schedule E sales and user charges; population StatCan 17-10-0155 July 1 estimates, 2021 boundaries; 2025 board membership applied to all years"
edmonton,member,strathcona,ring,transit,2019,16519553,5147378,11372175,102303,161.48,111.16,,"nominal dollars; gross operating cost = FIR Schedule C operating expenditure to 2008, Schedule C expense - Schedule E amortization from 2009 (accrual switch); net = gross - Schedule E sales and user charges; population StatCan 17-10-0155 July 1 estimates, 2021 boundaries; 2025 board membership applied to all years"
edmonton,member,strathcona,ring,transit,2020,14135722,2212931,11922791,102572,137.81,116.24,,"nominal dollars; gross operating cost = FIR Schedule C operating expenditure to 2008, Schedule C expense - Schedule E amortization from 2009 (accrual switch); net = gross - Schedule E sales and user charges; population StatCan 17-10-0155 July 1 estimates, 2021 boundaries; 2025 board membership applied to all years"
edmonton,member,strathcona,ring,transit,2021,14995398,2070701,12924697,102426,146.4,126.19,,"nominal dollars; gross operating cost = FIR Schedule C operating expenditure to 2008, Schedule C expense - Schedule E amortization from 2009 (accrual switch); net = gross - Schedule E sales and user charges; population StatCan 17-10-0155 July 1 estimates, 2021 boundaries; 2025 board membership applied to all years"
edmonton,member,strathcona,ring,transit,2022,16977987,3732378,13245609,103259,164.42,128.28,,"nominal dollars; gross operating cost = FIR Schedule C operating expenditure to 2008, Schedule C expense - Schedule E amortization from 2009 (accrual switch); net = gross - Schedule E sales and user charges; population StatCan 17-10-0155 July 1 estimates, 2021 boundaries; 2025 board membership applied to all years"
edmonton,member,strathcona,ring,transit,2023,21593593,4388054,17205539,104104,207.42,165.27,,"nominal dollars; gross operating cost = FIR Schedule C operating expenditure to 2008, Schedule C expense - Schedule E amortization from 2009 (accrual switch); net = gross - Schedule E sales and user charges; population StatCan 17-10-0155 July 1 estimates, 2021 boundaries; 2025 board membership applied to all years"
edmonton,member,strathcona,ring,transit,2024,23107290,4864018,18243272,105876,218.25,172.31,,"nominal dollars; gross operating cost = FIR Schedule C operating expenditure to 2008, Schedule C expense - Schedule E amortization from 2009 (accrual switch); net = gross - Schedule E sales and user charges; population StatCan 17-10-0155 July 1 estimates, 2021 boundaries; 2025 board membership applied to all years"
edmonton,member,strathcona,ring,transit,2025,23059283,5425359,17633924,107345,214.81,164.27,,"nominal dollars; gross operating cost = FIR Schedule C operating expenditure to 2008, Schedule C expense - Schedule E amortization from 2009 (accrual switch); net = gross - Schedule E sales and user charges; population StatCan 17-10-0155 July 1 estimates, 2021 boundaries; 2025 board membership applied to all years"
edmonton,member,strathcona,ring,fcss,2001,2467468,774355,1693113,73807,33.43,22.94,,"nominal dollars; gross operating cost = FIR Schedule C operating expenditure to 2008, Schedule C expense - Schedule E amortization from 2009 (accrual switch); net = gross - Schedule E sales and user charges; population StatCan 17-10-0155 July 1 estimates, 2021 boundaries; 2025 board membership applied to all years"
edmonton,member,strathcona,ring,fcss,2002,3146115,845693,2300422,76074,41.36,30.24,,"nominal dollars; gross operating cost = FIR Schedule C operating expenditure to 2008, Schedule C expense - Schedule E amortization from 2009 (accrual switch); net = gross - Schedule E sales and user charges; population StatCan 17-10-0155 July 1 estimates, 2021 boundaries; 2025 board membership applied to all years"
edmonton,member,strathcona,ring,fcss,2003,3481108,861409,2619699,77942,44.66,33.61,,"nominal dollars; gross operating cost = FIR Schedule C operating expenditure to 2008, Schedule C expense - Schedule E amortization from 2009 (accrual switch); net = gross - Schedule E sales and user charges; population StatCan 17-10-0155 July 1 estimates, 2021 boundaries; 2025 board membership applied to all years"
edmonton,member,strathcona,ring,fcss,2004,3931474,957233,2974241,79840,49.24,37.25,,"nominal dollars; gross operating cost = FIR Schedule C operating expenditure to 2008, Schedule C expense - Schedule E amortization from 2009 (accrual switch); net = gross - Schedule E sales and user charges; population StatCan 17-10-0155 July 1 estimates, 2021 boundaries; 2025 board membership applied to all years"
edmonton,member,strathcona,ring,fcss,2005,4507654,941221,3566433,82400,54.7,43.28,,"nominal dollars; gross operating cost = FIR Schedule C operating expenditure to 2008, Schedule C expense - Schedule E amortization from 2009 (accrual switch); net = gross - Schedule E sales and user charges; population StatCan 17-10-0155 July 1 estimates, 2021 boundaries; 2025 board membership applied to all years"
edmonton,member,strathcona,ring,fcss,2006,5073076,996384,4076692,85502,59.33,47.68,,"nominal dollars; gross operating cost = FIR Schedule C operating expenditure to 2008, Schedule C expense - Schedule E amortization from 2009 (accrual switch); net = gross - Schedule E sales and user charges; population StatCan 17-10-0155 July 1 estimates, 2021 boundaries; 2025 board membership applied to all years"
edmonton,member,strathcona,ring,fcss,2007,5053009,1091624,3961385,87789,57.56,45.12,,"nominal dollars; gross operating cost = FIR Schedule C operating expenditure to 2008, Schedule C expense - Schedule E amortization from 2009 (accrual switch); net = gross - Schedule E sales and user charges; population StatCan 17-10-0155 July 1 estimates, 2021 boundaries; 2025 board membership applied to all years"
edmonton,member,strathcona,ring,fcss,2008,5320207,1090000,4230207,89866,59.2,47.07,,"nominal dollars; gross operating cost = FIR Schedule C operating expenditure to 2008, Schedule C expense - Schedule E amortization from 2009 (accrual switch); net = gross - Schedule E sales and user charges; population StatCan 17-10-0155 July 1 estimates, 2021 boundaries; 2025 board membership applied to all years"
edmonton,member,strathcona,ring,fcss,2009,5799427,1161935,4637492,92059,63.0,50.38,,"nominal dollars; gross operating cost = FIR Schedule C operating expenditure to 2008, Schedule C expense - Schedule E amortization from 2009 (accrual switch); net = gross - Schedule E sales and user charges; population StatCan 17-10-0155 July 1 estimates, 2021 boundaries; 2025 board membership applied to all years"
edmonton,member,strathcona,ring,fcss,2010,6216431,1288511,4927920,94095,66.07,52.37,,"nominal dollars; gross operating cost = FIR Schedule C operating expenditure to 2008, Schedule C expense - Schedule E amortization from 2009 (accrual switch); net = gross - Schedule E sales and user charges; population StatCan 17-10-0155 July 1 estimates, 2021 boundaries; 2025 board membership applied to all years"
edmonton,member,strathcona,ring,fcss,2011,6538051,1264507,5273544,95648,68.36,55.13,,"nominal dollars; gross operating cost = FIR Schedule C operating expenditure to 2008, Schedule C expense - Schedule E amortization from 2009 (accrual switch); net = gross - Schedule E sales and user charges; population StatCan 17-10-0155 July 1 estimates, 2021 boundaries; 2025 board membership applied to all years"
edmonton,member,strathcona,ring,fcss,2012,7035482,1668266,5367216,96957,72.56,55.36,,"nominal dollars; gross operating cost = FIR Schedule C operating expenditure to 2008, Schedule C expense - Schedule E amortization from 2009 (accrual switch); net = gross - Schedule E sales and user charges; population StatCan 17-10-0155 July 1 estimates, 2021 boundaries; 2025 board membership applied to all years"
edmonton,member,strathcona,ring,fcss,2013,7392822,1301044,6091778,98459,75.09,61.87,,"nominal dollars; gross operating cost = FIR Schedule C operating expenditure to 2008, Schedule C expense - Schedule E amortization from 2009 (accrual switch); net = gross - Schedule E sales and user charges; population StatCan 17-10-0155 July 1 estimates, 2021 boundaries; 2025 board membership applied to all years"
edmonton,member,strathcona,ring,fcss,2014,7166879,1113413,6053466,99783,71.82,60.67,,"nominal dollars; gross operating cost = FIR Schedule C operating expenditure to 2008, Schedule C expense - Schedule E amortization from 2009 (accrual switch); net = gross - Schedule E sales and user charges; population StatCan 17-10-0155 July 1 estimates, 2021 boundaries; 2025 board membership applied to all years"
edmonton,member,strathcona,ring,fcss,2015,7412484,1204429,6208055,99832,74.25,62.19,,"nominal dollars; gross operating cost = FIR Schedule C operating expenditure to 2008, Schedule C expense - Schedule E amortization from 2009 (accrual switch); net = gross - Schedule E sales and user charges; population StatCan 17-10-0155 July 1 estimates, 2021 boundaries; 2025 board membership applied to all years"
edmonton,member,strathcona,ring,fcss,2016,8323731,1002002,7321729,99841,83.37,73.33,,"nominal dollars; gross operating cost = FIR Schedule C operating expenditure to 2008, Schedule C expense - Schedule E amortization from 2009 (accrual switch); net = gross - Schedule E sales and user charges; population StatCan 17-10-0155 July 1 estimates, 2021 boundaries; 2025 board membership applied to all years"
edmonton,member,strathcona,ring,fcss,2017,8649968,899442,7750526,100617,85.97,77.03,,"nominal dollars; gross operating cost = FIR Schedule C operating expenditure to 2008, Schedule C expense - Schedule E amortization from 2009 (accrual switch); net = gross - Schedule E sales and user charges; population StatCan 17-10-0155 July 1 estimates, 2021 boundaries; 2025 board membership applied to all years"
edmonton,member,strathcona,ring,fcss,2018,9222167,867519,8354648,101822,90.57,82.05,,"nominal dollars; gross operating cost = FIR Schedule C operating expenditure to 2008, Schedule C expense - Schedule E amortization from 2009 (accrual switch); net = gross - Schedule E sales and user charges; population StatCan 17-10-0155 July 1 estimates, 2021 boundaries; 2025 board membership applied to all years"
edmonton,member,strathcona,ring,fcss,2019,10299533,985426,9314107,102303,100.68,91.04,,"nominal dollars; gross operating cost = FIR Schedule C operating expenditure to 2008, Schedule C expense - Schedule E amortization from 2009 (accrual switch); net = gross - Schedule E sales and user charges; population StatCan 17-10-0155 July 1 estimates, 2021 boundaries; 2025 board membership applied to all years"
edmonton,member,strathcona,ring,fcss,2020,9866866,707703,9159163,102572,96.19,89.29,,"nominal dollars; gross operating cost = FIR Schedule C operating expenditure to 2008, Schedule C expense - Schedule E amortization from 2009 (accrual switch); net = gross - Schedule E sales and user charges; population StatCan 17-10-0155 July 1 estimates, 2021 boundaries; 2025 board membership applied to all years"
edmonton,member,strathcona,ring,fcss,2021,9392376,189625,9202751,102426,91.7,89.85,,"nominal dollars; gross operating cost = FIR Schedule C operating expenditure to 2008, Schedule C expense - Schedule E amortization from 2009 (accrual switch); net = gross - Schedule E sales and user charges; population StatCan 17-10-0155 July 1 estimates, 2021 boundaries; 2025 board membership applied to all years"
edmonton,member,strathcona,ring,fcss,2022,8957530,31674,8925856,103259,86.75,86.44,,"nominal dollars; gross operating cost = FIR Schedule C operating expenditure to 2008, Schedule C expense - Schedule E amortization from 2009 (accrual switch); net = gross - Schedule E sales and user charges; population StatCan 17-10-0155 July 1 estimates, 2021 boundaries; 2025 board membership applied to all years"
edmonton,member,strathcona,ring,fcss,2023,9865912,345035,9520877,104104,94.77,91.46,,"nominal dollars; gross operating cost = FIR Schedule C operating expenditure to 2008, Schedule C expense - Schedule E amortization from 2009 (accrual switch); net = gross - Schedule E sales and user charges; population StatCan 17-10-0155 July 1 estimates, 2021 boundaries; 2025 board membership applied to all years"
edmonton,member,strathcona,ring,fcss,2024,10851767,34845,10816922,105876,102.5,102.17,,"nominal dollars; gross operating cost = FIR Schedule C operating expenditure to 2008, Schedule C expense - Schedule E amortization from 2009 (accrual switch); net = gross - Schedule E sales and user charges; population StatCan 17-10-0155 July 1 estimates, 2021 boundaries; 2025 board membership applied to all years"
edmonton,member,strathcona,ring,fcss,2025,11323394,52304,11271090,107345,105.49,105.0,,"nominal dollars; gross operating cost = FIR Schedule C operating expenditure to 2008, Schedule C expense - Schedule E amortization from 2009 (accrual switch); net = gross - Schedule E sales and user charges; population StatCan 17-10-0155 July 1 estimates, 2021 boundaries; 2025 board membership applied to all years"
edmonton,member,strathcona,ring,housing,2009,0,0,0,92059,0.0,0.0,,"nominal dollars; gross operating cost = FIR Schedule C operating expenditure to 2008, Schedule C expense - Schedule E amortization from 2009 (accrual switch); net = gross - Schedule E sales and user charges; population StatCan 17-10-0155 July 1 estimates, 2021 boundaries; 2025 board membership applied to all years"
edmonton,member,strathcona,ring,housing,2010,0,0,0,94095,0.0,0.0,,"nominal dollars; gross operating cost = FIR Schedule C operating expenditure to 2008, Schedule C expense - Schedule E amortization from 2009 (accrual switch); net = gross - Schedule E sales and user charges; population StatCan 17-10-0155 July 1 estimates, 2021 boundaries; 2025 board membership applied to all years"
edmonton,member,strathcona,ring,housing,2011,0,0,0,95648,0.0,0.0,,"nominal dollars; gross operating cost = FIR Schedule C operating expenditure to 2008, Schedule C expense - Schedule E amortization from 2009 (accrual switch); net = gross - Schedule E sales and user charges; population StatCan 17-10-0155 July 1 estimates, 2021 boundaries; 2025 board membership applied to all years"
edmonton,member,strathcona,ring,housing,2012,0,0,0,96957,0.0,0.0,,"nominal dollars; gross operating cost = FIR Schedule C operating expenditure to 2008, Schedule C expense - Schedule E amortization from 2009 (accrual switch); net = gross - Schedule E sales and user charges; population StatCan 17-10-0155 July 1 estimates, 2021 boundaries; 2025 board membership applied to all years"
edmonton,member,strathcona,ring,housing,2013,0,0,0,98459,0.0,0.0,,"nominal dollars; gross operating cost = FIR Schedule C operating expenditure to 2008, Schedule C expense - Schedule E amortization from 2009 (accrual switch); net = gross - Schedule E sales and user charges; population StatCan 17-10-0155 July 1 estimates, 2021 boundaries; 2025 board membership applied to all years"
edmonton,member,strathcona,ring,housing,2014,0,0,0,99783,0.0,0.0,,"nominal dollars; gross operating cost = FIR Schedule C operating expenditure to 2008, Schedule C expense - Schedule E amortization from 2009 (accrual switch); net = gross - Schedule E sales and user charges; population StatCan 17-10-0155 July 1 estimates, 2021 boundaries; 2025 board membership applied to all years"
edmonton,member,strathcona,ring,housing,2015,0,0,0,99832,0.0,0.0,,"nominal dollars; gross operating cost = FIR Schedule C operating expenditure to 2008, Schedule C expense - Schedule E amortization from 2009 (accrual switch); net = gross - Schedule E sales and user charges; population StatCan 17-10-0155 July 1 estimates, 2021 boundaries; 2025 board membership applied to all years"
edmonton,member,strathcona,ring,housing,2016,0,0,0,99841,0.0,0.0,,"nominal dollars; gross operating cost = FIR Schedule C operating expenditure to 2008, Schedule C expense - Schedule E amortization from 2009 (accrual switch); net = gross - Schedule E sales and user charges; population StatCan 17-10-0155 July 1 estimates, 2021 boundaries; 2025 board membership applied to all years"
edmonton,member,strathcona,ring,housing,2017,0,0,0,100617,0.0,0.0,,"nominal dollars; gross operating cost = FIR Schedule C operating expenditure to 2008, Schedule C expense - Schedule E amortization from 2009 (accrual switch); net = gross - Schedule E sales and user charges; population StatCan 17-10-0155 July 1 estimates, 2021 boundaries; 2025 board membership applied to all years"
edmonton,member,strathcona,ring,housing,2018,0,0,0,101822,0.0,0.0,,"nominal dollars; gross operating cost = FIR Schedule C operating expenditure to 2008, Schedule C expense - Schedule E amortization from 2009 (accrual switch); net = gross - Schedule E sales and user charges; population StatCan 17-10-0155 July 1 estimates, 2021 boundaries; 2025 board membership applied to all years"
edmonton,member,strathcona,ring,housing,2019,0,0,0,102303,0.0,0.0,,"nominal dollars; gross operating cost = FIR Schedule C operating expenditure to 2008, Schedule C expense - Schedule E amortization from 2009 (accrual switch); net = gross - Schedule E sales and user charges; population StatCan 17-10-0155 July 1 estimates, 2021 boundaries; 2025 board membership applied to all years"
edmonton,member,strathcona,ring,housing,2020,0,0,0,102572,0.0,0.0,,"nominal dollars; gross operating cost = FIR Schedule C operating expenditure to 2008, Schedule C expense - Schedule E amortization from 2009 (accrual switch); net = gross - Schedule E sales and user charges; population StatCan 17-10-0155 July 1 estimates, 2021 boundaries; 2025 board membership applied to all years"
edmonton,member,strathcona,ring,housing,2021,0,0,0,102426,0.0,0.0,,"nominal dollars; gross operating cost = FIR Schedule C operating expenditure to 2008, Schedule C expense - Schedule E amortization from 2009 (accrual switch); net = gross - Schedule E sales and user charges; population StatCan 17-10-0155 July 1 estimates, 2021 boundaries; 2025 board membership applied to all years"
edmonton,member,strathcona,ring,housing,2022,910065,0,910065,103259,8.81,8.81,,"nominal dollars; gross operating cost = FIR Schedule C operating expenditure to 2008, Schedule C expense - Schedule E amortization from 2009 (accrual switch); net = gross - Schedule E sales and user charges; population StatCan 17-10-0155 July 1 estimates, 2021 boundaries; 2025 board membership applied to all years"
edmonton,member,strathcona,ring,housing,2023,16763,0,16763,104104,0.16,0.16,,"nominal dollars; gross operating cost = FIR Schedule C operating expenditure to 2008, Schedule C expense - Schedule E amortization from 2009 (accrual switch); net = gross - Schedule E sales and user charges; population StatCan 17-10-0155 July 1 estimates, 2021 boundaries; 2025 board membership applied to all years"
edmonton,member,strathcona,ring,housing,2024,983698,0,983698,105876,9.29,9.29,,"nominal dollars; gross operating cost = FIR Schedule C operating expenditure to 2008, Schedule C expense - Schedule E amortization from 2009 (accrual switch); net = gross - Schedule E sales and user charges; population StatCan 17-10-0155 July 1 estimates, 2021 boundaries; 2025 board membership applied to all years"
edmonton,member,strathcona,ring,housing,2025,10409,0,10409,107345,0.1,0.1,,"nominal dollars; gross operating cost = FIR Schedule C operating expenditure to 2008, Schedule C expense - Schedule E amortization from 2009 (accrual switch); net = gross - Schedule E sales and user charges; population StatCan 17-10-0155 July 1 estimates, 2021 boundaries; 2025 board membership applied to all years"
edmonton,member,sturgeon,ring,police,2001,0,0,0,0,,,sturgeon,"nominal dollars; gross operating cost = FIR Schedule C operating expenditure to 2008, Schedule C expense - Schedule E amortization from 2009 (accrual switch); net = gross - Schedule E sales and user charges; population StatCan 17-10-0155 July 1 estimates, 2021 boundaries; 2025 board membership applied to all years"
edmonton,member,sturgeon,ring,police,2002,0,0,0,0,,,sturgeon,"nominal dollars; gross operating cost = FIR Schedule C operating expenditure to 2008, Schedule C expense - Schedule E amortization from 2009 (accrual switch); net = gross - Schedule E sales and user charges; population StatCan 17-10-0155 July 1 estimates, 2021 boundaries; 2025 board membership applied to all years"
edmonton,member,sturgeon,ring,police,2003,0,0,0,0,,,sturgeon,"nominal dollars; gross operating cost = FIR Schedule C operating expenditure to 2008, Schedule C expense - Schedule E amortization from 2009 (accrual switch); net = gross - Schedule E sales and user charges; population StatCan 17-10-0155 July 1 estimates, 2021 boundaries; 2025 board membership applied to all years"
edmonton,member,sturgeon,ring,police,2004,0,0,0,0,,,sturgeon,"nominal dollars; gross operating cost = FIR Schedule C operating expenditure to 2008, Schedule C expense - Schedule E amortization from 2009 (accrual switch); net = gross - Schedule E sales and user charges; population StatCan 17-10-0155 July 1 estimates, 2021 boundaries; 2025 board membership applied to all years"
edmonton,member,sturgeon,ring,police,2005,0,0,0,0,,,sturgeon,"nominal dollars; gross operating cost = FIR Schedule C operating expenditure to 2008, Schedule C expense - Schedule E amortization from 2009 (accrual switch); net = gross - Schedule E sales and user charges; population StatCan 17-10-0155 July 1 estimates, 2021 boundaries; 2025 board membership applied to all years"
edmonton,member,sturgeon,ring,police,2006,0,0,0,0,,,sturgeon,"nominal dollars; gross operating cost = FIR Schedule C operating expenditure to 2008, Schedule C expense - Schedule E amortization from 2009 (accrual switch); net = gross - Schedule E sales and user charges; population StatCan 17-10-0155 July 1 estimates, 2021 boundaries; 2025 board membership applied to all years"
edmonton,member,sturgeon,ring,police,2007,0,0,0,0,,,sturgeon,"nominal dollars; gross operating cost = FIR Schedule C operating expenditure to 2008, Schedule C expense - Schedule E amortization from 2009 (accrual switch); net = gross - Schedule E sales and user charges; population StatCan 17-10-0155 July 1 estimates, 2021 boundaries; 2025 board membership applied to all years"
edmonton,member,sturgeon,ring,police,2008,0,0,0,0,,,sturgeon,"nominal dollars; gross operating cost = FIR Schedule C operating expenditure to 2008, Schedule C expense - Schedule E amortization from 2009 (accrual switch); net = gross - Schedule E sales and user charges; population StatCan 17-10-0155 July 1 estimates, 2021 boundaries; 2025 board membership applied to all years"
edmonton,member,sturgeon,ring,police,2009,0,0,0,0,,,sturgeon,"nominal dollars; gross operating cost = FIR Schedule C operating expenditure to 2008, Schedule C expense - Schedule E amortization from 2009 (accrual switch); net = gross - Schedule E sales and user charges; population StatCan 17-10-0155 July 1 estimates, 2021 boundaries; 2025 board membership applied to all years"
edmonton,member,sturgeon,ring,police,2010,0,0,0,0,,,sturgeon,"nominal dollars; gross operating cost = FIR Schedule C operating expenditure to 2008, Schedule C expense - Schedule E amortization from 2009 (accrual switch); net = gross - Schedule E sales and user charges; population StatCan 17-10-0155 July 1 estimates, 2021 boundaries; 2025 board membership applied to all years"
edmonton,member,sturgeon,ring,police,2011,0,0,0,0,,,sturgeon,"nominal dollars; gross operating cost = FIR Schedule C operating expenditure to 2008, Schedule C expense - Schedule E amortization from 2009 (accrual switch); net = gross - Schedule E sales and user charges; population StatCan 17-10-0155 July 1 estimates, 2021 boundaries; 2025 board membership applied to all years"
edmonton,member,sturgeon,ring,police,2012,0,0,0,0,,,sturgeon,"nominal dollars; gross operating cost = FIR Schedule C operating expenditure to 2008, Schedule C expense - Schedule E amortization from 2009 (accrual switch); net = gross - Schedule E sales and user charges; population StatCan 17-10-0155 July 1 estimates, 2021 boundaries; 2025 board membership applied to all years"
edmonton,member,sturgeon,ring,police,2013,0,0,0,0,,,sturgeon,"nominal dollars; gross operating cost = FIR Schedule C operating expenditure to 2008, Schedule C expense - Schedule E amortization from 2009 (accrual switch); net = gross - Schedule E sales and user charges; population StatCan 17-10-0155 July 1 estimates, 2021 boundaries; 2025 board membership applied to all years"
edmonton,member,sturgeon,ring,police,2014,0,0,0,0,,,sturgeon,"nominal dollars; gross operating cost = FIR Schedule C operating expenditure to 2008, Schedule C expense - Schedule E amortization from 2009 (accrual switch); net = gross - Schedule E sales and user charges; population StatCan 17-10-0155 July 1 estimates, 2021 boundaries; 2025 board membership applied to all years"
edmonton,member,sturgeon,ring,police,2015,0,0,0,0,,,sturgeon,"nominal dollars; gross operating cost = FIR Schedule C operating expenditure to 2008, Schedule C expense - Schedule E amortization from 2009 (accrual switch); net = gross - Schedule E sales and user charges; population StatCan 17-10-0155 July 1 estimates, 2021 boundaries; 2025 board membership applied to all years"
edmonton,member,sturgeon,ring,police,2016,0,0,0,0,,,sturgeon,"nominal dollars; gross operating cost = FIR Schedule C operating expenditure to 2008, Schedule C expense - Schedule E amortization from 2009 (accrual switch); net = gross - Schedule E sales and user charges; population StatCan 17-10-0155 July 1 estimates, 2021 boundaries; 2025 board membership applied to all years"
edmonton,member,sturgeon,ring,police,2017,0,0,0,0,,,sturgeon,"nominal dollars; gross operating cost = FIR Schedule C operating expenditure to 2008, Schedule C expense - Schedule E amortization from 2009 (accrual switch); net = gross - Schedule E sales and user charges; population StatCan 17-10-0155 July 1 estimates, 2021 boundaries; 2025 board membership applied to all years"
edmonton,member,sturgeon,ring,police,2018,0,0,0,0,,,sturgeon,"nominal dollars; gross operating cost = FIR Schedule C operating expenditure to 2008, Schedule C expense - Schedule E amortization from 2009 (accrual switch); net = gross - Schedule E sales and user charges; population StatCan 17-10-0155 July 1 estimates, 2021 boundaries; 2025 board membership applied to all years"
edmonton,member,sturgeon,ring,police,2019,0,0,0,0,,,sturgeon,"nominal dollars; gross operating cost = FIR Schedule C operating expenditure to 2008, Schedule C expense - Schedule E amortization from 2009 (accrual switch); net = gross - Schedule E sales and user charges; population StatCan 17-10-0155 July 1 estimates, 2021 boundaries; 2025 board membership applied to all years"
edmonton,member,sturgeon,ring,police,2020,0,0,0,0,,,sturgeon,"nominal dollars; gross operating cost = FIR Schedule C operating expenditure to 2008, Schedule C expense - Schedule E amortization from 2009 (accrual switch); net = gross - Schedule E sales and user charges; population StatCan 17-10-0155 July 1 estimates, 2021 boundaries; 2025 board membership applied to all years"
edmonton,member,sturgeon,ring,police,2021,0,0,0,0,,,sturgeon,"nominal dollars; gross operating cost = FIR Schedule C operating expenditure to 2008, Schedule C expense - Schedule E amortization from 2009 (accrual switch); net = gross - Schedule E sales and user charges; population StatCan 17-10-0155 July 1 estimates, 2021 boundaries; 2025 board membership applied to all years"
edmonton,member,sturgeon,ring,police,2022,0,0,0,0,,,sturgeon,"nominal dollars; gross operating cost = FIR Schedule C operating expenditure to 2008, Schedule C expense - Schedule E amortization from 2009 (accrual switch); net = gross - Schedule E sales and user charges; population StatCan 17-10-0155 July 1 estimates, 2021 boundaries; 2025 board membership applied to all years"
edmonton,member,sturgeon,ring,police,2023,0,0,0,0,,,sturgeon,"nominal dollars; gross operating cost = FIR Schedule C operating expenditure to 2008, Schedule C expense - Schedule E amortization from 2009 (accrual switch); net = gross - Schedule E sales and user charges; population StatCan 17-10-0155 July 1 estimates, 2021 boundaries; 2025 board membership applied to all years"
edmonton,member,sturgeon,ring,police,2024,0,0,0,0,,,sturgeon,"nominal dollars; gross operating cost = FIR Schedule C operating expenditure to 2008, Schedule C expense - Schedule E amortization from 2009 (accrual switch); net = gross - Schedule E sales and user charges; population StatCan 17-10-0155 July 1 estimates, 2021 boundaries; 2025 board membership applied to all years"
edmonton,member,sturgeon,ring,police,2025,0,0,0,0,,,sturgeon,"nominal dollars; gross operating cost = FIR Schedule C operating expenditure to 2008, Schedule C expense - Schedule E amortization from 2009 (accrual switch); net = gross - Schedule E sales and user charges; population StatCan 17-10-0155 July 1 estimates, 2021 boundaries; 2025 board membership applied to all years"
edmonton,member,sturgeon,ring,transit,2001,0,0,0,18468,0.0,0.0,,"nominal dollars; gross operating cost = FIR Schedule C operating expenditure to 2008, Schedule C expense - Schedule E amortization from 2009 (accrual switch); net = gross - Schedule E sales and user charges; population StatCan 17-10-0155 July 1 estimates, 2021 boundaries; 2025 board membership applied to all years"
edmonton,member,sturgeon,ring,transit,2002,0,0,0,18662,0.0,0.0,,"nominal dollars; gross operating cost = FIR Schedule C operating expenditure to 2008, Schedule C expense - Schedule E amortization from 2009 (accrual switch); net = gross - Schedule E sales and user charges; population StatCan 17-10-0155 July 1 estimates, 2021 boundaries; 2025 board membership applied to all years"
edmonton,member,sturgeon,ring,transit,2003,0,0,0,18730,0.0,0.0,,"nominal dollars; gross operating cost = FIR Schedule C operating expenditure to 2008, Schedule C expense - Schedule E amortization from 2009 (accrual switch); net = gross - Schedule E sales and user charges; population StatCan 17-10-0155 July 1 estimates, 2021 boundaries; 2025 board membership applied to all years"
edmonton,member,sturgeon,ring,transit,2004,0,0,0,18776,0.0,0.0,,"nominal dollars; gross operating cost = FIR Schedule C operating expenditure to 2008, Schedule C expense - Schedule E amortization from 2009 (accrual switch); net = gross - Schedule E sales and user charges; population StatCan 17-10-0155 July 1 estimates, 2021 boundaries; 2025 board membership applied to all years"
edmonton,member,sturgeon,ring,transit,2005,0,0,0,18959,0.0,0.0,,"nominal dollars; gross operating cost = FIR Schedule C operating expenditure to 2008, Schedule C expense - Schedule E amortization from 2009 (accrual switch); net = gross - Schedule E sales and user charges; population StatCan 17-10-0155 July 1 estimates, 2021 boundaries; 2025 board membership applied to all years"
edmonton,member,sturgeon,ring,transit,2006,0,0,0,19197,0.0,0.0,,"nominal dollars; gross operating cost = FIR Schedule C operating expenditure to 2008, Schedule C expense - Schedule E amortization from 2009 (accrual switch); net = gross - Schedule E sales and user charges; population StatCan 17-10-0155 July 1 estimates, 2021 boundaries; 2025 board membership applied to all years"
edmonton,member,sturgeon,ring,transit,2007,0,0,0,19463,0.0,0.0,,"nominal dollars; gross operating cost = FIR Schedule C operating expenditure to 2008, Schedule C expense - Schedule E amortization from 2009 (accrual switch); net = gross - Schedule E sales and user charges; population StatCan 17-10-0155 July 1 estimates, 2021 boundaries; 2025 board membership applied to all years"
edmonton,member,sturgeon,ring,transit,2008,0,0,0,19693,0.0,0.0,,"nominal dollars; gross operating cost = FIR Schedule C operating expenditure to 2008, Schedule C expense - Schedule E amortization from 2009 (accrual switch); net = gross - Schedule E sales and user charges; population StatCan 17-10-0155 July 1 estimates, 2021 boundaries; 2025 board membership applied to all years"
edmonton,member,sturgeon,ring,transit,2009,0,0,0,19969,0.0,0.0,,"nominal dollars; gross operating cost = FIR Schedule C operating expenditure to 2008, Schedule C expense - Schedule E amortization from 2009 (accrual switch); net = gross - Schedule E sales and user charges; population StatCan 17-10-0155 July 1 estimates, 2021 boundaries; 2025 board membership applied to all years"
edmonton,member,sturgeon,ring,transit,2010,0,0,0,20111,0.0,0.0,,"nominal dollars; gross operating cost = FIR Schedule C operating expenditure to 2008, Schedule C expense - Schedule E amortization from 2009 (accrual switch); net = gross - Schedule E sales and user charges; population StatCan 17-10-0155 July 1 estimates, 2021 boundaries; 2025 board membership applied to all years"
edmonton,member,sturgeon,ring,transit,2011,0,0,0,20199,0.0,0.0,,"nominal dollars; gross operating cost = FIR Schedule C operating expenditure to 2008, Schedule C expense - Schedule E amortization from 2009 (accrual switch); net = gross - Schedule E sales and user charges; population StatCan 17-10-0155 July 1 estimates, 2021 boundaries; 2025 board membership applied to all years"
edmonton,member,sturgeon,ring,transit,2012,0,0,0,20240,0.0,0.0,,"nominal dollars; gross operating cost = FIR Schedule C operating expenditure to 2008, Schedule C expense - Schedule E amortization from 2009 (accrual switch); net = gross - Schedule E sales and user charges; population StatCan 17-10-0155 July 1 estimates, 2021 boundaries; 2025 board membership applied to all years"
edmonton,member,sturgeon,ring,transit,2013,0,0,0,20698,0.0,0.0,,"nominal dollars; gross operating cost = FIR Schedule C operating expenditure to 2008, Schedule C expense - Schedule E amortization from 2009 (accrual switch); net = gross - Schedule E sales and user charges; population StatCan 17-10-0155 July 1 estimates, 2021 boundaries; 2025 board membership applied to all years"
edmonton,member,sturgeon,ring,transit,2014,0,0,0,21567,0.0,0.0,,"nominal dollars; gross operating cost = FIR Schedule C operating expenditure to 2008, Schedule C expense - Schedule E amortization from 2009 (accrual switch); net = gross - Schedule E sales and user charges; population StatCan 17-10-0155 July 1 estimates, 2021 boundaries; 2025 board membership applied to all years"
edmonton,member,sturgeon,ring,transit,2015,0,0,0,21219,0.0,0.0,,"nominal dollars; gross operating cost = FIR Schedule C operating expenditure to 2008, Schedule C expense - Schedule E amortization from 2009 (accrual switch); net = gross - Schedule E sales and user charges; population StatCan 17-10-0155 July 1 estimates, 2021 boundaries; 2025 board membership applied to all years"
edmonton,member,sturgeon,ring,transit,2016,0,0,0,20911,0.0,0.0,,"nominal dollars; gross operating cost = FIR Schedule C operating expenditure to 2008, Schedule C expense - Schedule E amortization from 2009 (accrual switch); net = gross - Schedule E sales and user charges; population StatCan 17-10-0155 July 1 estimates, 2021 boundaries; 2025 board membership applied to all years"
edmonton,member,sturgeon,ring,transit,2017,0,0,0,20916,0.0,0.0,,"nominal dollars; gross operating cost = FIR Schedule C operating expenditure to 2008, Schedule C expense - Schedule E amortization from 2009 (accrual switch); net = gross - Schedule E sales and user charges; population StatCan 17-10-0155 July 1 estimates, 2021 boundaries; 2025 board membership applied to all years"
edmonton,member,sturgeon,ring,transit,2018,371494,5369,366125,21115,17.59,17.34,,"nominal dollars; gross operating cost = FIR Schedule C operating expenditure to 2008, Schedule C expense - Schedule E amortization from 2009 (accrual switch); net = gross - Schedule E sales and user charges; population StatCan 17-10-0155 July 1 estimates, 2021 boundaries; 2025 board membership applied to all years"
edmonton,member,sturgeon,ring,transit,2019,387812,4920,382892,20962,18.5,18.27,,"nominal dollars; gross operating cost = FIR Schedule C operating expenditure to 2008, Schedule C expense - Schedule E amortization from 2009 (accrual switch); net = gross - Schedule E sales and user charges; population StatCan 17-10-0155 July 1 estimates, 2021 boundaries; 2025 board membership applied to all years"
edmonton,member,sturgeon,ring,transit,2020,30844,842,30002,20843,1.48,1.44,,"nominal dollars; gross operating cost = FIR Schedule C operating expenditure to 2008, Schedule C expense - Schedule E amortization from 2009 (accrual switch); net = gross - Schedule E sales and user charges; population StatCan 17-10-0155 July 1 estimates, 2021 boundaries; 2025 board membership applied to all years"
edmonton,member,sturgeon,ring,transit,2021,11492,725,10767,20733,0.55,0.52,,"nominal dollars; gross operating cost = FIR Schedule C operating expenditure to 2008, Schedule C expense - Schedule E amortization from 2009 (accrual switch); net = gross - Schedule E sales and user charges; population StatCan 17-10-0155 July 1 estimates, 2021 boundaries; 2025 board membership applied to all years"
edmonton,member,sturgeon,ring,transit,2022,35479,5073,30406,20902,1.7,1.45,,"nominal dollars; gross operating cost = FIR Schedule C operating expenditure to 2008, Schedule C expense - Schedule E amortization from 2009 (accrual switch); net = gross - Schedule E sales and user charges; population StatCan 17-10-0155 July 1 estimates, 2021 boundaries; 2025 board membership applied to all years"
edmonton,member,sturgeon,ring,transit,2023,33023,3865,29158,20935,1.58,1.39,,"nominal dollars; gross operating cost = FIR Schedule C operating expenditure to 2008, Schedule C expense - Schedule E amortization from 2009 (accrual switch); net = gross - Schedule E sales and user charges; population StatCan 17-10-0155 July 1 estimates, 2021 boundaries; 2025 board membership applied to all years"
edmonton,member,sturgeon,ring,transit,2024,37512,7455,30057,21130,1.78,1.42,,"nominal dollars; gross operating cost = FIR Schedule C operating expenditure to 2008, Schedule C expense - Schedule E amortization from 2009 (accrual switch); net = gross - Schedule E sales and user charges; population StatCan 17-10-0155 July 1 estimates, 2021 boundaries; 2025 board membership applied to all years"
edmonton,member,sturgeon,ring,transit,2025,44672,7995,36677,21144,2.11,1.73,,"nominal dollars; gross operating cost = FIR Schedule C operating expenditure to 2008, Schedule C expense - Schedule E amortization from 2009 (accrual switch); net = gross - Schedule E sales and user charges; population StatCan 17-10-0155 July 1 estimates, 2021 boundaries; 2025 board membership applied to all years"
edmonton,member,sturgeon,ring,fcss,2001,412725,82311,330414,18468,22.35,17.89,,"nominal dollars; gross operating cost = FIR Schedule C operating expenditure to 2008, Schedule C expense - Schedule E amortization from 2009 (accrual switch); net = gross - Schedule E sales and user charges; population StatCan 17-10-0155 July 1 estimates, 2021 boundaries; 2025 board membership applied to all years"
edmonton,member,sturgeon,ring,fcss,2002,440576,77679,362897,18662,23.61,19.45,,"nominal dollars; gross operating cost = FIR Schedule C operating expenditure to 2008, Schedule C expense - Schedule E amortization from 2009 (accrual switch); net = gross - Schedule E sales and user charges; population StatCan 17-10-0155 July 1 estimates, 2021 boundaries; 2025 board membership applied to all years"
edmonton,member,sturgeon,ring,fcss,2003,506135,86002,420133,18730,27.02,22.43,,"nominal dollars; gross operating cost = FIR Schedule C operating expenditure to 2008, Schedule C expense - Schedule E amortization from 2009 (accrual switch); net = gross - Schedule E sales and user charges; population StatCan 17-10-0155 July 1 estimates, 2021 boundaries; 2025 board membership applied to all years"
edmonton,member,sturgeon,ring,fcss,2004,560936,83997,476939,18776,29.88,25.4,,"nominal dollars; gross operating cost = FIR Schedule C operating expenditure to 2008, Schedule C expense - Schedule E amortization from 2009 (accrual switch); net = gross - Schedule E sales and user charges; population StatCan 17-10-0155 July 1 estimates, 2021 boundaries; 2025 board membership applied to all years"
edmonton,member,sturgeon,ring,fcss,2005,569269,85249,484020,18959,30.03,25.53,,"nominal dollars; gross operating cost = FIR Schedule C operating expenditure to 2008, Schedule C expense - Schedule E amortization from 2009 (accrual switch); net = gross - Schedule E sales and user charges; population StatCan 17-10-0155 July 1 estimates, 2021 boundaries; 2025 board membership applied to all years"
edmonton,member,sturgeon,ring,fcss,2006,639071,109899,529172,19197,33.29,27.57,,"nominal dollars; gross operating cost = FIR Schedule C operating expenditure to 2008, Schedule C expense - Schedule E amortization from 2009 (accrual switch); net = gross - Schedule E sales and user charges; population StatCan 17-10-0155 July 1 estimates, 2021 boundaries; 2025 board membership applied to all years"
edmonton,member,sturgeon,ring,fcss,2007,643272,93384,549888,19463,33.05,28.25,,"nominal dollars; gross operating cost = FIR Schedule C operating expenditure to 2008, Schedule C expense - Schedule E amortization from 2009 (accrual switch); net = gross - Schedule E sales and user charges; population StatCan 17-10-0155 July 1 estimates, 2021 boundaries; 2025 board membership applied to all years"
edmonton,member,sturgeon,ring,fcss,2008,642033,80731,561302,19693,32.6,28.5,,"nominal dollars; gross operating cost = FIR Schedule C operating expenditure to 2008, Schedule C expense - Schedule E amortization from 2009 (accrual switch); net = gross - Schedule E sales and user charges; population StatCan 17-10-0155 July 1 estimates, 2021 boundaries; 2025 board membership applied to all years"
edmonton,member,sturgeon,ring,fcss,2009,649773,76651,573122,19969,32.54,28.7,,"nominal dollars; gross operating cost = FIR Schedule C operating expenditure to 2008, Schedule C expense - Schedule E amortization from 2009 (accrual switch); net = gross - Schedule E sales and user charges; population StatCan 17-10-0155 July 1 estimates, 2021 boundaries; 2025 board membership applied to all years"
edmonton,member,sturgeon,ring,fcss,2010,775150,71708,703442,20111,38.54,34.98,,"nominal dollars; gross operating cost = FIR Schedule C operating expenditure to 2008, Schedule C expense - Schedule E amortization from 2009 (accrual switch); net = gross - Schedule E sales and user charges; population StatCan 17-10-0155 July 1 estimates, 2021 boundaries; 2025 board membership applied to all years"
edmonton,member,sturgeon,ring,fcss,2011,736747,108459,628288,20199,36.47,31.1,,"nominal dollars; gross operating cost = FIR Schedule C operating expenditure to 2008, Schedule C expense - Schedule E amortization from 2009 (accrual switch); net = gross - Schedule E sales and user charges; population StatCan 17-10-0155 July 1 estimates, 2021 boundaries; 2025 board membership applied to all years"
edmonton,member,sturgeon,ring,fcss,2012,804501,95714,708787,20240,39.75,35.02,,"nominal dollars; gross operating cost = FIR Schedule C operating expenditure to 2008, Schedule C expense - Schedule E amortization from 2009 (accrual switch); net = gross - Schedule E sales and user charges; population StatCan 17-10-0155 July 1 estimates, 2021 boundaries; 2025 board membership applied to all years"
edmonton,member,sturgeon,ring,fcss,2013,813473,100090,713383,20698,39.3,34.47,,"nominal dollars; gross operating cost = FIR Schedule C operating expenditure to 2008, Schedule C expense - Schedule E amortization from 2009 (accrual switch); net = gross - Schedule E sales and user charges; population StatCan 17-10-0155 July 1 estimates, 2021 boundaries; 2025 board membership applied to all years"
edmonton,member,sturgeon,ring,fcss,2014,936012,88423,847589,21567,43.4,39.3,,"nominal dollars; gross operating cost = FIR Schedule C operating expenditure to 2008, Schedule C expense - Schedule E amortization from 2009 (accrual switch); net = gross - Schedule E sales and user charges; population StatCan 17-10-0155 July 1 estimates, 2021 boundaries; 2025 board membership applied to all years"
edmonton,member,sturgeon,ring,fcss,2015,990400,77957,912443,21219,46.68,43.0,,"nominal dollars; gross operating cost = FIR Schedule C operating expenditure to 2008, Schedule C expense - Schedule E amortization from 2009 (accrual switch); net = gross - Schedule E sales and user charges; population StatCan 17-10-0155 July 1 estimates, 2021 boundaries; 2025 board membership applied to all years"
edmonton,member,sturgeon,ring,fcss,2016,1042857,52265,990592,20911,49.87,47.37,,"nominal dollars; gross operating cost = FIR Schedule C operating expenditure to 2008, Schedule C expense - Schedule E amortization from 2009 (accrual switch); net = gross - Schedule E sales and user charges; population StatCan 17-10-0155 July 1 estimates, 2021 boundaries; 2025 board membership applied to all years"
edmonton,member,sturgeon,ring,fcss,2017,1150346,0,1150346,20916,55.0,55.0,,"nominal dollars; gross operating cost = FIR Schedule C operating expenditure to 2008, Schedule C expense - Schedule E amortization from 2009 (accrual switch); net = gross - Schedule E sales and user charges; population StatCan 17-10-0155 July 1 estimates, 2021 boundaries; 2025 board membership applied to all years"
edmonton,member,sturgeon,ring,fcss,2018,1326627,50891,1275736,21115,62.83,60.42,,"nominal dollars; gross operating cost = FIR Schedule C operating expenditure to 2008, Schedule C expense - Schedule E amortization from 2009 (accrual switch); net = gross - Schedule E sales and user charges; population StatCan 17-10-0155 July 1 estimates, 2021 boundaries; 2025 board membership applied to all years"
edmonton,member,sturgeon,ring,fcss,2019,1138172,52556,1085616,20962,54.3,51.79,,"nominal dollars; gross operating cost = FIR Schedule C operating expenditure to 2008, Schedule C expense - Schedule E amortization from 2009 (accrual switch); net = gross - Schedule E sales and user charges; population StatCan 17-10-0155 July 1 estimates, 2021 boundaries; 2025 board membership applied to all years"
edmonton,member,sturgeon,ring,fcss,2020,1101385,11913,1089472,20843,52.84,52.27,,"nominal dollars; gross operating cost = FIR Schedule C operating expenditure to 2008, Schedule C expense - Schedule E amortization from 2009 (accrual switch); net = gross - Schedule E sales and user charges; population StatCan 17-10-0155 July 1 estimates, 2021 boundaries; 2025 board membership applied to all years"
edmonton,member,sturgeon,ring,fcss,2021,1609113,5237,1603876,20733,77.61,77.36,,"nominal dollars; gross operating cost = FIR Schedule C operating expenditure to 2008, Schedule C expense - Schedule E amortization from 2009 (accrual switch); net = gross - Schedule E sales and user charges; population StatCan 17-10-0155 July 1 estimates, 2021 boundaries; 2025 board membership applied to all years"
edmonton,member,sturgeon,ring,fcss,2022,1718651,26510,1692141,20902,82.22,80.96,,"nominal dollars; gross operating cost = FIR Schedule C operating expenditure to 2008, Schedule C expense - Schedule E amortization from 2009 (accrual switch); net = gross - Schedule E sales and user charges; population StatCan 17-10-0155 July 1 estimates, 2021 boundaries; 2025 board membership applied to all years"
edmonton,member,sturgeon,ring,fcss,2023,2517653,56775,2460878,20935,120.26,117.55,,"nominal dollars; gross operating cost = FIR Schedule C operating expenditure to 2008, Schedule C expense - Schedule E amortization from 2009 (accrual switch); net = gross - Schedule E sales and user charges; population StatCan 17-10-0155 July 1 estimates, 2021 boundaries; 2025 board membership applied to all years"
edmonton,member,sturgeon,ring,fcss,2024,1958707,37261,1921446,21130,92.7,90.93,,"nominal dollars; gross operating cost = FIR Schedule C operating expenditure to 2008, Schedule C expense - Schedule E amortization from 2009 (accrual switch); net = gross - Schedule E sales and user charges; population StatCan 17-10-0155 July 1 estimates, 2021 boundaries; 2025 board membership applied to all years"
edmonton,member,sturgeon,ring,fcss,2025,2241008,40718,2200290,21144,105.99,104.06,,"nominal dollars; gross operating cost = FIR Schedule C operating expenditure to 2008, Schedule C expense - Schedule E amortization from 2009 (accrual switch); net = gross - Schedule E sales and user charges; population StatCan 17-10-0155 July 1 estimates, 2021 boundaries; 2025 board membership applied to all years"
edmonton,member,sturgeon,ring,housing,2009,0,0,0,19969,0.0,0.0,,"nominal dollars; gross operating cost = FIR Schedule C operating expenditure to 2008, Schedule C expense - Schedule E amortization from 2009 (accrual switch); net = gross - Schedule E sales and user charges; population StatCan 17-10-0155 July 1 estimates, 2021 boundaries; 2025 board membership applied to all years"
edmonton,member,sturgeon,ring,housing,2010,0,0,0,20111,0.0,0.0,,"nominal dollars; gross operating cost = FIR Schedule C operating expenditure to 2008, Schedule C expense - Schedule E amortization from 2009 (accrual switch); net = gross - Schedule E sales and user charges; population StatCan 17-10-0155 July 1 estimates, 2021 boundaries; 2025 board membership applied to all years"
edmonton,member,sturgeon,ring,housing,2011,0,0,0,20199,0.0,0.0,,"nominal dollars; gross operating cost = FIR Schedule C operating expenditure to 2008, Schedule C expense - Schedule E amortization from 2009 (accrual switch); net = gross - Schedule E sales and user charges; population StatCan 17-10-0155 July 1 estimates, 2021 boundaries; 2025 board membership applied to all years"
edmonton,member,sturgeon,ring,housing,2012,0,0,0,20240,0.0,0.0,,"nominal dollars; gross operating cost = FIR Schedule C operating expenditure to 2008, Schedule C expense - Schedule E amortization from 2009 (accrual switch); net = gross - Schedule E sales and user charges; population StatCan 17-10-0155 July 1 estimates, 2021 boundaries; 2025 board membership applied to all years"
edmonton,member,sturgeon,ring,housing,2013,0,0,0,20698,0.0,0.0,,"nominal dollars; gross operating cost = FIR Schedule C operating expenditure to 2008, Schedule C expense - Schedule E amortization from 2009 (accrual switch); net = gross - Schedule E sales and user charges; population StatCan 17-10-0155 July 1 estimates, 2021 boundaries; 2025 board membership applied to all years"
edmonton,member,sturgeon,ring,housing,2014,0,0,0,21567,0.0,0.0,,"nominal dollars; gross operating cost = FIR Schedule C operating expenditure to 2008, Schedule C expense - Schedule E amortization from 2009 (accrual switch); net = gross - Schedule E sales and user charges; population StatCan 17-10-0155 July 1 estimates, 2021 boundaries; 2025 board membership applied to all years"
edmonton,member,sturgeon,ring,housing,2015,0,0,0,21219,0.0,0.0,,"nominal dollars; gross operating cost = FIR Schedule C operating expenditure to 2008, Schedule C expense - Schedule E amortization from 2009 (accrual switch); net = gross - Schedule E sales and user charges; population StatCan 17-10-0155 July 1 estimates, 2021 boundaries; 2025 board membership applied to all years"
edmonton,member,sturgeon,ring,housing,2016,0,0,0,20911,0.0,0.0,,"nominal dollars; gross operating cost = FIR Schedule C operating expenditure to 2008, Schedule C expense - Schedule E amortization from 2009 (accrual switch); net = gross - Schedule E sales and user charges; population StatCan 17-10-0155 July 1 estimates, 2021 boundaries; 2025 board membership applied to all years"
edmonton,member,sturgeon,ring,housing,2017,0,0,0,20916,0.0,0.0,,"nominal dollars; gross operating cost = FIR Schedule C operating expenditure to 2008, Schedule C expense - Schedule E amortization from 2009 (accrual switch); net = gross - Schedule E sales and user charges; population StatCan 17-10-0155 July 1 estimates, 2021 boundaries; 2025 board membership applied to all years"
edmonton,member,sturgeon,ring,housing,2018,0,0,0,21115,0.0,0.0,,"nominal dollars; gross operating cost = FIR Schedule C operating expenditure to 2008, Schedule C expense - Schedule E amortization from 2009 (accrual switch); net = gross - Schedule E sales and user charges; population StatCan 17-10-0155 July 1 estimates, 2021 boundaries; 2025 board membership applied to all years"
edmonton,member,sturgeon,ring,housing,2019,0,0,0,20962,0.0,0.0,,"nominal dollars; gross operating cost = FIR Schedule C operating expenditure to 2008, Schedule C expense - Schedule E amortization from 2009 (accrual switch); net = gross - Schedule E sales and user charges; population StatCan 17-10-0155 July 1 estimates, 2021 boundaries; 2025 board membership applied to all years"
edmonton,member,sturgeon,ring,housing,2020,0,0,0,20843,0.0,0.0,,"nominal dollars; gross operating cost = FIR Schedule C operating expenditure to 2008, Schedule C expense - Schedule E amortization from 2009 (accrual switch); net = gross - Schedule E sales and user charges; population StatCan 17-10-0155 July 1 estimates, 2021 boundaries; 2025 board membership applied to all years"
edmonton,member,sturgeon,ring,housing,2021,0,0,0,20733,0.0,0.0,,"nominal dollars; gross operating cost = FIR Schedule C operating expenditure to 2008, Schedule C expense - Schedule E amortization from 2009 (accrual switch); net = gross - Schedule E sales and user charges; population StatCan 17-10-0155 July 1 estimates, 2021 boundaries; 2025 board membership applied to all years"
edmonton,member,sturgeon,ring,housing,2022,0,0,0,20902,0.0,0.0,,"nominal dollars; gross operating cost = FIR Schedule C operating expenditure to 2008, Schedule C expense - Schedule E amortization from 2009 (accrual switch); net = gross - Schedule E sales and user charges; population StatCan 17-10-0155 July 1 estimates, 2021 boundaries; 2025 board membership applied to all years"
edmonton,member,sturgeon,ring,housing,2023,0,0,0,20935,0.0,0.0,,"nominal dollars; gross operating cost = FIR Schedule C operating expenditure to 2008, Schedule C expense - Schedule E amortization from 2009 (accrual switch); net = gross - Schedule E sales and user charges; population StatCan 17-10-0155 July 1 estimates, 2021 boundaries; 2025 board membership applied to all years"
edmonton,member,sturgeon,ring,housing,2024,0,0,0,21130,0.0,0.0,,"nominal dollars; gross operating cost = FIR Schedule C operating expenditure to 2008, Schedule C expense - Schedule E amortization from 2009 (accrual switch); net = gross - Schedule E sales and user charges; population StatCan 17-10-0155 July 1 estimates, 2021 boundaries; 2025 board membership applied to all years"
edmonton,member,sturgeon,ring,housing,2025,0,0,0,21144,0.0,0.0,,"nominal dollars; gross operating cost = FIR Schedule C operating expenditure to 2008, Schedule C expense - Schedule E amortization from 2009 (accrual switch); net = gross - Schedule E sales and user charges; population StatCan 17-10-0155 July 1 estimates, 2021 boundaries; 2025 board membership applied to all years"
edmonton,side,core,core,police,2001,142361000,6191000,136170000,685188,207.77,198.73,,"nominal dollars; gross operating cost = FIR Schedule C operating expenditure to 2008, Schedule C expense - Schedule E amortization from 2009 (accrual switch); net = gross - Schedule E sales and user charges; population StatCan 17-10-0155 July 1 estimates, 2021 boundaries; 2025 board membership applied to all years"
edmonton,side,core,core,police,2002,153774000,7033000,146741000,700266,219.59,209.55,,"nominal dollars; gross operating cost = FIR Schedule C operating expenditure to 2008, Schedule C expense - Schedule E amortization from 2009 (accrual switch); net = gross - Schedule E sales and user charges; population StatCan 17-10-0155 July 1 estimates, 2021 boundaries; 2025 board membership applied to all years"
edmonton,side,core,core,police,2003,165905000,6961000,158944000,710998,233.34,223.55,,"nominal dollars; gross operating cost = FIR Schedule C operating expenditure to 2008, Schedule C expense - Schedule E amortization from 2009 (accrual switch); net = gross - Schedule E sales and user charges; population StatCan 17-10-0155 July 1 estimates, 2021 boundaries; 2025 board membership applied to all years"
edmonton,side,core,core,police,2004,178103000,9089000,169014000,721622,246.81,234.21,,"nominal dollars; gross operating cost = FIR Schedule C operating expenditure to 2008, Schedule C expense - Schedule E amortization from 2009 (accrual switch); net = gross - Schedule E sales and user charges; population StatCan 17-10-0155 July 1 estimates, 2021 boundaries; 2025 board membership applied to all years"
edmonton,side,core,core,police,2005,193319000,9964000,183355000,738537,261.76,248.27,,"nominal dollars; gross operating cost = FIR Schedule C operating expenditure to 2008, Schedule C expense - Schedule E amortization from 2009 (accrual switch); net = gross - Schedule E sales and user charges; population StatCan 17-10-0155 July 1 estimates, 2021 boundaries; 2025 board membership applied to all years"
edmonton,side,core,core,police,2006,203765000,10320000,193445000,759605,268.25,254.67,,"nominal dollars; gross operating cost = FIR Schedule C operating expenditure to 2008, Schedule C expense - Schedule E amortization from 2009 (accrual switch); net = gross - Schedule E sales and user charges; population StatCan 17-10-0155 July 1 estimates, 2021 boundaries; 2025 board membership applied to all years"
edmonton,side,core,core,police,2007,219111000,11275000,207836000,779360,281.14,266.68,,"nominal dollars; gross operating cost = FIR Schedule C operating expenditure to 2008, Schedule C expense - Schedule E amortization from 2009 (accrual switch); net = gross - Schedule E sales and user charges; population StatCan 17-10-0155 July 1 estimates, 2021 boundaries; 2025 board membership applied to all years"
edmonton,side,core,core,police,2008,243442000,12920000,230522000,797133,305.4,289.19,,"nominal dollars; gross operating cost = FIR Schedule C operating expenditure to 2008, Schedule C expense - Schedule E amortization from 2009 (accrual switch); net = gross - Schedule E sales and user charges; population StatCan 17-10-0155 July 1 estimates, 2021 boundaries; 2025 board membership applied to all years"
edmonton,side,core,core,police,2009,249897000,12778000,237119000,818052,305.48,289.86,,"nominal dollars; gross operating cost = FIR Schedule C operating expenditure to 2008, Schedule C expense - Schedule E amortization from 2009 (accrual switch); net = gross - Schedule E sales and user charges; population StatCan 17-10-0155 July 1 estimates, 2021 boundaries; 2025 board membership applied to all years"
edmonton,side,core,core,police,2010,284091000,22664000,261427000,831589,341.62,314.37,,"nominal dollars; gross operating cost = FIR Schedule C operating expenditure to 2008, Schedule C expense - Schedule E amortization from 2009 (accrual switch); net = gross - Schedule E sales and user charges; population StatCan 17-10-0155 July 1 estimates, 2021 boundaries; 2025 board membership applied to all years"
edmonton,side,core,core,police,2011,301549000,22429000,279120000,845596,356.61,330.09,,"nominal dollars; gross operating cost = FIR Schedule C operating expenditure to 2008, Schedule C expense - Schedule E amortization from 2009 (accrual switch); net = gross - Schedule E sales and user charges; population StatCan 17-10-0155 July 1 estimates, 2021 boundaries; 2025 board membership applied to all years"
edmonton,side,core,core,police,2012,319051000,22469000,296582000,864962,368.86,342.88,,"nominal dollars; gross operating cost = FIR Schedule C operating expenditure to 2008, Schedule C expense - Schedule E amortization from 2009 (accrual switch); net = gross - Schedule E sales and user charges; population StatCan 17-10-0155 July 1 estimates, 2021 boundaries; 2025 board membership applied to all years"
edmonton,side,core,core,police,2013,336331000,23424000,312907000,893025,376.62,350.39,,"nominal dollars; gross operating cost = FIR Schedule C operating expenditure to 2008, Schedule C expense - Schedule E amortization from 2009 (accrual switch); net = gross - Schedule E sales and user charges; population StatCan 17-10-0155 July 1 estimates, 2021 boundaries; 2025 board membership applied to all years"
edmonton,side,core,core,police,2014,343942000,23480000,320462000,923701,372.35,346.93,,"nominal dollars; gross operating cost = FIR Schedule C operating expenditure to 2008, Schedule C expense - Schedule E amortization from 2009 (accrual switch); net = gross - Schedule E sales and user charges; population StatCan 17-10-0155 July 1 estimates, 2021 boundaries; 2025 board membership applied to all years"
edmonton,side,core,core,police,2015,357782000,24069000,333713000,946855,377.86,352.44,,"nominal dollars; gross operating cost = FIR Schedule C operating expenditure to 2008, Schedule C expense - Schedule E amortization from 2009 (accrual switch); net = gross - Schedule E sales and user charges; population StatCan 17-10-0155 July 1 estimates, 2021 boundaries; 2025 board membership applied to all years"
edmonton,side,core,core,police,2016,389899000,24829000,365070000,957435,407.23,381.3,,"nominal dollars; gross operating cost = FIR Schedule C operating expenditure to 2008, Schedule C expense - Schedule E amortization from 2009 (accrual switch); net = gross - Schedule E sales and user charges; population StatCan 17-10-0155 July 1 estimates, 2021 boundaries; 2025 board membership applied to all years"
edmonton,side,core,core,police,2017,405147000,26407000,378740000,975972,415.12,388.06,,"nominal dollars; gross operating cost = FIR Schedule C operating expenditure to 2008, Schedule C expense - Schedule E amortization from 2009 (accrual switch); net = gross - Schedule E sales and user charges; population StatCan 17-10-0155 July 1 estimates, 2021 boundaries; 2025 board membership applied to all years"
edmonton,side,core,core,police,2018,423130000,27215000,395915000,1003493,421.66,394.54,,"nominal dollars; gross operating cost = FIR Schedule C operating expenditure to 2008, Schedule C expense - Schedule E amortization from 2009 (accrual switch); net = gross - Schedule E sales and user charges; population StatCan 17-10-0155 July 1 estimates, 2021 boundaries; 2025 board membership applied to all years"
edmonton,side,core,core,police,2019,441813000,27200000,414613000,1026499,430.41,403.91,,"nominal dollars; gross operating cost = FIR Schedule C operating expenditure to 2008, Schedule C expense - Schedule E amortization from 2009 (accrual switch); net = gross - Schedule E sales and user charges; population StatCan 17-10-0155 July 1 estimates, 2021 boundaries; 2025 board membership applied to all years"
edmonton,side,core,core,police,2020,457854000,28406000,429448000,1046556,437.49,410.34,,"nominal dollars; gross operating cost = FIR Schedule C operating expenditure to 2008, Schedule C expense - Schedule E amortization from 2009 (accrual switch); net = gross - Schedule E sales and user charges; population StatCan 17-10-0155 July 1 estimates, 2021 boundaries; 2025 board membership applied to all years"
edmonton,side,core,core,police,2021,474534000,29132000,445402000,1050945,451.53,423.81,,"nominal dollars; gross operating cost = FIR Schedule C operating expenditure to 2008, Schedule C expense - Schedule E amortization from 2009 (accrual switch); net = gross - Schedule E sales and user charges; population StatCan 17-10-0155 July 1 estimates, 2021 boundaries; 2025 board membership applied to all years"
edmonton,side,core,core,police,2022,480830000,31344000,449486000,1074178,447.63,418.45,,"nominal dollars; gross operating cost = FIR Schedule C operating expenditure to 2008, Schedule C expense - Schedule E amortization from 2009 (accrual switch); net = gross - Schedule E sales and user charges; population StatCan 17-10-0155 July 1 estimates, 2021 boundaries; 2025 board membership applied to all years"
edmonton,side,core,core,police,2023,504895000,33996000,470899000,1127183,447.93,417.77,,"nominal dollars; gross operating cost = FIR Schedule C operating expenditure to 2008, Schedule C expense - Schedule E amortization from 2009 (accrual switch); net = gross - Schedule E sales and user charges; population StatCan 17-10-0155 July 1 estimates, 2021 boundaries; 2025 board membership applied to all years"
edmonton,side,core,core,police,2024,560218000,36665000,523553000,1197771,467.72,437.11,,"nominal dollars; gross operating cost = FIR Schedule C operating expenditure to 2008, Schedule C expense - Schedule E amortization from 2009 (accrual switch); net = gross - Schedule E sales and user charges; population StatCan 17-10-0155 July 1 estimates, 2021 boundaries; 2025 board membership applied to all years"
edmonton,side,core,core,police,2025,603337000,40721000,562616000,1238295,487.23,454.35,,"nominal dollars; gross operating cost = FIR Schedule C operating expenditure to 2008, Schedule C expense - Schedule E amortization from 2009 (accrual switch); net = gross - Schedule E sales and user charges; population StatCan 17-10-0155 July 1 estimates, 2021 boundaries; 2025 board membership applied to all years"
edmonton,side,core,core,transit,2001,113024000,54101000,58923000,685188,164.95,86.0,,"nominal dollars; gross operating cost = FIR Schedule C operating expenditure to 2008, Schedule C expense - Schedule E amortization from 2009 (accrual switch); net = gross - Schedule E sales and user charges; population StatCan 17-10-0155 July 1 estimates, 2021 boundaries; 2025 board membership applied to all years"
edmonton,side,core,core,transit,2002,117352000,57088000,60264000,700266,167.58,86.06,,"nominal dollars; gross operating cost = FIR Schedule C operating expenditure to 2008, Schedule C expense - Schedule E amortization from 2009 (accrual switch); net = gross - Schedule E sales and user charges; population StatCan 17-10-0155 July 1 estimates, 2021 boundaries; 2025 board membership applied to all years"
edmonton,side,core,core,transit,2003,126122000,60783000,65339000,710998,177.39,91.9,,"nominal dollars; gross operating cost = FIR Schedule C operating expenditure to 2008, Schedule C expense - Schedule E amortization from 2009 (accrual switch); net = gross - Schedule E sales and user charges; population StatCan 17-10-0155 July 1 estimates, 2021 boundaries; 2025 board membership applied to all years"
edmonton,side,core,core,transit,2004,148116000,64492000,83624000,721622,205.25,115.88,,"nominal dollars; gross operating cost = FIR Schedule C operating expenditure to 2008, Schedule C expense - Schedule E amortization from 2009 (accrual switch); net = gross - Schedule E sales and user charges; population StatCan 17-10-0155 July 1 estimates, 2021 boundaries; 2025 board membership applied to all years"
edmonton,side,core,core,transit,2005,159315000,67983000,91332000,738537,215.72,123.67,,"nominal dollars; gross operating cost = FIR Schedule C operating expenditure to 2008, Schedule C expense - Schedule E amortization from 2009 (accrual switch); net = gross - Schedule E sales and user charges; population StatCan 17-10-0155 July 1 estimates, 2021 boundaries; 2025 board membership applied to all years"
edmonton,side,core,core,transit,2006,163688000,75273000,88415000,759605,215.49,116.4,,"nominal dollars; gross operating cost = FIR Schedule C operating expenditure to 2008, Schedule C expense - Schedule E amortization from 2009 (accrual switch); net = gross - Schedule E sales and user charges; population StatCan 17-10-0155 July 1 estimates, 2021 boundaries; 2025 board membership applied to all years"
edmonton,side,core,core,transit,2007,184413000,81869000,102544000,779360,236.62,131.57,,"nominal dollars; gross operating cost = FIR Schedule C operating expenditure to 2008, Schedule C expense - Schedule E amortization from 2009 (accrual switch); net = gross - Schedule E sales and user charges; population StatCan 17-10-0155 July 1 estimates, 2021 boundaries; 2025 board membership applied to all years"
edmonton,side,core,core,transit,2008,209787000,88425000,121362000,797133,263.18,152.25,,"nominal dollars; gross operating cost = FIR Schedule C operating expenditure to 2008, Schedule C expense - Schedule E amortization from 2009 (accrual switch); net = gross - Schedule E sales and user charges; population StatCan 17-10-0155 July 1 estimates, 2021 boundaries; 2025 board membership applied to all years"
edmonton,side,core,core,transit,2009,235283000,95400000,139883000,818052,287.61,171.0,,"nominal dollars; gross operating cost = FIR Schedule C operating expenditure to 2008, Schedule C expense - Schedule E amortization from 2009 (accrual switch); net = gross - Schedule E sales and user charges; population StatCan 17-10-0155 July 1 estimates, 2021 boundaries; 2025 board membership applied to all years"
edmonton,side,core,core,transit,2010,267751000,102143000,165608000,831589,321.98,199.15,,"nominal dollars; gross operating cost = FIR Schedule C operating expenditure to 2008, Schedule C expense - Schedule E amortization from 2009 (accrual switch); net = gross - Schedule E sales and user charges; population StatCan 17-10-0155 July 1 estimates, 2021 boundaries; 2025 board membership applied to all years"
edmonton,side,core,core,transit,2011,291693000,112068000,179625000,845596,344.96,212.42,,"nominal dollars; gross operating cost = FIR Schedule C operating expenditure to 2008, Schedule C expense - Schedule E amortization from 2009 (accrual switch); net = gross - Schedule E sales and user charges; population StatCan 17-10-0155 July 1 estimates, 2021 boundaries; 2025 board membership applied to all years"
edmonton,side,core,core,transit,2012,302141000,118635000,183506000,864962,349.31,212.15,,"nominal dollars; gross operating cost = FIR Schedule C operating expenditure to 2008, Schedule C expense - Schedule E amortization from 2009 (accrual switch); net = gross - Schedule E sales and user charges; population StatCan 17-10-0155 July 1 estimates, 2021 boundaries; 2025 board membership applied to all years"
edmonton,side,core,core,transit,2013,315096000,130426000,184670000,893025,352.84,206.79,,"nominal dollars; gross operating cost = FIR Schedule C operating expenditure to 2008, Schedule C expense - Schedule E amortization from 2009 (accrual switch); net = gross - Schedule E sales and user charges; population StatCan 17-10-0155 July 1 estimates, 2021 boundaries; 2025 board membership applied to all years"
edmonton,side,core,core,transit,2014,320670000,132342000,188328000,923701,347.16,203.88,,"nominal dollars; gross operating cost = FIR Schedule C operating expenditure to 2008, Schedule C expense - Schedule E amortization from 2009 (accrual switch); net = gross - Schedule E sales and user charges; population StatCan 17-10-0155 July 1 estimates, 2021 boundaries; 2025 board membership applied to all years"
edmonton,side,core,core,transit,2015,334895000,130515000,204380000,946855,353.69,215.85,,"nominal dollars; gross operating cost = FIR Schedule C operating expenditure to 2008, Schedule C expense - Schedule E amortization from 2009 (accrual switch); net = gross - Schedule E sales and user charges; population StatCan 17-10-0155 July 1 estimates, 2021 boundaries; 2025 board membership applied to all years"
edmonton,side,core,core,transit,2016,350193000,130358000,219835000,957435,365.76,229.61,,"nominal dollars; gross operating cost = FIR Schedule C operating expenditure to 2008, Schedule C expense - Schedule E amortization from 2009 (accrual switch); net = gross - Schedule E sales and user charges; population StatCan 17-10-0155 July 1 estimates, 2021 boundaries; 2025 board membership applied to all years"
edmonton,side,core,core,transit,2017,377573000,129897000,247676000,975972,386.87,253.77,,"nominal dollars; gross operating cost = FIR Schedule C operating expenditure to 2008, Schedule C expense - Schedule E amortization from 2009 (accrual switch); net = gross - Schedule E sales and user charges; population StatCan 17-10-0155 July 1 estimates, 2021 boundaries; 2025 board membership applied to all years"
edmonton,side,core,core,transit,2018,387604000,130406000,257198000,1003493,386.25,256.3,,"nominal dollars; gross operating cost = FIR Schedule C operating expenditure to 2008, Schedule C expense - Schedule E amortization from 2009 (accrual switch); net = gross - Schedule E sales and user charges; population StatCan 17-10-0155 July 1 estimates, 2021 boundaries; 2025 board membership applied to all years"
edmonton,side,core,core,transit,2019,459174000,129317000,329857000,1026499,447.32,321.34,,"nominal dollars; gross operating cost = FIR Schedule C operating expenditure to 2008, Schedule C expense - Schedule E amortization from 2009 (accrual switch); net = gross - Schedule E sales and user charges; population StatCan 17-10-0155 July 1 estimates, 2021 boundaries; 2025 board membership applied to all years"
edmonton,side,core,core,transit,2020,388423000,59948000,328475000,1046556,371.14,313.86,,"nominal dollars; gross operating cost = FIR Schedule C operating expenditure to 2008, Schedule C expense - Schedule E amortization from 2009 (accrual switch); net = gross - Schedule E sales and user charges; population StatCan 17-10-0155 July 1 estimates, 2021 boundaries; 2025 board membership applied to all years"
edmonton,side,core,core,transit,2021,377738000,56679000,321059000,1050945,359.43,305.5,,"nominal dollars; gross operating cost = FIR Schedule C operating expenditure to 2008, Schedule C expense - Schedule E amortization from 2009 (accrual switch); net = gross - Schedule E sales and user charges; population StatCan 17-10-0155 July 1 estimates, 2021 boundaries; 2025 board membership applied to all years"
edmonton,side,core,core,transit,2022,416331000,81923000,334408000,1074178,387.58,311.32,,"nominal dollars; gross operating cost = FIR Schedule C operating expenditure to 2008, Schedule C expense - Schedule E amortization from 2009 (accrual switch); net = gross - Schedule E sales and user charges; population StatCan 17-10-0155 July 1 estimates, 2021 boundaries; 2025 board membership applied to all years"
edmonton,side,core,core,transit,2023,435124000,96592000,338532000,1127183,386.03,300.33,,"nominal dollars; gross operating cost = FIR Schedule C operating expenditure to 2008, Schedule C expense - Schedule E amortization from 2009 (accrual switch); net = gross - Schedule E sales and user charges; population StatCan 17-10-0155 July 1 estimates, 2021 boundaries; 2025 board membership applied to all years"
edmonton,side,core,core,transit,2024,491633000,105846000,385787000,1197771,410.46,322.09,,"nominal dollars; gross operating cost = FIR Schedule C operating expenditure to 2008, Schedule C expense - Schedule E amortization from 2009 (accrual switch); net = gross - Schedule E sales and user charges; population StatCan 17-10-0155 July 1 estimates, 2021 boundaries; 2025 board membership applied to all years"
edmonton,side,core,core,transit,2025,505811000,107002000,398809000,1238295,408.47,322.06,,"nominal dollars; gross operating cost = FIR Schedule C operating expenditure to 2008, Schedule C expense - Schedule E amortization from 2009 (accrual switch); net = gross - Schedule E sales and user charges; population StatCan 17-10-0155 July 1 estimates, 2021 boundaries; 2025 board membership applied to all years"
edmonton,side,core,core,fcss,2001,11626000,455000,11171000,685188,16.97,16.3,,"nominal dollars; gross operating cost = FIR Schedule C operating expenditure to 2008, Schedule C expense - Schedule E amortization from 2009 (accrual switch); net = gross - Schedule E sales and user charges; population StatCan 17-10-0155 July 1 estimates, 2021 boundaries; 2025 board membership applied to all years"
edmonton,side,core,core,fcss,2002,13096000,414000,12682000,700266,18.7,18.11,,"nominal dollars; gross operating cost = FIR Schedule C operating expenditure to 2008, Schedule C expense - Schedule E amortization from 2009 (accrual switch); net = gross - Schedule E sales and user charges; population StatCan 17-10-0155 July 1 estimates, 2021 boundaries; 2025 board membership applied to all years"
edmonton,side,core,core,fcss,2003,13543000,39000,13504000,710998,19.05,18.99,,"nominal dollars; gross operating cost = FIR Schedule C operating expenditure to 2008, Schedule C expense - Schedule E amortization from 2009 (accrual switch); net = gross - Schedule E sales and user charges; population StatCan 17-10-0155 July 1 estimates, 2021 boundaries; 2025 board membership applied to all years"
edmonton,side,core,core,fcss,2004,14431000,111000,14320000,721622,20.0,19.84,,"nominal dollars; gross operating cost = FIR Schedule C operating expenditure to 2008, Schedule C expense - Schedule E amortization from 2009 (accrual switch); net = gross - Schedule E sales and user charges; population StatCan 17-10-0155 July 1 estimates, 2021 boundaries; 2025 board membership applied to all years"
edmonton,side,core,core,fcss,2005,15031000,239000,14792000,738537,20.35,20.03,,"nominal dollars; gross operating cost = FIR Schedule C operating expenditure to 2008, Schedule C expense - Schedule E amortization from 2009 (accrual switch); net = gross - Schedule E sales and user charges; population StatCan 17-10-0155 July 1 estimates, 2021 boundaries; 2025 board membership applied to all years"
edmonton,side,core,core,fcss,2006,20790000,306000,20484000,759605,27.37,26.97,,"nominal dollars; gross operating cost = FIR Schedule C operating expenditure to 2008, Schedule C expense - Schedule E amortization from 2009 (accrual switch); net = gross - Schedule E sales and user charges; population StatCan 17-10-0155 July 1 estimates, 2021 boundaries; 2025 board membership applied to all years"
edmonton,side,core,core,fcss,2007,42634000,1194000,41440000,779360,54.7,53.17,,"nominal dollars; gross operating cost = FIR Schedule C operating expenditure to 2008, Schedule C expense - Schedule E amortization from 2009 (accrual switch); net = gross - Schedule E sales and user charges; population StatCan 17-10-0155 July 1 estimates, 2021 boundaries; 2025 board membership applied to all years"
edmonton,side,core,core,fcss,2008,48965000,1694000,47271000,797133,61.43,59.3,,"nominal dollars; gross operating cost = FIR Schedule C operating expenditure to 2008, Schedule C expense - Schedule E amortization from 2009 (accrual switch); net = gross - Schedule E sales and user charges; population StatCan 17-10-0155 July 1 estimates, 2021 boundaries; 2025 board membership applied to all years"
edmonton,side,core,core,fcss,2009,39344000,835000,38509000,818052,48.09,47.07,,"nominal dollars; gross operating cost = FIR Schedule C operating expenditure to 2008, Schedule C expense - Schedule E amortization from 2009 (accrual switch); net = gross - Schedule E sales and user charges; population StatCan 17-10-0155 July 1 estimates, 2021 boundaries; 2025 board membership applied to all years"
edmonton,side,core,core,fcss,2010,45534000,1626000,43908000,831589,54.76,52.8,,"nominal dollars; gross operating cost = FIR Schedule C operating expenditure to 2008, Schedule C expense - Schedule E amortization from 2009 (accrual switch); net = gross - Schedule E sales and user charges; population StatCan 17-10-0155 July 1 estimates, 2021 boundaries; 2025 board membership applied to all years"
edmonton,side,core,core,fcss,2011,36393000,2063000,34330000,845596,43.04,40.6,,"nominal dollars; gross operating cost = FIR Schedule C operating expenditure to 2008, Schedule C expense - Schedule E amortization from 2009 (accrual switch); net = gross - Schedule E sales and user charges; population StatCan 17-10-0155 July 1 estimates, 2021 boundaries; 2025 board membership applied to all years"
edmonton,side,core,core,fcss,2012,41699000,581000,41118000,864962,48.21,47.54,,"nominal dollars; gross operating cost = FIR Schedule C operating expenditure to 2008, Schedule C expense - Schedule E amortization from 2009 (accrual switch); net = gross - Schedule E sales and user charges; population StatCan 17-10-0155 July 1 estimates, 2021 boundaries; 2025 board membership applied to all years"
edmonton,side,core,core,fcss,2013,36609000,756000,35853000,893025,40.99,40.15,,"nominal dollars; gross operating cost = FIR Schedule C operating expenditure to 2008, Schedule C expense - Schedule E amortization from 2009 (accrual switch); net = gross - Schedule E sales and user charges; population StatCan 17-10-0155 July 1 estimates, 2021 boundaries; 2025 board membership applied to all years"
edmonton,side,core,core,fcss,2014,40371000,653000,39718000,923701,43.71,43.0,,"nominal dollars; gross operating cost = FIR Schedule C operating expenditure to 2008, Schedule C expense - Schedule E amortization from 2009 (accrual switch); net = gross - Schedule E sales and user charges; population StatCan 17-10-0155 July 1 estimates, 2021 boundaries; 2025 board membership applied to all years"
edmonton,side,core,core,fcss,2015,44050000,863000,43187000,946855,46.52,45.61,,"nominal dollars; gross operating cost = FIR Schedule C operating expenditure to 2008, Schedule C expense - Schedule E amortization from 2009 (accrual switch); net = gross - Schedule E sales and user charges; population StatCan 17-10-0155 July 1 estimates, 2021 boundaries; 2025 board membership applied to all years"
edmonton,side,core,core,fcss,2016,57134000,1173000,55961000,957435,59.67,58.45,,"nominal dollars; gross operating cost = FIR Schedule C operating expenditure to 2008, Schedule C expense - Schedule E amortization from 2009 (accrual switch); net = gross - Schedule E sales and user charges; population StatCan 17-10-0155 July 1 estimates, 2021 boundaries; 2025 board membership applied to all years"
edmonton,side,core,core,fcss,2017,61386000,941000,60445000,975972,62.9,61.93,,"nominal dollars; gross operating cost = FIR Schedule C operating expenditure to 2008, Schedule C expense - Schedule E amortization from 2009 (accrual switch); net = gross - Schedule E sales and user charges; population StatCan 17-10-0155 July 1 estimates, 2021 boundaries; 2025 board membership applied to all years"
edmonton,side,core,core,fcss,2018,58992000,1363000,57629000,1003493,58.79,57.43,,"nominal dollars; gross operating cost = FIR Schedule C operating expenditure to 2008, Schedule C expense - Schedule E amortization from 2009 (accrual switch); net = gross - Schedule E sales and user charges; population StatCan 17-10-0155 July 1 estimates, 2021 boundaries; 2025 board membership applied to all years"
edmonton,side,core,core,fcss,2019,57076000,1489000,55587000,1026499,55.6,54.15,,"nominal dollars; gross operating cost = FIR Schedule C operating expenditure to 2008, Schedule C expense - Schedule E amortization from 2009 (accrual switch); net = gross - Schedule E sales and user charges; population StatCan 17-10-0155 July 1 estimates, 2021 boundaries; 2025 board membership applied to all years"
edmonton,side,core,core,fcss,2020,57317000,540000,56777000,1046556,54.77,54.25,,"nominal dollars; gross operating cost = FIR Schedule C operating expenditure to 2008, Schedule C expense - Schedule E amortization from 2009 (accrual switch); net = gross - Schedule E sales and user charges; population StatCan 17-10-0155 July 1 estimates, 2021 boundaries; 2025 board membership applied to all years"
edmonton,side,core,core,fcss,2021,51622000,727000,50895000,1050945,49.12,48.43,,"nominal dollars; gross operating cost = FIR Schedule C operating expenditure to 2008, Schedule C expense - Schedule E amortization from 2009 (accrual switch); net = gross - Schedule E sales and user charges; population StatCan 17-10-0155 July 1 estimates, 2021 boundaries; 2025 board membership applied to all years"
edmonton,side,core,core,fcss,2022,62122000,2051000,60071000,1074178,57.83,55.92,,"nominal dollars; gross operating cost = FIR Schedule C operating expenditure to 2008, Schedule C expense - Schedule E amortization from 2009 (accrual switch); net = gross - Schedule E sales and user charges; population StatCan 17-10-0155 July 1 estimates, 2021 boundaries; 2025 board membership applied to all years"
edmonton,side,core,core,fcss,2023,59876000,1977000,57899000,1127183,53.12,51.37,,"nominal dollars; gross operating cost = FIR Schedule C operating expenditure to 2008, Schedule C expense - Schedule E amortization from 2009 (accrual switch); net = gross - Schedule E sales and user charges; population StatCan 17-10-0155 July 1 estimates, 2021 boundaries; 2025 board membership applied to all years"
edmonton,side,core,core,fcss,2024,71688000,2159000,69529000,1197771,59.85,58.05,,"nominal dollars; gross operating cost = FIR Schedule C operating expenditure to 2008, Schedule C expense - Schedule E amortization from 2009 (accrual switch); net = gross - Schedule E sales and user charges; population StatCan 17-10-0155 July 1 estimates, 2021 boundaries; 2025 board membership applied to all years"
edmonton,side,core,core,fcss,2025,78434000,2189000,76245000,1238295,63.34,61.57,,"nominal dollars; gross operating cost = FIR Schedule C operating expenditure to 2008, Schedule C expense - Schedule E amortization from 2009 (accrual switch); net = gross - Schedule E sales and user charges; population StatCan 17-10-0155 July 1 estimates, 2021 boundaries; 2025 board membership applied to all years"
edmonton,side,core,core,housing,2009,33160000,238000,32922000,818052,40.54,40.24,,"nominal dollars; gross operating cost = FIR Schedule C operating expenditure to 2008, Schedule C expense - Schedule E amortization from 2009 (accrual switch); net = gross - Schedule E sales and user charges; population StatCan 17-10-0155 July 1 estimates, 2021 boundaries; 2025 board membership applied to all years"
edmonton,side,core,core,housing,2010,36206000,407000,35799000,831589,43.54,43.05,,"nominal dollars; gross operating cost = FIR Schedule C operating expenditure to 2008, Schedule C expense - Schedule E amortization from 2009 (accrual switch); net = gross - Schedule E sales and user charges; population StatCan 17-10-0155 July 1 estimates, 2021 boundaries; 2025 board membership applied to all years"
edmonton,side,core,core,housing,2011,32721000,7850000,24871000,845596,38.7,29.41,,"nominal dollars; gross operating cost = FIR Schedule C operating expenditure to 2008, Schedule C expense - Schedule E amortization from 2009 (accrual switch); net = gross - Schedule E sales and user charges; population StatCan 17-10-0155 July 1 estimates, 2021 boundaries; 2025 board membership applied to all years"
edmonton,side,core,core,housing,2012,33333000,550000,32783000,864962,38.54,37.9,,"nominal dollars; gross operating cost = FIR Schedule C operating expenditure to 2008, Schedule C expense - Schedule E amortization from 2009 (accrual switch); net = gross - Schedule E sales and user charges; population StatCan 17-10-0155 July 1 estimates, 2021 boundaries; 2025 board membership applied to all years"
edmonton,side,core,core,housing,2013,22301000,223000,22078000,893025,24.97,24.72,,"nominal dollars; gross operating cost = FIR Schedule C operating expenditure to 2008, Schedule C expense - Schedule E amortization from 2009 (accrual switch); net = gross - Schedule E sales and user charges; population StatCan 17-10-0155 July 1 estimates, 2021 boundaries; 2025 board membership applied to all years"
edmonton,side,core,core,housing,2014,25416000,180000,25236000,923701,27.52,27.32,,"nominal dollars; gross operating cost = FIR Schedule C operating expenditure to 2008, Schedule C expense - Schedule E amortization from 2009 (accrual switch); net = gross - Schedule E sales and user charges; population StatCan 17-10-0155 July 1 estimates, 2021 boundaries; 2025 board membership applied to all years"
edmonton,side,core,core,housing,2015,15931000,170000,15761000,946855,16.83,16.65,,"nominal dollars; gross operating cost = FIR Schedule C operating expenditure to 2008, Schedule C expense - Schedule E amortization from 2009 (accrual switch); net = gross - Schedule E sales and user charges; population StatCan 17-10-0155 July 1 estimates, 2021 boundaries; 2025 board membership applied to all years"
edmonton,side,core,core,housing,2016,30723000,147000,30576000,957435,32.09,31.94,,"nominal dollars; gross operating cost = FIR Schedule C operating expenditure to 2008, Schedule C expense - Schedule E amortization from 2009 (accrual switch); net = gross - Schedule E sales and user charges; population StatCan 17-10-0155 July 1 estimates, 2021 boundaries; 2025 board membership applied to all years"
edmonton,side,core,core,housing,2017,30882000,179000,30703000,975972,31.64,31.46,,"nominal dollars; gross operating cost = FIR Schedule C operating expenditure to 2008, Schedule C expense - Schedule E amortization from 2009 (accrual switch); net = gross - Schedule E sales and user charges; population StatCan 17-10-0155 July 1 estimates, 2021 boundaries; 2025 board membership applied to all years"
edmonton,side,core,core,housing,2018,31786000,149000,31637000,1003493,31.68,31.53,,"nominal dollars; gross operating cost = FIR Schedule C operating expenditure to 2008, Schedule C expense - Schedule E amortization from 2009 (accrual switch); net = gross - Schedule E sales and user charges; population StatCan 17-10-0155 July 1 estimates, 2021 boundaries; 2025 board membership applied to all years"
edmonton,side,core,core,housing,2019,37029000,137000,36892000,1026499,36.07,35.94,,"nominal dollars; gross operating cost = FIR Schedule C operating expenditure to 2008, Schedule C expense - Schedule E amortization from 2009 (accrual switch); net = gross - Schedule E sales and user charges; population StatCan 17-10-0155 July 1 estimates, 2021 boundaries; 2025 board membership applied to all years"
edmonton,side,core,core,housing,2020,44493000,9792000,34701000,1046556,42.51,33.16,,"nominal dollars; gross operating cost = FIR Schedule C operating expenditure to 2008, Schedule C expense - Schedule E amortization from 2009 (accrual switch); net = gross - Schedule E sales and user charges; population StatCan 17-10-0155 July 1 estimates, 2021 boundaries; 2025 board membership applied to all years"
edmonton,side,core,core,housing,2021,84928000,8987000,75941000,1050945,80.81,72.26,,"nominal dollars; gross operating cost = FIR Schedule C operating expenditure to 2008, Schedule C expense - Schedule E amortization from 2009 (accrual switch); net = gross - Schedule E sales and user charges; population StatCan 17-10-0155 July 1 estimates, 2021 boundaries; 2025 board membership applied to all years"
edmonton,side,core,core,housing,2022,150883000,-33000,150916000,1074178,140.46,140.49,,"nominal dollars; gross operating cost = FIR Schedule C operating expenditure to 2008, Schedule C expense - Schedule E amortization from 2009 (accrual switch); net = gross - Schedule E sales and user charges; population StatCan 17-10-0155 July 1 estimates, 2021 boundaries; 2025 board membership applied to all years"
edmonton,side,core,core,housing,2023,85255000,0,85255000,1127183,75.64,75.64,,"nominal dollars; gross operating cost = FIR Schedule C operating expenditure to 2008, Schedule C expense - Schedule E amortization from 2009 (accrual switch); net = gross - Schedule E sales and user charges; population StatCan 17-10-0155 July 1 estimates, 2021 boundaries; 2025 board membership applied to all years"
edmonton,side,core,core,housing,2024,78485000,205000,78280000,1197771,65.53,65.35,,"nominal dollars; gross operating cost = FIR Schedule C operating expenditure to 2008, Schedule C expense - Schedule E amortization from 2009 (accrual switch); net = gross - Schedule E sales and user charges; population StatCan 17-10-0155 July 1 estimates, 2021 boundaries; 2025 board membership applied to all years"
edmonton,side,core,core,housing,2025,86210000,310000,85900000,1238295,69.62,69.37,,"nominal dollars; gross operating cost = FIR Schedule C operating expenditure to 2008, Schedule C expense - Schedule E amortization from 2009 (accrual switch); net = gross - Schedule E sales and user charges; population StatCan 17-10-0155 July 1 estimates, 2021 boundaries; 2025 board membership applied to all years"
edmonton,side,ring,ring,police,2001,16780454,344756,16435698,215169,77.99,76.39,parkland|sturgeon,"nominal dollars; gross operating cost = FIR Schedule C operating expenditure to 2008, Schedule C expense - Schedule E amortization from 2009 (accrual switch); net = gross - Schedule E sales and user charges; population StatCan 17-10-0155 July 1 estimates, 2021 boundaries; 2025 board membership applied to all years"
edmonton,side,ring,ring,police,2002,17809137,446560,17362577,221448,80.42,78.4,parkland|sturgeon,"nominal dollars; gross operating cost = FIR Schedule C operating expenditure to 2008, Schedule C expense - Schedule E amortization from 2009 (accrual switch); net = gross - Schedule E sales and user charges; population StatCan 17-10-0155 July 1 estimates, 2021 boundaries; 2025 board membership applied to all years"
edmonton,side,ring,ring,police,2003,19397270,533106,18864164,226532,85.63,83.27,parkland|sturgeon,"nominal dollars; gross operating cost = FIR Schedule C operating expenditure to 2008, Schedule C expense - Schedule E amortization from 2009 (accrual switch); net = gross - Schedule E sales and user charges; population StatCan 17-10-0155 July 1 estimates, 2021 boundaries; 2025 board membership applied to all years"
edmonton,side,ring,ring,police,2004,21121470,1552926,19568544,231661,91.17,84.47,parkland|sturgeon,"nominal dollars; gross operating cost = FIR Schedule C operating expenditure to 2008, Schedule C expense - Schedule E amortization from 2009 (accrual switch); net = gross - Schedule E sales and user charges; population StatCan 17-10-0155 July 1 estimates, 2021 boundaries; 2025 board membership applied to all years"
edmonton,side,ring,ring,police,2005,22717285,1470321,21246964,238783,95.14,88.98,parkland|sturgeon,"nominal dollars; gross operating cost = FIR Schedule C operating expenditure to 2008, Schedule C expense - Schedule E amortization from 2009 (accrual switch); net = gross - Schedule E sales and user charges; population StatCan 17-10-0155 July 1 estimates, 2021 boundaries; 2025 board membership applied to all years"
edmonton,side,ring,ring,police,2006,25383102,1969151,23413951,247688,102.48,94.53,parkland|sturgeon,"nominal dollars; gross operating cost = FIR Schedule C operating expenditure to 2008, Schedule C expense - Schedule E amortization from 2009 (accrual switch); net = gross - Schedule E sales and user charges; population StatCan 17-10-0155 July 1 estimates, 2021 boundaries; 2025 board membership applied to all years"
edmonton,side,ring,ring,police,2007,27716852,2102762,25614090,256783,107.94,99.75,parkland|sturgeon,"nominal dollars; gross operating cost = FIR Schedule C operating expenditure to 2008, Schedule C expense - Schedule E amortization from 2009 (accrual switch); net = gross - Schedule E sales and user charges; population StatCan 17-10-0155 July 1 estimates, 2021 boundaries; 2025 board membership applied to all years"
edmonton,side,ring,ring,police,2008,31286062,2068355,29217707,265650,117.77,109.99,parkland|sturgeon,"nominal dollars; gross operating cost = FIR Schedule C operating expenditure to 2008, Schedule C expense - Schedule E amortization from 2009 (accrual switch); net = gross - Schedule E sales and user charges; population StatCan 17-10-0155 July 1 estimates, 2021 boundaries; 2025 board membership applied to all years"
edmonton,side,ring,ring,police,2009,33929703,1694252,32235451,275981,122.94,116.8,parkland|sturgeon,"nominal dollars; gross operating cost = FIR Schedule C operating expenditure to 2008, Schedule C expense - Schedule E amortization from 2009 (accrual switch); net = gross - Schedule E sales and user charges; population StatCan 17-10-0155 July 1 estimates, 2021 boundaries; 2025 board membership applied to all years"
edmonton,side,ring,ring,police,2010,35196815,1635769,33561046,282609,124.54,118.75,parkland|sturgeon,"nominal dollars; gross operating cost = FIR Schedule C operating expenditure to 2008, Schedule C expense - Schedule E amortization from 2009 (accrual switch); net = gross - Schedule E sales and user charges; population StatCan 17-10-0155 July 1 estimates, 2021 boundaries; 2025 board membership applied to all years"
edmonton,side,ring,ring,police,2011,38556812,1362599,37194213,290219,132.85,128.16,parkland|sturgeon,"nominal dollars; gross operating cost = FIR Schedule C operating expenditure to 2008, Schedule C expense - Schedule E amortization from 2009 (accrual switch); net = gross - Schedule E sales and user charges; population StatCan 17-10-0155 July 1 estimates, 2021 boundaries; 2025 board membership applied to all years"
edmonton,side,ring,ring,police,2012,43483198,1431201,42051997,297843,145.99,141.19,parkland|sturgeon,"nominal dollars; gross operating cost = FIR Schedule C operating expenditure to 2008, Schedule C expense - Schedule E amortization from 2009 (accrual switch); net = gross - Schedule E sales and user charges; population StatCan 17-10-0155 July 1 estimates, 2021 boundaries; 2025 board membership applied to all years"
edmonton,side,ring,ring,police,2013,47184382,1657056,45527326,306133,154.13,148.72,parkland|sturgeon,"nominal dollars; gross operating cost = FIR Schedule C operating expenditure to 2008, Schedule C expense - Schedule E amortization from 2009 (accrual switch); net = gross - Schedule E sales and user charges; population StatCan 17-10-0155 July 1 estimates, 2021 boundaries; 2025 board membership applied to all years"
edmonton,side,ring,ring,police,2014,49578199,1408942,48169257,313860,157.96,153.47,parkland|sturgeon,"nominal dollars; gross operating cost = FIR Schedule C operating expenditure to 2008, Schedule C expense - Schedule E amortization from 2009 (accrual switch); net = gross - Schedule E sales and user charges; population StatCan 17-10-0155 July 1 estimates, 2021 boundaries; 2025 board membership applied to all years"
edmonton,side,ring,ring,police,2015,53021431,1918645,51102786,319978,165.7,159.71,parkland|sturgeon,"nominal dollars; gross operating cost = FIR Schedule C operating expenditure to 2008, Schedule C expense - Schedule E amortization from 2009 (accrual switch); net = gross - Schedule E sales and user charges; population StatCan 17-10-0155 July 1 estimates, 2021 boundaries; 2025 board membership applied to all years"
edmonton,side,ring,ring,police,2016,61193180,2046543,59146637,323003,189.45,183.11,parkland|sturgeon,"nominal dollars; gross operating cost = FIR Schedule C operating expenditure to 2008, Schedule C expense - Schedule E amortization from 2009 (accrual switch); net = gross - Schedule E sales and user charges; population StatCan 17-10-0155 July 1 estimates, 2021 boundaries; 2025 board membership applied to all years"
edmonton,side,ring,ring,police,2017,60672135,1731880,58940255,329186,184.31,179.05,parkland|sturgeon,"nominal dollars; gross operating cost = FIR Schedule C operating expenditure to 2008, Schedule C expense - Schedule E amortization from 2009 (accrual switch); net = gross - Schedule E sales and user charges; population StatCan 17-10-0155 July 1 estimates, 2021 boundaries; 2025 board membership applied to all years"
edmonton,side,ring,ring,police,2018,62635761,1901137,60734624,335971,186.43,180.77,parkland|sturgeon,"nominal dollars; gross operating cost = FIR Schedule C operating expenditure to 2008, Schedule C expense - Schedule E amortization from 2009 (accrual switch); net = gross - Schedule E sales and user charges; population StatCan 17-10-0155 July 1 estimates, 2021 boundaries; 2025 board membership applied to all years"
edmonton,side,ring,ring,police,2019,64339116,764869,63574247,339632,189.44,187.19,parkland|sturgeon,"nominal dollars; gross operating cost = FIR Schedule C operating expenditure to 2008, Schedule C expense - Schedule E amortization from 2009 (accrual switch); net = gross - Schedule E sales and user charges; population StatCan 17-10-0155 July 1 estimates, 2021 boundaries; 2025 board membership applied to all years"
edmonton,side,ring,ring,police,2020,66108471,1422351,64686120,342909,192.79,188.64,parkland|sturgeon,"nominal dollars; gross operating cost = FIR Schedule C operating expenditure to 2008, Schedule C expense - Schedule E amortization from 2009 (accrual switch); net = gross - Schedule E sales and user charges; population StatCan 17-10-0155 July 1 estimates, 2021 boundaries; 2025 board membership applied to all years"
edmonton,side,ring,ring,police,2021,69149203,587321,68561882,341701,202.37,200.65,devon|parkland|sturgeon,"nominal dollars; gross operating cost = FIR Schedule C operating expenditure to 2008, Schedule C expense - Schedule E amortization from 2009 (accrual switch); net = gross - Schedule E sales and user charges; population StatCan 17-10-0155 July 1 estimates, 2021 boundaries; 2025 board membership applied to all years"
edmonton,side,ring,ring,police,2022,75960329,671039,75289290,352732,215.35,213.45,parkland|sturgeon,"nominal dollars; gross operating cost = FIR Schedule C operating expenditure to 2008, Schedule C expense - Schedule E amortization from 2009 (accrual switch); net = gross - Schedule E sales and user charges; population StatCan 17-10-0155 July 1 estimates, 2021 boundaries; 2025 board membership applied to all years"
edmonton,side,ring,ring,police,2023,86239908,1051978,85187930,358791,240.36,237.43,parkland|sturgeon,"nominal dollars; gross operating cost = FIR Schedule C operating expenditure to 2008, Schedule C expense - Schedule E amortization from 2009 (accrual switch); net = gross - Schedule E sales and user charges; population StatCan 17-10-0155 July 1 estimates, 2021 boundaries; 2025 board membership applied to all years"
edmonton,side,ring,ring,police,2024,83401824,703955,82697869,368349,226.42,224.51,parkland|sturgeon,"nominal dollars; gross operating cost = FIR Schedule C operating expenditure to 2008, Schedule C expense - Schedule E amortization from 2009 (accrual switch); net = gross - Schedule E sales and user charges; population StatCan 17-10-0155 July 1 estimates, 2021 boundaries; 2025 board membership applied to all years"
edmonton,side,ring,ring,police,2025,90264110,726445,89537665,377177,239.31,237.39,parkland|sturgeon,"nominal dollars; gross operating cost = FIR Schedule C operating expenditure to 2008, Schedule C expense - Schedule E amortization from 2009 (accrual switch); net = gross - Schedule E sales and user charges; population StatCan 17-10-0155 July 1 estimates, 2021 boundaries; 2025 board membership applied to all years"
edmonton,side,ring,ring,transit,2001,7723888,3816795,3907093,262004,29.48,14.91,,"nominal dollars; gross operating cost = FIR Schedule C operating expenditure to 2008, Schedule C expense - Schedule E amortization from 2009 (accrual switch); net = gross - Schedule E sales and user charges; population StatCan 17-10-0155 July 1 estimates, 2021 boundaries; 2025 board membership applied to all years"
edmonton,side,ring,ring,transit,2002,8848883,4111791,4737092,268976,32.9,17.61,,"nominal dollars; gross operating cost = FIR Schedule C operating expenditure to 2008, Schedule C expense - Schedule E amortization from 2009 (accrual switch); net = gross - Schedule E sales and user charges; population StatCan 17-10-0155 July 1 estimates, 2021 boundaries; 2025 board membership applied to all years"
edmonton,side,ring,ring,transit,2003,10166138,4560948,5605190,274461,37.04,20.42,,"nominal dollars; gross operating cost = FIR Schedule C operating expenditure to 2008, Schedule C expense - Schedule E amortization from 2009 (accrual switch); net = gross - Schedule E sales and user charges; population StatCan 17-10-0155 July 1 estimates, 2021 boundaries; 2025 board membership applied to all years"
edmonton,side,ring,ring,transit,2004,11809470,5206426,6603044,279961,42.18,23.59,,"nominal dollars; gross operating cost = FIR Schedule C operating expenditure to 2008, Schedule C expense - Schedule E amortization from 2009 (accrual switch); net = gross - Schedule E sales and user charges; population StatCan 17-10-0155 July 1 estimates, 2021 boundaries; 2025 board membership applied to all years"
edmonton,side,ring,ring,transit,2005,13315432,5591092,7724340,287781,46.27,26.84,,"nominal dollars; gross operating cost = FIR Schedule C operating expenditure to 2008, Schedule C expense - Schedule E amortization from 2009 (accrual switch); net = gross - Schedule E sales and user charges; population StatCan 17-10-0155 July 1 estimates, 2021 boundaries; 2025 board membership applied to all years"
edmonton,side,ring,ring,transit,2006,15519672,6254020,9265652,297586,52.15,31.14,,"nominal dollars; gross operating cost = FIR Schedule C operating expenditure to 2008, Schedule C expense - Schedule E amortization from 2009 (accrual switch); net = gross - Schedule E sales and user charges; population StatCan 17-10-0155 July 1 estimates, 2021 boundaries; 2025 board membership applied to all years"
edmonton,side,ring,ring,transit,2007,18526516,6733843,11792673,307546,60.24,38.34,,"nominal dollars; gross operating cost = FIR Schedule C operating expenditure to 2008, Schedule C expense - Schedule E amortization from 2009 (accrual switch); net = gross - Schedule E sales and user charges; population StatCan 17-10-0155 July 1 estimates, 2021 boundaries; 2025 board membership applied to all years"
edmonton,side,ring,ring,transit,2008,21823019,7052333,14770686,317182,68.8,46.57,,"nominal dollars; gross operating cost = FIR Schedule C operating expenditure to 2008, Schedule C expense - Schedule E amortization from 2009 (accrual switch); net = gross - Schedule E sales and user charges; population StatCan 17-10-0155 July 1 estimates, 2021 boundaries; 2025 board membership applied to all years"
edmonton,side,ring,ring,transit,2009,22530851,7147057,15383794,327909,68.71,46.91,,"nominal dollars; gross operating cost = FIR Schedule C operating expenditure to 2008, Schedule C expense - Schedule E amortization from 2009 (accrual switch); net = gross - Schedule E sales and user charges; population StatCan 17-10-0155 July 1 estimates, 2021 boundaries; 2025 board membership applied to all years"
edmonton,side,ring,ring,transit,2010,24513786,7884069,16629717,334981,73.18,49.64,,"nominal dollars; gross operating cost = FIR Schedule C operating expenditure to 2008, Schedule C expense - Schedule E amortization from 2009 (accrual switch); net = gross - Schedule E sales and user charges; population StatCan 17-10-0155 July 1 estimates, 2021 boundaries; 2025 board membership applied to all years"
edmonton,side,ring,ring,transit,2011,26320735,8233976,18086759,342542,76.84,52.8,,"nominal dollars; gross operating cost = FIR Schedule C operating expenditure to 2008, Schedule C expense - Schedule E amortization from 2009 (accrual switch); net = gross - Schedule E sales and user charges; population StatCan 17-10-0155 July 1 estimates, 2021 boundaries; 2025 board membership applied to all years"
edmonton,side,ring,ring,transit,2012,28982174,8626161,20356013,350382,82.72,58.1,,"nominal dollars; gross operating cost = FIR Schedule C operating expenditure to 2008, Schedule C expense - Schedule E amortization from 2009 (accrual switch); net = gross - Schedule E sales and user charges; population StatCan 17-10-0155 July 1 estimates, 2021 boundaries; 2025 board membership applied to all years"
edmonton,side,ring,ring,transit,2013,30217345,9503499,20713846,359645,84.02,57.6,,"nominal dollars; gross operating cost = FIR Schedule C operating expenditure to 2008, Schedule C expense - Schedule E amortization from 2009 (accrual switch); net = gross - Schedule E sales and user charges; population StatCan 17-10-0155 July 1 estimates, 2021 boundaries; 2025 board membership applied to all years"
edmonton,side,ring,ring,transit,2014,32538676,9895557,22643119,368850,88.22,61.39,,"nominal dollars; gross operating cost = FIR Schedule C operating expenditure to 2008, Schedule C expense - Schedule E amortization from 2009 (accrual switch); net = gross - Schedule E sales and user charges; population StatCan 17-10-0155 July 1 estimates, 2021 boundaries; 2025 board membership applied to all years"
edmonton,side,ring,ring,transit,2015,35100228,10467101,24633127,374602,93.7,65.76,,"nominal dollars; gross operating cost = FIR Schedule C operating expenditure to 2008, Schedule C expense - Schedule E amortization from 2009 (accrual switch); net = gross - Schedule E sales and user charges; population StatCan 17-10-0155 July 1 estimates, 2021 boundaries; 2025 board membership applied to all years"
edmonton,side,ring,ring,transit,2016,35088091,10148020,24940071,377135,93.04,66.13,,"nominal dollars; gross operating cost = FIR Schedule C operating expenditure to 2008, Schedule C expense - Schedule E amortization from 2009 (accrual switch); net = gross - Schedule E sales and user charges; population StatCan 17-10-0155 July 1 estimates, 2021 boundaries; 2025 board membership applied to all years"
edmonton,side,ring,ring,transit,2017,33402489,10981181,22421308,383550,87.09,58.46,,"nominal dollars; gross operating cost = FIR Schedule C operating expenditure to 2008, Schedule C expense - Schedule E amortization from 2009 (accrual switch); net = gross - Schedule E sales and user charges; population StatCan 17-10-0155 July 1 estimates, 2021 boundaries; 2025 board membership applied to all years"
edmonton,side,ring,ring,transit,2018,38422743,11003403,27419340,390849,98.31,70.15,,"nominal dollars; gross operating cost = FIR Schedule C operating expenditure to 2008, Schedule C expense - Schedule E amortization from 2009 (accrual switch); net = gross - Schedule E sales and user charges; population StatCan 17-10-0155 July 1 estimates, 2021 boundaries; 2025 board membership applied to all years"
edmonton,side,ring,ring,transit,2019,38943063,11240057,27703006,394472,98.72,70.23,,"nominal dollars; gross operating cost = FIR Schedule C operating expenditure to 2008, Schedule C expense - Schedule E amortization from 2009 (accrual switch); net = gross - Schedule E sales and user charges; population StatCan 17-10-0155 July 1 estimates, 2021 boundaries; 2025 board membership applied to all years"
edmonton,side,ring,ring,transit,2020,34291147,4891698,29399449,397518,86.26,73.96,,"nominal dollars; gross operating cost = FIR Schedule C operating expenditure to 2008, Schedule C expense - Schedule E amortization from 2009 (accrual switch); net = gross - Schedule E sales and user charges; population StatCan 17-10-0155 July 1 estimates, 2021 boundaries; 2025 board membership applied to all years; negative gross kept as printed (amortization above expense): morinville -11,730"
edmonton,side,ring,ring,transit,2021,33606501,4379572,29226929,402325,83.53,72.65,,"nominal dollars; gross operating cost = FIR Schedule C operating expenditure to 2008, Schedule C expense - Schedule E amortization from 2009 (accrual switch); net = gross - Schedule E sales and user charges; population StatCan 17-10-0155 July 1 estimates, 2021 boundaries; 2025 board membership applied to all years; negative gross kept as printed (amortization above expense): morinville -11,730, stony_plain -7,867"
edmonton,side,ring,ring,transit,2022,40232490,7791371,32441119,406946,98.86,79.72,,"nominal dollars; gross operating cost = FIR Schedule C operating expenditure to 2008, Schedule C expense - Schedule E amortization from 2009 (accrual switch); net = gross - Schedule E sales and user charges; population StatCan 17-10-0155 July 1 estimates, 2021 boundaries; 2025 board membership applied to all years; negative gross kept as printed (amortization above expense): morinville -11,730, stony_plain -7,867"
edmonton,side,ring,ring,transit,2023,45607207,9450882,36156325,413210,110.37,87.5,,"nominal dollars; gross operating cost = FIR Schedule C operating expenditure to 2008, Schedule C expense - Schedule E amortization from 2009 (accrual switch); net = gross - Schedule E sales and user charges; population StatCan 17-10-0155 July 1 estimates, 2021 boundaries; 2025 board membership applied to all years; negative gross kept as printed (amortization above expense): morinville -11,730, stony_plain -7,867"
edmonton,side,ring,ring,transit,2024,51247286,10476571,40770715,423376,121.04,96.3,,"nominal dollars; gross operating cost = FIR Schedule C operating expenditure to 2008, Schedule C expense - Schedule E amortization from 2009 (accrual switch); net = gross - Schedule E sales and user charges; population StatCan 17-10-0155 July 1 estimates, 2021 boundaries; 2025 board membership applied to all years; negative gross kept as printed (amortization above expense): morinville -11,730, stony_plain -7,867"
edmonton,side,ring,ring,transit,2025,50968455,11868387,39100068,432607,117.82,90.38,,"nominal dollars; gross operating cost = FIR Schedule C operating expenditure to 2008, Schedule C expense - Schedule E amortization from 2009 (accrual switch); net = gross - Schedule E sales and user charges; population StatCan 17-10-0155 July 1 estimates, 2021 boundaries; 2025 board membership applied to all years"
edmonton,side,ring,ring,fcss,2001,7204430,1696856,5507574,262004,27.5,21.02,,"nominal dollars; gross operating cost = FIR Schedule C operating expenditure to 2008, Schedule C expense - Schedule E amortization from 2009 (accrual switch); net = gross - Schedule E sales and user charges; population StatCan 17-10-0155 July 1 estimates, 2021 boundaries; 2025 board membership applied to all years"
edmonton,side,ring,ring,fcss,2002,8311172,1765275,6545897,268976,30.9,24.34,,"nominal dollars; gross operating cost = FIR Schedule C operating expenditure to 2008, Schedule C expense - Schedule E amortization from 2009 (accrual switch); net = gross - Schedule E sales and user charges; population StatCan 17-10-0155 July 1 estimates, 2021 boundaries; 2025 board membership applied to all years"
edmonton,side,ring,ring,fcss,2003,10065086,1797773,8267313,274461,36.67,30.12,,"nominal dollars; gross operating cost = FIR Schedule C operating expenditure to 2008, Schedule C expense - Schedule E amortization from 2009 (accrual switch); net = gross - Schedule E sales and user charges; population StatCan 17-10-0155 July 1 estimates, 2021 boundaries; 2025 board membership applied to all years"
edmonton,side,ring,ring,fcss,2004,10377625,1883910,8493715,279961,37.07,30.34,,"nominal dollars; gross operating cost = FIR Schedule C operating expenditure to 2008, Schedule C expense - Schedule E amortization from 2009 (accrual switch); net = gross - Schedule E sales and user charges; population StatCan 17-10-0155 July 1 estimates, 2021 boundaries; 2025 board membership applied to all years"
edmonton,side,ring,ring,fcss,2005,11788221,2375917,9412304,287781,40.96,32.71,,"nominal dollars; gross operating cost = FIR Schedule C operating expenditure to 2008, Schedule C expense - Schedule E amortization from 2009 (accrual switch); net = gross - Schedule E sales and user charges; population StatCan 17-10-0155 July 1 estimates, 2021 boundaries; 2025 board membership applied to all years"
edmonton,side,ring,ring,fcss,2006,12706186,2389275,10316911,297586,42.7,34.67,,"nominal dollars; gross operating cost = FIR Schedule C operating expenditure to 2008, Schedule C expense - Schedule E amortization from 2009 (accrual switch); net = gross - Schedule E sales and user charges; population StatCan 17-10-0155 July 1 estimates, 2021 boundaries; 2025 board membership applied to all years"
edmonton,side,ring,ring,fcss,2007,12806488,2057227,10749261,307546,41.64,34.95,,"nominal dollars; gross operating cost = FIR Schedule C operating expenditure to 2008, Schedule C expense - Schedule E amortization from 2009 (accrual switch); net = gross - Schedule E sales and user charges; population StatCan 17-10-0155 July 1 estimates, 2021 boundaries; 2025 board membership applied to all years"
edmonton,side,ring,ring,fcss,2008,14274008,2349511,11924497,317182,45.0,37.6,,"nominal dollars; gross operating cost = FIR Schedule C operating expenditure to 2008, Schedule C expense - Schedule E amortization from 2009 (accrual switch); net = gross - Schedule E sales and user charges; population StatCan 17-10-0155 July 1 estimates, 2021 boundaries; 2025 board membership applied to all years"
edmonton,side,ring,ring,fcss,2009,16569687,2478737,14090950,327909,50.53,42.97,,"nominal dollars; gross operating cost = FIR Schedule C operating expenditure to 2008, Schedule C expense - Schedule E amortization from 2009 (accrual switch); net = gross - Schedule E sales and user charges; population StatCan 17-10-0155 July 1 estimates, 2021 boundaries; 2025 board membership applied to all years"
edmonton,side,ring,ring,fcss,2010,17467325,2706863,14760462,334981,52.14,44.06,,"nominal dollars; gross operating cost = FIR Schedule C operating expenditure to 2008, Schedule C expense - Schedule E amortization from 2009 (accrual switch); net = gross - Schedule E sales and user charges; population StatCan 17-10-0155 July 1 estimates, 2021 boundaries; 2025 board membership applied to all years"
edmonton,side,ring,ring,fcss,2011,17639496,2749334,14890162,342542,51.5,43.47,,"nominal dollars; gross operating cost = FIR Schedule C operating expenditure to 2008, Schedule C expense - Schedule E amortization from 2009 (accrual switch); net = gross - Schedule E sales and user charges; population StatCan 17-10-0155 July 1 estimates, 2021 boundaries; 2025 board membership applied to all years"
edmonton,side,ring,ring,fcss,2012,18989652,3281483,15708169,350382,54.2,44.83,,"nominal dollars; gross operating cost = FIR Schedule C operating expenditure to 2008, Schedule C expense - Schedule E amortization from 2009 (accrual switch); net = gross - Schedule E sales and user charges; population StatCan 17-10-0155 July 1 estimates, 2021 boundaries; 2025 board membership applied to all years"
edmonton,side,ring,ring,fcss,2013,19109382,2409695,16699687,359645,53.13,46.43,,"nominal dollars; gross operating cost = FIR Schedule C operating expenditure to 2008, Schedule C expense - Schedule E amortization from 2009 (accrual switch); net = gross - Schedule E sales and user charges; population StatCan 17-10-0155 July 1 estimates, 2021 boundaries; 2025 board membership applied to all years"
edmonton,side,ring,ring,fcss,2014,18650043,1626445,17023598,368850,50.56,46.15,,"nominal dollars; gross operating cost = FIR Schedule C operating expenditure to 2008, Schedule C expense - Schedule E amortization from 2009 (accrual switch); net = gross - Schedule E sales and user charges; population StatCan 17-10-0155 July 1 estimates, 2021 boundaries; 2025 board membership applied to all years"
edmonton,side,ring,ring,fcss,2015,19899593,1761636,18137957,374602,53.12,48.42,,"nominal dollars; gross operating cost = FIR Schedule C operating expenditure to 2008, Schedule C expense - Schedule E amortization from 2009 (accrual switch); net = gross - Schedule E sales and user charges; population StatCan 17-10-0155 July 1 estimates, 2021 boundaries; 2025 board membership applied to all years"
edmonton,side,ring,ring,fcss,2016,21962143,1523920,20438223,377135,58.23,54.19,,"nominal dollars; gross operating cost = FIR Schedule C operating expenditure to 2008, Schedule C expense - Schedule E amortization from 2009 (accrual switch); net = gross - Schedule E sales and user charges; population StatCan 17-10-0155 July 1 estimates, 2021 boundaries; 2025 board membership applied to all years"
edmonton,side,ring,ring,fcss,2017,22710687,1396059,21314628,383550,59.21,55.57,,"nominal dollars; gross operating cost = FIR Schedule C operating expenditure to 2008, Schedule C expense - Schedule E amortization from 2009 (accrual switch); net = gross - Schedule E sales and user charges; population StatCan 17-10-0155 July 1 estimates, 2021 boundaries; 2025 board membership applied to all years"
edmonton,side,ring,ring,fcss,2018,24115246,1339495,22775751,390849,61.7,58.27,,"nominal dollars; gross operating cost = FIR Schedule C operating expenditure to 2008, Schedule C expense - Schedule E amortization from 2009 (accrual switch); net = gross - Schedule E sales and user charges; population StatCan 17-10-0155 July 1 estimates, 2021 boundaries; 2025 board membership applied to all years"
edmonton,side,ring,ring,fcss,2019,24653269,1447849,23205420,394472,62.5,58.83,,"nominal dollars; gross operating cost = FIR Schedule C operating expenditure to 2008, Schedule C expense - Schedule E amortization from 2009 (accrual switch); net = gross - Schedule E sales and user charges; population StatCan 17-10-0155 July 1 estimates, 2021 boundaries; 2025 board membership applied to all years"
edmonton,side,ring,ring,fcss,2020,23047158,955156,22092002,397518,57.98,55.57,,"nominal dollars; gross operating cost = FIR Schedule C operating expenditure to 2008, Schedule C expense - Schedule E amortization from 2009 (accrual switch); net = gross - Schedule E sales and user charges; population StatCan 17-10-0155 July 1 estimates, 2021 boundaries; 2025 board membership applied to all years"
edmonton,side,ring,ring,fcss,2021,22433097,335659,22097438,402325,55.76,54.92,,"nominal dollars; gross operating cost = FIR Schedule C operating expenditure to 2008, Schedule C expense - Schedule E amortization from 2009 (accrual switch); net = gross - Schedule E sales and user charges; population StatCan 17-10-0155 July 1 estimates, 2021 boundaries; 2025 board membership applied to all years"
edmonton,side,ring,ring,fcss,2022,22970156,182417,22787739,406946,56.45,56.0,,"nominal dollars; gross operating cost = FIR Schedule C operating expenditure to 2008, Schedule C expense - Schedule E amortization from 2009 (accrual switch); net = gross - Schedule E sales and user charges; population StatCan 17-10-0155 July 1 estimates, 2021 boundaries; 2025 board membership applied to all years"
edmonton,side,ring,ring,fcss,2023,26706695,531631,26175064,413210,64.63,63.35,,"nominal dollars; gross operating cost = FIR Schedule C operating expenditure to 2008, Schedule C expense - Schedule E amortization from 2009 (accrual switch); net = gross - Schedule E sales and user charges; population StatCan 17-10-0155 July 1 estimates, 2021 boundaries; 2025 board membership applied to all years"
edmonton,side,ring,ring,fcss,2024,27198620,190577,27008043,423376,64.24,63.79,,"nominal dollars; gross operating cost = FIR Schedule C operating expenditure to 2008, Schedule C expense - Schedule E amortization from 2009 (accrual switch); net = gross - Schedule E sales and user charges; population StatCan 17-10-0155 July 1 estimates, 2021 boundaries; 2025 board membership applied to all years"
edmonton,side,ring,ring,fcss,2025,29369945,209247,29160698,432607,67.89,67.41,,"nominal dollars; gross operating cost = FIR Schedule C operating expenditure to 2008, Schedule C expense - Schedule E amortization from 2009 (accrual switch); net = gross - Schedule E sales and user charges; population StatCan 17-10-0155 July 1 estimates, 2021 boundaries; 2025 board membership applied to all years"
edmonton,side,ring,ring,housing,2009,0,0,0,327909,0.0,0.0,,"nominal dollars; gross operating cost = FIR Schedule C operating expenditure to 2008, Schedule C expense - Schedule E amortization from 2009 (accrual switch); net = gross - Schedule E sales and user charges; population StatCan 17-10-0155 July 1 estimates, 2021 boundaries; 2025 board membership applied to all years"
edmonton,side,ring,ring,housing,2010,0,0,0,334981,0.0,0.0,,"nominal dollars; gross operating cost = FIR Schedule C operating expenditure to 2008, Schedule C expense - Schedule E amortization from 2009 (accrual switch); net = gross - Schedule E sales and user charges; population StatCan 17-10-0155 July 1 estimates, 2021 boundaries; 2025 board membership applied to all years"
edmonton,side,ring,ring,housing,2011,0,0,0,342542,0.0,0.0,,"nominal dollars; gross operating cost = FIR Schedule C operating expenditure to 2008, Schedule C expense - Schedule E amortization from 2009 (accrual switch); net = gross - Schedule E sales and user charges; population StatCan 17-10-0155 July 1 estimates, 2021 boundaries; 2025 board membership applied to all years"
edmonton,side,ring,ring,housing,2012,0,73929,-73929,350382,0.0,-0.21,,"nominal dollars; gross operating cost = FIR Schedule C operating expenditure to 2008, Schedule C expense - Schedule E amortization from 2009 (accrual switch); net = gross - Schedule E sales and user charges; population StatCan 17-10-0155 July 1 estimates, 2021 boundaries; 2025 board membership applied to all years"
edmonton,side,ring,ring,housing,2013,0,0,0,359645,0.0,0.0,,"nominal dollars; gross operating cost = FIR Schedule C operating expenditure to 2008, Schedule C expense - Schedule E amortization from 2009 (accrual switch); net = gross - Schedule E sales and user charges; population StatCan 17-10-0155 July 1 estimates, 2021 boundaries; 2025 board membership applied to all years"
edmonton,side,ring,ring,housing,2014,0,0,0,368850,0.0,0.0,,"nominal dollars; gross operating cost = FIR Schedule C operating expenditure to 2008, Schedule C expense - Schedule E amortization from 2009 (accrual switch); net = gross - Schedule E sales and user charges; population StatCan 17-10-0155 July 1 estimates, 2021 boundaries; 2025 board membership applied to all years"
edmonton,side,ring,ring,housing,2015,0,0,0,374602,0.0,0.0,,"nominal dollars; gross operating cost = FIR Schedule C operating expenditure to 2008, Schedule C expense - Schedule E amortization from 2009 (accrual switch); net = gross - Schedule E sales and user charges; population StatCan 17-10-0155 July 1 estimates, 2021 boundaries; 2025 board membership applied to all years"
edmonton,side,ring,ring,housing,2016,0,0,0,377135,0.0,0.0,,"nominal dollars; gross operating cost = FIR Schedule C operating expenditure to 2008, Schedule C expense - Schedule E amortization from 2009 (accrual switch); net = gross - Schedule E sales and user charges; population StatCan 17-10-0155 July 1 estimates, 2021 boundaries; 2025 board membership applied to all years"
edmonton,side,ring,ring,housing,2017,0,0,0,383550,0.0,0.0,,"nominal dollars; gross operating cost = FIR Schedule C operating expenditure to 2008, Schedule C expense - Schedule E amortization from 2009 (accrual switch); net = gross - Schedule E sales and user charges; population StatCan 17-10-0155 July 1 estimates, 2021 boundaries; 2025 board membership applied to all years"
edmonton,side,ring,ring,housing,2018,0,0,0,390849,0.0,0.0,,"nominal dollars; gross operating cost = FIR Schedule C operating expenditure to 2008, Schedule C expense - Schedule E amortization from 2009 (accrual switch); net = gross - Schedule E sales and user charges; population StatCan 17-10-0155 July 1 estimates, 2021 boundaries; 2025 board membership applied to all years"
edmonton,side,ring,ring,housing,2019,0,0,0,394472,0.0,0.0,,"nominal dollars; gross operating cost = FIR Schedule C operating expenditure to 2008, Schedule C expense - Schedule E amortization from 2009 (accrual switch); net = gross - Schedule E sales and user charges; population StatCan 17-10-0155 July 1 estimates, 2021 boundaries; 2025 board membership applied to all years"
edmonton,side,ring,ring,housing,2020,0,0,0,397518,0.0,0.0,,"nominal dollars; gross operating cost = FIR Schedule C operating expenditure to 2008, Schedule C expense - Schedule E amortization from 2009 (accrual switch); net = gross - Schedule E sales and user charges; population StatCan 17-10-0155 July 1 estimates, 2021 boundaries; 2025 board membership applied to all years"
edmonton,side,ring,ring,housing,2021,0,0,0,402325,0.0,0.0,,"nominal dollars; gross operating cost = FIR Schedule C operating expenditure to 2008, Schedule C expense - Schedule E amortization from 2009 (accrual switch); net = gross - Schedule E sales and user charges; population StatCan 17-10-0155 July 1 estimates, 2021 boundaries; 2025 board membership applied to all years"
edmonton,side,ring,ring,housing,2022,910065,0,910065,406946,2.24,2.24,,"nominal dollars; gross operating cost = FIR Schedule C operating expenditure to 2008, Schedule C expense - Schedule E amortization from 2009 (accrual switch); net = gross - Schedule E sales and user charges; population StatCan 17-10-0155 July 1 estimates, 2021 boundaries; 2025 board membership applied to all years"
edmonton,side,ring,ring,housing,2023,16763,0,16763,413210,0.04,0.04,,"nominal dollars; gross operating cost = FIR Schedule C operating expenditure to 2008, Schedule C expense - Schedule E amortization from 2009 (accrual switch); net = gross - Schedule E sales and user charges; population StatCan 17-10-0155 July 1 estimates, 2021 boundaries; 2025 board membership applied to all years"
edmonton,side,ring,ring,housing,2024,983698,0,983698,423376,2.32,2.32,,"nominal dollars; gross operating cost = FIR Schedule C operating expenditure to 2008, Schedule C expense - Schedule E amortization from 2009 (accrual switch); net = gross - Schedule E sales and user charges; population StatCan 17-10-0155 July 1 estimates, 2021 boundaries; 2025 board membership applied to all years"
edmonton,side,ring,ring,housing,2025,10409,0,10409,432607,0.02,0.02,,"nominal dollars; gross operating cost = FIR Schedule C operating expenditure to 2008, Schedule C expense - Schedule E amortization from 2009 (accrual switch); net = gross - Schedule E sales and user charges; population StatCan 17-10-0155 July 1 estimates, 2021 boundaries; 2025 board membership applied to all years"
