region,level,unit,role,year,transfers,population,per_capita,per_capita_5yr,basis_note
calgary,member,airdrie,ring,2001,5225823,21657,241.3,,"nominal dollars; total provincial transfers (FIR 01910+01920 to 2022, 01912+01922 from 2023); population StatCan 17-10-0155 July 1 estimates, 2021 boundaries; 2025 board membership applied to all years"
calgary,member,airdrie,ring,2002,1626382,23394,69.52,,"nominal dollars; total provincial transfers (FIR 01910+01920 to 2022, 01912+01922 from 2023); population StatCan 17-10-0155 July 1 estimates, 2021 boundaries; 2025 board membership applied to all years"
calgary,member,airdrie,ring,2003,4225167,24971,169.2,,"nominal dollars; total provincial transfers (FIR 01910+01920 to 2022, 01912+01922 from 2023); population StatCan 17-10-0155 July 1 estimates, 2021 boundaries; 2025 board membership applied to all years"
calgary,member,airdrie,ring,2004,4149138,26645,155.72,,"nominal dollars; total provincial transfers (FIR 01910+01920 to 2022, 01912+01922 from 2023); population StatCan 17-10-0155 July 1 estimates, 2021 boundaries; 2025 board membership applied to all years"
calgary,member,airdrie,ring,2005,7427757,28648,259.28,180.78,"nominal dollars; total provincial transfers (FIR 01910+01920 to 2022, 01912+01922 from 2023); population StatCan 17-10-0155 July 1 estimates, 2021 boundaries; 2025 board membership applied to all years"
calgary,member,airdrie,ring,2006,9187035,30893,297.38,197.81,"nominal dollars; total provincial transfers (FIR 01910+01920 to 2022, 01912+01922 from 2023); population StatCan 17-10-0155 July 1 estimates, 2021 boundaries; 2025 board membership applied to all years"
calgary,member,airdrie,ring,2007,7326386,33336,219.77,223.65,"nominal dollars; total provincial transfers (FIR 01910+01920 to 2022, 01912+01922 from 2023); population StatCan 17-10-0155 July 1 estimates, 2021 boundaries; 2025 board membership applied to all years"
calgary,member,airdrie,ring,2008,17956874,35887,500.37,296.3,"nominal dollars; total provincial transfers (FIR 01910+01920 to 2022, 01912+01922 from 2023); population StatCan 17-10-0155 July 1 estimates, 2021 boundaries; 2025 board membership applied to all years"
calgary,member,airdrie,ring,2009,18263568,39082,467.31,358.43,"nominal dollars; total provincial transfers (FIR 01910+01920 to 2022, 01912+01922 from 2023); population StatCan 17-10-0155 July 1 estimates, 2021 boundaries; 2025 board membership applied to all years"
calgary,member,airdrie,ring,2010,18109860,42460,426.52,389.98,"nominal dollars; total provincial transfers (FIR 01910+01920 to 2022, 01912+01922 from 2023); population StatCan 17-10-0155 July 1 estimates, 2021 boundaries; 2025 board membership applied to all years"
calgary,member,airdrie,ring,2011,19526323,45369,430.39,413.92,"nominal dollars; total provincial transfers (FIR 01910+01920 to 2022, 01912+01922 from 2023); population StatCan 17-10-0155 July 1 estimates, 2021 boundaries; 2025 board membership applied to all years"
calgary,member,airdrie,ring,2012,16181653,48618,332.83,425.88,"nominal dollars; total provincial transfers (FIR 01910+01920 to 2022, 01912+01922 from 2023); population StatCan 17-10-0155 July 1 estimates, 2021 boundaries; 2025 board membership applied to all years"
calgary,member,airdrie,ring,2013,9810088,52463,186.99,359.19,"nominal dollars; total provincial transfers (FIR 01910+01920 to 2022, 01912+01922 from 2023); population StatCan 17-10-0155 July 1 estimates, 2021 boundaries; 2025 board membership applied to all years"
calgary,member,airdrie,ring,2014,5023508,56850,88.36,279.34,"nominal dollars; total provincial transfers (FIR 01910+01920 to 2022, 01912+01922 from 2023); population StatCan 17-10-0155 July 1 estimates, 2021 boundaries; 2025 board membership applied to all years"
calgary,member,airdrie,ring,2015,16921015,60659,278.95,255.58,"nominal dollars; total provincial transfers (FIR 01910+01920 to 2022, 01912+01922 from 2023); population StatCan 17-10-0155 July 1 estimates, 2021 boundaries; 2025 board membership applied to all years"
calgary,member,airdrie,ring,2016,11923668,63984,186.35,211.84,"nominal dollars; total provincial transfers (FIR 01910+01920 to 2022, 01912+01922 from 2023); population StatCan 17-10-0155 July 1 estimates, 2021 boundaries; 2025 board membership applied to all years"
calgary,member,airdrie,ring,2017,9262612,67157,137.92,175.82,"nominal dollars; total provincial transfers (FIR 01910+01920 to 2022, 01912+01922 from 2023); population StatCan 17-10-0155 July 1 estimates, 2021 boundaries; 2025 board membership applied to all years"
calgary,member,airdrie,ring,2018,11986970,69841,171.63,173.06,"nominal dollars; total provincial transfers (FIR 01910+01920 to 2022, 01912+01922 from 2023); population StatCan 17-10-0155 July 1 estimates, 2021 boundaries; 2025 board membership applied to all years"
calgary,member,airdrie,ring,2019,14400746,72412,198.87,193.07,"nominal dollars; total provincial transfers (FIR 01910+01920 to 2022, 01912+01922 from 2023); population StatCan 17-10-0155 July 1 estimates, 2021 boundaries; 2025 board membership applied to all years"
calgary,member,airdrie,ring,2020,17792282,74521,238.76,187.88,"nominal dollars; total provincial transfers (FIR 01910+01920 to 2022, 01912+01922 from 2023); population StatCan 17-10-0155 July 1 estimates, 2021 boundaries; 2025 board membership applied to all years"
calgary,member,airdrie,ring,2021,25712741,77079,333.59,219.26,"nominal dollars; total provincial transfers (FIR 01910+01920 to 2022, 01912+01922 from 2023); population StatCan 17-10-0155 July 1 estimates, 2021 boundaries; 2025 board membership applied to all years"
calgary,member,airdrie,ring,2022,30443522,80168,379.75,268.26,"nominal dollars; total provincial transfers (FIR 01910+01920 to 2022, 01912+01922 from 2023); population StatCan 17-10-0155 July 1 estimates, 2021 boundaries; 2025 board membership applied to all years"
calgary,member,airdrie,ring,2023,37373369,83850,445.72,324.0,"nominal dollars; total provincial transfers (FIR 01910+01920 to 2022, 01912+01922 from 2023); population StatCan 17-10-0155 July 1 estimates, 2021 boundaries; 2025 board membership applied to all years"
calgary,member,airdrie,ring,2024,24742993,88692,278.98,336.54,"nominal dollars; total provincial transfers (FIR 01910+01920 to 2022, 01912+01922 from 2023); population StatCan 17-10-0155 July 1 estimates, 2021 boundaries; 2025 board membership applied to all years"
calgary,member,airdrie,ring,2025,28470451,92544,307.64,347.46,"nominal dollars; total provincial transfers (FIR 01910+01920 to 2022, 01912+01922 from 2023); population StatCan 17-10-0155 July 1 estimates, 2021 boundaries; 2025 board membership applied to all years"
calgary,member,calgary,core,2001,223850000,904583,247.46,,"nominal dollars; total provincial transfers (FIR 01910+01920 to 2022, 01912+01922 from 2023); population StatCan 17-10-0155 July 1 estimates, 2021 boundaries; 2025 board membership applied to all years"
calgary,member,calgary,core,2002,140304000,929934,150.88,,"nominal dollars; total provincial transfers (FIR 01910+01920 to 2022, 01912+01922 from 2023); population StatCan 17-10-0155 July 1 estimates, 2021 boundaries; 2025 board membership applied to all years"
calgary,member,calgary,core,2003,160401000,948052,169.19,,"nominal dollars; total provincial transfers (FIR 01910+01920 to 2022, 01912+01922 from 2023); population StatCan 17-10-0155 July 1 estimates, 2021 boundaries; 2025 board membership applied to all years"
calgary,member,calgary,core,2004,161698000,967624,167.11,,"nominal dollars; total provincial transfers (FIR 01910+01920 to 2022, 01912+01922 from 2023); population StatCan 17-10-0155 July 1 estimates, 2021 boundaries; 2025 board membership applied to all years"
calgary,member,calgary,core,2005,265496000,997202,266.24,200.48,"nominal dollars; total provincial transfers (FIR 01910+01920 to 2022, 01912+01922 from 2023); population StatCan 17-10-0155 July 1 estimates, 2021 boundaries; 2025 board membership applied to all years"
calgary,member,calgary,core,2006,310027000,1028518,301.43,213.07,"nominal dollars; total provincial transfers (FIR 01910+01920 to 2022, 01912+01922 from 2023); population StatCan 17-10-0155 July 1 estimates, 2021 boundaries; 2025 board membership applied to all years"
calgary,member,calgary,core,2007,423505000,1053086,402.16,264.52,"nominal dollars; total provincial transfers (FIR 01910+01920 to 2022, 01912+01922 from 2023); population StatCan 17-10-0155 July 1 estimates, 2021 boundaries; 2025 board membership applied to all years"
calgary,member,calgary,core,2008,611600000,1080159,566.21,345.71,"nominal dollars; total provincial transfers (FIR 01910+01920 to 2022, 01912+01922 from 2023); population StatCan 17-10-0155 July 1 estimates, 2021 boundaries; 2025 board membership applied to all years"
calgary,member,calgary,core,2009,487822000,1107714,440.39,398.44,"nominal dollars; total provincial transfers (FIR 01910+01920 to 2022, 01912+01922 from 2023); population StatCan 17-10-0155 July 1 estimates, 2021 boundaries; 2025 board membership applied to all years"
calgary,member,calgary,core,2010,576367000,1122267,513.57,446.85,"nominal dollars; total provincial transfers (FIR 01910+01920 to 2022, 01912+01922 from 2023); population StatCan 17-10-0155 July 1 estimates, 2021 boundaries; 2025 board membership applied to all years"
calgary,member,calgary,core,2011,571510000,1140743,501.0,485.25,"nominal dollars; total provincial transfers (FIR 01910+01920 to 2022, 01912+01922 from 2023); population StatCan 17-10-0155 July 1 estimates, 2021 boundaries; 2025 board membership applied to all years"
calgary,member,calgary,core,2012,496582000,1170624,424.2,488.1,"nominal dollars; total provincial transfers (FIR 01910+01920 to 2022, 01912+01922 from 2023); population StatCan 17-10-0155 July 1 estimates, 2021 boundaries; 2025 board membership applied to all years"
calgary,member,calgary,core,2013,402912000,1207705,333.62,440.98,"nominal dollars; total provincial transfers (FIR 01910+01920 to 2022, 01912+01922 from 2023); population StatCan 17-10-0155 July 1 estimates, 2021 boundaries; 2025 board membership applied to all years"
calgary,member,calgary,core,2014,702994000,1241366,566.31,467.53,"nominal dollars; total provincial transfers (FIR 01910+01920 to 2022, 01912+01922 from 2023); population StatCan 17-10-0155 July 1 estimates, 2021 boundaries; 2025 board membership applied to all years"
calgary,member,calgary,core,2015,763333000,1263636,604.08,487.6,"nominal dollars; total provincial transfers (FIR 01910+01920 to 2022, 01912+01922 from 2023); population StatCan 17-10-0155 July 1 estimates, 2021 boundaries; 2025 board membership applied to all years"
calgary,member,calgary,core,2016,747110000,1278708,584.27,505.18,"nominal dollars; total provincial transfers (FIR 01910+01920 to 2022, 01912+01922 from 2023); population StatCan 17-10-0155 July 1 estimates, 2021 boundaries; 2025 board membership applied to all years"
calgary,member,calgary,core,2017,736067000,1289970,570.61,533.71,"nominal dollars; total provincial transfers (FIR 01910+01920 to 2022, 01912+01922 from 2023); population StatCan 17-10-0155 July 1 estimates, 2021 boundaries; 2025 board membership applied to all years"
calgary,member,calgary,core,2018,603750000,1306586,462.08,556.91,"nominal dollars; total provincial transfers (FIR 01910+01920 to 2022, 01912+01922 from 2023); population StatCan 17-10-0155 July 1 estimates, 2021 boundaries; 2025 board membership applied to all years"
calgary,member,calgary,core,2019,653681000,1330058,491.47,541.65,"nominal dollars; total provincial transfers (FIR 01910+01920 to 2022, 01912+01922 from 2023); population StatCan 17-10-0155 July 1 estimates, 2021 boundaries; 2025 board membership applied to all years"
calgary,member,calgary,core,2020,502434000,1351294,371.82,494.62,"nominal dollars; total provincial transfers (FIR 01910+01920 to 2022, 01912+01922 from 2023); population StatCan 17-10-0155 July 1 estimates, 2021 boundaries; 2025 board membership applied to all years"
calgary,member,calgary,core,2021,399071000,1356293,294.24,436.38,"nominal dollars; total provincial transfers (FIR 01910+01920 to 2022, 01912+01922 from 2023); population StatCan 17-10-0155 July 1 estimates, 2021 boundaries; 2025 board membership applied to all years"
calgary,member,calgary,core,2022,419641000,1395672,300.67,382.58,"nominal dollars; total provincial transfers (FIR 01910+01920 to 2022, 01912+01922 from 2023); population StatCan 17-10-0155 July 1 estimates, 2021 boundaries; 2025 board membership applied to all years"
calgary,member,calgary,core,2023,469081000,1479763,317.0,353.52,"nominal dollars; total provincial transfers (FIR 01910+01920 to 2022, 01912+01922 from 2023); population StatCan 17-10-0155 July 1 estimates, 2021 boundaries; 2025 board membership applied to all years"
calgary,member,calgary,core,2024,633148000,1573009,402.51,338.65,"nominal dollars; total provincial transfers (FIR 01910+01920 to 2022, 01912+01922 from 2023); population StatCan 17-10-0155 July 1 estimates, 2021 boundaries; 2025 board membership applied to all years"
calgary,member,calgary,core,2025,663594000,1612834,411.45,348.43,"nominal dollars; total provincial transfers (FIR 01910+01920 to 2022, 01912+01922 from 2023); population StatCan 17-10-0155 July 1 estimates, 2021 boundaries; 2025 board membership applied to all years"
calgary,member,chestermere,ring,2001,654938,4388,149.26,,"nominal dollars; total provincial transfers (FIR 01910+01920 to 2022, 01912+01922 from 2023); population StatCan 17-10-0155 July 1 estimates, 2021 boundaries; 2025 board membership applied to all years"
calgary,member,chestermere,ring,2002,423262,5507,76.86,,"nominal dollars; total provincial transfers (FIR 01910+01920 to 2022, 01912+01922 from 2023); population StatCan 17-10-0155 July 1 estimates, 2021 boundaries; 2025 board membership applied to all years"
calgary,member,chestermere,ring,2003,312627,6619,47.23,,"nominal dollars; total provincial transfers (FIR 01910+01920 to 2022, 01912+01922 from 2023); population StatCan 17-10-0155 July 1 estimates, 2021 boundaries; 2025 board membership applied to all years"
calgary,member,chestermere,ring,2004,717653,7782,92.22,,"nominal dollars; total provincial transfers (FIR 01910+01920 to 2022, 01912+01922 from 2023); population StatCan 17-10-0155 July 1 estimates, 2021 boundaries; 2025 board membership applied to all years"
calgary,member,chestermere,ring,2005,962370,9044,106.41,92.11,"nominal dollars; total provincial transfers (FIR 01910+01920 to 2022, 01912+01922 from 2023); population StatCan 17-10-0155 July 1 estimates, 2021 boundaries; 2025 board membership applied to all years"
calgary,member,chestermere,ring,2006,2902315,10473,277.12,134.89,"nominal dollars; total provincial transfers (FIR 01910+01920 to 2022, 01912+01922 from 2023); population StatCan 17-10-0155 July 1 estimates, 2021 boundaries; 2025 board membership applied to all years"
calgary,member,chestermere,ring,2007,2531804,12060,209.93,161.53,"nominal dollars; total provincial transfers (FIR 01910+01920 to 2022, 01912+01922 from 2023); population StatCan 17-10-0155 July 1 estimates, 2021 boundaries; 2025 board membership applied to all years"
calgary,member,chestermere,ring,2008,7220762,13272,544.06,272.37,"nominal dollars; total provincial transfers (FIR 01910+01920 to 2022, 01912+01922 from 2023); population StatCan 17-10-0155 July 1 estimates, 2021 boundaries; 2025 board membership applied to all years"
calgary,member,chestermere,ring,2009,4198191,14093,297.89,302.25,"nominal dollars; total provincial transfers (FIR 01910+01920 to 2022, 01912+01922 from 2023); population StatCan 17-10-0155 July 1 estimates, 2021 boundaries; 2025 board membership applied to all years"
calgary,member,chestermere,ring,2010,9223633,14801,623.18,403.05,"nominal dollars; total provincial transfers (FIR 01910+01920 to 2022, 01912+01922 from 2023); population StatCan 17-10-0155 July 1 estimates, 2021 boundaries; 2025 board membership applied to all years"
calgary,member,chestermere,ring,2011,8112377,15451,525.04,449.03,"nominal dollars; total provincial transfers (FIR 01910+01920 to 2022, 01912+01922 from 2023); population StatCan 17-10-0155 July 1 estimates, 2021 boundaries; 2025 board membership applied to all years"
calgary,member,chestermere,ring,2012,6798656,16083,422.72,482.41,"nominal dollars; total provincial transfers (FIR 01910+01920 to 2022, 01912+01922 from 2023); population StatCan 17-10-0155 July 1 estimates, 2021 boundaries; 2025 board membership applied to all years"
calgary,member,chestermere,ring,2013,7827907,16878,463.79,467.76,"nominal dollars; total provincial transfers (FIR 01910+01920 to 2022, 01912+01922 from 2023); population StatCan 17-10-0155 July 1 estimates, 2021 boundaries; 2025 board membership applied to all years"
calgary,member,chestermere,ring,2014,9438421,18163,519.65,508.76,"nominal dollars; total provincial transfers (FIR 01910+01920 to 2022, 01912+01922 from 2023); population StatCan 17-10-0155 July 1 estimates, 2021 boundaries; 2025 board membership applied to all years"
calgary,member,chestermere,ring,2015,5765231,19426,296.78,441.19,"nominal dollars; total provincial transfers (FIR 01910+01920 to 2022, 01912+01922 from 2023); population StatCan 17-10-0155 July 1 estimates, 2021 boundaries; 2025 board membership applied to all years"
calgary,member,chestermere,ring,2016,5293047,20620,256.69,385.25,"nominal dollars; total provincial transfers (FIR 01910+01920 to 2022, 01912+01922 from 2023); population StatCan 17-10-0155 July 1 estimates, 2021 boundaries; 2025 board membership applied to all years"
calgary,member,chestermere,ring,2017,5270661,21214,248.45,348.86,"nominal dollars; total provincial transfers (FIR 01910+01920 to 2022, 01912+01922 from 2023); population StatCan 17-10-0155 July 1 estimates, 2021 boundaries; 2025 board membership applied to all years"
calgary,member,chestermere,ring,2018,6599891,21509,306.84,320.68,"nominal dollars; total provincial transfers (FIR 01910+01920 to 2022, 01912+01922 from 2023); population StatCan 17-10-0155 July 1 estimates, 2021 boundaries; 2025 board membership applied to all years"
calgary,member,chestermere,ring,2019,7603670,21931,346.71,291.62,"nominal dollars; total provincial transfers (FIR 01910+01920 to 2022, 01912+01922 from 2023); population StatCan 17-10-0155 July 1 estimates, 2021 boundaries; 2025 board membership applied to all years"
calgary,member,chestermere,ring,2020,4068657,22326,182.24,267.99,"nominal dollars; total provincial transfers (FIR 01910+01920 to 2022, 01912+01922 from 2023); population StatCan 17-10-0155 July 1 estimates, 2021 boundaries; 2025 board membership applied to all years"
calgary,member,chestermere,ring,2021,7698038,23005,334.62,284.05,"nominal dollars; total provincial transfers (FIR 01910+01920 to 2022, 01912+01922 from 2023); population StatCan 17-10-0155 July 1 estimates, 2021 boundaries; 2025 board membership applied to all years"
calgary,member,chestermere,ring,2022,4066526,24345,167.04,265.54,"nominal dollars; total provincial transfers (FIR 01910+01920 to 2022, 01912+01922 from 2023); population StatCan 17-10-0155 July 1 estimates, 2021 boundaries; 2025 board membership applied to all years"
calgary,member,chestermere,ring,2023,5349035,26280,203.54,244.18,"nominal dollars; total provincial transfers (FIR 01910+01920 to 2022, 01912+01922 from 2023); population StatCan 17-10-0155 July 1 estimates, 2021 boundaries; 2025 board membership applied to all years"
calgary,member,chestermere,ring,2024,10520632,28997,362.82,253.72,"nominal dollars; total provincial transfers (FIR 01910+01920 to 2022, 01912+01922 from 2023); population StatCan 17-10-0155 July 1 estimates, 2021 boundaries; 2025 board membership applied to all years"
calgary,member,chestermere,ring,2025,8740847,31671,275.99,270.85,"nominal dollars; total provincial transfers (FIR 01910+01920 to 2022, 01912+01922 from 2023); population StatCan 17-10-0155 July 1 estimates, 2021 boundaries; 2025 board membership applied to all years"
calgary,member,cochrane,ring,2001,720772,12344,58.39,,"nominal dollars; total provincial transfers (FIR 01910+01920 to 2022, 01912+01922 from 2023); population StatCan 17-10-0155 July 1 estimates, 2021 boundaries; 2025 board membership applied to all years"
calgary,member,cochrane,ring,2002,1736690,12738,136.34,,"nominal dollars; total provincial transfers (FIR 01910+01920 to 2022, 01912+01922 from 2023); population StatCan 17-10-0155 July 1 estimates, 2021 boundaries; 2025 board membership applied to all years"
calgary,member,cochrane,ring,2003,1957285,13027,150.25,,"nominal dollars; total provincial transfers (FIR 01910+01920 to 2022, 01912+01922 from 2023); population StatCan 17-10-0155 July 1 estimates, 2021 boundaries; 2025 board membership applied to all years"
calgary,member,cochrane,ring,2004,1657691,13330,124.36,,"nominal dollars; total provincial transfers (FIR 01910+01920 to 2022, 01912+01922 from 2023); population StatCan 17-10-0155 July 1 estimates, 2021 boundaries; 2025 board membership applied to all years"
calgary,member,cochrane,ring,2005,3906334,13765,283.79,153.04,"nominal dollars; total provincial transfers (FIR 01910+01920 to 2022, 01912+01922 from 2023); population StatCan 17-10-0155 July 1 estimates, 2021 boundaries; 2025 board membership applied to all years"
calgary,member,cochrane,ring,2006,5557660,14230,390.56,220.83,"nominal dollars; total provincial transfers (FIR 01910+01920 to 2022, 01912+01922 from 2023); population StatCan 17-10-0155 July 1 estimates, 2021 boundaries; 2025 board membership applied to all years"
calgary,member,cochrane,ring,2007,4312969,14723,292.94,251.78,"nominal dollars; total provincial transfers (FIR 01910+01920 to 2022, 01912+01922 from 2023); population StatCan 17-10-0155 July 1 estimates, 2021 boundaries; 2025 board membership applied to all years"
calgary,member,cochrane,ring,2008,8455864,15336,551.37,334.68,"nominal dollars; total provincial transfers (FIR 01910+01920 to 2022, 01912+01922 from 2023); population StatCan 17-10-0155 July 1 estimates, 2021 boundaries; 2025 board membership applied to all years"
calgary,member,cochrane,ring,2009,12986705,16224,800.46,474.16,"nominal dollars; total provincial transfers (FIR 01910+01920 to 2022, 01912+01922 from 2023); population StatCan 17-10-0155 July 1 estimates, 2021 boundaries; 2025 board membership applied to all years"
calgary,member,cochrane,ring,2010,8939999,17284,517.24,517.41,"nominal dollars; total provincial transfers (FIR 01910+01920 to 2022, 01912+01922 from 2023); population StatCan 17-10-0155 July 1 estimates, 2021 boundaries; 2025 board membership applied to all years"
calgary,member,cochrane,ring,2011,8825123,18300,482.25,531.6,"nominal dollars; total provincial transfers (FIR 01910+01920 to 2022, 01912+01922 from 2023); population StatCan 17-10-0155 July 1 estimates, 2021 boundaries; 2025 board membership applied to all years"
calgary,member,cochrane,ring,2012,4964719,19412,255.76,510.33,"nominal dollars; total provincial transfers (FIR 01910+01920 to 2022, 01912+01922 from 2023); population StatCan 17-10-0155 July 1 estimates, 2021 boundaries; 2025 board membership applied to all years"
calgary,member,cochrane,ring,2013,7605610,20815,365.39,470.71,"nominal dollars; total provincial transfers (FIR 01910+01920 to 2022, 01912+01922 from 2023); population StatCan 17-10-0155 July 1 estimates, 2021 boundaries; 2025 board membership applied to all years"
calgary,member,cochrane,ring,2014,8923435,22716,392.83,398.46,"nominal dollars; total provincial transfers (FIR 01910+01920 to 2022, 01912+01922 from 2023); population StatCan 17-10-0155 July 1 estimates, 2021 boundaries; 2025 board membership applied to all years"
calgary,member,cochrane,ring,2015,13095103,24762,528.84,409.55,"nominal dollars; total provincial transfers (FIR 01910+01920 to 2022, 01912+01922 from 2023); population StatCan 17-10-0155 July 1 estimates, 2021 boundaries; 2025 board membership applied to all years"
calgary,member,cochrane,ring,2016,8497576,26860,316.37,376.09,"nominal dollars; total provincial transfers (FIR 01910+01920 to 2022, 01912+01922 from 2023); population StatCan 17-10-0155 July 1 estimates, 2021 boundaries; 2025 board membership applied to all years"
calgary,member,cochrane,ring,2017,12544876,28237,444.27,410.62,"nominal dollars; total provincial transfers (FIR 01910+01920 to 2022, 01912+01922 from 2023); population StatCan 17-10-0155 July 1 estimates, 2021 boundaries; 2025 board membership applied to all years"
calgary,member,cochrane,ring,2018,12390246,29694,417.26,419.23,"nominal dollars; total provincial transfers (FIR 01910+01920 to 2022, 01912+01922 from 2023); population StatCan 17-10-0155 July 1 estimates, 2021 boundaries; 2025 board membership applied to all years"
calgary,member,cochrane,ring,2019,8602960,31013,277.4,392.21,"nominal dollars; total provincial transfers (FIR 01910+01920 to 2022, 01912+01922 from 2023); population StatCan 17-10-0155 July 1 estimates, 2021 boundaries; 2025 board membership applied to all years"
calgary,member,cochrane,ring,2020,6999682,32087,218.15,331.56,"nominal dollars; total provincial transfers (FIR 01910+01920 to 2022, 01912+01922 from 2023); population StatCan 17-10-0155 July 1 estimates, 2021 boundaries; 2025 board membership applied to all years"
calgary,member,cochrane,ring,2021,11488288,33295,345.05,337.12,"nominal dollars; total provincial transfers (FIR 01910+01920 to 2022, 01912+01922 from 2023); population StatCan 17-10-0155 July 1 estimates, 2021 boundaries; 2025 board membership applied to all years"
calgary,member,cochrane,ring,2022,10717524,34720,308.68,312.16,"nominal dollars; total provincial transfers (FIR 01910+01920 to 2022, 01912+01922 from 2023); population StatCan 17-10-0155 July 1 estimates, 2021 boundaries; 2025 board membership applied to all years"
calgary,member,cochrane,ring,2023,6864876,36327,188.97,266.8,"nominal dollars; total provincial transfers (FIR 01910+01920 to 2022, 01912+01922 from 2023); population StatCan 17-10-0155 July 1 estimates, 2021 boundaries; 2025 board membership applied to all years"
calgary,member,cochrane,ring,2024,3066209,38100,80.48,224.24,"nominal dollars; total provincial transfers (FIR 01910+01920 to 2022, 01912+01922 from 2023); population StatCan 17-10-0155 July 1 estimates, 2021 boundaries; 2025 board membership applied to all years"
calgary,member,cochrane,ring,2025,5423711,39397,137.67,206.56,"nominal dollars; total provincial transfers (FIR 01910+01920 to 2022, 01912+01922 from 2023); population StatCan 17-10-0155 July 1 estimates, 2021 boundaries; 2025 board membership applied to all years"
calgary,member,foothills,ring,2001,1956611,16864,116.02,,"nominal dollars; total provincial transfers (FIR 01910+01920 to 2022, 01912+01922 from 2023); population StatCan 17-10-0155 July 1 estimates, 2021 boundaries; 2025 board membership applied to all years"
calgary,member,foothills,ring,2002,1698535,17558,96.74,,"nominal dollars; total provincial transfers (FIR 01910+01920 to 2022, 01912+01922 from 2023); population StatCan 17-10-0155 July 1 estimates, 2021 boundaries; 2025 board membership applied to all years"
calgary,member,foothills,ring,2003,1853439,18116,102.31,,"nominal dollars; total provincial transfers (FIR 01910+01920 to 2022, 01912+01922 from 2023); population StatCan 17-10-0155 July 1 estimates, 2021 boundaries; 2025 board membership applied to all years"
calgary,member,foothills,ring,2004,2097400,18701,112.15,,"nominal dollars; total provincial transfers (FIR 01910+01920 to 2022, 01912+01922 from 2023); population StatCan 17-10-0155 July 1 estimates, 2021 boundaries; 2025 board membership applied to all years"
calgary,member,foothills,ring,2005,3745410,19436,192.7,125.19,"nominal dollars; total provincial transfers (FIR 01910+01920 to 2022, 01912+01922 from 2023); population StatCan 17-10-0155 July 1 estimates, 2021 boundaries; 2025 board membership applied to all years"
calgary,member,foothills,ring,2006,5639330,20180,279.45,159.95,"nominal dollars; total provincial transfers (FIR 01910+01920 to 2022, 01912+01922 from 2023); population StatCan 17-10-0155 July 1 estimates, 2021 boundaries; 2025 board membership applied to all years"
calgary,member,foothills,ring,2007,15672225,20692,757.41,298.66,"nominal dollars; total provincial transfers (FIR 01910+01920 to 2022, 01912+01922 from 2023); population StatCan 17-10-0155 July 1 estimates, 2021 boundaries; 2025 board membership applied to all years"
calgary,member,foothills,ring,2008,12138004,21133,574.36,392.37,"nominal dollars; total provincial transfers (FIR 01910+01920 to 2022, 01912+01922 from 2023); population StatCan 17-10-0155 July 1 estimates, 2021 boundaries; 2025 board membership applied to all years"
calgary,member,foothills,ring,2009,10412471,21549,483.2,462.25,"nominal dollars; total provincial transfers (FIR 01910+01920 to 2022, 01912+01922 from 2023); population StatCan 17-10-0155 July 1 estimates, 2021 boundaries; 2025 board membership applied to all years"
calgary,member,foothills,ring,2010,8891113,21963,404.82,499.95,"nominal dollars; total provincial transfers (FIR 01910+01920 to 2022, 01912+01922 from 2023); population StatCan 17-10-0155 July 1 estimates, 2021 boundaries; 2025 board membership applied to all years"
calgary,member,foothills,ring,2011,18377221,21683,847.54,611.95,"nominal dollars; total provincial transfers (FIR 01910+01920 to 2022, 01912+01922 from 2023); population StatCan 17-10-0155 July 1 estimates, 2021 boundaries; 2025 board membership applied to all years"
calgary,member,foothills,ring,2012,37874274,21993,1722.11,809.57,"nominal dollars; total provincial transfers (FIR 01910+01920 to 2022, 01912+01922 from 2023); population StatCan 17-10-0155 July 1 estimates, 2021 boundaries; 2025 board membership applied to all years"
calgary,member,foothills,ring,2013,16777855,22466,746.81,842.04,"nominal dollars; total provincial transfers (FIR 01910+01920 to 2022, 01912+01922 from 2023); population StatCan 17-10-0155 July 1 estimates, 2021 boundaries; 2025 board membership applied to all years"
calgary,member,foothills,ring,2014,37233647,22614,1646.49,1076.18,"nominal dollars; total provincial transfers (FIR 01910+01920 to 2022, 01912+01922 from 2023); population StatCan 17-10-0155 July 1 estimates, 2021 boundaries; 2025 board membership applied to all years"
calgary,member,foothills,ring,2015,13332312,23256,573.28,1103.41,"nominal dollars; total provincial transfers (FIR 01910+01920 to 2022, 01912+01922 from 2023); population StatCan 17-10-0155 July 1 estimates, 2021 boundaries; 2025 board membership applied to all years"
calgary,member,foothills,ring,2016,11284928,23049,489.61,1027.56,"nominal dollars; total provincial transfers (FIR 01910+01920 to 2022, 01912+01922 from 2023); population StatCan 17-10-0155 July 1 estimates, 2021 boundaries; 2025 board membership applied to all years"
calgary,member,foothills,ring,2017,10666955,23329,457.24,778.42,"nominal dollars; total provincial transfers (FIR 01910+01920 to 2022, 01912+01922 from 2023); population StatCan 17-10-0155 July 1 estimates, 2021 boundaries; 2025 board membership applied to all years"
calgary,member,foothills,ring,2018,14458996,23568,613.5,750.99,"nominal dollars; total provincial transfers (FIR 01910+01920 to 2022, 01912+01922 from 2023); population StatCan 17-10-0155 July 1 estimates, 2021 boundaries; 2025 board membership applied to all years"
calgary,member,foothills,ring,2019,10506838,23745,442.49,515.19,"nominal dollars; total provincial transfers (FIR 01910+01920 to 2022, 01912+01922 from 2023); population StatCan 17-10-0155 July 1 estimates, 2021 boundaries; 2025 board membership applied to all years"
calgary,member,foothills,ring,2020,10440731,23713,440.3,488.56,"nominal dollars; total provincial transfers (FIR 01910+01920 to 2022, 01912+01922 from 2023); population StatCan 17-10-0155 July 1 estimates, 2021 boundaries; 2025 board membership applied to all years"
calgary,member,foothills,ring,2021,10830456,23851,454.09,481.4,"nominal dollars; total provincial transfers (FIR 01910+01920 to 2022, 01912+01922 from 2023); population StatCan 17-10-0155 July 1 estimates, 2021 boundaries; 2025 board membership applied to all years"
calgary,member,foothills,ring,2022,7302003,24122,302.71,449.91,"nominal dollars; total provincial transfers (FIR 01910+01920 to 2022, 01912+01922 from 2023); population StatCan 17-10-0155 July 1 estimates, 2021 boundaries; 2025 board membership applied to all years"
calgary,member,foothills,ring,2023,7049814,24568,286.95,384.42,"nominal dollars; total provincial transfers (FIR 01910+01920 to 2022, 01912+01922 from 2023); population StatCan 17-10-0155 July 1 estimates, 2021 boundaries; 2025 board membership applied to all years"
calgary,member,foothills,ring,2024,10265852,25212,407.18,377.79,"nominal dollars; total provincial transfers (FIR 01910+01920 to 2022, 01912+01922 from 2023); population StatCan 17-10-0155 July 1 estimates, 2021 boundaries; 2025 board membership applied to all years"
calgary,member,foothills,ring,2025,9505349,25789,368.58,363.87,"nominal dollars; total provincial transfers (FIR 01910+01920 to 2022, 01912+01922 from 2023); population StatCan 17-10-0155 July 1 estimates, 2021 boundaries; 2025 board membership applied to all years"
calgary,member,high_river,ring,2001,673733,9623,70.01,,"nominal dollars; total provincial transfers (FIR 01910+01920 to 2022, 01912+01922 from 2023); population StatCan 17-10-0155 July 1 estimates, 2021 boundaries; 2025 board membership applied to all years"
calgary,member,high_river,ring,2002,1642439,9913,165.69,,"nominal dollars; total provincial transfers (FIR 01910+01920 to 2022, 01912+01922 from 2023); population StatCan 17-10-0155 July 1 estimates, 2021 boundaries; 2025 board membership applied to all years"
calgary,member,high_river,ring,2003,709207,10136,69.97,,"nominal dollars; total provincial transfers (FIR 01910+01920 to 2022, 01912+01922 from 2023); population StatCan 17-10-0155 July 1 estimates, 2021 boundaries; 2025 board membership applied to all years"
calgary,member,high_river,ring,2004,1144653,10381,110.26,,"nominal dollars; total provincial transfers (FIR 01910+01920 to 2022, 01912+01922 from 2023); population StatCan 17-10-0155 July 1 estimates, 2021 boundaries; 2025 board membership applied to all years"
calgary,member,high_river,ring,2005,5785589,10732,539.1,196.03,"nominal dollars; total provincial transfers (FIR 01910+01920 to 2022, 01912+01922 from 2023); population StatCan 17-10-0155 July 1 estimates, 2021 boundaries; 2025 board membership applied to all years"
calgary,member,high_river,ring,2006,1373805,11069,124.11,204.01,"nominal dollars; total provincial transfers (FIR 01910+01920 to 2022, 01912+01922 from 2023); population StatCan 17-10-0155 July 1 estimates, 2021 boundaries; 2025 board membership applied to all years"
calgary,member,high_river,ring,2007,2541393,11606,218.97,214.28,"nominal dollars; total provincial transfers (FIR 01910+01920 to 2022, 01912+01922 from 2023); population StatCan 17-10-0155 July 1 estimates, 2021 boundaries; 2025 board membership applied to all years"
calgary,member,high_river,ring,2008,6919373,12105,571.61,317.84,"nominal dollars; total provincial transfers (FIR 01910+01920 to 2022, 01912+01922 from 2023); population StatCan 17-10-0155 July 1 estimates, 2021 boundaries; 2025 board membership applied to all years"
calgary,member,high_river,ring,2009,7465427,12651,590.11,414.1,"nominal dollars; total provincial transfers (FIR 01910+01920 to 2022, 01912+01922 from 2023); population StatCan 17-10-0155 July 1 estimates, 2021 boundaries; 2025 board membership applied to all years"
calgary,member,high_river,ring,2010,8698134,13034,667.34,446.51,"nominal dollars; total provincial transfers (FIR 01910+01920 to 2022, 01912+01922 from 2023); population StatCan 17-10-0155 July 1 estimates, 2021 boundaries; 2025 board membership applied to all years"
calgary,member,high_river,ring,2011,3871986,13362,289.78,470.0,"nominal dollars; total provincial transfers (FIR 01910+01920 to 2022, 01912+01922 from 2023); population StatCan 17-10-0155 July 1 estimates, 2021 boundaries; 2025 board membership applied to all years"
calgary,member,high_river,ring,2012,13215593,13805,957.3,618.42,"nominal dollars; total provincial transfers (FIR 01910+01920 to 2022, 01912+01922 from 2023); population StatCan 17-10-0155 July 1 estimates, 2021 boundaries; 2025 board membership applied to all years"
calgary,member,high_river,ring,2013,44823812,13940,3215.48,1168.93,"nominal dollars; total provincial transfers (FIR 01910+01920 to 2022, 01912+01922 from 2023); population StatCan 17-10-0155 July 1 estimates, 2021 boundaries; 2025 board membership applied to all years"
calgary,member,high_river,ring,2014,37115434,13584,2732.29,1590.62,"nominal dollars; total provincial transfers (FIR 01910+01920 to 2022, 01912+01922 from 2023); population StatCan 17-10-0155 July 1 estimates, 2021 boundaries; 2025 board membership applied to all years"
calgary,member,high_river,ring,2015,36255333,13902,2607.92,1972.24,"nominal dollars; total provincial transfers (FIR 01910+01920 to 2022, 01912+01922 from 2023); population StatCan 17-10-0155 July 1 estimates, 2021 boundaries; 2025 board membership applied to all years"
calgary,member,high_river,ring,2016,16715762,13899,1202.66,2142.72,"nominal dollars; total provincial transfers (FIR 01910+01920 to 2022, 01912+01922 from 2023); population StatCan 17-10-0155 July 1 estimates, 2021 boundaries; 2025 board membership applied to all years"
calgary,member,high_river,ring,2017,35207698,13998,2515.19,2453.99,"nominal dollars; total provincial transfers (FIR 01910+01920 to 2022, 01912+01922 from 2023); population StatCan 17-10-0155 July 1 estimates, 2021 boundaries; 2025 board membership applied to all years"
calgary,member,high_river,ring,2018,30040495,14126,2126.61,2234.74,"nominal dollars; total provincial transfers (FIR 01910+01920 to 2022, 01912+01922 from 2023); population StatCan 17-10-0155 July 1 estimates, 2021 boundaries; 2025 board membership applied to all years"
calgary,member,high_river,ring,2019,19564897,14056,1391.92,1968.88,"nominal dollars; total provincial transfers (FIR 01910+01920 to 2022, 01912+01922 from 2023); population StatCan 17-10-0155 July 1 estimates, 2021 boundaries; 2025 board membership applied to all years"
calgary,member,high_river,ring,2020,27459729,14119,1944.88,1837.5,"nominal dollars; total provincial transfers (FIR 01910+01920 to 2022, 01912+01922 from 2023); population StatCan 17-10-0155 July 1 estimates, 2021 boundaries; 2025 board membership applied to all years"
calgary,member,high_river,ring,2021,11948756,14740,810.63,1748.64,"nominal dollars; total provincial transfers (FIR 01910+01920 to 2022, 01912+01922 from 2023); population StatCan 17-10-0155 July 1 estimates, 2021 boundaries; 2025 board membership applied to all years"
calgary,member,high_river,ring,2022,8448130,15001,563.17,1352.85,"nominal dollars; total provincial transfers (FIR 01910+01920 to 2022, 01912+01922 from 2023); population StatCan 17-10-0155 July 1 estimates, 2021 boundaries; 2025 board membership applied to all years"
calgary,member,high_river,ring,2023,4498850,15279,294.45,982.59,"nominal dollars; total provincial transfers (FIR 01910+01920 to 2022, 01912+01922 from 2023); population StatCan 17-10-0155 July 1 estimates, 2021 boundaries; 2025 board membership applied to all years"
calgary,member,high_river,ring,2024,14831815,15496,957.14,900.21,"nominal dollars; total provincial transfers (FIR 01910+01920 to 2022, 01912+01922 from 2023); population StatCan 17-10-0155 July 1 estimates, 2021 boundaries; 2025 board membership applied to all years"
calgary,member,high_river,ring,2025,10370038,15508,668.69,658.97,"nominal dollars; total provincial transfers (FIR 01910+01920 to 2022, 01912+01922 from 2023); population StatCan 17-10-0155 July 1 estimates, 2021 boundaries; 2025 board membership applied to all years"
calgary,member,okotoks,ring,2001,2006022,12179,164.71,,"nominal dollars; total provincial transfers (FIR 01910+01920 to 2022, 01912+01922 from 2023); population StatCan 17-10-0155 July 1 estimates, 2021 boundaries; 2025 board membership applied to all years"
calgary,member,okotoks,ring,2002,2933146,13272,221.0,,"nominal dollars; total provincial transfers (FIR 01910+01920 to 2022, 01912+01922 from 2023); population StatCan 17-10-0155 July 1 estimates, 2021 boundaries; 2025 board membership applied to all years"
calgary,member,okotoks,ring,2003,1985108,14312,138.7,,"nominal dollars; total provincial transfers (FIR 01910+01920 to 2022, 01912+01922 from 2023); population StatCan 17-10-0155 July 1 estimates, 2021 boundaries; 2025 board membership applied to all years"
calgary,member,okotoks,ring,2004,2856448,15405,185.42,,"nominal dollars; total provincial transfers (FIR 01910+01920 to 2022, 01912+01922 from 2023); population StatCan 17-10-0155 July 1 estimates, 2021 boundaries; 2025 board membership applied to all years"
calgary,member,okotoks,ring,2005,9429301,16666,565.78,267.42,"nominal dollars; total provincial transfers (FIR 01910+01920 to 2022, 01912+01922 from 2023); population StatCan 17-10-0155 July 1 estimates, 2021 boundaries; 2025 board membership applied to all years"
calgary,member,okotoks,ring,2006,6986837,18070,386.65,311.24,"nominal dollars; total provincial transfers (FIR 01910+01920 to 2022, 01912+01922 from 2023); population StatCan 17-10-0155 July 1 estimates, 2021 boundaries; 2025 board membership applied to all years"
calgary,member,okotoks,ring,2007,9045173,19868,455.26,359.38,"nominal dollars; total provincial transfers (FIR 01910+01920 to 2022, 01912+01922 from 2023); population StatCan 17-10-0155 July 1 estimates, 2021 boundaries; 2025 board membership applied to all years"
calgary,member,okotoks,ring,2008,6965349,21487,324.17,385.62,"nominal dollars; total provincial transfers (FIR 01910+01920 to 2022, 01912+01922 from 2023); population StatCan 17-10-0155 July 1 estimates, 2021 boundaries; 2025 board membership applied to all years"
calgary,member,okotoks,ring,2009,8430823,23187,363.6,411.55,"nominal dollars; total provincial transfers (FIR 01910+01920 to 2022, 01912+01922 from 2023); population StatCan 17-10-0155 July 1 estimates, 2021 boundaries; 2025 board membership applied to all years"
calgary,member,okotoks,ring,2010,11772800,24578,479.0,403.03,"nominal dollars; total provincial transfers (FIR 01910+01920 to 2022, 01912+01922 from 2023); population StatCan 17-10-0155 July 1 estimates, 2021 boundaries; 2025 board membership applied to all years"
calgary,member,okotoks,ring,2011,7937921,25620,309.83,384.8,"nominal dollars; total provincial transfers (FIR 01910+01920 to 2022, 01912+01922 from 2023); population StatCan 17-10-0155 July 1 estimates, 2021 boundaries; 2025 board membership applied to all years"
calgary,member,okotoks,ring,2012,6715552,26839,250.22,343.62,"nominal dollars; total provincial transfers (FIR 01910+01920 to 2022, 01912+01922 from 2023); population StatCan 17-10-0155 July 1 estimates, 2021 boundaries; 2025 board membership applied to all years"
calgary,member,okotoks,ring,2013,10108154,27921,362.03,350.89,"nominal dollars; total provincial transfers (FIR 01910+01920 to 2022, 01912+01922 from 2023); population StatCan 17-10-0155 July 1 estimates, 2021 boundaries; 2025 board membership applied to all years"
calgary,member,okotoks,ring,2014,8870305,28839,307.58,339.36,"nominal dollars; total provincial transfers (FIR 01910+01920 to 2022, 01912+01922 from 2023); population StatCan 17-10-0155 July 1 estimates, 2021 boundaries; 2025 board membership applied to all years"
calgary,member,okotoks,ring,2015,10733762,29428,364.75,319.99,"nominal dollars; total provincial transfers (FIR 01910+01920 to 2022, 01912+01922 from 2023); population StatCan 17-10-0155 July 1 estimates, 2021 boundaries; 2025 board membership applied to all years"
calgary,member,okotoks,ring,2016,13736839,29846,460.26,351.11,"nominal dollars; total provincial transfers (FIR 01910+01920 to 2022, 01912+01922 from 2023); population StatCan 17-10-0155 July 1 estimates, 2021 boundaries; 2025 board membership applied to all years"
calgary,member,okotoks,ring,2017,14386577,30108,477.83,395.75,"nominal dollars; total provincial transfers (FIR 01910+01920 to 2022, 01912+01922 from 2023); population StatCan 17-10-0155 July 1 estimates, 2021 boundaries; 2025 board membership applied to all years"
calgary,member,okotoks,ring,2018,7610930,30263,251.49,372.69,"nominal dollars; total provincial transfers (FIR 01910+01920 to 2022, 01912+01922 from 2023); population StatCan 17-10-0155 July 1 estimates, 2021 boundaries; 2025 board membership applied to all years"
calgary,member,okotoks,ring,2019,7795621,30412,256.33,361.62,"nominal dollars; total provincial transfers (FIR 01910+01920 to 2022, 01912+01922 from 2023); population StatCan 17-10-0155 July 1 estimates, 2021 boundaries; 2025 board membership applied to all years"
calgary,member,okotoks,ring,2020,13160560,30846,426.65,374.26,"nominal dollars; total provincial transfers (FIR 01910+01920 to 2022, 01912+01922 from 2023); population StatCan 17-10-0155 July 1 estimates, 2021 boundaries; 2025 board membership applied to all years"
calgary,member,okotoks,ring,2021,22054834,31386,702.7,424.85,"nominal dollars; total provincial transfers (FIR 01910+01920 to 2022, 01912+01922 from 2023); population StatCan 17-10-0155 July 1 estimates, 2021 boundaries; 2025 board membership applied to all years"
calgary,member,okotoks,ring,2022,9112786,31926,285.43,385.8,"nominal dollars; total provincial transfers (FIR 01910+01920 to 2022, 01912+01922 from 2023); population StatCan 17-10-0155 July 1 estimates, 2021 boundaries; 2025 board membership applied to all years"
calgary,member,okotoks,ring,2023,4986872,32529,153.31,363.53,"nominal dollars; total provincial transfers (FIR 01910+01920 to 2022, 01912+01922 from 2023); population StatCan 17-10-0155 July 1 estimates, 2021 boundaries; 2025 board membership applied to all years"
calgary,member,okotoks,ring,2024,13105794,33181,394.98,390.45,"nominal dollars; total provincial transfers (FIR 01910+01920 to 2022, 01912+01922 from 2023); population StatCan 17-10-0155 July 1 estimates, 2021 boundaries; 2025 board membership applied to all years"
calgary,member,okotoks,ring,2025,22415399,33482,669.48,441.07,"nominal dollars; total provincial transfers (FIR 01910+01920 to 2022, 01912+01922 from 2023); population StatCan 17-10-0155 July 1 estimates, 2021 boundaries; 2025 board membership applied to all years"
calgary,member,rocky_view,ring,2001,2273816,29128,78.06,,"nominal dollars; total provincial transfers (FIR 01910+01920 to 2022, 01912+01922 from 2023); population StatCan 17-10-0155 July 1 estimates, 2021 boundaries; 2025 board membership applied to all years"
calgary,member,rocky_view,ring,2002,3969272,30091,131.91,,"nominal dollars; total provincial transfers (FIR 01910+01920 to 2022, 01912+01922 from 2023); population StatCan 17-10-0155 July 1 estimates, 2021 boundaries; 2025 board membership applied to all years"
calgary,member,rocky_view,ring,2003,2273760,30800,73.82,,"nominal dollars; total provincial transfers (FIR 01910+01920 to 2022, 01912+01922 from 2023); population StatCan 17-10-0155 July 1 estimates, 2021 boundaries; 2025 board membership applied to all years"
calgary,member,rocky_view,ring,2004,1695741,31563,53.73,,"nominal dollars; total provincial transfers (FIR 01910+01920 to 2022, 01912+01922 from 2023); population StatCan 17-10-0155 July 1 estimates, 2021 boundaries; 2025 board membership applied to all years"
calgary,member,rocky_view,ring,2005,6235384,32561,191.5,106.71,"nominal dollars; total provincial transfers (FIR 01910+01920 to 2022, 01912+01922 from 2023); population StatCan 17-10-0155 July 1 estimates, 2021 boundaries; 2025 board membership applied to all years"
calgary,member,rocky_view,ring,2006,13103859,33660,389.3,171.91,"nominal dollars; total provincial transfers (FIR 01910+01920 to 2022, 01912+01922 from 2023); population StatCan 17-10-0155 July 1 estimates, 2021 boundaries; 2025 board membership applied to all years"
calgary,member,rocky_view,ring,2007,8795621,34712,253.39,196.6,"nominal dollars; total provincial transfers (FIR 01910+01920 to 2022, 01912+01922 from 2023); population StatCan 17-10-0155 July 1 estimates, 2021 boundaries; 2025 board membership applied to all years"
calgary,member,rocky_view,ring,2008,17700830,35249,502.17,283.36,"nominal dollars; total provincial transfers (FIR 01910+01920 to 2022, 01912+01922 from 2023); population StatCan 17-10-0155 July 1 estimates, 2021 boundaries; 2025 board membership applied to all years"
calgary,member,rocky_view,ring,2009,21261463,35855,592.98,390.02,"nominal dollars; total provincial transfers (FIR 01910+01920 to 2022, 01912+01922 from 2023); population StatCan 17-10-0155 July 1 estimates, 2021 boundaries; 2025 board membership applied to all years"
calgary,member,rocky_view,ring,2010,19507184,36432,535.44,456.88,"nominal dollars; total provincial transfers (FIR 01910+01920 to 2022, 01912+01922 from 2023); population StatCan 17-10-0155 July 1 estimates, 2021 boundaries; 2025 board membership applied to all years"
calgary,member,rocky_view,ring,2011,29056098,36812,789.31,537.93,"nominal dollars; total provincial transfers (FIR 01910+01920 to 2022, 01912+01922 from 2023); population StatCan 17-10-0155 July 1 estimates, 2021 boundaries; 2025 board membership applied to all years"
calgary,member,rocky_view,ring,2012,26401220,37383,706.24,626.9,"nominal dollars; total provincial transfers (FIR 01910+01920 to 2022, 01912+01922 from 2023); population StatCan 17-10-0155 July 1 estimates, 2021 boundaries; 2025 board membership applied to all years"
calgary,member,rocky_view,ring,2013,24125396,38252,630.7,651.48,"nominal dollars; total provincial transfers (FIR 01910+01920 to 2022, 01912+01922 from 2023); population StatCan 17-10-0155 July 1 estimates, 2021 boundaries; 2025 board membership applied to all years"
calgary,member,rocky_view,ring,2014,17430119,39141,445.32,619.72,"nominal dollars; total provincial transfers (FIR 01910+01920 to 2022, 01912+01922 from 2023); population StatCan 17-10-0155 July 1 estimates, 2021 boundaries; 2025 board membership applied to all years"
calgary,member,rocky_view,ring,2015,10153183,39675,255.91,560.31,"nominal dollars; total provincial transfers (FIR 01910+01920 to 2022, 01912+01922 from 2023); population StatCan 17-10-0155 July 1 estimates, 2021 boundaries; 2025 board membership applied to all years"
calgary,member,rocky_view,ring,2016,15313542,40373,379.3,479.53,"nominal dollars; total provincial transfers (FIR 01910+01920 to 2022, 01912+01922 from 2023); population StatCan 17-10-0155 July 1 estimates, 2021 boundaries; 2025 board membership applied to all years"
calgary,member,rocky_view,ring,2017,24854889,40815,608.96,463.43,"nominal dollars; total provincial transfers (FIR 01910+01920 to 2022, 01912+01922 from 2023); population StatCan 17-10-0155 July 1 estimates, 2021 boundaries; 2025 board membership applied to all years"
calgary,member,rocky_view,ring,2018,26167361,41227,634.71,466.72,"nominal dollars; total provincial transfers (FIR 01910+01920 to 2022, 01912+01922 from 2023); population StatCan 17-10-0155 July 1 estimates, 2021 boundaries; 2025 board membership applied to all years"
calgary,member,rocky_view,ring,2019,17323292,41653,415.9,460.44,"nominal dollars; total provincial transfers (FIR 01910+01920 to 2022, 01912+01922 from 2023); population StatCan 17-10-0155 July 1 estimates, 2021 boundaries; 2025 board membership applied to all years"
calgary,member,rocky_view,ring,2020,30503254,41891,728.16,554.3,"nominal dollars; total provincial transfers (FIR 01910+01920 to 2022, 01912+01922 from 2023); population StatCan 17-10-0155 July 1 estimates, 2021 boundaries; 2025 board membership applied to all years"
calgary,member,rocky_view,ring,2021,34768989,42378,820.45,642.5,"nominal dollars; total provincial transfers (FIR 01910+01920 to 2022, 01912+01922 from 2023); population StatCan 17-10-0155 July 1 estimates, 2021 boundaries; 2025 board membership applied to all years"
calgary,member,rocky_view,ring,2022,15443615,43731,353.15,588.99,"nominal dollars; total provincial transfers (FIR 01910+01920 to 2022, 01912+01922 from 2023); population StatCan 17-10-0155 July 1 estimates, 2021 boundaries; 2025 board membership applied to all years"
calgary,member,rocky_view,ring,2023,9454988,45102,209.64,500.54,"nominal dollars; total provincial transfers (FIR 01910+01920 to 2022, 01912+01922 from 2023); population StatCan 17-10-0155 July 1 estimates, 2021 boundaries; 2025 board membership applied to all years"
calgary,member,rocky_view,ring,2024,9896182,46706,211.88,455.25,"nominal dollars; total provincial transfers (FIR 01910+01920 to 2022, 01912+01922 from 2023); population StatCan 17-10-0155 July 1 estimates, 2021 boundaries; 2025 board membership applied to all years"
calgary,member,rocky_view,ring,2025,18014096,50260,358.42,383.82,"nominal dollars; total provincial transfers (FIR 01910+01920 to 2022, 01912+01922 from 2023); population StatCan 17-10-0155 July 1 estimates, 2021 boundaries; 2025 board membership applied to all years"
calgary,side,core,core,2001,223850000,904583,247.46,,"nominal dollars; total provincial transfers (FIR 01910+01920 to 2022, 01912+01922 from 2023); population StatCan 17-10-0155 July 1 estimates, 2021 boundaries; 2025 board membership applied to all years"
calgary,side,core,core,2002,140304000,929934,150.88,,"nominal dollars; total provincial transfers (FIR 01910+01920 to 2022, 01912+01922 from 2023); population StatCan 17-10-0155 July 1 estimates, 2021 boundaries; 2025 board membership applied to all years"
calgary,side,core,core,2003,160401000,948052,169.19,,"nominal dollars; total provincial transfers (FIR 01910+01920 to 2022, 01912+01922 from 2023); population StatCan 17-10-0155 July 1 estimates, 2021 boundaries; 2025 board membership applied to all years"
calgary,side,core,core,2004,161698000,967624,167.11,,"nominal dollars; total provincial transfers (FIR 01910+01920 to 2022, 01912+01922 from 2023); population StatCan 17-10-0155 July 1 estimates, 2021 boundaries; 2025 board membership applied to all years"
calgary,side,core,core,2005,265496000,997202,266.24,200.48,"nominal dollars; total provincial transfers (FIR 01910+01920 to 2022, 01912+01922 from 2023); population StatCan 17-10-0155 July 1 estimates, 2021 boundaries; 2025 board membership applied to all years"
calgary,side,core,core,2006,310027000,1028518,301.43,213.07,"nominal dollars; total provincial transfers (FIR 01910+01920 to 2022, 01912+01922 from 2023); population StatCan 17-10-0155 July 1 estimates, 2021 boundaries; 2025 board membership applied to all years"
calgary,side,core,core,2007,423505000,1053086,402.16,264.52,"nominal dollars; total provincial transfers (FIR 01910+01920 to 2022, 01912+01922 from 2023); population StatCan 17-10-0155 July 1 estimates, 2021 boundaries; 2025 board membership applied to all years"
calgary,side,core,core,2008,611600000,1080159,566.21,345.71,"nominal dollars; total provincial transfers (FIR 01910+01920 to 2022, 01912+01922 from 2023); population StatCan 17-10-0155 July 1 estimates, 2021 boundaries; 2025 board membership applied to all years"
calgary,side,core,core,2009,487822000,1107714,440.39,398.44,"nominal dollars; total provincial transfers (FIR 01910+01920 to 2022, 01912+01922 from 2023); population StatCan 17-10-0155 July 1 estimates, 2021 boundaries; 2025 board membership applied to all years"
calgary,side,core,core,2010,576367000,1122267,513.57,446.85,"nominal dollars; total provincial transfers (FIR 01910+01920 to 2022, 01912+01922 from 2023); population StatCan 17-10-0155 July 1 estimates, 2021 boundaries; 2025 board membership applied to all years"
calgary,side,core,core,2011,571510000,1140743,501.0,485.25,"nominal dollars; total provincial transfers (FIR 01910+01920 to 2022, 01912+01922 from 2023); population StatCan 17-10-0155 July 1 estimates, 2021 boundaries; 2025 board membership applied to all years"
calgary,side,core,core,2012,496582000,1170624,424.2,488.1,"nominal dollars; total provincial transfers (FIR 01910+01920 to 2022, 01912+01922 from 2023); population StatCan 17-10-0155 July 1 estimates, 2021 boundaries; 2025 board membership applied to all years"
calgary,side,core,core,2013,402912000,1207705,333.62,440.98,"nominal dollars; total provincial transfers (FIR 01910+01920 to 2022, 01912+01922 from 2023); population StatCan 17-10-0155 July 1 estimates, 2021 boundaries; 2025 board membership applied to all years"
calgary,side,core,core,2014,702994000,1241366,566.31,467.53,"nominal dollars; total provincial transfers (FIR 01910+01920 to 2022, 01912+01922 from 2023); population StatCan 17-10-0155 July 1 estimates, 2021 boundaries; 2025 board membership applied to all years"
calgary,side,core,core,2015,763333000,1263636,604.08,487.6,"nominal dollars; total provincial transfers (FIR 01910+01920 to 2022, 01912+01922 from 2023); population StatCan 17-10-0155 July 1 estimates, 2021 boundaries; 2025 board membership applied to all years"
calgary,side,core,core,2016,747110000,1278708,584.27,505.18,"nominal dollars; total provincial transfers (FIR 01910+01920 to 2022, 01912+01922 from 2023); population StatCan 17-10-0155 July 1 estimates, 2021 boundaries; 2025 board membership applied to all years"
calgary,side,core,core,2017,736067000,1289970,570.61,533.71,"nominal dollars; total provincial transfers (FIR 01910+01920 to 2022, 01912+01922 from 2023); population StatCan 17-10-0155 July 1 estimates, 2021 boundaries; 2025 board membership applied to all years"
calgary,side,core,core,2018,603750000,1306586,462.08,556.91,"nominal dollars; total provincial transfers (FIR 01910+01920 to 2022, 01912+01922 from 2023); population StatCan 17-10-0155 July 1 estimates, 2021 boundaries; 2025 board membership applied to all years"
calgary,side,core,core,2019,653681000,1330058,491.47,541.65,"nominal dollars; total provincial transfers (FIR 01910+01920 to 2022, 01912+01922 from 2023); population StatCan 17-10-0155 July 1 estimates, 2021 boundaries; 2025 board membership applied to all years"
calgary,side,core,core,2020,502434000,1351294,371.82,494.62,"nominal dollars; total provincial transfers (FIR 01910+01920 to 2022, 01912+01922 from 2023); population StatCan 17-10-0155 July 1 estimates, 2021 boundaries; 2025 board membership applied to all years"
calgary,side,core,core,2021,399071000,1356293,294.24,436.38,"nominal dollars; total provincial transfers (FIR 01910+01920 to 2022, 01912+01922 from 2023); population StatCan 17-10-0155 July 1 estimates, 2021 boundaries; 2025 board membership applied to all years"
calgary,side,core,core,2022,419641000,1395672,300.67,382.58,"nominal dollars; total provincial transfers (FIR 01910+01920 to 2022, 01912+01922 from 2023); population StatCan 17-10-0155 July 1 estimates, 2021 boundaries; 2025 board membership applied to all years"
calgary,side,core,core,2023,469081000,1479763,317.0,353.52,"nominal dollars; total provincial transfers (FIR 01910+01920 to 2022, 01912+01922 from 2023); population StatCan 17-10-0155 July 1 estimates, 2021 boundaries; 2025 board membership applied to all years"
calgary,side,core,core,2024,633148000,1573009,402.51,338.65,"nominal dollars; total provincial transfers (FIR 01910+01920 to 2022, 01912+01922 from 2023); population StatCan 17-10-0155 July 1 estimates, 2021 boundaries; 2025 board membership applied to all years"
calgary,side,core,core,2025,663594000,1612834,411.45,348.43,"nominal dollars; total provincial transfers (FIR 01910+01920 to 2022, 01912+01922 from 2023); population StatCan 17-10-0155 July 1 estimates, 2021 boundaries; 2025 board membership applied to all years"
calgary,side,ring,ring,2001,13511715,106183,127.25,,"nominal dollars; total provincial transfers (FIR 01910+01920 to 2022, 01912+01922 from 2023); population StatCan 17-10-0155 July 1 estimates, 2021 boundaries; 2025 board membership applied to all years"
calgary,side,ring,ring,2002,14029726,112473,124.74,,"nominal dollars; total provincial transfers (FIR 01910+01920 to 2022, 01912+01922 from 2023); population StatCan 17-10-0155 July 1 estimates, 2021 boundaries; 2025 board membership applied to all years"
calgary,side,ring,ring,2003,13316593,117981,112.87,,"nominal dollars; total provincial transfers (FIR 01910+01920 to 2022, 01912+01922 from 2023); population StatCan 17-10-0155 July 1 estimates, 2021 boundaries; 2025 board membership applied to all years"
calgary,side,ring,ring,2004,14318724,123807,115.65,,"nominal dollars; total provincial transfers (FIR 01910+01920 to 2022, 01912+01922 from 2023); population StatCan 17-10-0155 July 1 estimates, 2021 boundaries; 2025 board membership applied to all years"
calgary,side,ring,ring,2005,37492145,130852,286.52,156.72,"nominal dollars; total provincial transfers (FIR 01910+01920 to 2022, 01912+01922 from 2023); population StatCan 17-10-0155 July 1 estimates, 2021 boundaries; 2025 board membership applied to all years"
calgary,side,ring,ring,2006,44750841,138575,322.94,198.67,"nominal dollars; total provincial transfers (FIR 01910+01920 to 2022, 01912+01922 from 2023); population StatCan 17-10-0155 July 1 estimates, 2021 boundaries; 2025 board membership applied to all years"
calgary,side,ring,ring,2007,50225571,146997,341.68,243.24,"nominal dollars; total provincial transfers (FIR 01910+01920 to 2022, 01912+01922 from 2023); population StatCan 17-10-0155 July 1 estimates, 2021 boundaries; 2025 board membership applied to all years"
calgary,side,ring,ring,2008,77357056,154469,500.79,322.65,"nominal dollars; total provincial transfers (FIR 01910+01920 to 2022, 01912+01922 from 2023); population StatCan 17-10-0155 July 1 estimates, 2021 boundaries; 2025 board membership applied to all years"
calgary,side,ring,ring,2009,83018648,162641,510.44,399.22,"nominal dollars; total provincial transfers (FIR 01910+01920 to 2022, 01912+01922 from 2023); population StatCan 17-10-0155 July 1 estimates, 2021 boundaries; 2025 board membership applied to all years"
calgary,side,ring,ring,2010,85142723,170552,499.22,440.35,"nominal dollars; total provincial transfers (FIR 01910+01920 to 2022, 01912+01922 from 2023); population StatCan 17-10-0155 July 1 estimates, 2021 boundaries; 2025 board membership applied to all years"
calgary,side,ring,ring,2011,95707049,176597,541.95,482.52,"nominal dollars; total provincial transfers (FIR 01910+01920 to 2022, 01912+01922 from 2023); population StatCan 17-10-0155 July 1 estimates, 2021 boundaries; 2025 board membership applied to all years"
calgary,side,ring,ring,2012,112151667,184133,609.08,534.4,"nominal dollars; total provincial transfers (FIR 01910+01920 to 2022, 01912+01922 from 2023); population StatCan 17-10-0155 July 1 estimates, 2021 boundaries; 2025 board membership applied to all years"
calgary,side,ring,ring,2013,121078822,192735,628.21,560.64,"nominal dollars; total provincial transfers (FIR 01910+01920 to 2022, 01912+01922 from 2023); population StatCan 17-10-0155 July 1 estimates, 2021 boundaries; 2025 board membership applied to all years"
calgary,side,ring,ring,2014,124034869,201907,614.32,581.17,"nominal dollars; total provincial transfers (FIR 01910+01920 to 2022, 01912+01922 from 2023); population StatCan 17-10-0155 July 1 estimates, 2021 boundaries; 2025 board membership applied to all years"
calgary,side,ring,ring,2015,106255939,211108,503.33,578.62,"nominal dollars; total provincial transfers (FIR 01910+01920 to 2022, 01912+01922 from 2023); population StatCan 17-10-0155 July 1 estimates, 2021 boundaries; 2025 board membership applied to all years"
calgary,side,ring,ring,2016,82765362,218631,378.56,541.67,"nominal dollars; total provincial transfers (FIR 01910+01920 to 2022, 01912+01922 from 2023); population StatCan 17-10-0155 July 1 estimates, 2021 boundaries; 2025 board membership applied to all years"
calgary,side,ring,ring,2017,112194268,224858,498.96,520.69,"nominal dollars; total provincial transfers (FIR 01910+01920 to 2022, 01912+01922 from 2023); population StatCan 17-10-0155 July 1 estimates, 2021 boundaries; 2025 board membership applied to all years"
calgary,side,ring,ring,2018,109254889,230228,474.55,491.85,"nominal dollars; total provincial transfers (FIR 01910+01920 to 2022, 01912+01922 from 2023); population StatCan 17-10-0155 July 1 estimates, 2021 boundaries; 2025 board membership applied to all years"
calgary,side,ring,ring,2019,85798024,235222,364.75,443.08,"nominal dollars; total provincial transfers (FIR 01910+01920 to 2022, 01912+01922 from 2023); population StatCan 17-10-0155 July 1 estimates, 2021 boundaries; 2025 board membership applied to all years"
calgary,side,ring,ring,2020,110424895,239503,461.06,435.75,"nominal dollars; total provincial transfers (FIR 01910+01920 to 2022, 01912+01922 from 2023); population StatCan 17-10-0155 July 1 estimates, 2021 boundaries; 2025 board membership applied to all years"
calgary,side,ring,ring,2021,124502102,245734,506.65,461.21,"nominal dollars; total provincial transfers (FIR 01910+01920 to 2022, 01912+01922 from 2023); population StatCan 17-10-0155 July 1 estimates, 2021 boundaries; 2025 board membership applied to all years"
calgary,side,ring,ring,2022,85534106,254013,336.73,427.92,"nominal dollars; total provincial transfers (FIR 01910+01920 to 2022, 01912+01922 from 2023); population StatCan 17-10-0155 July 1 estimates, 2021 boundaries; 2025 board membership applied to all years"
calgary,side,ring,ring,2023,75577804,263935,286.35,389.08,"nominal dollars; total provincial transfers (FIR 01910+01920 to 2022, 01912+01922 from 2023); population StatCan 17-10-0155 July 1 estimates, 2021 boundaries; 2025 board membership applied to all years"
calgary,side,ring,ring,2024,86429477,276384,312.72,377.06,"nominal dollars; total provincial transfers (FIR 01910+01920 to 2022, 01912+01922 from 2023); population StatCan 17-10-0155 July 1 estimates, 2021 boundaries; 2025 board membership applied to all years"
calgary,side,ring,ring,2025,102939891,288651,356.62,357.48,"nominal dollars; total provincial transfers (FIR 01910+01920 to 2022, 01912+01922 from 2023); population StatCan 17-10-0155 July 1 estimates, 2021 boundaries; 2025 board membership applied to all years"
edmonton,member,beaumont,ring,2001,622607,7263,85.72,,"nominal dollars; total provincial transfers (FIR 01910+01920 to 2022, 01912+01922 from 2023); population StatCan 17-10-0155 July 1 estimates, 2021 boundaries; 2025 board membership applied to all years"
edmonton,member,beaumont,ring,2002,1270905,7670,165.7,,"nominal dollars; total provincial transfers (FIR 01910+01920 to 2022, 01912+01922 from 2023); population StatCan 17-10-0155 July 1 estimates, 2021 boundaries; 2025 board membership applied to all years"
edmonton,member,beaumont,ring,2003,748638,8034,93.18,,"nominal dollars; total provincial transfers (FIR 01910+01920 to 2022, 01912+01922 from 2023); population StatCan 17-10-0155 July 1 estimates, 2021 boundaries; 2025 board membership applied to all years"
edmonton,member,beaumont,ring,2004,876102,8400,104.3,,"nominal dollars; total provincial transfers (FIR 01910+01920 to 2022, 01912+01922 from 2023); population StatCan 17-10-0155 July 1 estimates, 2021 boundaries; 2025 board membership applied to all years"
edmonton,member,beaumont,ring,2005,1672792,8863,188.74,129.03,"nominal dollars; total provincial transfers (FIR 01910+01920 to 2022, 01912+01922 from 2023); population StatCan 17-10-0155 July 1 estimates, 2021 boundaries; 2025 board membership applied to all years"
edmonton,member,beaumont,ring,2006,1416087,9445,149.93,141.1,"nominal dollars; total provincial transfers (FIR 01910+01920 to 2022, 01912+01922 from 2023); population StatCan 17-10-0155 July 1 estimates, 2021 boundaries; 2025 board membership applied to all years"
edmonton,member,beaumont,ring,2007,1984170,10286,192.9,148.75,"nominal dollars; total provincial transfers (FIR 01910+01920 to 2022, 01912+01922 from 2023); population StatCan 17-10-0155 July 1 estimates, 2021 boundaries; 2025 board membership applied to all years"
edmonton,member,beaumont,ring,2008,6558784,11310,579.91,258.94,"nominal dollars; total provincial transfers (FIR 01910+01920 to 2022, 01912+01922 from 2023); population StatCan 17-10-0155 July 1 estimates, 2021 boundaries; 2025 board membership applied to all years"
edmonton,member,beaumont,ring,2009,7887315,12321,640.15,373.75,"nominal dollars; total provincial transfers (FIR 01910+01920 to 2022, 01912+01922 from 2023); population StatCan 17-10-0155 July 1 estimates, 2021 boundaries; 2025 board membership applied to all years"
edmonton,member,beaumont,ring,2010,2097865,13179,159.18,352.74,"nominal dollars; total provincial transfers (FIR 01910+01920 to 2022, 01912+01922 from 2023); population StatCan 17-10-0155 July 1 estimates, 2021 boundaries; 2025 board membership applied to all years"
edmonton,member,beaumont,ring,2011,12207002,13936,875.93,503.59,"nominal dollars; total provincial transfers (FIR 01910+01920 to 2022, 01912+01922 from 2023); population StatCan 17-10-0155 July 1 estimates, 2021 boundaries; 2025 board membership applied to all years"
edmonton,member,beaumont,ring,2012,10848153,14972,724.56,602.56,"nominal dollars; total provincial transfers (FIR 01910+01920 to 2022, 01912+01922 from 2023); population StatCan 17-10-0155 July 1 estimates, 2021 boundaries; 2025 board membership applied to all years"
edmonton,member,beaumont,ring,2013,7517749,15831,474.88,577.43,"nominal dollars; total provincial transfers (FIR 01910+01920 to 2022, 01912+01922 from 2023); population StatCan 17-10-0155 July 1 estimates, 2021 boundaries; 2025 board membership applied to all years"
edmonton,member,beaumont,ring,2014,4940021,16806,293.94,503.33,"nominal dollars; total provincial transfers (FIR 01910+01920 to 2022, 01912+01922 from 2023); population StatCan 17-10-0155 July 1 estimates, 2021 boundaries; 2025 board membership applied to all years"
edmonton,member,beaumont,ring,2015,7575547,17360,436.38,546.08,"nominal dollars; total provincial transfers (FIR 01910+01920 to 2022, 01912+01922 from 2023); population StatCan 17-10-0155 July 1 estimates, 2021 boundaries; 2025 board membership applied to all years"
edmonton,member,beaumont,ring,2016,11394821,17966,634.24,509.75,"nominal dollars; total provincial transfers (FIR 01910+01920 to 2022, 01912+01922 from 2023); population StatCan 17-10-0155 July 1 estimates, 2021 boundaries; 2025 board membership applied to all years"
edmonton,member,beaumont,ring,2017,5903759,18645,316.64,431.04,"nominal dollars; total provincial transfers (FIR 01910+01920 to 2022, 01912+01922 from 2023); population StatCan 17-10-0155 July 1 estimates, 2021 boundaries; 2025 board membership applied to all years"
edmonton,member,beaumont,ring,2018,3545624,19411,182.66,369.89,"nominal dollars; total provincial transfers (FIR 01910+01920 to 2022, 01912+01922 from 2023); population StatCan 17-10-0155 July 1 estimates, 2021 boundaries; 2025 board membership applied to all years"
edmonton,member,beaumont,ring,2019,5640017,19998,282.03,364.74,"nominal dollars; total provincial transfers (FIR 01910+01920 to 2022, 01912+01922 from 2023); population StatCan 17-10-0155 July 1 estimates, 2021 boundaries; 2025 board membership applied to all years"
edmonton,member,beaumont,ring,2020,4539627,20569,220.7,321.19,"nominal dollars; total provincial transfers (FIR 01910+01920 to 2022, 01912+01922 from 2023); population StatCan 17-10-0155 July 1 estimates, 2021 boundaries; 2025 board membership applied to all years"
edmonton,member,beaumont,ring,2021,11026171,21688,508.4,305.6,"nominal dollars; total provincial transfers (FIR 01910+01920 to 2022, 01912+01922 from 2023); population StatCan 17-10-0155 July 1 estimates, 2021 boundaries; 2025 board membership applied to all years"
edmonton,member,beaumont,ring,2022,5269084,22288,236.41,288.79,"nominal dollars; total provincial transfers (FIR 01910+01920 to 2022, 01912+01922 from 2023); population StatCan 17-10-0155 July 1 estimates, 2021 boundaries; 2025 board membership applied to all years"
edmonton,member,beaumont,ring,2023,3703717,23261,159.22,279.94,"nominal dollars; total provincial transfers (FIR 01910+01920 to 2022, 01912+01922 from 2023); population StatCan 17-10-0155 July 1 estimates, 2021 boundaries; 2025 board membership applied to all years"
edmonton,member,beaumont,ring,2024,1981925,24742,80.1,235.64,"nominal dollars; total provincial transfers (FIR 01910+01920 to 2022, 01912+01922 from 2023); population StatCan 17-10-0155 July 1 estimates, 2021 boundaries; 2025 board membership applied to all years"
edmonton,member,beaumont,ring,2025,4233312,26305,160.93,221.62,"nominal dollars; total provincial transfers (FIR 01910+01920 to 2022, 01912+01922 from 2023); population StatCan 17-10-0155 July 1 estimates, 2021 boundaries; 2025 board membership applied to all years"
edmonton,member,devon,ring,2001,293373,5120,57.3,,"nominal dollars; total provincial transfers (FIR 01910+01920 to 2022, 01912+01922 from 2023); population StatCan 17-10-0155 July 1 estimates, 2021 boundaries; 2025 board membership applied to all years"
edmonton,member,devon,ring,2002,343499,5379,63.86,,"nominal dollars; total provincial transfers (FIR 01910+01920 to 2022, 01912+01922 from 2023); population StatCan 17-10-0155 July 1 estimates, 2021 boundaries; 2025 board membership applied to all years"
edmonton,member,devon,ring,2003,439217,5612,78.26,,"nominal dollars; total provincial transfers (FIR 01910+01920 to 2022, 01912+01922 from 2023); population StatCan 17-10-0155 July 1 estimates, 2021 boundaries; 2025 board membership applied to all years"
edmonton,member,devon,ring,2004,532604,5857,90.93,,"nominal dollars; total provincial transfers (FIR 01910+01920 to 2022, 01912+01922 from 2023); population StatCan 17-10-0155 July 1 estimates, 2021 boundaries; 2025 board membership applied to all years"
edmonton,member,devon,ring,2005,893481,6160,145.05,88.96,"nominal dollars; total provincial transfers (FIR 01910+01920 to 2022, 01912+01922 from 2023); population StatCan 17-10-0155 July 1 estimates, 2021 boundaries; 2025 board membership applied to all years"
edmonton,member,devon,ring,2006,2258956,6512,346.89,151.35,"nominal dollars; total provincial transfers (FIR 01910+01920 to 2022, 01912+01922 from 2023); population StatCan 17-10-0155 July 1 estimates, 2021 boundaries; 2025 board membership applied to all years"
edmonton,member,devon,ring,2007,2300809,6583,349.51,209.12,"nominal dollars; total provincial transfers (FIR 01910+01920 to 2022, 01912+01922 from 2023); population StatCan 17-10-0155 July 1 estimates, 2021 boundaries; 2025 board membership applied to all years"
edmonton,member,devon,ring,2008,2501306,6604,378.76,267.6,"nominal dollars; total provincial transfers (FIR 01910+01920 to 2022, 01912+01922 from 2023); population StatCan 17-10-0155 July 1 estimates, 2021 boundaries; 2025 board membership applied to all years"
edmonton,member,devon,ring,2009,2407012,6669,360.93,318.54,"nominal dollars; total provincial transfers (FIR 01910+01920 to 2022, 01912+01922 from 2023); population StatCan 17-10-0155 July 1 estimates, 2021 boundaries; 2025 board membership applied to all years"
edmonton,member,devon,ring,2010,4305686,6728,639.97,416.18,"nominal dollars; total provincial transfers (FIR 01910+01920 to 2022, 01912+01922 from 2023); population StatCan 17-10-0155 July 1 estimates, 2021 boundaries; 2025 board membership applied to all years"
edmonton,member,devon,ring,2011,5116680,6752,757.8,498.9,"nominal dollars; total provincial transfers (FIR 01910+01920 to 2022, 01912+01922 from 2023); population StatCan 17-10-0155 July 1 estimates, 2021 boundaries; 2025 board membership applied to all years"
edmonton,member,devon,ring,2012,2223979,6839,325.19,492.82,"nominal dollars; total provincial transfers (FIR 01910+01920 to 2022, 01912+01922 from 2023); population StatCan 17-10-0155 July 1 estimates, 2021 boundaries; 2025 board membership applied to all years"
edmonton,member,devon,ring,2013,1957269,6908,283.33,472.35,"nominal dollars; total provincial transfers (FIR 01910+01920 to 2022, 01912+01922 from 2023); population StatCan 17-10-0155 July 1 estimates, 2021 boundaries; 2025 board membership applied to all years"
edmonton,member,devon,ring,2014,2438475,6955,350.61,469.31,"nominal dollars; total provincial transfers (FIR 01910+01920 to 2022, 01912+01922 from 2023); population StatCan 17-10-0155 July 1 estimates, 2021 boundaries; 2025 board membership applied to all years"
edmonton,member,devon,ring,2015,3251352,6876,472.86,436.58,"nominal dollars; total provincial transfers (FIR 01910+01920 to 2022, 01912+01922 from 2023); population StatCan 17-10-0155 July 1 estimates, 2021 boundaries; 2025 board membership applied to all years"
edmonton,member,devon,ring,2016,1631369,6682,244.14,335.74,"nominal dollars; total provincial transfers (FIR 01910+01920 to 2022, 01912+01922 from 2023); population StatCan 17-10-0155 July 1 estimates, 2021 boundaries; 2025 board membership applied to all years"
edmonton,member,devon,ring,2017,6883971,6626,1038.93,474.71,"nominal dollars; total provincial transfers (FIR 01910+01920 to 2022, 01912+01922 from 2023); population StatCan 17-10-0155 July 1 estimates, 2021 boundaries; 2025 board membership applied to all years"
edmonton,member,devon,ring,2018,4304944,6635,648.82,548.06,"nominal dollars; total provincial transfers (FIR 01910+01920 to 2022, 01912+01922 from 2023); population StatCan 17-10-0155 July 1 estimates, 2021 boundaries; 2025 board membership applied to all years"
edmonton,member,devon,ring,2019,7021588,6579,1067.27,691.46,"nominal dollars; total provincial transfers (FIR 01910+01920 to 2022, 01912+01922 from 2023); population StatCan 17-10-0155 July 1 estimates, 2021 boundaries; 2025 board membership applied to all years"
edmonton,member,devon,ring,2020,1524628,6643,229.51,644.25,"nominal dollars; total provincial transfers (FIR 01910+01920 to 2022, 01912+01922 from 2023); population StatCan 17-10-0155 July 1 estimates, 2021 boundaries; 2025 board membership applied to all years"
edmonton,member,devon,ring,2021,2515918,6740,373.28,669.75,"nominal dollars; total provincial transfers (FIR 01910+01920 to 2022, 01912+01922 from 2023); population StatCan 17-10-0155 July 1 estimates, 2021 boundaries; 2025 board membership applied to all years"
edmonton,member,devon,ring,2022,1835108,6787,270.39,515.28,"nominal dollars; total provincial transfers (FIR 01910+01920 to 2022, 01912+01922 from 2023); population StatCan 17-10-0155 July 1 estimates, 2021 boundaries; 2025 board membership applied to all years"
edmonton,member,devon,ring,2023,7999022,6786,1178.75,623.12,"nominal dollars; total provincial transfers (FIR 01910+01920 to 2022, 01912+01922 from 2023); population StatCan 17-10-0155 July 1 estimates, 2021 boundaries; 2025 board membership applied to all years"
edmonton,member,devon,ring,2024,1543555,6865,224.84,455.88,"nominal dollars; total provincial transfers (FIR 01910+01920 to 2022, 01912+01922 from 2023); population StatCan 17-10-0155 July 1 estimates, 2021 boundaries; 2025 board membership applied to all years"
edmonton,member,devon,ring,2025,1190672,6965,170.95,441.8,"nominal dollars; total provincial transfers (FIR 01910+01920 to 2022, 01912+01922 from 2023); population StatCan 17-10-0155 July 1 estimates, 2021 boundaries; 2025 board membership applied to all years"
edmonton,member,edmonton,core,2001,108195000,685188,157.91,,"nominal dollars; total provincial transfers (FIR 01910+01920 to 2022, 01912+01922 from 2023); population StatCan 17-10-0155 July 1 estimates, 2021 boundaries; 2025 board membership applied to all years"
edmonton,member,edmonton,core,2002,101760000,700266,145.32,,"nominal dollars; total provincial transfers (FIR 01910+01920 to 2022, 01912+01922 from 2023); population StatCan 17-10-0155 July 1 estimates, 2021 boundaries; 2025 board membership applied to all years"
edmonton,member,edmonton,core,2003,117780000,710998,165.65,,"nominal dollars; total provincial transfers (FIR 01910+01920 to 2022, 01912+01922 from 2023); population StatCan 17-10-0155 July 1 estimates, 2021 boundaries; 2025 board membership applied to all years"
edmonton,member,edmonton,core,2004,137217000,721622,190.15,,"nominal dollars; total provincial transfers (FIR 01910+01920 to 2022, 01912+01922 from 2023); population StatCan 17-10-0155 July 1 estimates, 2021 boundaries; 2025 board membership applied to all years"
edmonton,member,edmonton,core,2005,149351000,738537,202.23,172.72,"nominal dollars; total provincial transfers (FIR 01910+01920 to 2022, 01912+01922 from 2023); population StatCan 17-10-0155 July 1 estimates, 2021 boundaries; 2025 board membership applied to all years"
edmonton,member,edmonton,core,2006,178121000,759605,234.49,188.44,"nominal dollars; total provincial transfers (FIR 01910+01920 to 2022, 01912+01922 from 2023); population StatCan 17-10-0155 July 1 estimates, 2021 boundaries; 2025 board membership applied to all years"
edmonton,member,edmonton,core,2007,361349000,779360,463.65,254.39,"nominal dollars; total provincial transfers (FIR 01910+01920 to 2022, 01912+01922 from 2023); population StatCan 17-10-0155 July 1 estimates, 2021 boundaries; 2025 board membership applied to all years"
edmonton,member,edmonton,core,2008,481460000,797133,603.99,344.42,"nominal dollars; total provincial transfers (FIR 01910+01920 to 2022, 01912+01922 from 2023); population StatCan 17-10-0155 July 1 estimates, 2021 boundaries; 2025 board membership applied to all years"
edmonton,member,edmonton,core,2009,527268000,818052,644.54,436.09,"nominal dollars; total provincial transfers (FIR 01910+01920 to 2022, 01912+01922 from 2023); population StatCan 17-10-0155 July 1 estimates, 2021 boundaries; 2025 board membership applied to all years"
edmonton,member,edmonton,core,2010,429755000,831589,516.79,496.26,"nominal dollars; total provincial transfers (FIR 01910+01920 to 2022, 01912+01922 from 2023); population StatCan 17-10-0155 July 1 estimates, 2021 boundaries; 2025 board membership applied to all years"
edmonton,member,edmonton,core,2011,520927000,845596,616.05,569.97,"nominal dollars; total provincial transfers (FIR 01910+01920 to 2022, 01912+01922 from 2023); population StatCan 17-10-0155 July 1 estimates, 2021 boundaries; 2025 board membership applied to all years"
edmonton,member,edmonton,core,2012,491845000,864962,568.63,589.62,"nominal dollars; total provincial transfers (FIR 01910+01920 to 2022, 01912+01922 from 2023); population StatCan 17-10-0155 July 1 estimates, 2021 boundaries; 2025 board membership applied to all years"
edmonton,member,edmonton,core,2013,420576000,893025,470.96,562.01,"nominal dollars; total provincial transfers (FIR 01910+01920 to 2022, 01912+01922 from 2023); population StatCan 17-10-0155 July 1 estimates, 2021 boundaries; 2025 board membership applied to all years"
edmonton,member,edmonton,core,2014,297496000,923701,322.07,495.68,"nominal dollars; total provincial transfers (FIR 01910+01920 to 2022, 01912+01922 from 2023); population StatCan 17-10-0155 July 1 estimates, 2021 boundaries; 2025 board membership applied to all years"
edmonton,member,edmonton,core,2015,255306000,946855,269.64,443.92,"nominal dollars; total provincial transfers (FIR 01910+01920 to 2022, 01912+01922 from 2023); population StatCan 17-10-0155 July 1 estimates, 2021 boundaries; 2025 board membership applied to all years"
edmonton,member,edmonton,core,2016,278941000,957435,291.34,380.33,"nominal dollars; total provincial transfers (FIR 01910+01920 to 2022, 01912+01922 from 2023); population StatCan 17-10-0155 July 1 estimates, 2021 boundaries; 2025 board membership applied to all years"
edmonton,member,edmonton,core,2017,431509000,975972,442.13,358.49,"nominal dollars; total provincial transfers (FIR 01910+01920 to 2022, 01912+01922 from 2023); population StatCan 17-10-0155 July 1 estimates, 2021 boundaries; 2025 board membership applied to all years"
edmonton,member,edmonton,core,2018,588137000,1003493,586.09,385.11,"nominal dollars; total provincial transfers (FIR 01910+01920 to 2022, 01912+01922 from 2023); population StatCan 17-10-0155 July 1 estimates, 2021 boundaries; 2025 board membership applied to all years"
edmonton,member,edmonton,core,2019,489716000,1026499,477.07,416.19,"nominal dollars; total provincial transfers (FIR 01910+01920 to 2022, 01912+01922 from 2023); population StatCan 17-10-0155 July 1 estimates, 2021 boundaries; 2025 board membership applied to all years"
edmonton,member,edmonton,core,2020,586403000,1046556,560.32,474.0,"nominal dollars; total provincial transfers (FIR 01910+01920 to 2022, 01912+01922 from 2023); population StatCan 17-10-0155 July 1 estimates, 2021 boundaries; 2025 board membership applied to all years"
edmonton,member,edmonton,core,2021,386181000,1050945,367.46,486.33,"nominal dollars; total provincial transfers (FIR 01910+01920 to 2022, 01912+01922 from 2023); population StatCan 17-10-0155 July 1 estimates, 2021 boundaries; 2025 board membership applied to all years"
edmonton,member,edmonton,core,2022,452847000,1074178,421.58,481.25,"nominal dollars; total provincial transfers (FIR 01910+01920 to 2022, 01912+01922 from 2023); population StatCan 17-10-0155 July 1 estimates, 2021 boundaries; 2025 board membership applied to all years"
edmonton,member,edmonton,core,2023,518015000,1127183,459.57,456.9,"nominal dollars; total provincial transfers (FIR 01910+01920 to 2022, 01912+01922 from 2023); population StatCan 17-10-0155 July 1 estimates, 2021 boundaries; 2025 board membership applied to all years"
edmonton,member,edmonton,core,2024,516809000,1197771,431.48,447.59,"nominal dollars; total provincial transfers (FIR 01910+01920 to 2022, 01912+01922 from 2023); population StatCan 17-10-0155 July 1 estimates, 2021 boundaries; 2025 board membership applied to all years"
edmonton,member,edmonton,core,2025,548519000,1238295,442.96,425.85,"nominal dollars; total provincial transfers (FIR 01910+01920 to 2022, 01912+01922 from 2023); population StatCan 17-10-0155 July 1 estimates, 2021 boundaries; 2025 board membership applied to all years"
edmonton,member,fort_saskatchewan,ring,2001,2631112,13469,195.35,,"nominal dollars; total provincial transfers (FIR 01910+01920 to 2022, 01912+01922 from 2023); population StatCan 17-10-0155 July 1 estimates, 2021 boundaries; 2025 board membership applied to all years"
edmonton,member,fort_saskatchewan,ring,2002,3398778,13872,245.01,,"nominal dollars; total provincial transfers (FIR 01910+01920 to 2022, 01912+01922 from 2023); population StatCan 17-10-0155 July 1 estimates, 2021 boundaries; 2025 board membership applied to all years"
edmonton,member,fort_saskatchewan,ring,2003,5278192,14202,371.65,,"nominal dollars; total provincial transfers (FIR 01910+01920 to 2022, 01912+01922 from 2023); population StatCan 17-10-0155 July 1 estimates, 2021 boundaries; 2025 board membership applied to all years"
edmonton,member,fort_saskatchewan,ring,2004,1781523,14519,122.7,,"nominal dollars; total provincial transfers (FIR 01910+01920 to 2022, 01912+01922 from 2023); population StatCan 17-10-0155 July 1 estimates, 2021 boundaries; 2025 board membership applied to all years"
edmonton,member,fort_saskatchewan,ring,2005,1455684,14961,97.3,204.8,"nominal dollars; total provincial transfers (FIR 01910+01920 to 2022, 01912+01922 from 2023); population StatCan 17-10-0155 July 1 estimates, 2021 boundaries; 2025 board membership applied to all years"
edmonton,member,fort_saskatchewan,ring,2006,3840516,15569,246.68,215.45,"nominal dollars; total provincial transfers (FIR 01910+01920 to 2022, 01912+01922 from 2023); population StatCan 17-10-0155 July 1 estimates, 2021 boundaries; 2025 board membership applied to all years"
edmonton,member,fort_saskatchewan,ring,2007,4001396,16237,246.44,216.69,"nominal dollars; total provincial transfers (FIR 01910+01920 to 2022, 01912+01922 from 2023); population StatCan 17-10-0155 July 1 estimates, 2021 boundaries; 2025 board membership applied to all years"
edmonton,member,fort_saskatchewan,ring,2008,10157710,16889,601.44,271.66,"nominal dollars; total provincial transfers (FIR 01910+01920 to 2022, 01912+01922 from 2023); population StatCan 17-10-0155 July 1 estimates, 2021 boundaries; 2025 board membership applied to all years"
edmonton,member,fort_saskatchewan,ring,2009,13170404,17882,736.52,400.13,"nominal dollars; total provincial transfers (FIR 01910+01920 to 2022, 01912+01922 from 2023); population StatCan 17-10-0155 July 1 estimates, 2021 boundaries; 2025 board membership applied to all years"
edmonton,member,fort_saskatchewan,ring,2010,12966762,18868,687.24,516.55,"nominal dollars; total provincial transfers (FIR 01910+01920 to 2022, 01912+01922 from 2023); population StatCan 17-10-0155 July 1 estimates, 2021 boundaries; 2025 board membership applied to all years"
edmonton,member,fort_saskatchewan,ring,2011,6293108,19904,316.17,518.93,"nominal dollars; total provincial transfers (FIR 01910+01920 to 2022, 01912+01922 from 2023); population StatCan 17-10-0155 July 1 estimates, 2021 boundaries; 2025 board membership applied to all years"
edmonton,member,fort_saskatchewan,ring,2012,7554033,21138,357.37,529.59,"nominal dollars; total provincial transfers (FIR 01910+01920 to 2022, 01912+01922 from 2023); population StatCan 17-10-0155 July 1 estimates, 2021 boundaries; 2025 board membership applied to all years"
edmonton,member,fort_saskatchewan,ring,2013,6819972,22295,305.9,467.64,"nominal dollars; total provincial transfers (FIR 01910+01920 to 2022, 01912+01922 from 2023); population StatCan 17-10-0155 July 1 estimates, 2021 boundaries; 2025 board membership applied to all years"
edmonton,member,fort_saskatchewan,ring,2014,3955924,23104,171.22,356.95,"nominal dollars; total provincial transfers (FIR 01910+01920 to 2022, 01912+01922 from 2023); population StatCan 17-10-0155 July 1 estimates, 2021 boundaries; 2025 board membership applied to all years"
edmonton,member,fort_saskatchewan,ring,2015,5406225,23924,225.97,272.09,"nominal dollars; total provincial transfers (FIR 01910+01920 to 2022, 01912+01922 from 2023); population StatCan 17-10-0155 July 1 estimates, 2021 boundaries; 2025 board membership applied to all years"
edmonton,member,fort_saskatchewan,ring,2016,7458390,24879,299.79,270.46,"nominal dollars; total provincial transfers (FIR 01910+01920 to 2022, 01912+01922 from 2023); population StatCan 17-10-0155 July 1 estimates, 2021 boundaries; 2025 board membership applied to all years"
edmonton,member,fort_saskatchewan,ring,2017,15318000,25900,591.43,324.38,"nominal dollars; total provincial transfers (FIR 01910+01920 to 2022, 01912+01922 from 2023); population StatCan 17-10-0155 July 1 estimates, 2021 boundaries; 2025 board membership applied to all years"
edmonton,member,fort_saskatchewan,ring,2018,6321000,26691,236.82,308.92,"nominal dollars; total provincial transfers (FIR 01910+01920 to 2022, 01912+01922 from 2023); population StatCan 17-10-0155 July 1 estimates, 2021 boundaries; 2025 board membership applied to all years"
edmonton,member,fort_saskatchewan,ring,2019,6852000,27221,251.72,321.55,"nominal dollars; total provincial transfers (FIR 01910+01920 to 2022, 01912+01922 from 2023); population StatCan 17-10-0155 July 1 estimates, 2021 boundaries; 2025 board membership applied to all years"
edmonton,member,fort_saskatchewan,ring,2020,13425000,27549,487.31,373.37,"nominal dollars; total provincial transfers (FIR 01910+01920 to 2022, 01912+01922 from 2023); population StatCan 17-10-0155 July 1 estimates, 2021 boundaries; 2025 board membership applied to all years"
edmonton,member,fort_saskatchewan,ring,2021,8569000,28567,299.96,371.41,"nominal dollars; total provincial transfers (FIR 01910+01920 to 2022, 01912+01922 from 2023); population StatCan 17-10-0155 July 1 estimates, 2021 boundaries; 2025 board membership applied to all years"
edmonton,member,fort_saskatchewan,ring,2022,5355000,28994,184.69,291.48,"nominal dollars; total provincial transfers (FIR 01910+01920 to 2022, 01912+01922 from 2023); population StatCan 17-10-0155 July 1 estimates, 2021 boundaries; 2025 board membership applied to all years"
edmonton,member,fort_saskatchewan,ring,2023,6204000,29303,211.72,285.28,"nominal dollars; total provincial transfers (FIR 01910+01920 to 2022, 01912+01922 from 2023); population StatCan 17-10-0155 July 1 estimates, 2021 boundaries; 2025 board membership applied to all years"
edmonton,member,fort_saskatchewan,ring,2024,9033000,29900,302.11,295.09,"nominal dollars; total provincial transfers (FIR 01910+01920 to 2022, 01912+01922 from 2023); population StatCan 17-10-0155 July 1 estimates, 2021 boundaries; 2025 board membership applied to all years"
edmonton,member,fort_saskatchewan,ring,2025,4127000,30575,134.98,225.93,"nominal dollars; total provincial transfers (FIR 01910+01920 to 2022, 01912+01922 from 2023); population StatCan 17-10-0155 July 1 estimates, 2021 boundaries; 2025 board membership applied to all years"
edmonton,member,leduc_city,ring,2001,2357739,15446,152.64,,"nominal dollars; total provincial transfers (FIR 01910+01920 to 2022, 01912+01922 from 2023); population StatCan 17-10-0155 July 1 estimates, 2021 boundaries; 2025 board membership applied to all years"
edmonton,member,leduc_city,ring,2002,2469682,15865,155.67,,"nominal dollars; total provincial transfers (FIR 01910+01920 to 2022, 01912+01922 from 2023); population StatCan 17-10-0155 July 1 estimates, 2021 boundaries; 2025 board membership applied to all years"
edmonton,member,leduc_city,ring,2003,2177184,16193,134.45,,"nominal dollars; total provincial transfers (FIR 01910+01920 to 2022, 01912+01922 from 2023); population StatCan 17-10-0155 July 1 estimates, 2021 boundaries; 2025 board membership applied to all years"
edmonton,member,leduc_city,ring,2004,2355316,16528,142.5,,"nominal dollars; total provincial transfers (FIR 01910+01920 to 2022, 01912+01922 from 2023); population StatCan 17-10-0155 July 1 estimates, 2021 boundaries; 2025 board membership applied to all years"
edmonton,member,leduc_city,ring,2005,5748716,17017,337.82,186.41,"nominal dollars; total provincial transfers (FIR 01910+01920 to 2022, 01912+01922 from 2023); population StatCan 17-10-0155 July 1 estimates, 2021 boundaries; 2025 board membership applied to all years"
edmonton,member,leduc_city,ring,2006,6367921,17696,359.85,229.52,"nominal dollars; total provincial transfers (FIR 01910+01920 to 2022, 01912+01922 from 2023); population StatCan 17-10-0155 July 1 estimates, 2021 boundaries; 2025 board membership applied to all years"
edmonton,member,leduc_city,ring,2007,7088708,18915,374.77,274.91,"nominal dollars; total provincial transfers (FIR 01910+01920 to 2022, 01912+01922 from 2023); population StatCan 17-10-0155 July 1 estimates, 2021 boundaries; 2025 board membership applied to all years"
edmonton,member,leduc_city,ring,2008,11871288,20248,586.29,369.81,"nominal dollars; total provincial transfers (FIR 01910+01920 to 2022, 01912+01922 from 2023); population StatCan 17-10-0155 July 1 estimates, 2021 boundaries; 2025 board membership applied to all years"
edmonton,member,leduc_city,ring,2009,9144230,22133,413.15,418.93,"nominal dollars; total provincial transfers (FIR 01910+01920 to 2022, 01912+01922 from 2023); population StatCan 17-10-0155 July 1 estimates, 2021 boundaries; 2025 board membership applied to all years"
edmonton,member,leduc_city,ring,2010,9569410,23720,403.43,428.79,"nominal dollars; total provincial transfers (FIR 01910+01920 to 2022, 01912+01922 from 2023); population StatCan 17-10-0155 July 1 estimates, 2021 boundaries; 2025 board membership applied to all years"
edmonton,member,leduc_city,ring,2011,10130986,25387,399.06,433.0,"nominal dollars; total provincial transfers (FIR 01910+01920 to 2022, 01912+01922 from 2023); population StatCan 17-10-0155 July 1 estimates, 2021 boundaries; 2025 board membership applied to all years"
edmonton,member,leduc_city,ring,2012,11212602,26756,419.07,439.16,"nominal dollars; total provincial transfers (FIR 01910+01920 to 2022, 01912+01922 from 2023); population StatCan 17-10-0155 July 1 estimates, 2021 boundaries; 2025 board membership applied to all years"
edmonton,member,leduc_city,ring,2013,11058629,28122,393.24,405.3,"nominal dollars; total provincial transfers (FIR 01910+01920 to 2022, 01912+01922 from 2023); population StatCan 17-10-0155 July 1 estimates, 2021 boundaries; 2025 board membership applied to all years"
edmonton,member,leduc_city,ring,2014,20306084,29435,689.86,466.78,"nominal dollars; total provincial transfers (FIR 01910+01920 to 2022, 01912+01922 from 2023); population StatCan 17-10-0155 July 1 estimates, 2021 boundaries; 2025 board membership applied to all years"
edmonton,member,leduc_city,ring,2015,14370683,30613,469.43,478.07,"nominal dollars; total provincial transfers (FIR 01910+01920 to 2022, 01912+01922 from 2023); population StatCan 17-10-0155 July 1 estimates, 2021 boundaries; 2025 board membership applied to all years"
edmonton,member,leduc_city,ring,2016,12441960,30724,404.96,476.42,"nominal dollars; total provincial transfers (FIR 01910+01920 to 2022, 01912+01922 from 2023); population StatCan 17-10-0155 July 1 estimates, 2021 boundaries; 2025 board membership applied to all years"
edmonton,member,leduc_city,ring,2017,10709161,31731,337.5,457.34,"nominal dollars; total provincial transfers (FIR 01910+01920 to 2022, 01912+01922 from 2023); population StatCan 17-10-0155 July 1 estimates, 2021 boundaries; 2025 board membership applied to all years"
edmonton,member,leduc_city,ring,2018,14260485,32650,436.77,464.63,"nominal dollars; total provincial transfers (FIR 01910+01920 to 2022, 01912+01922 from 2023); population StatCan 17-10-0155 July 1 estimates, 2021 boundaries; 2025 board membership applied to all years"
edmonton,member,leduc_city,ring,2019,12964580,33313,389.17,407.13,"nominal dollars; total provincial transfers (FIR 01910+01920 to 2022, 01912+01922 from 2023); population StatCan 17-10-0155 July 1 estimates, 2021 boundaries; 2025 board membership applied to all years"
edmonton,member,leduc_city,ring,2020,19141108,34126,560.9,427.68,"nominal dollars; total provincial transfers (FIR 01910+01920 to 2022, 01912+01922 from 2023); population StatCan 17-10-0155 July 1 estimates, 2021 boundaries; 2025 board membership applied to all years"
edmonton,member,leduc_city,ring,2021,11768582,35368,332.75,411.78,"nominal dollars; total provincial transfers (FIR 01910+01920 to 2022, 01912+01922 from 2023); population StatCan 17-10-0155 July 1 estimates, 2021 boundaries; 2025 board membership applied to all years"
edmonton,member,leduc_city,ring,2022,10030206,36054,278.2,397.44,"nominal dollars; total provincial transfers (FIR 01910+01920 to 2022, 01912+01922 from 2023); population StatCan 17-10-0155 July 1 estimates, 2021 boundaries; 2025 board membership applied to all years"
edmonton,member,leduc_city,ring,2023,52288833,37196,1405.76,603.18,"nominal dollars; total provincial transfers (FIR 01910+01920 to 2022, 01912+01922 from 2023); population StatCan 17-10-0155 July 1 estimates, 2021 boundaries; 2025 board membership applied to all years"
edmonton,member,leduc_city,ring,2024,61406856,38798,1582.73,851.79,"nominal dollars; total provincial transfers (FIR 01910+01920 to 2022, 01912+01922 from 2023); population StatCan 17-10-0155 July 1 estimates, 2021 boundaries; 2025 board membership applied to all years"
edmonton,member,leduc_city,ring,2025,32872231,39966,822.5,898.52,"nominal dollars; total provincial transfers (FIR 01910+01920 to 2022, 01912+01922 from 2023); population StatCan 17-10-0155 July 1 estimates, 2021 boundaries; 2025 board membership applied to all years"
edmonton,member,leduc_county,ring,2001,2349030,12567,186.92,,"nominal dollars; total provincial transfers (FIR 01910+01920 to 2022, 01912+01922 from 2023); population StatCan 17-10-0155 July 1 estimates, 2021 boundaries; 2025 board membership applied to all years"
edmonton,member,leduc_county,ring,2002,2363560,12660,186.7,,"nominal dollars; total provincial transfers (FIR 01910+01920 to 2022, 01912+01922 from 2023); population StatCan 17-10-0155 July 1 estimates, 2021 boundaries; 2025 board membership applied to all years"
edmonton,member,leduc_county,ring,2003,2704534,12684,213.22,,"nominal dollars; total provincial transfers (FIR 01910+01920 to 2022, 01912+01922 from 2023); population StatCan 17-10-0155 July 1 estimates, 2021 boundaries; 2025 board membership applied to all years"
edmonton,member,leduc_county,ring,2004,2048630,12696,161.36,,"nominal dollars; total provincial transfers (FIR 01910+01920 to 2022, 01912+01922 from 2023); population StatCan 17-10-0155 July 1 estimates, 2021 boundaries; 2025 board membership applied to all years"
edmonton,member,leduc_county,ring,2005,4049494,12791,316.59,213.18,"nominal dollars; total provincial transfers (FIR 01910+01920 to 2022, 01912+01922 from 2023); population StatCan 17-10-0155 July 1 estimates, 2021 boundaries; 2025 board membership applied to all years"
edmonton,member,leduc_county,ring,2006,4784016,12888,371.2,250.32,"nominal dollars; total provincial transfers (FIR 01910+01920 to 2022, 01912+01922 from 2023); population StatCan 17-10-0155 July 1 estimates, 2021 boundaries; 2025 board membership applied to all years"
edmonton,member,leduc_county,ring,2007,9958441,13187,755.17,366.48,"nominal dollars; total provincial transfers (FIR 01910+01920 to 2022, 01912+01922 from 2023); population StatCan 17-10-0155 July 1 estimates, 2021 boundaries; 2025 board membership applied to all years"
edmonton,member,leduc_county,ring,2008,8774596,13193,665.09,457.34,"nominal dollars; total provincial transfers (FIR 01910+01920 to 2022, 01912+01922 from 2023); population StatCan 17-10-0155 July 1 estimates, 2021 boundaries; 2025 board membership applied to all years"
edmonton,member,leduc_county,ring,2009,8756498,13220,662.37,556.43,"nominal dollars; total provincial transfers (FIR 01910+01920 to 2022, 01912+01922 from 2023); population StatCan 17-10-0155 July 1 estimates, 2021 boundaries; 2025 board membership applied to all years"
edmonton,member,leduc_county,ring,2010,8139777,13345,609.95,613.88,"nominal dollars; total provincial transfers (FIR 01910+01920 to 2022, 01912+01922 from 2023); population StatCan 17-10-0155 July 1 estimates, 2021 boundaries; 2025 board membership applied to all years"
edmonton,member,leduc_county,ring,2011,8012286,13252,604.61,659.27,"nominal dollars; total provincial transfers (FIR 01910+01920 to 2022, 01912+01922 from 2023); population StatCan 17-10-0155 July 1 estimates, 2021 boundaries; 2025 board membership applied to all years"
edmonton,member,leduc_county,ring,2012,5005334,13769,363.52,579.35,"nominal dollars; total provincial transfers (FIR 01910+01920 to 2022, 01912+01922 from 2023); population StatCan 17-10-0155 July 1 estimates, 2021 boundaries; 2025 board membership applied to all years"
edmonton,member,leduc_county,ring,2013,11179376,13911,803.64,608.82,"nominal dollars; total provincial transfers (FIR 01910+01920 to 2022, 01912+01922 from 2023); population StatCan 17-10-0155 July 1 estimates, 2021 boundaries; 2025 board membership applied to all years"
edmonton,member,leduc_county,ring,2014,9222732,13637,676.3,611.94,"nominal dollars; total provincial transfers (FIR 01910+01920 to 2022, 01912+01922 from 2023); population StatCan 17-10-0155 July 1 estimates, 2021 boundaries; 2025 board membership applied to all years"
edmonton,member,leduc_county,ring,2015,10076866,13719,734.52,636.96,"nominal dollars; total provincial transfers (FIR 01910+01920 to 2022, 01912+01922 from 2023); population StatCan 17-10-0155 July 1 estimates, 2021 boundaries; 2025 board membership applied to all years"
edmonton,member,leduc_county,ring,2016,7161636,13395,534.65,623.2,"nominal dollars; total provincial transfers (FIR 01910+01920 to 2022, 01912+01922 from 2023); population StatCan 17-10-0155 July 1 estimates, 2021 boundaries; 2025 board membership applied to all years"
edmonton,member,leduc_county,ring,2017,12564546,13749,913.85,733.88,"nominal dollars; total provincial transfers (FIR 01910+01920 to 2022, 01912+01922 from 2023); population StatCan 17-10-0155 July 1 estimates, 2021 boundaries; 2025 board membership applied to all years"
edmonton,member,leduc_county,ring,2018,11751747,14001,839.35,741.27,"nominal dollars; total provincial transfers (FIR 01910+01920 to 2022, 01912+01922 from 2023); population StatCan 17-10-0155 July 1 estimates, 2021 boundaries; 2025 board membership applied to all years"
edmonton,member,leduc_county,ring,2019,6908730,14122,489.22,702.51,"nominal dollars; total provincial transfers (FIR 01910+01920 to 2022, 01912+01922 from 2023); population StatCan 17-10-0155 July 1 estimates, 2021 boundaries; 2025 board membership applied to all years"
edmonton,member,leduc_county,ring,2020,12397085,14138,876.86,731.7,"nominal dollars; total provincial transfers (FIR 01910+01920 to 2022, 01912+01922 from 2023); population StatCan 17-10-0155 July 1 estimates, 2021 boundaries; 2025 board membership applied to all years"
edmonton,member,leduc_county,ring,2021,12028704,14886,808.05,784.96,"nominal dollars; total provincial transfers (FIR 01910+01920 to 2022, 01912+01922 from 2023); population StatCan 17-10-0155 July 1 estimates, 2021 boundaries; 2025 board membership applied to all years"
edmonton,member,leduc_county,ring,2022,6934869,15114,458.84,692.23,"nominal dollars; total provincial transfers (FIR 01910+01920 to 2022, 01912+01922 from 2023); population StatCan 17-10-0155 July 1 estimates, 2021 boundaries; 2025 board membership applied to all years"
edmonton,member,leduc_county,ring,2023,6740728,15408,437.48,610.99,"nominal dollars; total provincial transfers (FIR 01910+01920 to 2022, 01912+01922 from 2023); population StatCan 17-10-0155 July 1 estimates, 2021 boundaries; 2025 board membership applied to all years"
edmonton,member,leduc_county,ring,2024,8970504,15672,572.39,625.81,"nominal dollars; total provincial transfers (FIR 01910+01920 to 2022, 01912+01922 from 2023); population StatCan 17-10-0155 July 1 estimates, 2021 boundaries; 2025 board membership applied to all years"
edmonton,member,leduc_county,ring,2025,6988020,16400,426.1,537.72,"nominal dollars; total provincial transfers (FIR 01910+01920 to 2022, 01912+01922 from 2023); population StatCan 17-10-0155 July 1 estimates, 2021 boundaries; 2025 board membership applied to all years"
edmonton,member,morinville,ring,2001,505036,6691,75.48,,"nominal dollars; total provincial transfers (FIR 01910+01920 to 2022, 01912+01922 from 2023); population StatCan 17-10-0155 July 1 estimates, 2021 boundaries; 2025 board membership applied to all years"
edmonton,member,morinville,ring,2002,783484,6753,116.02,,"nominal dollars; total provincial transfers (FIR 01910+01920 to 2022, 01912+01922 from 2023); population StatCan 17-10-0155 July 1 estimates, 2021 boundaries; 2025 board membership applied to all years"
edmonton,member,morinville,ring,2003,1129013,6775,166.64,,"nominal dollars; total provincial transfers (FIR 01910+01920 to 2022, 01912+01922 from 2023); population StatCan 17-10-0155 July 1 estimates, 2021 boundaries; 2025 board membership applied to all years"
edmonton,member,morinville,ring,2004,980382,6797,144.24,,"nominal dollars; total provincial transfers (FIR 01910+01920 to 2022, 01912+01922 from 2023); population StatCan 17-10-0155 July 1 estimates, 2021 boundaries; 2025 board membership applied to all years"
edmonton,member,morinville,ring,2005,949037,6883,137.88,128.23,"nominal dollars; total provincial transfers (FIR 01910+01920 to 2022, 01912+01922 from 2023); population StatCan 17-10-0155 July 1 estimates, 2021 boundaries; 2025 board membership applied to all years"
edmonton,member,morinville,ring,2006,1613691,7027,229.64,159.36,"nominal dollars; total provincial transfers (FIR 01910+01920 to 2022, 01912+01922 from 2023); population StatCan 17-10-0155 July 1 estimates, 2021 boundaries; 2025 board membership applied to all years"
edmonton,member,morinville,ring,2007,1687971,7339,230.0,182.65,"nominal dollars; total provincial transfers (FIR 01910+01920 to 2022, 01912+01922 from 2023); population StatCan 17-10-0155 July 1 estimates, 2021 boundaries; 2025 board membership applied to all years"
edmonton,member,morinville,ring,2008,5644179,7540,748.56,305.61,"nominal dollars; total provincial transfers (FIR 01910+01920 to 2022, 01912+01922 from 2023); population StatCan 17-10-0155 July 1 estimates, 2021 boundaries; 2025 board membership applied to all years"
edmonton,member,morinville,ring,2009,1987956,7987,248.9,323.11,"nominal dollars; total provincial transfers (FIR 01910+01920 to 2022, 01912+01922 from 2023); population StatCan 17-10-0155 July 1 estimates, 2021 boundaries; 2025 board membership applied to all years"
edmonton,member,morinville,ring,2010,11403110,8389,1359.29,583.48,"nominal dollars; total provincial transfers (FIR 01910+01920 to 2022, 01912+01922 from 2023); population StatCan 17-10-0155 July 1 estimates, 2021 boundaries; 2025 board membership applied to all years"
edmonton,member,morinville,ring,2011,5172481,8963,577.09,643.88,"nominal dollars; total provincial transfers (FIR 01910+01920 to 2022, 01912+01922 from 2023); population StatCan 17-10-0155 July 1 estimates, 2021 boundaries; 2025 board membership applied to all years"
edmonton,member,morinville,ring,2012,3825939,9201,415.82,666.2,"nominal dollars; total provincial transfers (FIR 01910+01920 to 2022, 01912+01922 from 2023); population StatCan 17-10-0155 July 1 estimates, 2021 boundaries; 2025 board membership applied to all years"
edmonton,member,morinville,ring,2013,3780667,9373,403.36,595.95,"nominal dollars; total provincial transfers (FIR 01910+01920 to 2022, 01912+01922 from 2023); population StatCan 17-10-0155 July 1 estimates, 2021 boundaries; 2025 board membership applied to all years"
edmonton,member,morinville,ring,2014,2203350,9618,229.09,579.34,"nominal dollars; total provincial transfers (FIR 01910+01920 to 2022, 01912+01922 from 2023); population StatCan 17-10-0155 July 1 estimates, 2021 boundaries; 2025 board membership applied to all years"
edmonton,member,morinville,ring,2015,3846762,10098,380.94,398.48,"nominal dollars; total provincial transfers (FIR 01910+01920 to 2022, 01912+01922 from 2023); population StatCan 17-10-0155 July 1 estimates, 2021 boundaries; 2025 board membership applied to all years"
edmonton,member,morinville,ring,2016,1737393,10085,172.27,318.22,"nominal dollars; total provincial transfers (FIR 01910+01920 to 2022, 01912+01922 from 2023); population StatCan 17-10-0155 July 1 estimates, 2021 boundaries; 2025 board membership applied to all years"
edmonton,member,morinville,ring,2017,3451366,10201,338.34,304.19,"nominal dollars; total provincial transfers (FIR 01910+01920 to 2022, 01912+01922 from 2023); population StatCan 17-10-0155 July 1 estimates, 2021 boundaries; 2025 board membership applied to all years"
edmonton,member,morinville,ring,2018,11386250,10337,1101.5,449.46,"nominal dollars; total provincial transfers (FIR 01910+01920 to 2022, 01912+01922 from 2023); population StatCan 17-10-0155 July 1 estimates, 2021 boundaries; 2025 board membership applied to all years"
edmonton,member,morinville,ring,2019,1162480,10485,110.87,421.52,"nominal dollars; total provincial transfers (FIR 01910+01920 to 2022, 01912+01922 from 2023); population StatCan 17-10-0155 July 1 estimates, 2021 boundaries; 2025 board membership applied to all years"
edmonton,member,morinville,ring,2020,1916968,10462,183.23,381.12,"nominal dollars; total provincial transfers (FIR 01910+01920 to 2022, 01912+01922 from 2023); population StatCan 17-10-0155 July 1 estimates, 2021 boundaries; 2025 board membership applied to all years"
edmonton,member,morinville,ring,2021,4184664,10753,389.16,423.1,"nominal dollars; total provincial transfers (FIR 01910+01920 to 2022, 01912+01922 from 2023); population StatCan 17-10-0155 July 1 estimates, 2021 boundaries; 2025 board membership applied to all years"
edmonton,member,morinville,ring,2022,3256745,10762,302.62,414.92,"nominal dollars; total provincial transfers (FIR 01910+01920 to 2022, 01912+01922 from 2023); population StatCan 17-10-0155 July 1 estimates, 2021 boundaries; 2025 board membership applied to all years"
edmonton,member,morinville,ring,2023,864984,10761,80.38,213.93,"nominal dollars; total provincial transfers (FIR 01910+01920 to 2022, 01912+01922 from 2023); population StatCan 17-10-0155 July 1 estimates, 2021 boundaries; 2025 board membership applied to all years"
edmonton,member,morinville,ring,2024,2680589,10819,247.77,240.94,"nominal dollars; total provincial transfers (FIR 01910+01920 to 2022, 01912+01922 from 2023); population StatCan 17-10-0155 July 1 estimates, 2021 boundaries; 2025 board membership applied to all years"
edmonton,member,morinville,ring,2025,2675968,10763,248.63,253.68,"nominal dollars; total provincial transfers (FIR 01910+01920 to 2022, 01912+01922 from 2023); population StatCan 17-10-0155 July 1 estimates, 2021 boundaries; 2025 board membership applied to all years"
edmonton,member,parkland,ring,2001,5620334,28367,198.13,,"nominal dollars; total provincial transfers (FIR 01910+01920 to 2022, 01912+01922 from 2023); population StatCan 17-10-0155 July 1 estimates, 2021 boundaries; 2025 board membership applied to all years"
edmonton,member,parkland,ring,2002,1985290,28866,68.78,,"nominal dollars; total provincial transfers (FIR 01910+01920 to 2022, 01912+01922 from 2023); population StatCan 17-10-0155 July 1 estimates, 2021 boundaries; 2025 board membership applied to all years"
edmonton,member,parkland,ring,2003,3151062,29199,107.92,,"nominal dollars; total provincial transfers (FIR 01910+01920 to 2022, 01912+01922 from 2023); population StatCan 17-10-0155 July 1 estimates, 2021 boundaries; 2025 board membership applied to all years"
edmonton,member,parkland,ring,2004,2272682,29524,76.98,,"nominal dollars; total provincial transfers (FIR 01910+01920 to 2022, 01912+01922 from 2023); population StatCan 17-10-0155 July 1 estimates, 2021 boundaries; 2025 board membership applied to all years"
edmonton,member,parkland,ring,2005,4226391,30039,140.7,118.19,"nominal dollars; total provincial transfers (FIR 01910+01920 to 2022, 01912+01922 from 2023); population StatCan 17-10-0155 July 1 estimates, 2021 boundaries; 2025 board membership applied to all years"
edmonton,member,parkland,ring,2006,9766139,30701,318.1,144.28,"nominal dollars; total provincial transfers (FIR 01910+01920 to 2022, 01912+01922 from 2023); population StatCan 17-10-0155 July 1 estimates, 2021 boundaries; 2025 board membership applied to all years"
edmonton,member,parkland,ring,2007,13594746,31300,434.34,218.96,"nominal dollars; total provincial transfers (FIR 01910+01920 to 2022, 01912+01922 from 2023); population StatCan 17-10-0155 July 1 estimates, 2021 boundaries; 2025 board membership applied to all years"
edmonton,member,parkland,ring,2008,5217727,31839,163.88,228.66,"nominal dollars; total provincial transfers (FIR 01910+01920 to 2022, 01912+01922 from 2023); population StatCan 17-10-0155 July 1 estimates, 2021 boundaries; 2025 board membership applied to all years"
edmonton,member,parkland,ring,2009,9655088,31959,302.11,272.46,"nominal dollars; total provincial transfers (FIR 01910+01920 to 2022, 01912+01922 from 2023); population StatCan 17-10-0155 July 1 estimates, 2021 boundaries; 2025 board membership applied to all years"
edmonton,member,parkland,ring,2010,11400270,32261,353.38,314.02,"nominal dollars; total provincial transfers (FIR 01910+01920 to 2022, 01912+01922 from 2023); population StatCan 17-10-0155 July 1 estimates, 2021 boundaries; 2025 board membership applied to all years"
edmonton,member,parkland,ring,2011,10869910,32124,338.37,318.14,"nominal dollars; total provincial transfers (FIR 01910+01920 to 2022, 01912+01922 from 2023); population StatCan 17-10-0155 July 1 estimates, 2021 boundaries; 2025 board membership applied to all years"
edmonton,member,parkland,ring,2012,10101468,32299,312.75,294.39,"nominal dollars; total provincial transfers (FIR 01910+01920 to 2022, 01912+01922 from 2023); population StatCan 17-10-0155 July 1 estimates, 2021 boundaries; 2025 board membership applied to all years"
edmonton,member,parkland,ring,2013,11554923,32814,352.13,331.86,"nominal dollars; total provincial transfers (FIR 01910+01920 to 2022, 01912+01922 from 2023); population StatCan 17-10-0155 July 1 estimates, 2021 boundaries; 2025 board membership applied to all years"
edmonton,member,parkland,ring,2014,15157593,33423,453.51,362.66,"nominal dollars; total provincial transfers (FIR 01910+01920 to 2022, 01912+01922 from 2023); population StatCan 17-10-0155 July 1 estimates, 2021 boundaries; 2025 board membership applied to all years"
edmonton,member,parkland,ring,2015,18774854,33405,562.04,405.08,"nominal dollars; total provincial transfers (FIR 01910+01920 to 2022, 01912+01922 from 2023); population StatCan 17-10-0155 July 1 estimates, 2021 boundaries; 2025 board membership applied to all years"
edmonton,member,parkland,ring,2016,13782464,33221,414.87,420.02,"nominal dollars; total provincial transfers (FIR 01910+01920 to 2022, 01912+01922 from 2023); population StatCan 17-10-0155 July 1 estimates, 2021 boundaries; 2025 board membership applied to all years"
edmonton,member,parkland,ring,2017,17675767,33448,528.46,462.66,"nominal dollars; total provincial transfers (FIR 01910+01920 to 2022, 01912+01922 from 2023); population StatCan 17-10-0155 July 1 estimates, 2021 boundaries; 2025 board membership applied to all years"
edmonton,member,parkland,ring,2018,15514926,33763,459.52,483.71,"nominal dollars; total provincial transfers (FIR 01910+01920 to 2022, 01912+01922 from 2023); population StatCan 17-10-0155 July 1 estimates, 2021 boundaries; 2025 board membership applied to all years"
edmonton,member,parkland,ring,2019,12892179,33878,380.55,468.89,"nominal dollars; total provincial transfers (FIR 01910+01920 to 2022, 01912+01922 from 2023); population StatCan 17-10-0155 July 1 estimates, 2021 boundaries; 2025 board membership applied to all years"
edmonton,member,parkland,ring,2020,13526528,33766,400.6,436.66,"nominal dollars; total provincial transfers (FIR 01910+01920 to 2022, 01912+01922 from 2023); population StatCan 17-10-0155 July 1 estimates, 2021 boundaries; 2025 board membership applied to all years"
edmonton,member,parkland,ring,2021,24149534,33151,728.47,498.55,"nominal dollars; total provincial transfers (FIR 01910+01920 to 2022, 01912+01922 from 2023); population StatCan 17-10-0155 July 1 estimates, 2021 boundaries; 2025 board membership applied to all years"
edmonton,member,parkland,ring,2022,16465577,33312,494.28,491.74,"nominal dollars; total provincial transfers (FIR 01910+01920 to 2022, 01912+01922 from 2023); population StatCan 17-10-0155 July 1 estimates, 2021 boundaries; 2025 board membership applied to all years"
edmonton,member,parkland,ring,2023,21984764,33484,656.58,531.17,"nominal dollars; total provincial transfers (FIR 01910+01920 to 2022, 01912+01922 from 2023); population StatCan 17-10-0155 July 1 estimates, 2021 boundaries; 2025 board membership applied to all years"
edmonton,member,parkland,ring,2024,10326200,33897,304.63,515.8,"nominal dollars; total provincial transfers (FIR 01910+01920 to 2022, 01912+01922 from 2023); population StatCan 17-10-0155 July 1 estimates, 2021 boundaries; 2025 board membership applied to all years"
edmonton,member,parkland,ring,2025,14568904,34286,424.92,520.4,"nominal dollars; total provincial transfers (FIR 01910+01920 to 2022, 01912+01922 from 2023); population StatCan 17-10-0155 July 1 estimates, 2021 boundaries; 2025 board membership applied to all years"
edmonton,member,spruce_grove,ring,2001,5134283,16528,310.64,,"nominal dollars; total provincial transfers (FIR 01910+01920 to 2022, 01912+01922 from 2023); population StatCan 17-10-0155 July 1 estimates, 2021 boundaries; 2025 board membership applied to all years"
edmonton,member,spruce_grove,ring,2002,1413579,17253,81.93,,"nominal dollars; total provincial transfers (FIR 01910+01920 to 2022, 01912+01922 from 2023); population StatCan 17-10-0155 July 1 estimates, 2021 boundaries; 2025 board membership applied to all years"
edmonton,member,spruce_grove,ring,2003,2682612,17889,149.96,,"nominal dollars; total provincial transfers (FIR 01910+01920 to 2022, 01912+01922 from 2023); population StatCan 17-10-0155 July 1 estimates, 2021 boundaries; 2025 board membership applied to all years"
edmonton,member,spruce_grove,ring,2004,3931346,18548,211.96,,"nominal dollars; total provincial transfers (FIR 01910+01920 to 2022, 01912+01922 from 2023); population StatCan 17-10-0155 July 1 estimates, 2021 boundaries; 2025 board membership applied to all years"
edmonton,member,spruce_grove,ring,2005,3695379,19387,190.61,188.13,"nominal dollars; total provincial transfers (FIR 01910+01920 to 2022, 01912+01922 from 2023); population StatCan 17-10-0155 July 1 estimates, 2021 boundaries; 2025 board membership applied to all years"
edmonton,member,spruce_grove,ring,2006,8791940,20424,430.47,219.41,"nominal dollars; total provincial transfers (FIR 01910+01920 to 2022, 01912+01922 from 2023); population StatCan 17-10-0155 July 1 estimates, 2021 boundaries; 2025 board membership applied to all years"
edmonton,member,spruce_grove,ring,2007,6691846,21762,307.5,263.17,"nominal dollars; total provincial transfers (FIR 01910+01920 to 2022, 01912+01922 from 2023); population StatCan 17-10-0155 July 1 estimates, 2021 boundaries; 2025 board membership applied to all years"
edmonton,member,spruce_grove,ring,2008,15640057,23122,676.41,375.33,"nominal dollars; total provincial transfers (FIR 01910+01920 to 2022, 01912+01922 from 2023); population StatCan 17-10-0155 July 1 estimates, 2021 boundaries; 2025 board membership applied to all years"
edmonton,member,spruce_grove,ring,2009,11538422,24658,467.94,423.93,"nominal dollars; total provincial transfers (FIR 01910+01920 to 2022, 01912+01922 from 2023); population StatCan 17-10-0155 July 1 estimates, 2021 boundaries; 2025 board membership applied to all years"
edmonton,member,spruce_grove,ring,2010,10314411,26104,395.13,456.42,"nominal dollars; total provincial transfers (FIR 01910+01920 to 2022, 01912+01922 from 2023); population StatCan 17-10-0155 July 1 estimates, 2021 boundaries; 2025 board membership applied to all years"
edmonton,member,spruce_grove,ring,2011,9014573,27357,329.52,432.5,"nominal dollars; total provincial transfers (FIR 01910+01920 to 2022, 01912+01922 from 2023); population StatCan 17-10-0155 July 1 estimates, 2021 boundaries; 2025 board membership applied to all years"
edmonton,member,spruce_grove,ring,2012,6447868,28498,226.26,408.17,"nominal dollars; total provincial transfers (FIR 01910+01920 to 2022, 01912+01922 from 2023); population StatCan 17-10-0155 July 1 estimates, 2021 boundaries; 2025 board membership applied to all years"
edmonton,member,spruce_grove,ring,2013,7570950,30182,250.84,328.12,"nominal dollars; total provincial transfers (FIR 01910+01920 to 2022, 01912+01922 from 2023); population StatCan 17-10-0155 July 1 estimates, 2021 boundaries; 2025 board membership applied to all years"
edmonton,member,spruce_grove,ring,2014,20091870,31821,631.4,371.21,"nominal dollars; total provincial transfers (FIR 01910+01920 to 2022, 01912+01922 from 2023); population StatCan 17-10-0155 July 1 estimates, 2021 boundaries; 2025 board membership applied to all years"
edmonton,member,spruce_grove,ring,2015,-1760210,33739,-52.17,272.86,"nominal dollars; total provincial transfers (FIR 01910+01920 to 2022, 01912+01922 from 2023); population StatCan 17-10-0155 July 1 estimates, 2021 boundaries; 2025 board membership applied to all years; negative line kept as printed: SPRUCE GROVE 01920 -1,760,210"
edmonton,member,spruce_grove,ring,2016,9782317,35083,278.83,264.45,"nominal dollars; total provincial transfers (FIR 01910+01920 to 2022, 01912+01922 from 2023); population StatCan 17-10-0155 July 1 estimates, 2021 boundaries; 2025 board membership applied to all years"
edmonton,member,spruce_grove,ring,2017,9742280,36148,269.51,272.06,"nominal dollars; total provincial transfers (FIR 01910+01920 to 2022, 01912+01922 from 2023); population StatCan 17-10-0155 July 1 estimates, 2021 boundaries; 2025 board membership applied to all years"
edmonton,member,spruce_grove,ring,2018,7993720,37481,213.27,263.09,"nominal dollars; total provincial transfers (FIR 01910+01920 to 2022, 01912+01922 from 2023); population StatCan 17-10-0155 July 1 estimates, 2021 boundaries; 2025 board membership applied to all years"
edmonton,member,spruce_grove,ring,2019,22217341,38141,582.51,265.66,"nominal dollars; total provincial transfers (FIR 01910+01920 to 2022, 01912+01922 from 2023); population StatCan 17-10-0155 July 1 estimates, 2021 boundaries; 2025 board membership applied to all years"
edmonton,member,spruce_grove,ring,2020,12847870,38927,330.05,336.87,"nominal dollars; total provincial transfers (FIR 01910+01920 to 2022, 01912+01922 from 2023); population StatCan 17-10-0155 July 1 estimates, 2021 boundaries; 2025 board membership applied to all years"
edmonton,member,spruce_grove,ring,2021,17008205,39068,435.35,367.87,"nominal dollars; total provincial transfers (FIR 01910+01920 to 2022, 01912+01922 from 2023); population StatCan 17-10-0155 July 1 estimates, 2021 boundaries; 2025 board membership applied to all years"
edmonton,member,spruce_grove,ring,2022,13711981,40005,342.76,381.05,"nominal dollars; total provincial transfers (FIR 01910+01920 to 2022, 01912+01922 from 2023); population StatCan 17-10-0155 July 1 estimates, 2021 boundaries; 2025 board membership applied to all years"
edmonton,member,spruce_grove,ring,2023,32265308,41032,786.34,497.28,"nominal dollars; total provincial transfers (FIR 01910+01920 to 2022, 01912+01922 from 2023); population StatCan 17-10-0155 July 1 estimates, 2021 boundaries; 2025 board membership applied to all years"
edmonton,member,spruce_grove,ring,2024,12127902,42794,283.4,435.83,"nominal dollars; total provincial transfers (FIR 01910+01920 to 2022, 01912+01922 from 2023); population StatCan 17-10-0155 July 1 estimates, 2021 boundaries; 2025 board membership applied to all years"
edmonton,member,spruce_grove,ring,2025,14670000,44575,329.11,432.75,"nominal dollars; total provincial transfers (FIR 01910+01920 to 2022, 01912+01922 from 2023); population StatCan 17-10-0155 July 1 estimates, 2021 boundaries; 2025 board membership applied to all years"
edmonton,member,st_albert,ring,2001,9550215,54385,175.6,,"nominal dollars; total provincial transfers (FIR 01910+01920 to 2022, 01912+01922 from 2023); population StatCan 17-10-0155 July 1 estimates, 2021 boundaries; 2025 board membership applied to all years"
edmonton,member,st_albert,ring,2002,4264667,55466,76.89,,"nominal dollars; total provincial transfers (FIR 01910+01920 to 2022, 01912+01922 from 2023); population StatCan 17-10-0155 July 1 estimates, 2021 boundaries; 2025 board membership applied to all years"
edmonton,member,st_albert,ring,2003,3812959,56241,67.8,,"nominal dollars; total provincial transfers (FIR 01910+01920 to 2022, 01912+01922 from 2023); population StatCan 17-10-0155 July 1 estimates, 2021 boundaries; 2025 board membership applied to all years"
edmonton,member,st_albert,ring,2004,7822439,56990,137.26,,"nominal dollars; total provincial transfers (FIR 01910+01920 to 2022, 01912+01922 from 2023); population StatCan 17-10-0155 July 1 estimates, 2021 boundaries; 2025 board membership applied to all years"
edmonton,member,st_albert,ring,2005,14049085,58201,241.39,140.43,"nominal dollars; total provincial transfers (FIR 01910+01920 to 2022, 01912+01922 from 2023); population StatCan 17-10-0155 July 1 estimates, 2021 boundaries; 2025 board membership applied to all years"
edmonton,member,st_albert,ring,2006,26118930,59811,436.69,195.56,"nominal dollars; total provincial transfers (FIR 01910+01920 to 2022, 01912+01922 from 2023); population StatCan 17-10-0155 July 1 estimates, 2021 boundaries; 2025 board membership applied to all years"
edmonton,member,st_albert,ring,2007,25107107,61239,409.99,262.96,"nominal dollars; total provincial transfers (FIR 01910+01920 to 2022, 01912+01922 from 2023); population StatCan 17-10-0155 July 1 estimates, 2021 boundaries; 2025 board membership applied to all years"
edmonton,member,st_albert,ring,2008,18973231,62848,301.89,307.84,"nominal dollars; total provincial transfers (FIR 01910+01920 to 2022, 01912+01922 from 2023); population StatCan 17-10-0155 July 1 estimates, 2021 boundaries; 2025 board membership applied to all years"
edmonton,member,st_albert,ring,2009,25922051,64297,403.16,359.57,"nominal dollars; total provincial transfers (FIR 01910+01920 to 2022, 01912+01922 from 2023); population StatCan 17-10-0155 July 1 estimates, 2021 boundaries; 2025 board membership applied to all years"
edmonton,member,st_albert,ring,2010,41446030,63022,657.64,442.03,"nominal dollars; total provincial transfers (FIR 01910+01920 to 2022, 01912+01922 from 2023); population StatCan 17-10-0155 July 1 estimates, 2021 boundaries; 2025 board membership applied to all years"
edmonton,member,st_albert,ring,2011,22763416,63401,359.04,426.33,"nominal dollars; total provincial transfers (FIR 01910+01920 to 2022, 01912+01922 from 2023); population StatCan 17-10-0155 July 1 estimates, 2021 boundaries; 2025 board membership applied to all years"
edmonton,member,st_albert,ring,2012,26209597,63653,411.76,426.56,"nominal dollars; total provincial transfers (FIR 01910+01920 to 2022, 01912+01922 from 2023); population StatCan 17-10-0155 July 1 estimates, 2021 boundaries; 2025 board membership applied to all years"
edmonton,member,st_albert,ring,2013,20461993,64442,317.53,429.1,"nominal dollars; total provincial transfers (FIR 01910+01920 to 2022, 01912+01922 from 2023); population StatCan 17-10-0155 July 1 estimates, 2021 boundaries; 2025 board membership applied to all years"
edmonton,member,st_albert,ring,2014,17805594,65643,271.25,401.94,"nominal dollars; total provincial transfers (FIR 01910+01920 to 2022, 01912+01922 from 2023); population StatCan 17-10-0155 July 1 estimates, 2021 boundaries; 2025 board membership applied to all years"
edmonton,member,st_albert,ring,2015,17487942,66392,263.4,323.7,"nominal dollars; total provincial transfers (FIR 01910+01920 to 2022, 01912+01922 from 2023); population StatCan 17-10-0155 July 1 estimates, 2021 boundaries; 2025 board membership applied to all years"
edmonton,member,st_albert,ring,2016,27140365,66812,406.22,333.72,"nominal dollars; total provincial transfers (FIR 01910+01920 to 2022, 01912+01922 from 2023); population StatCan 17-10-0155 July 1 estimates, 2021 boundaries; 2025 board membership applied to all years"
edmonton,member,st_albert,ring,2017,27587949,67704,407.48,333.8,"nominal dollars; total provincial transfers (FIR 01910+01920 to 2022, 01912+01922 from 2023); population StatCan 17-10-0155 July 1 estimates, 2021 boundaries; 2025 board membership applied to all years"
edmonton,member,st_albert,ring,2018,19778187,68769,287.6,327.45,"nominal dollars; total provincial transfers (FIR 01910+01920 to 2022, 01912+01922 from 2023); population StatCan 17-10-0155 July 1 estimates, 2021 boundaries; 2025 board membership applied to all years"
edmonton,member,st_albert,ring,2019,17988464,69154,260.12,324.6,"nominal dollars; total provincial transfers (FIR 01910+01920 to 2022, 01912+01922 from 2023); population StatCan 17-10-0155 July 1 estimates, 2021 boundaries; 2025 board membership applied to all years"
edmonton,member,st_albert,ring,2020,43780088,69650,628.57,398.36,"nominal dollars; total provincial transfers (FIR 01910+01920 to 2022, 01912+01922 from 2023); population StatCan 17-10-0155 July 1 estimates, 2021 boundaries; 2025 board membership applied to all years"
edmonton,member,st_albert,ring,2021,43263968,70389,614.64,440.88,"nominal dollars; total provincial transfers (FIR 01910+01920 to 2022, 01912+01922 from 2023); population StatCan 17-10-0155 July 1 estimates, 2021 boundaries; 2025 board membership applied to all years"
edmonton,member,st_albert,ring,2022,16704780,70720,236.21,405.86,"nominal dollars; total provincial transfers (FIR 01910+01920 to 2022, 01912+01922 from 2023); population StatCan 17-10-0155 July 1 estimates, 2021 boundaries; 2025 board membership applied to all years"
edmonton,member,st_albert,ring,2023,25163768,71859,350.18,417.6,"nominal dollars; total provincial transfers (FIR 01910+01920 to 2022, 01912+01922 from 2023); population StatCan 17-10-0155 July 1 estimates, 2021 boundaries; 2025 board membership applied to all years"
edmonton,member,st_albert,ring,2024,21172983,73459,288.23,421.5,"nominal dollars; total provincial transfers (FIR 01910+01920 to 2022, 01912+01922 from 2023); population StatCan 17-10-0155 July 1 estimates, 2021 boundaries; 2025 board membership applied to all years"
edmonton,member,st_albert,ring,2025,39921096,74621,534.98,405.01,"nominal dollars; total provincial transfers (FIR 01910+01920 to 2022, 01912+01922 from 2023); population StatCan 17-10-0155 July 1 estimates, 2021 boundaries; 2025 board membership applied to all years"
edmonton,member,stony_plain,ring,2001,2544824,9893,257.23,,"nominal dollars; total provincial transfers (FIR 01910+01920 to 2022, 01912+01922 from 2023); population StatCan 17-10-0155 July 1 estimates, 2021 boundaries; 2025 board membership applied to all years"
edmonton,member,stony_plain,ring,2002,709450,10456,67.85,,"nominal dollars; total provincial transfers (FIR 01910+01920 to 2022, 01912+01922 from 2023); population StatCan 17-10-0155 July 1 estimates, 2021 boundaries; 2025 board membership applied to all years"
edmonton,member,stony_plain,ring,2003,909066,10960,82.94,,"nominal dollars; total provincial transfers (FIR 01910+01920 to 2022, 01912+01922 from 2023); population StatCan 17-10-0155 July 1 estimates, 2021 boundaries; 2025 board membership applied to all years"
edmonton,member,stony_plain,ring,2004,807144,11486,70.27,,"nominal dollars; total provincial transfers (FIR 01910+01920 to 2022, 01912+01922 from 2023); population StatCan 17-10-0155 July 1 estimates, 2021 boundaries; 2025 board membership applied to all years"
edmonton,member,stony_plain,ring,2005,2580273,12120,212.89,137.5,"nominal dollars; total provincial transfers (FIR 01910+01920 to 2022, 01912+01922 from 2023); population StatCan 17-10-0155 July 1 estimates, 2021 boundaries; 2025 board membership applied to all years"
edmonton,member,stony_plain,ring,2006,3400425,12814,265.37,145.35,"nominal dollars; total provincial transfers (FIR 01910+01920 to 2022, 01912+01922 from 2023); population StatCan 17-10-0155 July 1 estimates, 2021 boundaries; 2025 board membership applied to all years"
edmonton,member,stony_plain,ring,2007,4686389,13446,348.53,203.59,"nominal dollars; total provincial transfers (FIR 01910+01920 to 2022, 01912+01922 from 2023); population StatCan 17-10-0155 July 1 estimates, 2021 boundaries; 2025 board membership applied to all years"
edmonton,member,stony_plain,ring,2008,5109596,14030,364.19,259.54,"nominal dollars; total provincial transfers (FIR 01910+01920 to 2022, 01912+01922 from 2023); population StatCan 17-10-0155 July 1 estimates, 2021 boundaries; 2025 board membership applied to all years"
edmonton,member,stony_plain,ring,2009,9481927,14755,642.62,376.07,"nominal dollars; total provincial transfers (FIR 01910+01920 to 2022, 01912+01922 from 2023); population StatCan 17-10-0155 July 1 estimates, 2021 boundaries; 2025 board membership applied to all years"
edmonton,member,stony_plain,ring,2010,7152026,15159,471.8,424.91,"nominal dollars; total provincial transfers (FIR 01910+01920 to 2022, 01912+01922 from 2023); population StatCan 17-10-0155 July 1 estimates, 2021 boundaries; 2025 board membership applied to all years"
edmonton,member,stony_plain,ring,2011,7814876,15619,500.34,469.05,"nominal dollars; total provincial transfers (FIR 01910+01920 to 2022, 01912+01922 from 2023); population StatCan 17-10-0155 July 1 estimates, 2021 boundaries; 2025 board membership applied to all years"
edmonton,member,stony_plain,ring,2012,5990360,16060,373.0,470.08,"nominal dollars; total provincial transfers (FIR 01910+01920 to 2022, 01912+01922 from 2023); population StatCan 17-10-0155 July 1 estimates, 2021 boundaries; 2025 board membership applied to all years"
edmonton,member,stony_plain,ring,2013,3969270,16610,238.97,439.99,"nominal dollars; total provincial transfers (FIR 01910+01920 to 2022, 01912+01922 from 2023); population StatCan 17-10-0155 July 1 estimates, 2021 boundaries; 2025 board membership applied to all years"
edmonton,member,stony_plain,ring,2014,4022633,17058,235.82,359.59,"nominal dollars; total provincial transfers (FIR 01910+01920 to 2022, 01912+01922 from 2023); population StatCan 17-10-0155 July 1 estimates, 2021 boundaries; 2025 board membership applied to all years"
edmonton,member,stony_plain,ring,2015,4834370,17425,277.44,321.75,"nominal dollars; total provincial transfers (FIR 01910+01920 to 2022, 01912+01922 from 2023); population StatCan 17-10-0155 July 1 estimates, 2021 boundaries; 2025 board membership applied to all years"
edmonton,member,stony_plain,ring,2016,7443900,17536,424.49,310.08,"nominal dollars; total provincial transfers (FIR 01910+01920 to 2022, 01912+01922 from 2023); population StatCan 17-10-0155 July 1 estimates, 2021 boundaries; 2025 board membership applied to all years"
edmonton,member,stony_plain,ring,2017,9412273,17865,526.86,343.17,"nominal dollars; total provincial transfers (FIR 01910+01920 to 2022, 01912+01922 from 2023); population StatCan 17-10-0155 July 1 estimates, 2021 boundaries; 2025 board membership applied to all years"
edmonton,member,stony_plain,ring,2018,5313435,18174,292.36,352.34,"nominal dollars; total provincial transfers (FIR 01910+01920 to 2022, 01912+01922 from 2023); population StatCan 17-10-0155 July 1 estimates, 2021 boundaries; 2025 board membership applied to all years"
edmonton,member,stony_plain,ring,2019,8471357,18316,462.51,397.19,"nominal dollars; total provincial transfers (FIR 01910+01920 to 2022, 01912+01922 from 2023); population StatCan 17-10-0155 July 1 estimates, 2021 boundaries; 2025 board membership applied to all years"
edmonton,member,stony_plain,ring,2020,10415999,18273,570.02,455.36,"nominal dollars; total provincial transfers (FIR 01910+01920 to 2022, 01912+01922 from 2023); population StatCan 17-10-0155 July 1 estimates, 2021 boundaries; 2025 board membership applied to all years"
edmonton,member,stony_plain,ring,2021,9378556,18556,505.42,471.48,"nominal dollars; total provincial transfers (FIR 01910+01920 to 2022, 01912+01922 from 2023); population StatCan 17-10-0155 July 1 estimates, 2021 boundaries; 2025 board membership applied to all years"
edmonton,member,stony_plain,ring,2022,6508951,18749,347.16,435.42,"nominal dollars; total provincial transfers (FIR 01910+01920 to 2022, 01912+01922 from 2023); population StatCan 17-10-0155 July 1 estimates, 2021 boundaries; 2025 board membership applied to all years"
edmonton,member,stony_plain,ring,2023,4267121,19081,223.63,419.92,"nominal dollars; total provincial transfers (FIR 01910+01920 to 2022, 01912+01922 from 2023); population StatCan 17-10-0155 July 1 estimates, 2021 boundaries; 2025 board membership applied to all years"
edmonton,member,stony_plain,ring,2024,10100439,19424,520.0,432.29,"nominal dollars; total provincial transfers (FIR 01910+01920 to 2022, 01912+01922 from 2023); population StatCan 17-10-0155 July 1 estimates, 2021 boundaries; 2025 board membership applied to all years"
edmonton,member,stony_plain,ring,2025,8757928,19662,445.42,408.63,"nominal dollars; total provincial transfers (FIR 01910+01920 to 2022, 01912+01922 from 2023); population StatCan 17-10-0155 July 1 estimates, 2021 boundaries; 2025 board membership applied to all years"
edmonton,member,strathcona,ring,2001,7991980,73807,108.28,,"nominal dollars; total provincial transfers (FIR 01910+01920 to 2022, 01912+01922 from 2023); population StatCan 17-10-0155 July 1 estimates, 2021 boundaries; 2025 board membership applied to all years"
edmonton,member,strathcona,ring,2002,7199058,76074,94.63,,"nominal dollars; total provincial transfers (FIR 01910+01920 to 2022, 01912+01922 from 2023); population StatCan 17-10-0155 July 1 estimates, 2021 boundaries; 2025 board membership applied to all years"
edmonton,member,strathcona,ring,2003,7558555,77942,96.98,,"nominal dollars; total provincial transfers (FIR 01910+01920 to 2022, 01912+01922 from 2023); population StatCan 17-10-0155 July 1 estimates, 2021 boundaries; 2025 board membership applied to all years"
edmonton,member,strathcona,ring,2004,10927792,79840,136.87,,"nominal dollars; total provincial transfers (FIR 01910+01920 to 2022, 01912+01922 from 2023); population StatCan 17-10-0155 July 1 estimates, 2021 boundaries; 2025 board membership applied to all years"
edmonton,member,strathcona,ring,2005,11355175,82400,137.81,115.45,"nominal dollars; total provincial transfers (FIR 01910+01920 to 2022, 01912+01922 from 2023); population StatCan 17-10-0155 July 1 estimates, 2021 boundaries; 2025 board membership applied to all years"
edmonton,member,strathcona,ring,2006,21509104,85502,251.56,145.73,"nominal dollars; total provincial transfers (FIR 01910+01920 to 2022, 01912+01922 from 2023); population StatCan 17-10-0155 July 1 estimates, 2021 boundaries; 2025 board membership applied to all years"
edmonton,member,strathcona,ring,2007,17325372,87789,197.35,166.1,"nominal dollars; total provincial transfers (FIR 01910+01920 to 2022, 01912+01922 from 2023); population StatCan 17-10-0155 July 1 estimates, 2021 boundaries; 2025 board membership applied to all years"
edmonton,member,strathcona,ring,2008,45918268,89866,510.96,251.61,"nominal dollars; total provincial transfers (FIR 01910+01920 to 2022, 01912+01922 from 2023); population StatCan 17-10-0155 July 1 estimates, 2021 boundaries; 2025 board membership applied to all years"
edmonton,member,strathcona,ring,2009,58196045,92059,632.16,352.6,"nominal dollars; total provincial transfers (FIR 01910+01920 to 2022, 01912+01922 from 2023); population StatCan 17-10-0155 July 1 estimates, 2021 boundaries; 2025 board membership applied to all years"
edmonton,member,strathcona,ring,2010,34465774,94095,366.29,394.86,"nominal dollars; total provincial transfers (FIR 01910+01920 to 2022, 01912+01922 from 2023); population StatCan 17-10-0155 July 1 estimates, 2021 boundaries; 2025 board membership applied to all years"
edmonton,member,strathcona,ring,2011,44754873,95648,467.91,436.73,"nominal dollars; total provincial transfers (FIR 01910+01920 to 2022, 01912+01922 from 2023); population StatCan 17-10-0155 July 1 estimates, 2021 boundaries; 2025 board membership applied to all years"
edmonton,member,strathcona,ring,2012,40859853,96957,421.42,478.41,"nominal dollars; total provincial transfers (FIR 01910+01920 to 2022, 01912+01922 from 2023); population StatCan 17-10-0155 July 1 estimates, 2021 boundaries; 2025 board membership applied to all years"
edmonton,member,strathcona,ring,2013,35712234,98459,362.71,448.41,"nominal dollars; total provincial transfers (FIR 01910+01920 to 2022, 01912+01922 from 2023); population StatCan 17-10-0155 July 1 estimates, 2021 boundaries; 2025 board membership applied to all years"
edmonton,member,strathcona,ring,2014,31753918,99783,318.23,386.74,"nominal dollars; total provincial transfers (FIR 01910+01920 to 2022, 01912+01922 from 2023); population StatCan 17-10-0155 July 1 estimates, 2021 boundaries; 2025 board membership applied to all years"
edmonton,member,strathcona,ring,2015,48396064,99832,484.78,410.61,"nominal dollars; total provincial transfers (FIR 01910+01920 to 2022, 01912+01922 from 2023); population StatCan 17-10-0155 July 1 estimates, 2021 boundaries; 2025 board membership applied to all years"
edmonton,member,strathcona,ring,2016,17790452,99841,178.19,352.64,"nominal dollars; total provincial transfers (FIR 01910+01920 to 2022, 01912+01922 from 2023); population StatCan 17-10-0155 July 1 estimates, 2021 boundaries; 2025 board membership applied to all years"
edmonton,member,strathcona,ring,2017,28904110,100617,287.27,326.07,"nominal dollars; total provincial transfers (FIR 01910+01920 to 2022, 01912+01922 from 2023); population StatCan 17-10-0155 July 1 estimates, 2021 boundaries; 2025 board membership applied to all years"
edmonton,member,strathcona,ring,2018,29492406,101822,289.65,311.49,"nominal dollars; total provincial transfers (FIR 01910+01920 to 2022, 01912+01922 from 2023); population StatCan 17-10-0155 July 1 estimates, 2021 boundaries; 2025 board membership applied to all years"
edmonton,member,strathcona,ring,2019,14694396,102303,143.64,276.12,"nominal dollars; total provincial transfers (FIR 01910+01920 to 2022, 01912+01922 from 2023); population StatCan 17-10-0155 July 1 estimates, 2021 boundaries; 2025 board membership applied to all years"
edmonton,member,strathcona,ring,2020,55722378,102572,543.25,289.07,"nominal dollars; total provincial transfers (FIR 01910+01920 to 2022, 01912+01922 from 2023); population StatCan 17-10-0155 July 1 estimates, 2021 boundaries; 2025 board membership applied to all years"
edmonton,member,strathcona,ring,2021,46714386,102426,456.08,344.35,"nominal dollars; total provincial transfers (FIR 01910+01920 to 2022, 01912+01922 from 2023); population StatCan 17-10-0155 July 1 estimates, 2021 boundaries; 2025 board membership applied to all years"
edmonton,member,strathcona,ring,2022,40480194,103259,392.03,365.16,"nominal dollars; total provincial transfers (FIR 01910+01920 to 2022, 01912+01922 from 2023); population StatCan 17-10-0155 July 1 estimates, 2021 boundaries; 2025 board membership applied to all years"
edmonton,member,strathcona,ring,2023,51854056,104104,498.1,406.99,"nominal dollars; total provincial transfers (FIR 01910+01920 to 2022, 01912+01922 from 2023); population StatCan 17-10-0155 July 1 estimates, 2021 boundaries; 2025 board membership applied to all years"
edmonton,member,strathcona,ring,2024,21042029,105876,198.74,416.44,"nominal dollars; total provincial transfers (FIR 01910+01920 to 2022, 01912+01922 from 2023); population StatCan 17-10-0155 July 1 estimates, 2021 boundaries; 2025 board membership applied to all years"
edmonton,member,strathcona,ring,2025,27391712,107345,255.17,358.47,"nominal dollars; total provincial transfers (FIR 01910+01920 to 2022, 01912+01922 from 2023); population StatCan 17-10-0155 July 1 estimates, 2021 boundaries; 2025 board membership applied to all years"
edmonton,member,sturgeon,ring,2001,2390372,18468,129.43,,"nominal dollars; total provincial transfers (FIR 01910+01920 to 2022, 01912+01922 from 2023); population StatCan 17-10-0155 July 1 estimates, 2021 boundaries; 2025 board membership applied to all years"
edmonton,member,sturgeon,ring,2002,1375884,18662,73.73,,"nominal dollars; total provincial transfers (FIR 01910+01920 to 2022, 01912+01922 from 2023); population StatCan 17-10-0155 July 1 estimates, 2021 boundaries; 2025 board membership applied to all years"
edmonton,member,sturgeon,ring,2003,3619033,18730,193.22,,"nominal dollars; total provincial transfers (FIR 01910+01920 to 2022, 01912+01922 from 2023); population StatCan 17-10-0155 July 1 estimates, 2021 boundaries; 2025 board membership applied to all years"
edmonton,member,sturgeon,ring,2004,7206474,18776,383.81,,"nominal dollars; total provincial transfers (FIR 01910+01920 to 2022, 01912+01922 from 2023); population StatCan 17-10-0155 July 1 estimates, 2021 boundaries; 2025 board membership applied to all years"
edmonton,member,sturgeon,ring,2005,6458933,18959,340.68,224.91,"nominal dollars; total provincial transfers (FIR 01910+01920 to 2022, 01912+01922 from 2023); population StatCan 17-10-0155 July 1 estimates, 2021 boundaries; 2025 board membership applied to all years"
edmonton,member,sturgeon,ring,2006,6322941,19197,329.37,264.87,"nominal dollars; total provincial transfers (FIR 01910+01920 to 2022, 01912+01922 from 2023); population StatCan 17-10-0155 July 1 estimates, 2021 boundaries; 2025 board membership applied to all years"
edmonton,member,sturgeon,ring,2007,11068772,19463,568.71,364.53,"nominal dollars; total provincial transfers (FIR 01910+01920 to 2022, 01912+01922 from 2023); population StatCan 17-10-0155 July 1 estimates, 2021 boundaries; 2025 board membership applied to all years"
edmonton,member,sturgeon,ring,2008,7522575,19693,381.99,401.5,"nominal dollars; total provincial transfers (FIR 01910+01920 to 2022, 01912+01922 from 2023); population StatCan 17-10-0155 July 1 estimates, 2021 boundaries; 2025 board membership applied to all years"
edmonton,member,sturgeon,ring,2009,6723893,19969,336.72,391.62,"nominal dollars; total provincial transfers (FIR 01910+01920 to 2022, 01912+01922 from 2023); population StatCan 17-10-0155 July 1 estimates, 2021 boundaries; 2025 board membership applied to all years"
edmonton,member,sturgeon,ring,2010,10225858,20111,508.47,425.3,"nominal dollars; total provincial transfers (FIR 01910+01920 to 2022, 01912+01922 from 2023); population StatCan 17-10-0155 July 1 estimates, 2021 boundaries; 2025 board membership applied to all years"
edmonton,member,sturgeon,ring,2011,10421715,20199,515.95,462.24,"nominal dollars; total provincial transfers (FIR 01910+01920 to 2022, 01912+01922 from 2023); population StatCan 17-10-0155 July 1 estimates, 2021 boundaries; 2025 board membership applied to all years"
edmonton,member,sturgeon,ring,2012,7396417,20240,365.44,422.01,"nominal dollars; total provincial transfers (FIR 01910+01920 to 2022, 01912+01922 from 2023); population StatCan 17-10-0155 July 1 estimates, 2021 boundaries; 2025 board membership applied to all years"
edmonton,member,sturgeon,ring,2013,9634376,20698,465.47,438.68,"nominal dollars; total provincial transfers (FIR 01910+01920 to 2022, 01912+01922 from 2023); population StatCan 17-10-0155 July 1 estimates, 2021 boundaries; 2025 board membership applied to all years"
edmonton,member,sturgeon,ring,2014,8379569,21567,388.54,447.97,"nominal dollars; total provincial transfers (FIR 01910+01920 to 2022, 01912+01922 from 2023); population StatCan 17-10-0155 July 1 estimates, 2021 boundaries; 2025 board membership applied to all years"
edmonton,member,sturgeon,ring,2015,4557285,21219,214.77,388.65,"nominal dollars; total provincial transfers (FIR 01910+01920 to 2022, 01912+01922 from 2023); population StatCan 17-10-0155 July 1 estimates, 2021 boundaries; 2025 board membership applied to all years"
edmonton,member,sturgeon,ring,2016,5312665,20911,254.06,337.18,"nominal dollars; total provincial transfers (FIR 01910+01920 to 2022, 01912+01922 from 2023); population StatCan 17-10-0155 July 1 estimates, 2021 boundaries; 2025 board membership applied to all years"
edmonton,member,sturgeon,ring,2017,13604235,20916,650.42,393.96,"nominal dollars; total provincial transfers (FIR 01910+01920 to 2022, 01912+01922 from 2023); population StatCan 17-10-0155 July 1 estimates, 2021 boundaries; 2025 board membership applied to all years"
edmonton,member,sturgeon,ring,2018,6745016,21115,319.44,365.08,"nominal dollars; total provincial transfers (FIR 01910+01920 to 2022, 01912+01922 from 2023); population StatCan 17-10-0155 July 1 estimates, 2021 boundaries; 2025 board membership applied to all years"
edmonton,member,sturgeon,ring,2019,3938062,20962,187.87,324.93,"nominal dollars; total provincial transfers (FIR 01910+01920 to 2022, 01912+01922 from 2023); population StatCan 17-10-0155 July 1 estimates, 2021 boundaries; 2025 board membership applied to all years"
edmonton,member,sturgeon,ring,2020,8980191,20843,430.85,368.32,"nominal dollars; total provincial transfers (FIR 01910+01920 to 2022, 01912+01922 from 2023); population StatCan 17-10-0155 July 1 estimates, 2021 boundaries; 2025 board membership applied to all years"
edmonton,member,sturgeon,ring,2021,9922978,20733,478.61,413.03,"nominal dollars; total provincial transfers (FIR 01910+01920 to 2022, 01912+01922 from 2023); population StatCan 17-10-0155 July 1 estimates, 2021 boundaries; 2025 board membership applied to all years"
edmonton,member,sturgeon,ring,2022,9800805,20902,468.89,376.71,"nominal dollars; total provincial transfers (FIR 01910+01920 to 2022, 01912+01922 from 2023); population StatCan 17-10-0155 July 1 estimates, 2021 boundaries; 2025 board membership applied to all years"
edmonton,member,sturgeon,ring,2023,5400600,20935,257.97,364.48,"nominal dollars; total provincial transfers (FIR 01910+01920 to 2022, 01912+01922 from 2023); population StatCan 17-10-0155 July 1 estimates, 2021 boundaries; 2025 board membership applied to all years"
edmonton,member,sturgeon,ring,2024,10571071,21130,500.29,427.34,"nominal dollars; total provincial transfers (FIR 01910+01920 to 2022, 01912+01922 from 2023); population StatCan 17-10-0155 July 1 estimates, 2021 boundaries; 2025 board membership applied to all years"
edmonton,member,sturgeon,ring,2025,7970520,21144,376.96,416.49,"nominal dollars; total provincial transfers (FIR 01910+01920 to 2022, 01912+01922 from 2023); population StatCan 17-10-0155 July 1 estimates, 2021 boundaries; 2025 board membership applied to all years"
edmonton,side,core,core,2001,108195000,685188,157.91,,"nominal dollars; total provincial transfers (FIR 01910+01920 to 2022, 01912+01922 from 2023); population StatCan 17-10-0155 July 1 estimates, 2021 boundaries; 2025 board membership applied to all years"
edmonton,side,core,core,2002,101760000,700266,145.32,,"nominal dollars; total provincial transfers (FIR 01910+01920 to 2022, 01912+01922 from 2023); population StatCan 17-10-0155 July 1 estimates, 2021 boundaries; 2025 board membership applied to all years"
edmonton,side,core,core,2003,117780000,710998,165.65,,"nominal dollars; total provincial transfers (FIR 01910+01920 to 2022, 01912+01922 from 2023); population StatCan 17-10-0155 July 1 estimates, 2021 boundaries; 2025 board membership applied to all years"
edmonton,side,core,core,2004,137217000,721622,190.15,,"nominal dollars; total provincial transfers (FIR 01910+01920 to 2022, 01912+01922 from 2023); population StatCan 17-10-0155 July 1 estimates, 2021 boundaries; 2025 board membership applied to all years"
edmonton,side,core,core,2005,149351000,738537,202.23,172.72,"nominal dollars; total provincial transfers (FIR 01910+01920 to 2022, 01912+01922 from 2023); population StatCan 17-10-0155 July 1 estimates, 2021 boundaries; 2025 board membership applied to all years"
edmonton,side,core,core,2006,178121000,759605,234.49,188.44,"nominal dollars; total provincial transfers (FIR 01910+01920 to 2022, 01912+01922 from 2023); population StatCan 17-10-0155 July 1 estimates, 2021 boundaries; 2025 board membership applied to all years"
edmonton,side,core,core,2007,361349000,779360,463.65,254.39,"nominal dollars; total provincial transfers (FIR 01910+01920 to 2022, 01912+01922 from 2023); population StatCan 17-10-0155 July 1 estimates, 2021 boundaries; 2025 board membership applied to all years"
edmonton,side,core,core,2008,481460000,797133,603.99,344.42,"nominal dollars; total provincial transfers (FIR 01910+01920 to 2022, 01912+01922 from 2023); population StatCan 17-10-0155 July 1 estimates, 2021 boundaries; 2025 board membership applied to all years"
edmonton,side,core,core,2009,527268000,818052,644.54,436.09,"nominal dollars; total provincial transfers (FIR 01910+01920 to 2022, 01912+01922 from 2023); population StatCan 17-10-0155 July 1 estimates, 2021 boundaries; 2025 board membership applied to all years"
edmonton,side,core,core,2010,429755000,831589,516.79,496.26,"nominal dollars; total provincial transfers (FIR 01910+01920 to 2022, 01912+01922 from 2023); population StatCan 17-10-0155 July 1 estimates, 2021 boundaries; 2025 board membership applied to all years"
edmonton,side,core,core,2011,520927000,845596,616.05,569.97,"nominal dollars; total provincial transfers (FIR 01910+01920 to 2022, 01912+01922 from 2023); population StatCan 17-10-0155 July 1 estimates, 2021 boundaries; 2025 board membership applied to all years"
edmonton,side,core,core,2012,491845000,864962,568.63,589.62,"nominal dollars; total provincial transfers (FIR 01910+01920 to 2022, 01912+01922 from 2023); population StatCan 17-10-0155 July 1 estimates, 2021 boundaries; 2025 board membership applied to all years"
edmonton,side,core,core,2013,420576000,893025,470.96,562.01,"nominal dollars; total provincial transfers (FIR 01910+01920 to 2022, 01912+01922 from 2023); population StatCan 17-10-0155 July 1 estimates, 2021 boundaries; 2025 board membership applied to all years"
edmonton,side,core,core,2014,297496000,923701,322.07,495.68,"nominal dollars; total provincial transfers (FIR 01910+01920 to 2022, 01912+01922 from 2023); population StatCan 17-10-0155 July 1 estimates, 2021 boundaries; 2025 board membership applied to all years"
edmonton,side,core,core,2015,255306000,946855,269.64,443.92,"nominal dollars; total provincial transfers (FIR 01910+01920 to 2022, 01912+01922 from 2023); population StatCan 17-10-0155 July 1 estimates, 2021 boundaries; 2025 board membership applied to all years"
edmonton,side,core,core,2016,278941000,957435,291.34,380.33,"nominal dollars; total provincial transfers (FIR 01910+01920 to 2022, 01912+01922 from 2023); population StatCan 17-10-0155 July 1 estimates, 2021 boundaries; 2025 board membership applied to all years"
edmonton,side,core,core,2017,431509000,975972,442.13,358.49,"nominal dollars; total provincial transfers (FIR 01910+01920 to 2022, 01912+01922 from 2023); population StatCan 17-10-0155 July 1 estimates, 2021 boundaries; 2025 board membership applied to all years"
edmonton,side,core,core,2018,588137000,1003493,586.09,385.11,"nominal dollars; total provincial transfers (FIR 01910+01920 to 2022, 01912+01922 from 2023); population StatCan 17-10-0155 July 1 estimates, 2021 boundaries; 2025 board membership applied to all years"
edmonton,side,core,core,2019,489716000,1026499,477.07,416.19,"nominal dollars; total provincial transfers (FIR 01910+01920 to 2022, 01912+01922 from 2023); population StatCan 17-10-0155 July 1 estimates, 2021 boundaries; 2025 board membership applied to all years"
edmonton,side,core,core,2020,586403000,1046556,560.32,474.0,"nominal dollars; total provincial transfers (FIR 01910+01920 to 2022, 01912+01922 from 2023); population StatCan 17-10-0155 July 1 estimates, 2021 boundaries; 2025 board membership applied to all years"
edmonton,side,core,core,2021,386181000,1050945,367.46,486.33,"nominal dollars; total provincial transfers (FIR 01910+01920 to 2022, 01912+01922 from 2023); population StatCan 17-10-0155 July 1 estimates, 2021 boundaries; 2025 board membership applied to all years"
edmonton,side,core,core,2022,452847000,1074178,421.58,481.25,"nominal dollars; total provincial transfers (FIR 01910+01920 to 2022, 01912+01922 from 2023); population StatCan 17-10-0155 July 1 estimates, 2021 boundaries; 2025 board membership applied to all years"
edmonton,side,core,core,2023,518015000,1127183,459.57,456.9,"nominal dollars; total provincial transfers (FIR 01910+01920 to 2022, 01912+01922 from 2023); population StatCan 17-10-0155 July 1 estimates, 2021 boundaries; 2025 board membership applied to all years"
edmonton,side,core,core,2024,516809000,1197771,431.48,447.59,"nominal dollars; total provincial transfers (FIR 01910+01920 to 2022, 01912+01922 from 2023); population StatCan 17-10-0155 July 1 estimates, 2021 boundaries; 2025 board membership applied to all years"
edmonton,side,core,core,2025,548519000,1238295,442.96,425.85,"nominal dollars; total provincial transfers (FIR 01910+01920 to 2022, 01912+01922 from 2023); population StatCan 17-10-0155 July 1 estimates, 2021 boundaries; 2025 board membership applied to all years"
edmonton,side,ring,ring,2001,41990905,262004,160.27,,"nominal dollars; total provincial transfers (FIR 01910+01920 to 2022, 01912+01922 from 2023); population StatCan 17-10-0155 July 1 estimates, 2021 boundaries; 2025 board membership applied to all years"
edmonton,side,ring,ring,2002,27577836,268976,102.53,,"nominal dollars; total provincial transfers (FIR 01910+01920 to 2022, 01912+01922 from 2023); population StatCan 17-10-0155 July 1 estimates, 2021 boundaries; 2025 board membership applied to all years"
edmonton,side,ring,ring,2003,34210065,274461,124.64,,"nominal dollars; total provincial transfers (FIR 01910+01920 to 2022, 01912+01922 from 2023); population StatCan 17-10-0155 July 1 estimates, 2021 boundaries; 2025 board membership applied to all years"
edmonton,side,ring,ring,2004,41542434,279961,148.39,,"nominal dollars; total provincial transfers (FIR 01910+01920 to 2022, 01912+01922 from 2023); population StatCan 17-10-0155 July 1 estimates, 2021 boundaries; 2025 board membership applied to all years"
edmonton,side,ring,ring,2005,57134440,287781,198.53,147.44,"nominal dollars; total provincial transfers (FIR 01910+01920 to 2022, 01912+01922 from 2023); population StatCan 17-10-0155 July 1 estimates, 2021 boundaries; 2025 board membership applied to all years"
edmonton,side,ring,ring,2006,96190666,297586,323.24,182.18,"nominal dollars; total provincial transfers (FIR 01910+01920 to 2022, 01912+01922 from 2023); population StatCan 17-10-0155 July 1 estimates, 2021 boundaries; 2025 board membership applied to all years"
edmonton,side,ring,ring,2007,105495727,307546,343.02,231.17,"nominal dollars; total provincial transfers (FIR 01910+01920 to 2022, 01912+01922 from 2023); population StatCan 17-10-0155 July 1 estimates, 2021 boundaries; 2025 board membership applied to all years"
edmonton,side,ring,ring,2008,143889317,317182,453.65,298.14,"nominal dollars; total provincial transfers (FIR 01910+01920 to 2022, 01912+01922 from 2023); population StatCan 17-10-0155 July 1 estimates, 2021 boundaries; 2025 board membership applied to all years"
edmonton,side,ring,ring,2009,164870841,327909,502.79,369.04,"nominal dollars; total provincial transfers (FIR 01910+01920 to 2022, 01912+01922 from 2023); population StatCan 17-10-0155 July 1 estimates, 2021 boundaries; 2025 board membership applied to all years"
edmonton,side,ring,ring,2010,163486979,334981,488.05,425.14,"nominal dollars; total provincial transfers (FIR 01910+01920 to 2022, 01912+01922 from 2023); population StatCan 17-10-0155 July 1 estimates, 2021 boundaries; 2025 board membership applied to all years"
edmonton,side,ring,ring,2011,152571906,342542,445.41,448.0,"nominal dollars; total provincial transfers (FIR 01910+01920 to 2022, 01912+01922 from 2023); population StatCan 17-10-0155 July 1 estimates, 2021 boundaries; 2025 board membership applied to all years"
edmonton,side,ring,ring,2012,137675603,350382,392.93,455.77,"nominal dollars; total provincial transfers (FIR 01910+01920 to 2022, 01912+01922 from 2023); population StatCan 17-10-0155 July 1 estimates, 2021 boundaries; 2025 board membership applied to all years"
edmonton,side,ring,ring,2013,131217408,359645,364.85,437.1,"nominal dollars; total provincial transfers (FIR 01910+01920 to 2022, 01912+01922 from 2023); population StatCan 17-10-0155 July 1 estimates, 2021 boundaries; 2025 board membership applied to all years"
edmonton,side,ring,ring,2014,140277763,368850,380.31,412.91,"nominal dollars; total provincial transfers (FIR 01910+01920 to 2022, 01912+01922 from 2023); population StatCan 17-10-0155 July 1 estimates, 2021 boundaries; 2025 board membership applied to all years"
edmonton,side,ring,ring,2015,136817740,374602,365.23,388.95,"nominal dollars; total provincial transfers (FIR 01910+01920 to 2022, 01912+01922 from 2023); population StatCan 17-10-0155 July 1 estimates, 2021 boundaries; 2025 board membership applied to all years; negative line kept as printed: SPRUCE GROVE 01920 -1,760,210"
edmonton,side,ring,ring,2016,123077732,377135,326.35,365.49,"nominal dollars; total provincial transfers (FIR 01910+01920 to 2022, 01912+01922 from 2023); population StatCan 17-10-0155 July 1 estimates, 2021 boundaries; 2025 board membership applied to all years"
edmonton,side,ring,ring,2017,161757417,383550,421.74,371.9,"nominal dollars; total provincial transfers (FIR 01910+01920 to 2022, 01912+01922 from 2023); population StatCan 17-10-0155 July 1 estimates, 2021 boundaries; 2025 board membership applied to all years"
edmonton,side,ring,ring,2018,136407740,390849,349.0,368.52,"nominal dollars; total provincial transfers (FIR 01910+01920 to 2022, 01912+01922 from 2023); population StatCan 17-10-0155 July 1 estimates, 2021 boundaries; 2025 board membership applied to all years"
edmonton,side,ring,ring,2019,120751194,394472,306.11,353.44,"nominal dollars; total provincial transfers (FIR 01910+01920 to 2022, 01912+01922 from 2023); population StatCan 17-10-0155 July 1 estimates, 2021 boundaries; 2025 board membership applied to all years"
edmonton,side,ring,ring,2020,198217470,397518,498.64,380.86,"nominal dollars; total provincial transfers (FIR 01910+01920 to 2022, 01912+01922 from 2023); population StatCan 17-10-0155 July 1 estimates, 2021 boundaries; 2025 board membership applied to all years"
edmonton,side,ring,ring,2021,200530666,402325,498.43,415.33,"nominal dollars; total provincial transfers (FIR 01910+01920 to 2022, 01912+01922 from 2023); population StatCan 17-10-0155 July 1 estimates, 2021 boundaries; 2025 board membership applied to all years"
edmonton,side,ring,ring,2022,136353300,406946,335.06,397.7,"nominal dollars; total provincial transfers (FIR 01910+01920 to 2022, 01912+01922 from 2023); population StatCan 17-10-0155 July 1 estimates, 2021 boundaries; 2025 board membership applied to all years"
edmonton,side,ring,ring,2023,218736901,413210,529.36,434.15,"nominal dollars; total provincial transfers (FIR 01910+01920 to 2022, 01912+01922 from 2023); population StatCan 17-10-0155 July 1 estimates, 2021 boundaries; 2025 board membership applied to all years"
edmonton,side,ring,ring,2024,170957053,423376,403.79,452.58,"nominal dollars; total provincial transfers (FIR 01910+01920 to 2022, 01912+01922 from 2023); population StatCan 17-10-0155 July 1 estimates, 2021 boundaries; 2025 board membership applied to all years"
edmonton,side,ring,ring,2025,165367363,432607,382.26,429.14,"nominal dollars; total provincial transfers (FIR 01910+01920 to 2022, 01912+01922 from 2023); population StatCan 17-10-0155 July 1 estimates, 2021 boundaries; 2025 board membership applied to all years"
